customer_id,join_date,home_branch_id,age_band,acquisition_source
C00000,2018-01-01,B00,Unknown,Non-member
C00001,2024-08-06,B01,45-54,In-store sign-up
C00002,2025-12-30,B04,45-54,Referral
C00003,2026-09-26,B01,18-24,In-store sign-up
C00004,2025-06-08,B01,25-34,In-store sign-up
C00005,2025-10-21,B02,45-54,Website
C00006,2023-11-04,B03,25-34,Instagram
C00007,2023-08-24,B02,25-34,Instagram
C00008,2023-02-08,B02,18-24,Instagram
C00009,2024-10-25,B03,45-54,In-store sign-up
C00010,2025-09-15,B03,35-44,Instagram
C00011,2026-05-19,B01,35-44,Google
C00012,2026-01-11,B04,25-34,In-store sign-up
C00013,2025-06-24,B02,25-34,Google
C00014,2025-09-25,B04,25-34,In-store sign-up
C00015,2025-12-18,B02,35-44,Website
C00016,2023-12-04,B02,35-44,Website
C00017,2024-10-23,B01,18-24,Google
C00018,2023-08-23,B03,25-34,In-store sign-up
C00019,2023-04-03,B01,55+,Google
C00020,2023-04-01,B03,18-24,In-store sign-up
C00021,2025-07-26,B01,25-34,Referral
C00022,2023-06-12,B01,35-44,Website
C00023,2026-07-16,B03,18-24,In-store sign-up
C00024,2024-07-19,B02,35-44,Website
C00025,2024-04-08,B01,35-44,Google
C00026,2023-08-17,B01,25-34,In-store sign-up
C00027,2024-02-13,B02,55+,Website
C00028,2026-04-05,B04,35-44,Instagram
C00029,2025-03-19,B02,45-54,In-store sign-up
C00030,2025-05-25,B03,35-44,In-store sign-up
C00031,2026-06-16,B04,25-34,Instagram
C00032,2023-10-03,B03,45-54,Website
C00033,2026-04-29,B04,25-34,Google
C00034,2023-02-12,B02,25-34,Website
C00035,2026-07-25,B04,45-54,Website
C00036,2025-12-06,B01,25-34,In-store sign-up
C00037,2024-03-15,B01,35-44,Website
C00038,2025-01-05,B03,25-34,In-store sign-up
C00039,2025-06-26,B04,35-44,Google
C00040,2025-04-01,B03,25-34,In-store sign-up
C00041,2023-04-15,B02,35-44,Instagram
C00042,2025-06-18,B04,25-34,In-store sign-up
C00043,2025-08-18,B01,55+,In-store sign-up
C00044,2026-04-12,B04,55+,Instagram
C00045,2025-06-24,B01,25-34,Website
C00046,2023-03-25,B01,25-34,In-store sign-up
C00047,2025-07-22,B03,55+,In-store sign-up
C00048,2023-11-19,B02,55+,In-store sign-up
C00049,2025-01-24,B03,18-24,In-store sign-up
C00050,2023-11-02,B02,35-44,In-store sign-up
C00051,2023-10-19,B01,35-44,Website
C00052,2024-10-13,B02,25-34,Website
C00053,2024-05-23,B03,25-34,Google
C00054,2026-04-18,B01,55+,Google
C00055,2025-10-14,B02,18-24,Instagram
C00056,2025-01-26,B03,55+,Referral
C00057,2026-07-26,B04,55+,Instagram
C00058,2023-11-29,B03,25-34,Google
C00059,2026-09-02,B02,18-24,In-store sign-up
C00060,2024-06-14,B03,45-54,Website
C00061,2023-02-01,B02,45-54,Website
C00062,2025-01-11,B02,25-34,In-store sign-up
C00063,2024-09-21,B02,18-24,Website
C00064,2024-03-04,B02,55+,Instagram
C00065,2026-04-10,B03,35-44,Website
C00066,2026-06-24,B03,45-54,In-store sign-up
C00067,2026-09-20,B04,18-24,Instagram
C00068,2023-07-24,B01,35-44,In-store sign-up
C00069,2023-06-01,B01,35-44,Instagram
C00070,2024-06-22,B02,25-34,In-store sign-up
C00071,2026-09-15,B04,25-34,In-store sign-up
C00072,2024-08-17,B03,25-34,In-store sign-up
C00073,2024-01-23,B01,45-54,In-store sign-up
C00074,2023-02-16,B02,18-24,In-store sign-up
C00075,2024-03-24,B03,55+,Instagram
C00076,2023-10-01,B01,18-24,In-store sign-up
C00077,2025-01-08,B03,55+,Referral
C00078,2026-07-06,B04,25-34,Website
C00079,2025-07-07,B04,25-34,In-store sign-up
C00080,2023-07-30,B02,35-44,In-store sign-up
C00081,2025-01-17,B02,18-24,Google
C00082,2025-06-01,B01,35-44,Website
C00083,2024-05-23,B01,18-24,In-store sign-up
C00084,2025-03-19,B01,25-34,Instagram
C00085,2026-06-17,B03,35-44,Website
C00086,2024-06-01,B02,18-24,In-store sign-up
C00087,2026-01-09,B01,35-44,Website
C00088,2025-11-18,B04,25-34,In-store sign-up
C00089,2023-09-11,B01,55+,Website
C00090,2025-08-19,B01,45-54,Instagram
C00091,2023-12-31,B01,45-54,Google
C00092,2023-02-04,B03,25-34,In-store sign-up
C00093,2025-08-25,B01,45-54,In-store sign-up
C00094,2025-07-16,B01,25-34,In-store sign-up
C00095,2025-10-21,B04,35-44,Website
C00096,2025-09-25,B04,35-44,Website
C00097,2025-02-08,B03,25-34,In-store sign-up
C00098,2026-06-28,B01,35-44,In-store sign-up
C00099,2026-05-04,B03,25-34,In-store sign-up
C00100,2026-07-09,B04,25-34,Instagram
C00101,2026-05-01,B03,18-24,Google
C00102,2026-02-09,B02,25-34,Instagram
C00103,2024-04-12,B03,45-54,In-store sign-up
C00104,2026-06-17,B04,25-34,In-store sign-up
C00105,2024-01-01,B02,25-34,Google
C00106,2023-09-01,B03,18-24,Referral
C00107,2023-09-01,B03,25-34,Website
C00108,2026-09-11,B02,18-24,Instagram
C00109,2025-06-07,B02,18-24,Instagram
C00110,2024-03-04,B02,25-34,In-store sign-up
C00111,2024-05-28,B01,18-24,Referral
C00112,2023-01-21,B03,25-34,Referral
C00113,2024-05-29,B02,35-44,In-store sign-up
C00114,2026-01-03,B03,45-54,Referral
C00115,2026-08-05,B01,25-34,In-store sign-up
C00116,2026-02-01,B02,55+,In-store sign-up
C00117,2024-12-24,B01,25-34,Referral
C00118,2026-09-12,B02,25-34,In-store sign-up
C00119,2026-03-13,B02,25-34,Referral
C00120,2026-06-16,B02,55+,Website
C00121,2024-09-16,B01,55+,In-store sign-up
C00122,2026-02-13,B03,35-44,Instagram
C00123,2026-08-01,B01,35-44,Google
C00124,2023-11-12,B01,18-24,In-store sign-up
C00125,2025-08-14,B01,18-24,Instagram
C00126,2023-01-25,B02,35-44,Referral
C00127,2025-08-08,B04,35-44,In-store sign-up
C00128,2026-01-28,B04,55+,In-store sign-up
C00129,2023-10-25,B02,25-34,Instagram
C00130,2025-12-23,B03,25-34,In-store sign-up
C00131,2025-08-12,B02,25-34,Website
C00132,2024-10-31,B03,55+,Referral
C00133,2025-06-03,B03,35-44,In-store sign-up
C00134,2023-04-07,B01,25-34,In-store sign-up
C00135,2023-05-25,B02,25-34,In-store sign-up
C00136,2026-07-09,B01,35-44,In-store sign-up
C00137,2025-07-17,B04,25-34,In-store sign-up
C00138,2024-02-15,B03,18-24,Website
C00139,2025-08-15,B04,35-44,Instagram
C00140,2026-03-01,B03,55+,Referral
C00141,2025-09-09,B02,45-54,In-store sign-up
C00142,2026-05-25,B04,55+,In-store sign-up
C00143,2025-09-10,B04,18-24,Referral
C00144,2024-05-20,B01,45-54,Referral
C00145,2025-02-20,B02,35-44,In-store sign-up
C00146,2025-02-23,B01,35-44,Google
C00147,2025-09-16,B02,45-54,Website
C00148,2025-07-21,B02,55+,In-store sign-up
C00149,2026-02-26,B02,25-34,Website
C00150,2024-01-24,B01,18-24,In-store sign-up
C00151,2025-10-05,B02,35-44,Referral
C00152,2024-08-22,B02,35-44,In-store sign-up
C00153,2025-12-30,B02,18-24,Website
C00154,2025-10-05,B03,55+,Google
C00155,2024-03-05,B02,35-44,In-store sign-up
C00156,2024-02-29,B01,35-44,In-store sign-up
C00157,2024-03-24,B02,45-54,Referral
C00158,2025-12-21,B04,25-34,In-store sign-up
C00159,2026-04-04,B02,45-54,Referral
C00160,2023-02-19,B01,35-44,Website
C00161,2026-05-15,B01,55+,Instagram
C00162,2023-12-23,B02,55+,In-store sign-up
C00163,2023-03-17,B01,35-44,Website
C00164,2025-07-19,B02,35-44,Instagram
C00165,2025-03-21,B03,25-34,In-store sign-up
C00166,2026-04-18,B04,25-34,Website
C00167,2025-08-15,B01,35-44,Instagram
C00168,2026-05-09,B01,35-44,In-store sign-up
C00169,2023-02-10,B02,35-44,In-store sign-up
C00170,2025-09-17,B04,25-34,Referral
C00171,2024-03-01,B01,25-34,In-store sign-up
C00172,2023-03-26,B03,55+,Website
C00173,2025-11-04,B04,25-34,Website
C00174,2025-02-27,B02,25-34,In-store sign-up
C00175,2026-08-06,B01,45-54,In-store sign-up
C00176,2025-10-02,B04,25-34,In-store sign-up
C00177,2023-06-28,B01,35-44,In-store sign-up
C00178,2025-11-24,B03,18-24,Referral
C00179,2026-04-21,B04,45-54,In-store sign-up
C00180,2024-04-25,B02,45-54,In-store sign-up
C00181,2025-09-21,B01,35-44,Website
C00182,2025-02-27,B02,25-34,In-store sign-up
C00183,2023-11-21,B03,18-24,In-store sign-up
C00184,2024-03-30,B02,45-54,Website
C00185,2025-09-22,B02,25-34,Referral
C00186,2023-06-03,B02,35-44,Instagram
C00187,2024-02-05,B03,35-44,Instagram
C00188,2026-08-09,B01,25-34,In-store sign-up
C00189,2023-08-21,B02,18-24,In-store sign-up
C00190,2024-07-17,B01,35-44,Instagram
C00191,2023-10-04,B03,35-44,Referral
C00192,2024-11-03,B03,18-24,Website
C00193,2025-06-23,B01,25-34,Google
C00194,2024-09-11,B01,55+,Referral
C00195,2024-04-09,B02,25-34,Instagram
C00196,2024-07-05,B02,45-54,Instagram
C00197,2024-08-04,B02,35-44,In-store sign-up
C00198,2023-05-30,B03,55+,In-store sign-up
C00199,2023-03-06,B01,35-44,In-store sign-up
C00200,2024-05-10,B01,45-54,In-store sign-up
C00201,2024-09-17,B03,18-24,Website
C00202,2025-04-27,B01,25-34,In-store sign-up
C00203,2026-06-29,B04,45-54,In-store sign-up
C00204,2024-09-25,B03,25-34,Instagram
C00205,2023-02-16,B03,45-54,In-store sign-up
C00206,2026-08-14,B03,35-44,In-store sign-up
C00207,2025-12-24,B01,18-24,Website
C00208,2026-07-17,B04,25-34,In-store sign-up
C00209,2025-05-18,B01,35-44,In-store sign-up
C00210,2025-08-10,B01,55+,In-store sign-up
C00211,2026-02-18,B02,25-34,In-store sign-up
C00212,2026-02-12,B04,45-54,Google
C00213,2025-01-28,B02,35-44,Google
C00214,2025-04-30,B03,18-24,Website
C00215,2025-05-06,B02,25-34,Website
C00216,2026-04-14,B01,25-34,In-store sign-up
C00217,2023-12-05,B03,25-34,Website
C00218,2025-09-06,B04,45-54,Google
C00219,2025-07-02,B03,25-34,Instagram
C00220,2026-08-27,B03,35-44,Instagram
C00221,2025-03-22,B02,55+,In-store sign-up
C00222,2024-03-21,B01,25-34,Instagram
C00223,2025-09-12,B02,18-24,In-store sign-up
C00224,2024-06-08,B01,25-34,Google
C00225,2023-12-23,B02,35-44,In-store sign-up
C00226,2023-06-02,B02,45-54,In-store sign-up
C00227,2024-05-11,B01,18-24,In-store sign-up
C00228,2023-02-24,B02,55+,Instagram
C00229,2026-07-13,B03,25-34,Referral
C00230,2025-11-22,B02,25-34,Website
C00231,2023-12-15,B03,55+,In-store sign-up
C00232,2026-04-28,B02,35-44,In-store sign-up
C00233,2024-07-26,B01,35-44,Instagram
C00234,2026-01-21,B01,25-34,In-store sign-up
C00235,2023-08-15,B01,35-44,In-store sign-up
C00236,2026-04-10,B01,25-34,Google
C00237,2026-02-23,B03,35-44,Instagram
C00238,2025-07-22,B01,45-54,In-store sign-up
C00239,2026-02-28,B04,45-54,In-store sign-up
C00240,2025-06-15,B03,25-34,In-store sign-up
C00241,2026-07-30,B03,35-44,Instagram
C00242,2024-11-09,B03,18-24,Website
C00243,2026-08-01,B04,25-34,In-store sign-up
C00244,2025-08-05,B02,25-34,Instagram
C00245,2025-09-23,B01,45-54,In-store sign-up
C00246,2025-07-10,B03,18-24,In-store sign-up
C00247,2026-05-07,B01,35-44,Website
C00248,2026-08-27,B02,35-44,In-store sign-up
C00249,2025-08-07,B01,25-34,Website
C00250,2025-10-24,B04,45-54,In-store sign-up
C00251,2026-01-29,B02,25-34,Website
C00252,2025-08-26,B04,25-34,Website
C00253,2025-10-10,B04,25-34,Instagram
C00254,2023-04-23,B02,25-34,Instagram
C00255,2025-01-15,B03,55+,Referral
C00256,2023-05-14,B02,25-34,Instagram
C00257,2024-09-01,B02,25-34,Website
C00258,2026-03-22,B04,55+,In-store sign-up
C00259,2026-06-14,B04,35-44,In-store sign-up
C00260,2024-04-23,B01,25-34,In-store sign-up
C00261,2024-04-26,B03,25-34,Referral
C00262,2023-06-15,B03,35-44,Website
C00263,2026-02-13,B02,45-54,Website
C00264,2025-12-17,B01,35-44,In-store sign-up
C00265,2025-05-24,B02,45-54,In-store sign-up
C00266,2025-10-06,B03,25-34,Instagram
C00267,2026-04-11,B01,25-34,In-store sign-up
C00268,2026-05-18,B02,18-24,In-store sign-up
C00269,2026-03-13,B04,35-44,Referral
C00270,2026-08-20,B01,35-44,In-store sign-up
C00271,2023-05-10,B03,45-54,Google
C00272,2023-10-16,B02,35-44,Instagram
C00273,2025-06-16,B03,35-44,Website
C00274,2023-10-10,B02,35-44,Instagram
C00275,2025-10-28,B02,45-54,Instagram
C00276,2025-08-25,B02,45-54,In-store sign-up
C00277,2025-02-26,B01,35-44,Instagram
C00278,2024-05-28,B03,18-24,Referral
C00279,2024-02-21,B02,18-24,In-store sign-up
C00280,2026-01-12,B04,55+,In-store sign-up
C00281,2026-04-25,B04,35-44,In-store sign-up
C00282,2025-03-06,B01,25-34,Website
C00283,2026-01-04,B04,18-24,In-store sign-up
C00284,2025-07-11,B02,25-34,Website
C00285,2024-01-09,B03,45-54,Website
C00286,2026-02-22,B04,35-44,In-store sign-up
C00287,2023-12-09,B01,25-34,Instagram
C00288,2025-12-06,B01,25-34,In-store sign-up
C00289,2025-08-30,B04,18-24,In-store sign-up
C00290,2025-01-07,B02,25-34,Website
C00291,2024-01-20,B02,18-24,In-store sign-up
C00292,2026-07-18,B02,25-34,In-store sign-up
C00293,2025-11-25,B03,18-24,In-store sign-up
C00294,2023-04-08,B02,35-44,Google
C00295,2026-02-26,B01,25-34,In-store sign-up
C00296,2024-07-02,B01,35-44,Website
C00297,2026-02-16,B04,18-24,In-store sign-up
C00298,2024-01-29,B02,55+,Instagram
C00299,2024-03-11,B01,18-24,Website
C00300,2025-08-23,B02,25-34,Google
C00301,2023-07-20,B02,25-34,Website
C00302,2025-10-12,B04,18-24,Website
C00303,2025-03-26,B03,55+,Instagram
C00304,2024-01-03,B01,35-44,Referral
C00305,2025-06-21,B04,25-34,Website
C00306,2025-04-16,B03,18-24,In-store sign-up
C00307,2024-07-29,B02,45-54,In-store sign-up
C00308,2023-04-22,B01,18-24,Instagram
C00309,2025-06-23,B01,45-54,In-store sign-up
C00310,2025-03-15,B03,55+,Google
C00311,2024-02-09,B01,35-44,Website
C00312,2023-07-08,B03,25-34,Instagram
C00313,2025-12-17,B01,35-44,In-store sign-up
C00314,2025-09-11,B03,45-54,Google
C00315,2026-03-30,B03,25-34,Referral
C00316,2025-08-04,B02,35-44,In-store sign-up
C00317,2024-06-08,B02,18-24,Instagram
C00318,2026-09-01,B04,45-54,Google
C00319,2025-07-23,B01,25-34,Google
C00320,2025-03-15,B03,35-44,Website
C00321,2023-11-10,B02,18-24,In-store sign-up
C00322,2026-04-29,B01,55+,Instagram
C00323,2023-07-01,B02,18-24,Instagram
C00324,2023-06-12,B01,25-34,In-store sign-up
C00325,2025-09-16,B02,18-24,Instagram
C00326,2026-06-18,B02,35-44,Instagram
C00327,2025-12-15,B03,25-34,Google
C00328,2024-03-25,B03,25-34,Google
C00329,2025-04-08,B01,25-34,Google
C00330,2025-10-16,B03,18-24,In-store sign-up
C00331,2025-12-23,B02,25-34,Referral
C00332,2025-08-10,B01,45-54,Instagram
C00333,2026-07-05,B04,45-54,Instagram
C00334,2026-06-20,B04,55+,Website
C00335,2025-07-09,B02,25-34,Google
C00336,2026-04-16,B01,55+,Instagram
C00337,2023-11-22,B02,35-44,In-store sign-up
C00338,2023-05-26,B02,55+,Website
C00339,2025-10-24,B04,45-54,Instagram
C00340,2024-03-12,B01,35-44,Google
C00341,2026-07-11,B04,18-24,In-store sign-up
C00342,2025-02-14,B02,45-54,Referral
C00343,2025-04-12,B03,55+,Website
C00344,2026-02-18,B04,18-24,Google
C00345,2024-09-20,B02,25-34,Referral
C00346,2025-08-14,B03,25-34,In-store sign-up
C00347,2025-01-19,B03,25-34,Referral
C00348,2026-03-30,B03,45-54,Website
C00349,2025-03-04,B02,55+,Instagram
C00350,2023-01-20,B03,45-54,Google
C00351,2025-09-22,B01,25-34,In-store sign-up
C00352,2026-08-24,B01,45-54,Website
C00353,2025-09-25,B04,35-44,Website
C00354,2025-02-18,B01,25-34,In-store sign-up
C00355,2025-01-31,B01,45-54,In-store sign-up
C00356,2024-08-15,B03,35-44,In-store sign-up
C00357,2024-12-12,B01,35-44,Instagram
C00358,2023-02-07,B01,18-24,Website
C00359,2025-10-24,B02,35-44,Website
C00360,2025-08-04,B03,25-34,In-store sign-up
C00361,2024-08-01,B01,35-44,Instagram
C00362,2026-01-13,B04,25-34,Instagram
C00363,2025-10-04,B04,25-34,Instagram
C00364,2023-05-24,B03,55+,In-store sign-up
C00365,2025-03-05,B03,45-54,In-store sign-up
C00366,2025-08-04,B01,25-34,Website
C00367,2025-05-15,B03,25-34,Referral
C00368,2026-08-02,B04,25-34,In-store sign-up
C00369,2025-07-01,B04,25-34,In-store sign-up
C00370,2025-10-08,B02,25-34,In-store sign-up
C00371,2025-11-23,B03,35-44,In-store sign-up
C00372,2024-02-12,B01,45-54,Instagram
C00373,2026-01-15,B02,55+,Instagram
C00374,2024-11-08,B02,25-34,Referral
C00375,2024-04-08,B01,18-24,In-store sign-up
C00376,2024-03-06,B02,18-24,Website
C00377,2025-12-27,B04,45-54,Instagram
C00378,2025-12-01,B01,35-44,Website
C00379,2025-05-07,B02,25-34,In-store sign-up
C00380,2026-06-10,B02,55+,Referral
C00381,2026-03-04,B01,35-44,Instagram
C00382,2026-06-09,B02,35-44,Website
C00383,2025-12-20,B02,25-34,Google
C00384,2025-05-09,B02,35-44,Website
C00385,2023-10-03,B02,55+,Website
C00386,2026-08-26,B04,35-44,Website
C00387,2025-05-19,B02,18-24,Website
C00388,2024-08-03,B02,55+,Referral
C00389,2023-08-04,B01,25-34,Instagram
C00390,2025-06-15,B03,25-34,Google
C00391,2023-01-27,B02,35-44,In-store sign-up
C00392,2025-10-02,B04,25-34,In-store sign-up
C00393,2025-12-03,B03,45-54,In-store sign-up
C00394,2024-09-24,B03,25-34,Website
C00395,2025-11-17,B03,18-24,Website
C00396,2025-01-30,B01,25-34,In-store sign-up
C00397,2023-08-14,B03,25-34,In-store sign-up
C00398,2024-05-12,B02,25-34,Google
C00399,2024-05-11,B03,55+,Website
C00400,2026-04-06,B03,35-44,In-store sign-up
C00401,2026-08-13,B01,25-34,Referral
C00402,2026-01-05,B04,35-44,Referral
C00403,2023-09-25,B01,55+,In-store sign-up
C00404,2026-03-14,B03,55+,In-store sign-up
C00405,2024-04-05,B02,45-54,Instagram
C00406,2025-11-26,B02,45-54,In-store sign-up
C00407,2025-11-28,B03,35-44,Instagram
C00408,2026-03-19,B03,45-54,In-store sign-up
C00409,2023-02-02,B03,35-44,In-store sign-up
C00410,2025-04-24,B03,18-24,Website
C00411,2026-01-11,B03,25-34,Google
C00412,2023-04-02,B02,45-54,Google
C00413,2023-12-22,B03,35-44,Website
C00414,2025-08-25,B03,55+,Google
C00415,2025-06-14,B02,25-34,In-store sign-up
C00416,2026-02-20,B03,18-24,Website
C00417,2024-04-10,B02,45-54,In-store sign-up
C00418,2023-07-31,B03,25-34,Website
C00419,2025-09-16,B03,25-34,Google
C00420,2026-03-07,B04,35-44,Instagram
C00421,2026-06-14,B04,45-54,Google
C00422,2026-07-04,B04,45-54,In-store sign-up
C00423,2023-05-15,B02,18-24,Google
C00424,2025-03-13,B03,25-34,Referral
C00425,2026-06-12,B04,45-54,Website
C00426,2025-08-24,B04,25-34,In-store sign-up
C00427,2024-11-04,B01,18-24,Instagram
C00428,2024-05-14,B02,35-44,Website
C00429,2024-08-29,B01,45-54,Website
C00430,2025-08-10,B02,35-44,In-store sign-up
C00431,2025-12-09,B04,35-44,In-store sign-up
C00432,2025-08-17,B04,55+,Website
C00433,2026-03-10,B01,25-34,Website
C00434,2026-05-30,B03,18-24,Referral
C00435,2025-08-19,B02,35-44,In-store sign-up
C00436,2026-07-08,B02,45-54,In-store sign-up
C00437,2023-02-11,B03,25-34,Instagram
C00438,2023-03-11,B03,45-54,Google
C00439,2023-09-09,B01,18-24,Website
C00440,2024-06-28,B03,18-24,Website
C00441,2024-01-08,B02,25-34,Google
C00442,2024-09-24,B03,18-24,In-store sign-up
C00443,2025-01-16,B02,55+,In-store sign-up
C00444,2025-12-11,B03,25-34,Website
C00445,2023-11-20,B01,18-24,Instagram
C00446,2026-01-26,B04,25-34,In-store sign-up
C00447,2024-10-10,B02,18-24,Website
C00448,2026-03-17,B04,55+,Referral
C00449,2023-05-22,B01,25-34,Instagram
C00450,2023-06-05,B02,18-24,In-store sign-up
C00451,2025-10-19,B03,25-34,In-store sign-up
C00452,2025-10-01,B01,55+,Instagram
C00453,2026-05-23,B03,35-44,In-store sign-up
C00454,2025-07-07,B02,45-54,In-store sign-up
C00455,2024-10-28,B02,45-54,Referral
C00456,2026-01-06,B01,25-34,Website
C00457,2025-10-23,B01,25-34,In-store sign-up
C00458,2026-08-18,B03,25-34,Website
C00459,2025-09-14,B04,45-54,In-store sign-up
C00460,2024-07-07,B02,25-34,Instagram
C00461,2026-09-21,B03,25-34,Instagram
C00462,2023-01-30,B03,45-54,In-store sign-up
C00463,2024-02-26,B01,25-34,In-store sign-up
C00464,2024-05-05,B02,45-54,Website
C00465,2023-05-15,B02,25-34,Website
C00466,2024-06-28,B01,25-34,Website
C00467,2023-07-21,B01,35-44,Website
C00468,2023-10-26,B03,45-54,Referral
C00469,2023-03-29,B03,35-44,Google
C00470,2024-12-18,B03,35-44,Website
C00471,2025-07-09,B04,25-34,Website
C00472,2026-08-12,B01,25-34,In-store sign-up
C00473,2025-06-25,B04,45-54,In-store sign-up
C00474,2026-06-24,B03,25-34,Instagram
C00475,2023-03-23,B02,45-54,In-store sign-up
C00476,2024-07-24,B01,45-54,Website
C00477,2025-11-04,B03,18-24,Google
C00478,2024-05-03,B01,25-34,In-store sign-up
C00479,2025-11-27,B04,25-34,Referral
C00480,2024-04-02,B03,18-24,Google
C00481,2025-10-16,B02,35-44,Instagram
C00482,2023-06-14,B01,45-54,In-store sign-up
C00483,2023-12-12,B02,25-34,In-store sign-up
C00484,2026-07-02,B03,25-34,In-store sign-up
C00485,2026-04-04,B04,25-34,Google
C00486,2023-06-08,B01,35-44,Instagram
C00487,2024-03-17,B03,25-34,Instagram
C00488,2026-02-08,B01,55+,Google
C00489,2025-09-01,B04,35-44,In-store sign-up
C00490,2025-09-30,B01,35-44,Website
C00491,2024-12-10,B02,25-34,Referral
C00492,2023-06-17,B03,45-54,In-store sign-up
C00493,2024-06-01,B01,45-54,Instagram
C00494,2024-05-04,B03,25-34,Website
C00495,2024-07-19,B01,55+,Referral
C00496,2025-03-26,B02,35-44,Referral
C00497,2024-03-11,B01,25-34,In-store sign-up
C00498,2024-03-04,B01,55+,Referral
C00499,2025-08-22,B03,25-34,Instagram
C00500,2023-03-06,B03,35-44,Website
C00501,2023-08-22,B03,55+,Referral
C00502,2025-08-21,B02,45-54,In-store sign-up
C00503,2025-07-23,B02,55+,Website
C00504,2025-08-13,B01,45-54,Website
C00505,2023-10-30,B03,25-34,Instagram
C00506,2023-10-25,B01,35-44,In-store sign-up
C00507,2025-12-16,B02,45-54,In-store sign-up
C00508,2024-07-25,B02,35-44,Website
C00509,2026-09-13,B03,55+,In-store sign-up
C00510,2023-05-07,B01,18-24,Referral
C00511,2024-04-29,B02,18-24,Instagram
C00512,2024-11-09,B01,25-34,Website
C00513,2024-09-29,B01,45-54,Website
C00514,2025-11-25,B02,35-44,Google
C00515,2025-01-21,B03,35-44,Website
C00516,2025-04-22,B01,45-54,In-store sign-up
C00517,2026-06-13,B04,25-34,Referral
C00518,2024-05-26,B02,25-34,Website
C00519,2026-09-16,B04,25-34,Instagram
C00520,2025-08-19,B04,35-44,In-store sign-up
C00521,2025-08-19,B02,25-34,Website
C00522,2023-04-05,B01,35-44,Google
C00523,2023-07-19,B02,25-34,In-store sign-up
C00524,2025-05-06,B01,35-44,In-store sign-up
C00525,2025-08-28,B04,35-44,Google
C00526,2024-03-19,B03,25-34,In-store sign-up
C00527,2025-04-25,B03,35-44,In-store sign-up
C00528,2025-09-11,B03,25-34,Instagram
C00529,2023-12-09,B01,18-24,Referral
C00530,2026-09-09,B04,35-44,In-store sign-up
C00531,2023-08-24,B03,35-44,In-store sign-up
C00532,2026-01-19,B02,45-54,Instagram
C00533,2025-06-15,B04,25-34,In-store sign-up
C00534,2026-04-30,B04,35-44,In-store sign-up
C00535,2024-08-23,B03,45-54,In-store sign-up
C00536,2026-04-16,B04,45-54,Instagram
C00537,2025-02-16,B02,55+,In-store sign-up
C00538,2023-03-22,B01,55+,In-store sign-up
C00539,2023-04-19,B02,25-34,In-store sign-up
C00540,2025-12-03,B02,25-34,Google
C00541,2026-04-26,B02,45-54,Website
C00542,2023-02-13,B02,35-44,In-store sign-up
C00543,2023-01-03,B02,25-34,Website
C00544,2025-06-06,B01,18-24,In-store sign-up
C00545,2026-02-05,B04,35-44,Google
C00546,2026-09-02,B01,35-44,In-store sign-up
C00547,2025-08-24,B04,35-44,In-store sign-up
C00548,2026-05-01,B01,45-54,Instagram
C00549,2023-02-11,B02,25-34,In-store sign-up
C00550,2025-10-11,B02,45-54,Website
C00551,2025-08-02,B04,55+,In-store sign-up
C00552,2023-04-19,B03,45-54,Google
C00553,2026-02-06,B04,18-24,In-store sign-up
C00554,2025-06-03,B01,25-34,Instagram
C00555,2024-06-18,B01,18-24,In-store sign-up
C00556,2026-05-09,B04,18-24,Google
C00557,2025-09-22,B04,55+,In-store sign-up
C00558,2023-11-17,B01,18-24,Instagram
C00559,2025-08-07,B01,45-54,Instagram
C00560,2025-10-19,B01,35-44,In-store sign-up
C00561,2025-02-26,B02,25-34,In-store sign-up
C00562,2025-07-28,B02,25-34,Google
C00563,2023-10-09,B02,18-24,Instagram
C00564,2026-07-14,B04,18-24,Referral
C00565,2026-07-26,B01,45-54,Website
C00566,2026-01-05,B04,35-44,In-store sign-up
C00567,2025-11-13,B02,45-54,In-store sign-up
C00568,2025-08-10,B02,18-24,Website
C00569,2024-11-14,B03,25-34,Instagram
C00570,2024-05-27,B02,55+,Instagram
C00571,2025-05-08,B03,25-34,Google
C00572,2026-08-04,B04,45-54,In-store sign-up
C00573,2023-12-04,B02,25-34,Instagram
C00574,2024-02-09,B01,45-54,In-store sign-up
C00575,2026-07-25,B01,35-44,In-store sign-up
C00576,2024-04-02,B02,55+,In-store sign-up
C00577,2023-09-13,B02,35-44,Instagram
C00578,2024-02-15,B02,25-34,Website
C00579,2024-10-16,B01,45-54,In-store sign-up
C00580,2024-05-27,B01,45-54,In-store sign-up
C00581,2024-06-03,B02,45-54,In-store sign-up
C00582,2026-09-03,B04,18-24,In-store sign-up
C00583,2024-01-01,B01,55+,In-store sign-up
C00584,2026-04-06,B01,25-34,In-store sign-up
C00585,2025-01-09,B02,35-44,Referral
C00586,2024-03-21,B03,55+,In-store sign-up
C00587,2025-07-10,B02,35-44,Instagram
C00588,2025-05-05,B03,55+,In-store sign-up
C00589,2023-09-05,B01,35-44,Instagram
C00590,2023-01-14,B01,25-34,In-store sign-up
C00591,2025-11-24,B04,25-34,Referral
C00592,2023-10-25,B03,45-54,Google
C00593,2023-07-30,B01,25-34,In-store sign-up
C00594,2025-08-06,B02,25-34,In-store sign-up
C00595,2025-03-24,B02,18-24,In-store sign-up
C00596,2025-11-14,B04,18-24,In-store sign-up
C00597,2023-08-04,B01,45-54,In-store sign-up
C00598,2024-04-29,B02,18-24,Referral
C00599,2025-11-16,B04,35-44,Website
C00600,2026-02-09,B01,25-34,Website
C00601,2025-07-22,B04,25-34,Website
C00602,2026-04-09,B04,35-44,Website
C00603,2026-02-14,B02,25-34,In-store sign-up
C00604,2025-08-05,B03,35-44,Instagram
C00605,2024-09-26,B01,45-54,In-store sign-up
C00606,2024-02-23,B01,55+,Instagram
C00607,2024-12-23,B02,55+,Referral
C00608,2025-07-23,B04,25-34,Website
C00609,2025-05-29,B01,55+,In-store sign-up
C00610,2023-10-16,B01,35-44,Instagram
C00611,2024-10-20,B01,35-44,Google
C00612,2025-06-02,B04,18-24,Google
C00613,2026-04-21,B04,18-24,Instagram
C00614,2026-07-19,B04,55+,In-store sign-up
C00615,2024-10-22,B01,35-44,In-store sign-up
C00616,2026-02-16,B02,25-34,Website
C00617,2024-06-28,B03,25-34,Instagram
C00618,2024-09-01,B03,25-34,In-store sign-up
C00619,2025-12-07,B04,25-34,In-store sign-up
C00620,2024-02-06,B03,55+,Website
C00621,2025-08-02,B03,35-44,In-store sign-up
C00622,2025-10-02,B02,25-34,Referral
C00623,2024-08-17,B03,35-44,Website
C00624,2026-06-14,B02,35-44,In-store sign-up
C00625,2026-02-08,B02,25-34,In-store sign-up
C00626,2024-05-10,B03,55+,Instagram
C00627,2026-06-23,B01,55+,Instagram
C00628,2024-01-30,B02,35-44,Website
C00629,2025-01-03,B01,35-44,In-store sign-up
C00630,2026-05-12,B02,45-54,Google
C00631,2024-09-23,B02,35-44,Website
C00632,2023-08-03,B02,55+,Website
C00633,2026-07-13,B04,25-34,Google
C00634,2025-11-09,B04,18-24,Google
C00635,2024-02-11,B01,35-44,In-store sign-up
C00636,2025-01-24,B03,45-54,Instagram
C00637,2025-07-16,B04,25-34,Referral
C00638,2025-07-08,B04,45-54,In-store sign-up
C00639,2025-04-01,B02,25-34,Referral
C00640,2025-06-12,B01,25-34,Instagram
C00641,2026-01-09,B03,55+,In-store sign-up
C00642,2025-06-14,B01,35-44,In-store sign-up
C00643,2025-04-19,B03,35-44,In-store sign-up
C00644,2025-03-27,B03,35-44,Website
C00645,2025-11-12,B02,25-34,Website
C00646,2024-07-05,B01,25-34,In-store sign-up
C00647,2025-06-25,B04,45-54,In-store sign-up
C00648,2023-05-27,B03,25-34,In-store sign-up
C00649,2024-12-22,B02,35-44,Website
C00650,2025-04-14,B01,55+,In-store sign-up
C00651,2023-02-28,B01,45-54,Website
C00652,2026-04-15,B01,18-24,Website
C00653,2026-08-12,B04,25-34,In-store sign-up
C00654,2025-10-19,B04,25-34,Instagram
C00655,2026-09-27,B01,25-34,Instagram
C00656,2025-03-18,B01,25-34,Referral
C00657,2023-02-15,B02,25-34,In-store sign-up
C00658,2025-07-31,B04,55+,Instagram
C00659,2025-03-28,B01,35-44,Google
C00660,2023-11-24,B02,18-24,Google
C00661,2025-10-02,B01,45-54,Instagram
C00662,2023-07-01,B03,25-34,Google
C00663,2023-02-04,B02,35-44,In-store sign-up
C00664,2026-08-18,B01,35-44,Instagram
C00665,2025-12-28,B01,55+,Google
C00666,2026-08-14,B04,45-54,Website
C00667,2026-05-03,B02,35-44,Website
C00668,2023-10-26,B03,55+,Google
C00669,2023-11-08,B02,45-54,Google
C00670,2024-09-02,B02,18-24,Instagram
C00671,2025-06-11,B04,25-34,Referral
C00672,2024-09-19,B02,18-24,In-store sign-up
C00673,2025-03-13,B01,35-44,In-store sign-up
C00674,2026-09-09,B02,35-44,In-store sign-up
C00675,2025-07-28,B01,18-24,Instagram
C00676,2025-10-27,B04,25-34,In-store sign-up
C00677,2024-08-26,B01,18-24,In-store sign-up
C00678,2023-09-14,B01,35-44,Instagram
C00679,2026-04-20,B03,18-24,Instagram
C00680,2026-01-03,B02,25-34,In-store sign-up
C00681,2023-08-21,B01,25-34,Instagram
C00682,2026-06-13,B04,25-34,Website
C00683,2026-07-21,B04,45-54,Google
C00684,2025-04-03,B02,25-34,In-store sign-up
C00685,2023-11-03,B02,18-24,Website
C00686,2025-07-18,B01,55+,Instagram
C00687,2023-09-20,B02,55+,In-store sign-up
C00688,2025-03-19,B02,35-44,Referral
C00689,2024-11-28,B03,25-34,Website
C00690,2024-03-21,B01,35-44,Google
C00691,2024-11-22,B03,35-44,Website
C00692,2025-08-16,B04,18-24,Website
C00693,2026-08-02,B04,25-34,In-store sign-up
C00694,2026-05-14,B04,25-34,Instagram
C00695,2025-12-28,B01,45-54,In-store sign-up
C00696,2025-07-05,B01,55+,In-store sign-up
C00697,2025-12-31,B04,25-34,Google
C00698,2025-06-24,B01,35-44,In-store sign-up
C00699,2025-11-02,B04,18-24,In-store sign-up
C00700,2025-07-18,B02,25-34,Website
C00701,2025-06-13,B01,18-24,Instagram
C00702,2024-01-27,B01,35-44,Instagram
C00703,2025-02-12,B02,55+,Website
C00704,2025-12-03,B04,35-44,Referral
C00705,2026-01-23,B01,45-54,Instagram
C00706,2024-11-18,B02,45-54,In-store sign-up
C00707,2025-08-20,B02,18-24,Instagram
C00708,2025-11-13,B04,25-34,Website
C00709,2025-11-24,B03,35-44,In-store sign-up
C00710,2023-05-03,B02,18-24,Website
C00711,2026-08-27,B02,35-44,In-store sign-up
C00712,2025-09-22,B02,55+,Website
C00713,2025-04-13,B03,35-44,Instagram
C00714,2026-03-21,B01,18-24,In-store sign-up
C00715,2026-03-24,B04,55+,In-store sign-up
C00716,2024-07-18,B01,25-34,In-store sign-up
C00717,2023-01-08,B01,35-44,Instagram
C00718,2026-08-01,B04,45-54,Website
C00719,2025-10-24,B01,55+,Referral
C00720,2026-08-15,B03,18-24,Instagram
C00721,2025-01-01,B03,18-24,Google
C00722,2023-03-20,B03,18-24,In-store sign-up
C00723,2023-07-30,B03,35-44,Instagram
C00724,2026-08-12,B02,35-44,In-store sign-up
C00725,2023-07-15,B02,18-24,Instagram
C00726,2023-06-12,B02,25-34,Website
C00727,2023-07-26,B03,18-24,Referral
C00728,2025-04-16,B02,45-54,Instagram
C00729,2025-06-28,B01,25-34,Google
C00730,2025-11-30,B04,25-34,Website
C00731,2025-12-08,B04,25-34,Referral
C00732,2023-04-05,B02,35-44,Website
C00733,2025-04-01,B02,18-24,Instagram
C00734,2024-04-15,B03,35-44,In-store sign-up
C00735,2025-04-21,B01,55+,In-store sign-up
C00736,2023-11-08,B02,35-44,Google
C00737,2026-05-03,B02,18-24,In-store sign-up
C00738,2026-07-25,B02,35-44,Website
C00739,2026-06-08,B03,35-44,Website
C00740,2026-08-12,B01,25-34,Website
C00741,2026-05-02,B04,18-24,Website
C00742,2024-03-15,B01,55+,In-store sign-up
C00743,2024-11-14,B01,25-34,Google
C00744,2025-04-13,B03,35-44,In-store sign-up
C00745,2026-05-05,B03,25-34,Instagram
C00746,2025-12-23,B03,35-44,Referral
C00747,2026-06-20,B04,35-44,Google
C00748,2024-07-29,B01,18-24,Website
C00749,2025-07-28,B02,18-24,Instagram
C00750,2023-01-10,B03,45-54,Website
C00751,2023-05-30,B02,35-44,Google
C00752,2026-08-01,B04,18-24,Instagram
C00753,2025-08-14,B04,55+,Website
C00754,2025-08-24,B01,55+,Website
C00755,2025-08-03,B04,45-54,In-store sign-up
C00756,2023-06-22,B02,25-34,Website
C00757,2025-12-05,B01,25-34,Website
C00758,2025-10-16,B04,35-44,In-store sign-up
C00759,2023-09-26,B02,18-24,Website
C00760,2026-05-29,B03,18-24,In-store sign-up
C00761,2023-11-19,B01,35-44,In-store sign-up
C00762,2025-07-11,B04,55+,Instagram
C00763,2026-07-21,B02,25-34,In-store sign-up
C00764,2026-02-05,B04,25-34,Website
C00765,2023-12-04,B01,25-34,Google
C00766,2025-10-30,B04,35-44,Instagram
C00767,2024-12-16,B02,45-54,Website
C00768,2023-04-12,B02,18-24,In-store sign-up
C00769,2026-01-23,B02,18-24,In-store sign-up
C00770,2026-05-30,B04,55+,In-store sign-up
C00771,2025-04-06,B02,25-34,Website
C00772,2026-09-09,B04,25-34,Instagram
C00773,2024-09-01,B02,45-54,In-store sign-up
C00774,2023-06-13,B03,35-44,Referral
C00775,2024-02-05,B03,25-34,In-store sign-up
C00776,2024-02-01,B03,55+,Website
C00777,2025-01-27,B03,45-54,Instagram
C00778,2026-06-13,B02,55+,In-store sign-up
C00779,2026-05-27,B03,35-44,Instagram
C00780,2025-05-27,B01,25-34,Website
C00781,2023-04-30,B02,45-54,In-store sign-up
C00782,2023-08-29,B02,35-44,Website
C00783,2025-10-14,B04,55+,Website
C00784,2025-11-07,B04,45-54,In-store sign-up
C00785,2026-05-18,B02,18-24,Google
C00786,2026-05-10,B04,45-54,In-store sign-up
C00787,2024-10-13,B02,18-24,In-store sign-up
C00788,2026-02-06,B02,25-34,In-store sign-up
C00789,2025-07-26,B01,18-24,Google
C00790,2024-11-20,B02,18-24,Instagram
C00791,2024-07-19,B03,18-24,Referral
C00792,2025-12-12,B04,25-34,Website
C00793,2025-01-05,B01,25-34,Website
C00794,2025-09-14,B03,35-44,In-store sign-up
C00795,2026-01-10,B04,55+,Website
C00796,2024-01-04,B03,18-24,Google
C00797,2025-05-12,B01,55+,Instagram
C00798,2023-04-17,B02,25-34,Website
C00799,2024-10-27,B01,45-54,Website
C00800,2023-06-15,B03,55+,In-store sign-up
C00801,2024-05-03,B03,55+,Instagram
C00802,2025-10-21,B01,25-34,In-store sign-up
C00803,2026-02-12,B01,35-44,In-store sign-up
C00804,2024-01-26,B03,35-44,In-store sign-up
C00805,2023-07-08,B03,35-44,Instagram
C00806,2026-06-14,B01,25-34,Google
C00807,2023-05-15,B02,18-24,Website
C00808,2025-10-18,B01,18-24,Website
C00809,2025-09-22,B02,25-34,Website
C00810,2023-11-04,B02,18-24,In-store sign-up
C00811,2026-08-11,B03,45-54,Google
C00812,2025-08-04,B04,35-44,Website
C00813,2023-04-04,B03,25-34,Website
C00814,2023-07-14,B02,55+,In-store sign-up
C00815,2025-06-26,B02,35-44,Website
C00816,2026-02-12,B03,45-54,In-store sign-up
C00817,2026-07-19,B04,25-34,In-store sign-up
C00818,2026-04-15,B04,25-34,In-store sign-up
C00819,2024-12-30,B02,35-44,In-store sign-up
C00820,2025-05-24,B01,25-34,Website
C00821,2024-12-08,B02,55+,In-store sign-up
C00822,2025-11-25,B04,25-34,In-store sign-up
C00823,2025-03-28,B01,35-44,Instagram
C00824,2024-05-05,B01,18-24,In-store sign-up
C00825,2023-04-12,B03,18-24,Website
C00826,2024-02-19,B02,25-34,In-store sign-up
C00827,2023-09-09,B02,35-44,Website
C00828,2024-08-11,B02,35-44,In-store sign-up
C00829,2023-03-25,B02,35-44,Website
C00830,2026-06-27,B04,55+,Website
C00831,2023-01-29,B02,25-34,Instagram
C00832,2025-06-28,B01,18-24,Website
C00833,2023-10-24,B01,45-54,In-store sign-up
C00834,2026-06-29,B04,18-24,In-store sign-up
C00835,2026-02-19,B04,35-44,In-store sign-up
C00836,2023-03-13,B01,55+,Website
C00837,2023-03-13,B01,18-24,Google
C00838,2026-09-12,B04,25-34,In-store sign-up
C00839,2024-02-19,B01,35-44,In-store sign-up
C00840,2024-06-19,B02,25-34,Google
C00841,2026-03-11,B02,45-54,In-store sign-up
C00842,2025-07-09,B04,55+,Website
C00843,2025-10-24,B03,45-54,Website
C00844,2026-08-26,B03,35-44,Website
C00845,2026-04-25,B04,25-34,Referral
C00846,2025-12-03,B02,25-34,In-store sign-up
C00847,2026-08-04,B02,45-54,Instagram
C00848,2023-01-27,B02,35-44,Website
C00849,2023-06-19,B03,55+,Instagram
C00850,2026-09-19,B04,25-34,In-store sign-up
C00851,2024-01-08,B02,35-44,Google
C00852,2024-09-19,B03,45-54,Google
C00853,2025-03-13,B02,35-44,In-store sign-up
C00854,2023-01-31,B02,35-44,In-store sign-up
C00855,2023-10-01,B03,45-54,In-store sign-up
C00856,2024-06-09,B01,45-54,Referral
C00857,2024-06-02,B03,25-34,In-store sign-up
C00858,2025-09-22,B04,18-24,Referral
C00859,2023-02-17,B01,25-34,Instagram
C00860,2023-09-11,B03,25-34,Website
C00861,2024-05-09,B03,35-44,In-store sign-up
C00862,2025-06-15,B01,45-54,In-store sign-up
C00863,2024-04-13,B01,25-34,Google
C00864,2023-07-24,B02,35-44,In-store sign-up
C00865,2023-03-18,B02,55+,In-store sign-up
C00866,2023-02-24,B02,35-44,Referral
C00867,2024-09-21,B01,25-34,Instagram
C00868,2023-05-17,B03,35-44,Website
C00869,2024-03-10,B02,18-24,Google
C00870,2025-07-18,B04,35-44,Google
C00871,2024-08-08,B03,45-54,Referral
C00872,2024-05-05,B03,35-44,In-store sign-up
C00873,2026-08-05,B03,18-24,Website
C00874,2024-12-11,B02,25-34,In-store sign-up
C00875,2023-03-09,B03,18-24,In-store sign-up
C00876,2026-06-18,B02,25-34,Website
C00877,2026-04-05,B02,55+,In-store sign-up
C00878,2023-02-03,B02,35-44,Referral
C00879,2025-02-02,B02,55+,Instagram
C00880,2026-05-09,B03,35-44,Instagram
C00881,2026-04-28,B04,45-54,Website
C00882,2024-08-30,B01,35-44,Website
C00883,2026-07-16,B01,55+,In-store sign-up
C00884,2025-11-07,B02,25-34,In-store sign-up
C00885,2023-05-17,B03,25-34,Google
C00886,2026-02-18,B01,25-34,Instagram
C00887,2024-04-05,B02,18-24,In-store sign-up
C00888,2024-07-02,B03,35-44,Instagram
C00889,2025-06-19,B03,18-24,In-store sign-up
C00890,2025-05-19,B01,25-34,Website
C00891,2025-06-23,B01,25-34,Instagram
C00892,2026-08-05,B01,25-34,In-store sign-up
C00893,2026-02-23,B04,18-24,In-store sign-up
C00894,2025-08-08,B03,55+,Instagram
C00895,2026-04-28,B02,55+,Referral
C00896,2026-05-31,B04,35-44,Instagram
C00897,2023-10-21,B02,25-34,In-store sign-up
C00898,2023-11-14,B03,55+,Instagram
C00899,2025-04-08,B01,35-44,In-store sign-up
C00900,2023-10-18,B02,18-24,In-store sign-up
C00901,2025-02-20,B02,18-24,Website
C00902,2024-08-26,B01,18-24,Referral
C00903,2024-03-12,B03,55+,In-store sign-up
C00904,2024-02-13,B01,18-24,Referral
C00905,2025-02-27,B03,18-24,Website
C00906,2026-07-20,B01,25-34,In-store sign-up
C00907,2025-09-03,B04,18-24,In-store sign-up
C00908,2023-02-03,B02,18-24,In-store sign-up
C00909,2026-08-08,B02,25-34,In-store sign-up
C00910,2025-01-14,B01,45-54,Website
C00911,2023-10-05,B03,35-44,In-store sign-up
C00912,2023-07-19,B02,45-54,Website
C00913,2025-02-14,B03,18-24,Referral
C00914,2023-07-26,B02,25-34,Website
C00915,2024-12-23,B01,18-24,Instagram
C00916,2023-07-15,B01,35-44,In-store sign-up
C00917,2025-03-12,B02,35-44,Google
C00918,2024-09-22,B01,18-24,Google
C00919,2025-04-26,B02,35-44,In-store sign-up
C00920,2026-01-01,B02,45-54,Google
C00921,2023-01-22,B02,18-24,Instagram
C00922,2023-11-30,B01,18-24,In-store sign-up
C00923,2025-10-27,B04,18-24,Website
C00924,2024-07-31,B01,25-34,Google
C00925,2025-04-01,B01,35-44,Referral
C00926,2025-06-25,B04,35-44,In-store sign-up
C00927,2023-04-18,B01,45-54,Google
C00928,2025-08-05,B02,35-44,In-store sign-up
C00929,2026-02-22,B02,25-34,In-store sign-up
C00930,2023-01-12,B01,25-34,Website
C00931,2026-06-09,B02,25-34,In-store sign-up
C00932,2024-04-24,B02,18-24,In-store sign-up
C00933,2026-01-13,B04,25-34,In-store sign-up
C00934,2026-02-14,B02,18-24,Website
C00935,2024-01-17,B03,45-54,Website
C00936,2023-04-07,B01,18-24,Website
C00937,2024-05-31,B02,25-34,Website
C00938,2025-12-19,B04,18-24,In-store sign-up
C00939,2023-12-17,B02,25-34,Website
C00940,2026-04-05,B04,25-34,Website
C00941,2026-05-20,B04,35-44,Referral
C00942,2024-08-09,B01,25-34,In-store sign-up
C00943,2023-11-19,B03,18-24,Website
C00944,2025-05-09,B03,25-34,Google
C00945,2025-08-25,B04,25-34,In-store sign-up
C00946,2026-04-16,B02,18-24,Google
C00947,2025-04-09,B01,45-54,In-store sign-up
C00948,2025-03-06,B02,18-24,Google
C00949,2026-05-19,B04,45-54,Referral
C00950,2026-04-17,B03,25-34,Website
C00951,2026-08-20,B02,18-24,Instagram
C00952,2024-08-30,B03,35-44,Instagram
C00953,2025-11-05,B04,25-34,Instagram
C00954,2025-06-16,B04,35-44,Website
C00955,2024-10-12,B01,35-44,Instagram
C00956,2026-01-12,B04,18-24,Website
C00957,2026-01-25,B02,35-44,Instagram
C00958,2025-06-03,B02,25-34,Referral
C00959,2025-04-05,B01,35-44,In-store sign-up
C00960,2025-06-02,B02,18-24,Instagram
C00961,2023-07-02,B03,25-34,Instagram
C00962,2026-07-30,B01,18-24,In-store sign-up
C00963,2025-07-07,B03,25-34,Google
C00964,2026-09-03,B04,45-54,In-store sign-up
C00965,2026-01-13,B04,35-44,Website
C00966,2024-01-18,B03,18-24,In-store sign-up
C00967,2025-01-30,B02,25-34,In-store sign-up
C00968,2025-11-01,B04,55+,Website
C00969,2026-08-25,B03,35-44,In-store sign-up
C00970,2023-03-14,B02,18-24,Website
C00971,2025-09-15,B03,18-24,In-store sign-up
C00972,2023-01-19,B02,25-34,Referral
C00973,2026-01-23,B04,25-34,In-store sign-up
C00974,2025-12-07,B03,35-44,In-store sign-up
C00975,2025-03-25,B03,45-54,Google
C00976,2026-06-22,B01,25-34,In-store sign-up
C00977,2023-11-13,B03,55+,In-store sign-up
C00978,2023-03-31,B01,18-24,In-store sign-up
C00979,2025-06-16,B04,35-44,Google
C00980,2026-02-06,B03,55+,In-store sign-up
C00981,2023-07-10,B01,45-54,In-store sign-up
C00982,2025-02-20,B01,25-34,Google
C00983,2026-01-10,B01,45-54,In-store sign-up
C00984,2026-09-21,B04,35-44,Referral
C00985,2023-01-05,B02,55+,Website
C00986,2025-07-31,B01,25-34,In-store sign-up
C00987,2025-06-02,B01,18-24,Google
C00988,2024-06-26,B03,18-24,Website
C00989,2023-09-29,B03,55+,In-store sign-up
C00990,2025-07-27,B04,35-44,Referral
C00991,2023-01-13,B03,45-54,Google
C00992,2026-09-01,B01,35-44,Instagram
C00993,2023-12-17,B03,25-34,Instagram
C00994,2026-04-20,B02,35-44,Instagram
C00995,2025-10-20,B04,25-34,In-store sign-up
C00996,2023-04-26,B01,25-34,In-store sign-up
C00997,2024-10-20,B03,25-34,In-store sign-up
C00998,2023-06-07,B03,55+,Website
C00999,2026-03-22,B02,35-44,Referral
C01000,2025-09-30,B03,35-44,Website
C01001,2024-07-31,B01,25-34,In-store sign-up
C01002,2025-09-23,B02,25-34,Google
C01003,2026-01-18,B03,45-54,In-store sign-up
C01004,2024-03-19,B03,55+,Google
C01005,2025-08-07,B01,18-24,Website
C01006,2023-05-08,B01,25-34,In-store sign-up
C01007,2024-01-10,B01,35-44,In-store sign-up
C01008,2026-09-04,B01,45-54,Instagram
C01009,2025-09-08,B01,55+,Website
C01010,2024-01-05,B03,25-34,In-store sign-up
C01011,2023-08-06,B01,55+,In-store sign-up
C01012,2025-06-07,B04,25-34,Website
C01013,2023-09-19,B03,35-44,In-store sign-up
C01014,2023-10-28,B01,25-34,Website
C01015,2025-07-24,B01,35-44,Referral
C01016,2023-07-02,B02,25-34,In-store sign-up
C01017,2023-10-02,B01,35-44,In-store sign-up
C01018,2023-06-27,B03,35-44,Instagram
C01019,2024-09-05,B02,25-34,In-store sign-up
C01020,2025-01-02,B03,45-54,Website
C01021,2026-04-20,B03,45-54,In-store sign-up
C01022,2025-09-02,B04,35-44,In-store sign-up
C01023,2025-06-27,B02,55+,Referral
C01024,2025-11-01,B04,25-34,In-store sign-up
C01025,2025-07-21,B03,35-44,Website
C01026,2023-07-19,B02,35-44,Instagram
C01027,2025-10-07,B01,25-34,Instagram
C01028,2026-05-21,B02,55+,Referral
C01029,2025-12-04,B01,25-34,In-store sign-up
C01030,2023-03-24,B02,25-34,Website
C01031,2025-02-25,B03,18-24,Instagram
C01032,2026-05-28,B03,45-54,Instagram
C01033,2024-02-22,B02,45-54,Google
C01034,2025-08-03,B01,35-44,In-store sign-up
C01035,2025-02-06,B03,25-34,In-store sign-up
C01036,2025-08-18,B03,18-24,In-store sign-up
C01037,2025-09-28,B02,55+,Referral
C01038,2026-08-04,B03,45-54,Google
C01039,2023-06-02,B02,55+,In-store sign-up
C01040,2024-01-06,B02,55+,Website
C01041,2025-11-15,B01,45-54,In-store sign-up
C01042,2026-03-05,B04,25-34,Website
C01043,2026-01-03,B02,25-34,In-store sign-up
C01044,2025-01-24,B02,35-44,Referral
C01045,2026-05-01,B01,25-34,Google
C01046,2026-03-09,B02,55+,Google
C01047,2023-02-15,B01,18-24,In-store sign-up
C01048,2024-11-25,B01,18-24,Google
C01049,2025-09-01,B02,35-44,Google
C01050,2025-11-17,B03,25-34,In-store sign-up
C01051,2026-09-16,B04,25-34,Website
C01052,2024-04-07,B01,45-54,In-store sign-up
C01053,2024-10-28,B03,18-24,In-store sign-up
C01054,2026-06-07,B02,55+,In-store sign-up
C01055,2025-04-28,B03,35-44,In-store sign-up
C01056,2023-08-07,B02,25-34,Website
C01057,2024-02-27,B01,18-24,Website
C01058,2025-01-10,B03,18-24,In-store sign-up
C01059,2023-04-08,B03,25-34,In-store sign-up
C01060,2023-01-04,B02,55+,In-store sign-up
C01061,2024-01-06,B03,25-34,Instagram
C01062,2025-10-04,B03,25-34,Website
C01063,2026-04-05,B04,35-44,In-store sign-up
C01064,2023-04-08,B01,45-54,Website
C01065,2024-04-19,B02,25-34,Referral
C01066,2024-04-15,B03,45-54,Website
C01067,2024-08-26,B03,25-34,Google
C01068,2024-03-24,B02,18-24,Referral
C01069,2023-07-11,B03,55+,In-store sign-up
C01070,2024-08-03,B01,55+,Website
C01071,2026-03-29,B04,18-24,In-store sign-up
C01072,2025-05-15,B02,35-44,In-store sign-up
C01073,2026-03-20,B03,35-44,In-store sign-up
C01074,2023-07-01,B01,25-34,In-store sign-up
C01075,2024-02-02,B02,45-54,In-store sign-up
C01076,2026-05-16,B03,18-24,Referral
C01077,2023-03-06,B01,25-34,Referral
C01078,2026-02-27,B04,25-34,In-store sign-up
C01079,2024-07-12,B02,18-24,In-store sign-up
C01080,2025-10-17,B02,45-54,In-store sign-up
C01081,2024-08-21,B02,25-34,Website
C01082,2025-08-02,B04,35-44,In-store sign-up
C01083,2024-08-28,B01,25-34,Website
C01084,2025-11-25,B03,55+,In-store sign-up
C01085,2023-03-16,B01,45-54,Website
C01086,2026-03-15,B04,25-34,In-store sign-up
C01087,2025-06-30,B04,18-24,Instagram
C01088,2023-08-28,B02,25-34,In-store sign-up
C01089,2026-08-05,B03,35-44,Website
C01090,2023-11-28,B02,35-44,Referral
C01091,2025-04-18,B02,25-34,Google
C01092,2026-02-11,B02,45-54,In-store sign-up
C01093,2026-05-21,B02,35-44,In-store sign-up
C01094,2024-10-24,B02,45-54,Website
C01095,2026-06-22,B01,55+,In-store sign-up
C01096,2024-06-17,B02,55+,Google
C01097,2025-06-16,B01,35-44,In-store sign-up
C01098,2025-11-02,B04,25-34,Website
C01099,2025-11-27,B04,35-44,Referral
C01100,2024-09-11,B02,18-24,Instagram
C01101,2024-11-20,B02,45-54,In-store sign-up
C01102,2026-09-26,B04,18-24,In-store sign-up
C01103,2025-10-19,B04,35-44,Website
C01104,2024-09-15,B02,35-44,Website
C01105,2024-09-01,B03,25-34,In-store sign-up
C01106,2026-06-21,B04,25-34,Instagram
C01107,2023-10-23,B01,45-54,Instagram
C01108,2023-01-07,B02,25-34,Website
C01109,2026-06-16,B04,18-24,Instagram
C01110,2025-10-11,B04,55+,Google
C01111,2026-01-21,B04,35-44,Google
C01112,2025-03-11,B02,55+,Google
C01113,2026-01-07,B02,35-44,Instagram
C01114,2026-06-07,B04,35-44,Website
C01115,2024-03-21,B02,25-34,In-store sign-up
C01116,2025-04-08,B01,25-34,Google
C01117,2023-02-01,B03,55+,Instagram
C01118,2024-12-18,B01,25-34,Instagram
C01119,2025-12-03,B01,25-34,In-store sign-up
C01120,2023-05-30,B01,45-54,Website
C01121,2026-03-27,B02,25-34,Instagram
C01122,2026-04-29,B03,45-54,Google
C01123,2026-04-04,B02,35-44,In-store sign-up
C01124,2025-08-01,B04,25-34,Website
C01125,2025-08-18,B01,45-54,In-store sign-up
C01126,2025-11-26,B04,35-44,Website
C01127,2024-05-04,B03,18-24,In-store sign-up
C01128,2025-07-10,B03,25-34,In-store sign-up
C01129,2024-03-30,B02,18-24,Instagram
C01130,2026-05-25,B04,25-34,Website
C01131,2024-11-03,B02,35-44,In-store sign-up
C01132,2024-08-20,B03,35-44,Google
C01133,2025-09-01,B03,45-54,In-store sign-up
C01134,2025-01-08,B03,35-44,In-store sign-up
C01135,2023-01-16,B02,25-34,Website
C01136,2026-03-12,B02,25-34,In-store sign-up
C01137,2025-08-14,B02,45-54,Website
C01138,2025-08-15,B04,55+,In-store sign-up
C01139,2026-06-19,B02,45-54,Google
C01140,2025-10-21,B04,25-34,Google
C01141,2026-04-20,B04,35-44,Instagram
C01142,2023-08-31,B02,35-44,Google
C01143,2025-02-14,B02,18-24,In-store sign-up
C01144,2023-12-13,B01,55+,In-store sign-up
C01145,2025-06-19,B04,45-54,Referral
C01146,2023-02-04,B01,35-44,Google
C01147,2026-07-29,B04,45-54,Referral
C01148,2023-12-04,B02,25-34,Website
C01149,2026-04-02,B02,35-44,Website
C01150,2023-11-26,B02,18-24,In-store sign-up
C01151,2026-04-16,B04,35-44,In-store sign-up
C01152,2023-10-31,B02,18-24,Website
C01153,2024-05-21,B01,35-44,Google
C01154,2025-12-30,B03,35-44,Website
C01155,2023-10-31,B02,45-54,Instagram
C01156,2025-01-16,B01,55+,Website
C01157,2023-11-10,B01,18-24,In-store sign-up
C01158,2026-04-28,B04,18-24,Website
C01159,2024-03-16,B01,45-54,In-store sign-up
C01160,2025-05-23,B03,45-54,Google
C01161,2026-04-17,B02,18-24,Google
C01162,2026-04-17,B04,35-44,In-store sign-up
C01163,2025-06-10,B02,35-44,Referral
C01164,2024-04-25,B02,25-34,In-store sign-up
C01165,2023-04-24,B02,35-44,Instagram
C01166,2026-03-17,B02,35-44,In-store sign-up
C01167,2024-10-22,B01,18-24,In-store sign-up
C01168,2025-12-23,B03,18-24,Website
C01169,2025-05-11,B02,18-24,Google
C01170,2024-03-12,B03,25-34,In-store sign-up
C01171,2023-04-15,B02,35-44,In-store sign-up
C01172,2023-11-07,B01,25-34,Website
C01173,2025-07-20,B04,35-44,Instagram
C01174,2026-07-14,B03,18-24,Referral
C01175,2023-11-13,B02,18-24,In-store sign-up
C01176,2023-03-19,B01,35-44,In-store sign-up
C01177,2024-05-07,B01,18-24,In-store sign-up
C01178,2025-07-31,B02,45-54,Website
C01179,2024-04-23,B01,18-24,Instagram
C01180,2025-07-24,B02,45-54,In-store sign-up
C01181,2025-11-17,B04,55+,Website
C01182,2024-06-13,B03,45-54,In-store sign-up
C01183,2025-10-13,B03,25-34,In-store sign-up
C01184,2023-07-10,B01,55+,Google
C01185,2023-12-04,B02,18-24,In-store sign-up
C01186,2023-05-14,B01,45-54,Google
C01187,2026-01-07,B01,18-24,Instagram
C01188,2025-04-01,B02,18-24,Instagram
C01189,2025-01-31,B01,55+,Referral
C01190,2023-06-15,B01,55+,Instagram
C01191,2024-05-30,B02,18-24,Referral
C01192,2023-02-22,B03,35-44,Website
C01193,2023-10-17,B01,25-34,Google
C01194,2023-06-11,B02,18-24,In-store sign-up
C01195,2024-04-02,B02,18-24,In-store sign-up
C01196,2025-08-31,B04,25-34,In-store sign-up
C01197,2023-01-25,B03,35-44,Google
C01198,2025-01-05,B01,18-24,Instagram
C01199,2025-06-04,B03,25-34,In-store sign-up
C01200,2023-06-17,B02,35-44,In-store sign-up
C01201,2026-02-13,B04,25-34,Google
C01202,2025-02-04,B02,45-54,In-store sign-up
C01203,2025-11-27,B04,18-24,In-store sign-up
C01204,2023-08-19,B02,45-54,In-store sign-up
C01205,2024-01-04,B03,35-44,In-store sign-up
C01206,2023-12-31,B01,25-34,In-store sign-up
C01207,2026-01-30,B03,25-34,Instagram
C01208,2023-08-07,B02,45-54,Website
C01209,2026-03-25,B04,55+,Website
C01210,2023-09-07,B02,35-44,In-store sign-up
C01211,2023-10-03,B01,35-44,Instagram
C01212,2026-04-15,B04,55+,Referral
C01213,2023-09-12,B01,25-34,In-store sign-up
C01214,2026-03-09,B03,18-24,Referral
C01215,2026-08-15,B01,45-54,Website
C01216,2024-07-22,B02,35-44,Website
C01217,2025-12-27,B04,45-54,Instagram
C01218,2025-10-07,B02,18-24,In-store sign-up
C01219,2024-05-19,B02,35-44,In-store sign-up
C01220,2025-09-19,B04,18-24,Referral
C01221,2025-01-01,B03,25-34,Website
C01222,2024-11-14,B03,55+,In-store sign-up
C01223,2023-02-25,B03,45-54,Referral
C01224,2025-09-01,B04,55+,Website
C01225,2026-05-25,B04,35-44,Instagram
C01226,2024-10-17,B01,45-54,Google
C01227,2024-08-06,B01,45-54,In-store sign-up
C01228,2025-03-11,B01,45-54,Referral
C01229,2024-06-25,B01,18-24,Google
C01230,2025-08-06,B03,35-44,Website
C01231,2023-05-02,B03,25-34,In-store sign-up
C01232,2025-03-02,B03,18-24,Website
C01233,2023-08-24,B02,25-34,In-store sign-up
C01234,2023-09-29,B03,25-34,Instagram
C01235,2026-02-05,B04,25-34,In-store sign-up
C01236,2025-11-07,B02,35-44,In-store sign-up
C01237,2026-04-14,B02,18-24,Instagram
C01238,2023-02-26,B02,55+,In-store sign-up
C01239,2025-07-10,B04,25-34,Website
C01240,2026-02-10,B03,35-44,Google
C01241,2024-03-12,B02,25-34,In-store sign-up
C01242,2026-07-11,B01,25-34,In-store sign-up
C01243,2023-01-16,B03,35-44,Instagram
C01244,2024-04-04,B01,25-34,Google
C01245,2025-03-16,B02,35-44,Instagram
C01246,2024-06-27,B03,35-44,In-store sign-up
C01247,2023-11-22,B02,45-54,Website
C01248,2024-06-07,B01,45-54,Google
C01249,2023-11-04,B01,18-24,Google
C01250,2025-12-04,B01,25-34,In-store sign-up
C01251,2026-01-31,B04,18-24,Referral
C01252,2023-07-10,B02,18-24,Instagram
C01253,2024-07-17,B03,55+,In-store sign-up
C01254,2025-04-14,B02,25-34,Google
C01255,2024-06-10,B02,35-44,In-store sign-up
C01256,2026-08-09,B01,55+,Website
C01257,2024-12-22,B03,25-34,Instagram
C01258,2023-03-06,B03,25-34,In-store sign-up
C01259,2023-06-15,B02,35-44,Instagram
C01260,2025-05-04,B02,45-54,Instagram
C01261,2026-01-17,B04,55+,In-store sign-up
C01262,2025-08-19,B02,18-24,Website
C01263,2025-12-29,B04,35-44,Instagram
C01264,2025-10-23,B03,18-24,Referral
C01265,2023-05-06,B02,25-34,Instagram
C01266,2025-06-24,B02,25-34,In-store sign-up
C01267,2026-08-01,B04,45-54,Google
C01268,2023-11-03,B01,18-24,Website
C01269,2024-01-23,B03,25-34,In-store sign-up
C01270,2025-02-27,B02,35-44,In-store sign-up
C01271,2024-04-20,B02,18-24,Website
C01272,2023-06-26,B03,18-24,Website
C01273,2026-05-08,B03,25-34,In-store sign-up
C01274,2024-05-29,B03,45-54,Instagram
C01275,2026-03-26,B01,25-34,Instagram
C01276,2025-08-21,B04,45-54,Google
C01277,2024-11-29,B03,18-24,In-store sign-up
C01278,2023-12-23,B02,45-54,Website
C01279,2025-12-04,B04,25-34,In-store sign-up
C01280,2023-05-06,B03,35-44,Google
C01281,2023-04-13,B02,45-54,In-store sign-up
C01282,2026-02-08,B01,25-34,Website
C01283,2026-05-15,B04,18-24,In-store sign-up
C01284,2024-12-04,B02,18-24,Website
C01285,2025-04-25,B03,25-34,Website
C01286,2025-01-20,B03,35-44,In-store sign-up
C01287,2024-11-30,B02,35-44,Instagram
C01288,2025-02-22,B03,35-44,Website
C01289,2023-08-02,B03,18-24,In-store sign-up
C01290,2026-08-03,B03,25-34,Website
C01291,2025-03-17,B02,35-44,Google
C01292,2025-06-27,B03,45-54,In-store sign-up
C01293,2023-01-15,B03,45-54,Instagram
C01294,2023-05-09,B03,25-34,Google
C01295,2026-01-27,B01,18-24,Google
C01296,2023-09-30,B02,45-54,Website
C01297,2024-09-18,B01,35-44,Website
C01298,2023-05-23,B02,35-44,Website
C01299,2026-02-11,B04,18-24,In-store sign-up
C01300,2024-07-20,B03,18-24,In-store sign-up
C01301,2026-05-28,B01,45-54,Website
C01302,2023-04-07,B03,18-24,In-store sign-up
C01303,2026-06-12,B03,55+,Instagram
C01304,2026-07-31,B04,18-24,Website
C01305,2023-07-23,B01,25-34,In-store sign-up
C01306,2023-09-27,B03,25-34,In-store sign-up
C01307,2025-08-08,B03,25-34,Google
C01308,2023-10-21,B02,35-44,Instagram
C01309,2026-02-10,B04,18-24,In-store sign-up
C01310,2025-12-05,B02,35-44,Instagram
C01311,2023-05-02,B02,25-34,Referral
C01312,2023-10-09,B01,18-24,In-store sign-up
C01313,2023-12-23,B02,45-54,Google
C01314,2026-09-21,B02,25-34,In-store sign-up
C01315,2025-11-25,B03,18-24,Website
C01316,2024-06-21,B03,35-44,Website
C01317,2024-10-01,B01,25-34,Instagram
C01318,2025-06-21,B03,45-54,In-store sign-up
C01319,2024-10-08,B02,18-24,Website
C01320,2024-08-18,B02,18-24,Referral
C01321,2023-02-07,B03,45-54,Instagram
C01322,2024-11-20,B01,55+,In-store sign-up
C01323,2024-01-22,B01,25-34,In-store sign-up
C01324,2026-02-12,B02,25-34,Instagram
C01325,2023-02-12,B01,18-24,Referral
C01326,2026-09-03,B02,45-54,Referral
C01327,2026-03-20,B02,18-24,In-store sign-up
C01328,2024-08-18,B03,25-34,Website
C01329,2023-04-25,B03,45-54,Google
C01330,2025-03-21,B02,25-34,In-store sign-up
C01331,2026-01-16,B04,35-44,Website
C01332,2026-02-25,B02,25-34,In-store sign-up
C01333,2023-10-31,B02,25-34,In-store sign-up
C01334,2026-08-12,B02,35-44,Instagram
C01335,2026-08-04,B02,35-44,Google
C01336,2026-08-17,B02,18-24,In-store sign-up
C01337,2023-01-03,B01,25-34,In-store sign-up
C01338,2023-07-02,B01,35-44,Referral
C01339,2026-08-28,B04,18-24,Referral
C01340,2024-08-14,B01,25-34,In-store sign-up
C01341,2026-01-25,B04,25-34,Website
C01342,2023-06-29,B01,25-34,Instagram
C01343,2023-07-19,B01,25-34,In-store sign-up
C01344,2026-03-25,B02,55+,Instagram
C01345,2025-10-14,B03,55+,Instagram
C01346,2023-11-22,B03,35-44,In-store sign-up
C01347,2024-01-20,B02,18-24,In-store sign-up
C01348,2026-03-29,B01,18-24,Website
C01349,2023-11-05,B03,25-34,Website
C01350,2026-06-11,B01,25-34,Referral
C01351,2025-03-11,B01,18-24,Instagram
C01352,2025-09-15,B04,25-34,Website
C01353,2023-05-14,B02,25-34,Instagram
C01354,2024-02-15,B02,25-34,In-store sign-up
C01355,2023-11-15,B01,55+,In-store sign-up
C01356,2024-03-18,B02,18-24,In-store sign-up
C01357,2026-01-27,B04,45-54,In-store sign-up
C01358,2023-02-22,B02,25-34,Website
C01359,2023-04-17,B02,55+,Referral
C01360,2026-01-20,B04,25-34,In-store sign-up
C01361,2023-01-28,B02,18-24,Website
C01362,2023-11-26,B02,55+,In-store sign-up
C01363,2026-09-13,B02,18-24,Referral
C01364,2023-06-25,B03,18-24,Website
C01365,2026-05-07,B04,25-34,Website
C01366,2024-02-29,B03,25-34,Website
C01367,2024-05-27,B01,25-34,In-store sign-up
C01368,2025-02-24,B02,35-44,Website
C01369,2026-07-29,B01,55+,Instagram
C01370,2023-05-23,B03,25-34,In-store sign-up
C01371,2025-11-19,B01,45-54,Website
C01372,2025-09-25,B02,25-34,In-store sign-up
C01373,2024-11-17,B01,35-44,Instagram
C01374,2024-11-23,B02,25-34,Website
C01375,2026-04-10,B03,25-34,Referral
C01376,2023-05-09,B03,35-44,Website
C01377,2023-11-27,B01,55+,Website
C01378,2023-06-03,B02,25-34,In-store sign-up
C01379,2025-12-30,B04,55+,Website
C01380,2026-07-20,B01,25-34,In-store sign-up
C01381,2023-05-01,B02,35-44,Instagram
C01382,2025-11-24,B02,45-54,Instagram
C01383,2023-03-13,B01,25-34,Google
C01384,2024-04-23,B03,45-54,Referral
C01385,2026-02-11,B04,35-44,In-store sign-up
C01386,2024-10-09,B01,35-44,Website
C01387,2026-09-04,B02,25-34,In-store sign-up
C01388,2025-06-06,B02,35-44,Website
C01389,2023-10-01,B03,18-24,In-store sign-up
C01390,2026-01-31,B02,25-34,In-store sign-up
C01391,2023-05-27,B02,35-44,In-store sign-up
C01392,2026-06-28,B01,35-44,Website
C01393,2025-09-24,B02,45-54,In-store sign-up
C01394,2026-07-29,B04,55+,In-store sign-up
C01395,2024-08-29,B01,25-34,Instagram
C01396,2025-10-26,B04,35-44,Referral
C01397,2023-03-23,B01,18-24,Referral
C01398,2026-07-15,B03,25-34,In-store sign-up
C01399,2024-03-24,B01,45-54,Instagram
C01400,2024-09-05,B02,35-44,Instagram
C01401,2023-01-31,B01,45-54,Google
C01402,2023-10-07,B01,18-24,In-store sign-up
C01403,2025-09-07,B02,25-34,In-store sign-up
C01404,2026-04-15,B04,18-24,Instagram
C01405,2026-06-09,B02,25-34,Website
C01406,2025-01-04,B01,25-34,In-store sign-up
C01407,2025-10-08,B01,55+,Google
C01408,2026-05-06,B04,35-44,Google
C01409,2024-04-19,B01,18-24,Website
C01410,2025-12-21,B02,35-44,In-store sign-up
C01411,2025-12-25,B02,45-54,In-store sign-up
C01412,2025-06-16,B04,55+,Referral
C01413,2025-04-22,B02,18-24,In-store sign-up
C01414,2025-02-03,B02,55+,Instagram
C01415,2024-11-06,B01,35-44,Instagram
C01416,2023-08-14,B01,25-34,Website
C01417,2024-11-27,B02,25-34,In-store sign-up
C01418,2023-07-31,B01,18-24,In-store sign-up
C01419,2026-06-09,B04,45-54,Referral
C01420,2023-10-19,B01,35-44,Instagram
C01421,2024-11-26,B01,18-24,In-store sign-up
C01422,2023-10-05,B03,25-34,In-store sign-up
C01423,2023-07-08,B02,18-24,In-store sign-up
C01424,2025-12-20,B04,25-34,Website
C01425,2026-09-14,B02,18-24,In-store sign-up
C01426,2025-08-30,B02,25-34,In-store sign-up
C01427,2024-07-13,B02,55+,In-store sign-up
C01428,2024-11-17,B02,55+,In-store sign-up
C01429,2023-03-25,B02,45-54,In-store sign-up
C01430,2025-09-28,B03,18-24,Google
C01431,2023-03-19,B02,45-54,In-store sign-up
C01432,2023-07-05,B02,25-34,Website
C01433,2023-04-25,B02,25-34,Google
C01434,2024-11-07,B03,18-24,Google
C01435,2026-09-27,B01,45-54,Google
C01436,2023-10-29,B03,25-34,In-store sign-up
C01437,2026-09-19,B02,25-34,In-store sign-up
C01438,2024-09-10,B03,35-44,In-store sign-up
C01439,2025-12-30,B03,25-34,In-store sign-up
C01440,2025-11-26,B02,45-54,Google
C01441,2024-07-13,B01,25-34,In-store sign-up
C01442,2025-05-05,B02,25-34,Google
C01443,2026-02-05,B04,55+,In-store sign-up
C01444,2023-03-17,B02,18-24,Instagram
C01445,2023-06-09,B02,18-24,In-store sign-up
C01446,2024-03-11,B03,55+,In-store sign-up
C01447,2025-11-29,B04,18-24,In-store sign-up
C01448,2024-08-23,B02,25-34,In-store sign-up
C01449,2023-09-21,B02,18-24,Instagram
C01450,2025-11-18,B02,25-34,In-store sign-up
C01451,2023-04-06,B02,18-24,In-store sign-up
C01452,2023-10-15,B03,45-54,In-store sign-up
C01453,2024-05-13,B03,55+,Website
C01454,2024-10-16,B02,45-54,In-store sign-up
C01455,2026-01-29,B02,55+,Website
C01456,2024-04-29,B03,35-44,In-store sign-up
C01457,2026-02-08,B01,18-24,Google
C01458,2025-08-15,B03,35-44,Website
C01459,2023-06-07,B01,35-44,In-store sign-up
C01460,2025-12-12,B02,35-44,In-store sign-up
C01461,2024-10-31,B01,35-44,In-store sign-up
C01462,2026-08-09,B04,18-24,Google
C01463,2024-10-20,B03,55+,In-store sign-up
C01464,2023-03-04,B02,45-54,Google
C01465,2023-08-02,B02,18-24,In-store sign-up
C01466,2026-07-26,B01,45-54,Website
C01467,2023-01-23,B02,18-24,In-store sign-up
C01468,2024-12-20,B01,25-34,In-store sign-up
C01469,2026-03-24,B02,55+,Website
C01470,2023-02-07,B02,35-44,Instagram
C01471,2025-03-27,B02,55+,Google
C01472,2025-07-15,B04,55+,In-store sign-up
C01473,2025-12-05,B04,18-24,In-store sign-up
C01474,2023-04-07,B03,55+,In-store sign-up
C01475,2024-05-31,B03,45-54,Instagram
C01476,2025-06-10,B02,25-34,In-store sign-up
C01477,2024-09-25,B03,18-24,Google
C01478,2025-02-17,B02,18-24,Instagram
C01479,2026-02-21,B03,55+,In-store sign-up
C01480,2023-03-31,B02,45-54,Google
C01481,2023-11-06,B01,18-24,In-store sign-up
C01482,2026-07-04,B03,25-34,Website
C01483,2024-03-01,B02,25-34,Google
C01484,2024-05-07,B03,35-44,Website
C01485,2025-02-06,B01,35-44,Website
C01486,2023-07-02,B02,55+,Website
C01487,2024-12-16,B02,25-34,In-store sign-up
C01488,2026-07-19,B02,18-24,Instagram
C01489,2025-09-30,B04,35-44,In-store sign-up
C01490,2026-01-22,B04,25-34,Instagram
C01491,2025-05-22,B02,45-54,In-store sign-up
C01492,2023-01-25,B02,35-44,Website
C01493,2026-07-24,B04,18-24,In-store sign-up
C01494,2025-10-26,B04,25-34,In-store sign-up
C01495,2026-07-15,B01,55+,Website
C01496,2025-04-28,B01,25-34,Instagram
C01497,2023-02-06,B02,18-24,In-store sign-up
C01498,2023-05-14,B01,45-54,Instagram
C01499,2025-06-11,B01,25-34,Google
C01500,2024-04-23,B03,45-54,In-store sign-up
C01501,2024-05-26,B01,45-54,Instagram
C01502,2025-04-29,B02,45-54,In-store sign-up
C01503,2023-05-12,B02,45-54,In-store sign-up
C01504,2023-03-14,B01,35-44,Instagram
C01505,2026-01-18,B01,25-34,Google
C01506,2023-05-17,B02,25-34,In-store sign-up
C01507,2024-09-07,B01,25-34,Referral
C01508,2023-09-05,B02,18-24,Google
C01509,2026-06-04,B04,55+,Instagram
C01510,2026-01-10,B04,25-34,In-store sign-up
C01511,2026-03-08,B02,25-34,Referral
C01512,2026-08-26,B02,35-44,In-store sign-up
C01513,2026-04-22,B04,35-44,Google
C01514,2024-05-30,B02,25-34,In-store sign-up
C01515,2025-08-15,B03,45-54,Instagram
C01516,2023-04-27,B03,18-24,In-store sign-up
C01517,2024-03-24,B02,25-34,Referral
C01518,2026-07-19,B01,25-34,Google
C01519,2026-04-12,B01,18-24,Instagram
C01520,2024-05-04,B01,25-34,In-store sign-up
C01521,2026-05-23,B04,25-34,In-store sign-up
C01522,2026-09-11,B04,45-54,In-store sign-up
C01523,2023-02-22,B02,35-44,Website
C01524,2023-03-28,B01,25-34,In-store sign-up
C01525,2023-10-18,B01,45-54,Google
C01526,2025-08-04,B04,25-34,In-store sign-up
C01527,2025-12-22,B04,35-44,Referral
C01528,2026-08-11,B02,25-34,Google
C01529,2025-04-13,B02,35-44,In-store sign-up
C01530,2026-02-18,B02,25-34,Instagram
C01531,2024-08-01,B02,35-44,In-store sign-up
C01532,2023-04-19,B03,18-24,Website
C01533,2024-03-17,B02,55+,In-store sign-up
C01534,2025-06-04,B04,25-34,In-store sign-up
C01535,2024-06-12,B02,18-24,Website
C01536,2024-05-11,B03,25-34,Referral
C01537,2024-09-25,B02,25-34,Website
C01538,2023-11-23,B03,25-34,Instagram
C01539,2023-09-14,B02,25-34,Instagram
C01540,2026-03-29,B03,45-54,In-store sign-up
C01541,2023-09-19,B01,18-24,In-store sign-up
C01542,2023-06-14,B01,18-24,Referral
C01543,2025-08-21,B02,35-44,Google
C01544,2026-08-17,B01,18-24,Instagram
C01545,2026-09-23,B04,18-24,Referral
C01546,2023-02-05,B01,25-34,Instagram
C01547,2023-06-03,B01,25-34,Website
C01548,2023-09-02,B02,25-34,In-store sign-up
C01549,2024-10-26,B02,55+,Google
C01550,2026-08-12,B01,35-44,In-store sign-up
C01551,2025-08-12,B02,25-34,Website
C01552,2025-02-04,B03,55+,Referral
C01553,2023-06-29,B02,55+,Referral
C01554,2023-06-10,B01,45-54,In-store sign-up
C01555,2023-05-09,B01,55+,Instagram
C01556,2024-08-13,B01,45-54,Referral
C01557,2025-11-29,B02,35-44,In-store sign-up
C01558,2024-03-06,B02,18-24,Website
C01559,2026-08-31,B01,25-34,In-store sign-up
C01560,2026-08-15,B04,18-24,Google
C01561,2026-02-09,B04,25-34,In-store sign-up
C01562,2024-10-05,B02,25-34,In-store sign-up
C01563,2023-10-03,B03,55+,In-store sign-up
C01564,2026-09-01,B02,35-44,In-store sign-up
C01565,2025-10-03,B04,18-24,In-store sign-up
C01566,2023-09-19,B02,45-54,Referral
C01567,2024-11-21,B03,45-54,In-store sign-up
C01568,2025-05-21,B03,25-34,Website
C01569,2023-02-24,B03,18-24,In-store sign-up
C01570,2025-08-10,B04,25-34,Referral
C01571,2023-04-01,B03,18-24,Referral
C01572,2026-01-21,B01,35-44,Website
C01573,2023-06-26,B03,25-34,Instagram
C01574,2025-09-16,B02,35-44,Website
C01575,2023-03-22,B02,25-34,In-store sign-up
C01576,2023-07-25,B01,35-44,Website
C01577,2025-08-17,B02,18-24,Instagram
C01578,2025-01-05,B01,18-24,Google
C01579,2024-03-26,B01,45-54,Instagram
C01580,2024-09-29,B02,25-34,Website
C01581,2026-02-22,B04,25-34,In-store sign-up
C01582,2024-06-21,B02,55+,In-store sign-up
C01583,2025-02-12,B01,45-54,Google
C01584,2023-10-22,B01,25-34,Instagram
C01585,2023-11-04,B02,45-54,In-store sign-up
C01586,2026-03-15,B04,25-34,In-store sign-up
C01587,2025-10-28,B03,25-34,Referral
C01588,2025-01-26,B02,35-44,In-store sign-up
C01589,2026-05-15,B04,35-44,Instagram
C01590,2023-11-26,B02,35-44,Website
C01591,2023-04-18,B01,35-44,In-store sign-up
C01592,2025-06-27,B02,18-24,Website
C01593,2025-10-26,B02,25-34,Instagram
C01594,2023-10-12,B03,25-34,Instagram
C01595,2025-07-30,B04,55+,Instagram
C01596,2024-11-05,B02,45-54,Google
C01597,2024-12-08,B01,35-44,In-store sign-up
C01598,2025-10-05,B02,35-44,In-store sign-up
C01599,2024-07-18,B02,35-44,Website
C01600,2024-12-19,B01,35-44,Website
C01601,2023-11-01,B02,25-34,Referral
C01602,2024-07-24,B01,35-44,In-store sign-up
C01603,2023-11-19,B01,35-44,Instagram
C01604,2024-05-06,B03,55+,Instagram
C01605,2025-09-24,B03,35-44,In-store sign-up
C01606,2023-05-07,B03,18-24,Referral
C01607,2026-05-30,B04,55+,Instagram
C01608,2024-12-30,B02,35-44,Google
C01609,2024-10-10,B03,25-34,In-store sign-up
C01610,2025-08-21,B01,55+,In-store sign-up
C01611,2025-09-16,B01,25-34,In-store sign-up
C01612,2026-03-11,B04,18-24,Google
C01613,2024-05-06,B02,25-34,Google
C01614,2023-11-17,B02,45-54,Instagram
C01615,2024-10-21,B01,25-34,In-store sign-up
C01616,2025-11-26,B04,25-34,In-store sign-up
C01617,2026-07-15,B01,25-34,Instagram
C01618,2025-11-01,B01,35-44,Website
C01619,2024-07-24,B02,35-44,In-store sign-up
C01620,2023-12-24,B01,55+,In-store sign-up
C01621,2025-01-06,B01,18-24,Instagram
C01622,2023-10-24,B02,18-24,In-store sign-up
C01623,2023-03-12,B03,55+,Website
C01624,2025-01-08,B01,25-34,Website
C01625,2026-03-06,B02,35-44,Website
C01626,2025-09-06,B02,25-34,In-store sign-up
C01627,2026-08-02,B04,25-34,In-store sign-up
C01628,2025-02-07,B02,25-34,In-store sign-up
C01629,2026-04-12,B01,35-44,Google
C01630,2023-01-27,B02,55+,In-store sign-up
C01631,2025-09-08,B02,55+,In-store sign-up
C01632,2024-11-11,B02,25-34,Instagram
C01633,2023-08-21,B02,18-24,Instagram
C01634,2025-02-21,B02,35-44,Referral
C01635,2026-08-07,B02,35-44,Instagram
C01636,2024-06-08,B01,25-34,Website
C01637,2025-04-19,B03,35-44,In-store sign-up
C01638,2026-04-18,B04,18-24,In-store sign-up
C01639,2023-06-14,B02,45-54,Website
C01640,2025-11-03,B04,25-34,In-store sign-up
C01641,2025-04-13,B01,18-24,In-store sign-up
C01642,2023-03-23,B01,35-44,In-store sign-up
C01643,2025-10-05,B02,35-44,Instagram
C01644,2024-10-10,B02,35-44,Instagram
C01645,2024-02-08,B02,45-54,In-store sign-up
C01646,2024-09-11,B02,55+,Instagram
C01647,2025-12-28,B02,25-34,Instagram
C01648,2025-06-24,B01,18-24,In-store sign-up
C01649,2024-06-27,B02,25-34,Referral
C01650,2026-04-21,B04,25-34,Website
C01651,2025-03-02,B03,35-44,In-store sign-up
C01652,2023-02-16,B02,35-44,In-store sign-up
C01653,2023-02-11,B01,18-24,Referral
C01654,2023-03-21,B01,55+,Instagram
C01655,2023-10-31,B01,25-34,Website
C01656,2025-04-18,B02,25-34,Instagram
C01657,2023-09-08,B01,55+,Instagram
C01658,2026-06-08,B04,55+,Instagram
C01659,2024-09-09,B03,35-44,In-store sign-up
C01660,2025-04-21,B02,45-54,Referral
C01661,2024-08-19,B02,35-44,Website
C01662,2026-08-20,B01,35-44,Website
C01663,2024-04-11,B01,35-44,Referral
C01664,2023-09-01,B02,55+,In-store sign-up
C01665,2025-08-27,B04,45-54,In-store sign-up
C01666,2025-01-24,B01,35-44,Google
C01667,2024-06-22,B01,35-44,Instagram
C01668,2024-05-14,B03,25-34,Referral
C01669,2025-08-12,B04,25-34,In-store sign-up
C01670,2026-08-21,B03,45-54,Google
C01671,2026-06-03,B03,35-44,Google
C01672,2025-07-16,B03,55+,Referral
C01673,2025-09-18,B04,25-34,Website
C01674,2025-02-01,B02,45-54,In-store sign-up
C01675,2025-05-10,B02,18-24,Instagram
C01676,2023-06-23,B02,18-24,In-store sign-up
C01677,2025-09-02,B03,35-44,In-store sign-up
C01678,2023-05-01,B02,55+,Referral
C01679,2025-08-08,B01,45-54,In-store sign-up
C01680,2025-09-24,B03,18-24,In-store sign-up
C01681,2024-03-06,B02,55+,Google
C01682,2024-01-02,B01,25-34,In-store sign-up
C01683,2026-02-27,B02,35-44,Instagram
C01684,2025-07-17,B02,35-44,In-store sign-up
C01685,2026-06-17,B01,18-24,In-store sign-up
C01686,2024-03-07,B03,55+,Google
C01687,2024-01-25,B01,25-34,In-store sign-up
C01688,2026-07-09,B02,55+,In-store sign-up
C01689,2026-09-25,B04,35-44,Website
C01690,2026-08-01,B01,55+,Instagram
C01691,2023-11-10,B02,45-54,In-store sign-up
C01692,2026-05-05,B01,18-24,Website
C01693,2025-10-28,B01,25-34,In-store sign-up
C01694,2023-01-13,B01,18-24,Website
C01695,2025-05-03,B03,35-44,Google
C01696,2023-03-06,B02,55+,Instagram
C01697,2023-10-10,B03,18-24,Website
C01698,2024-04-21,B02,35-44,Website
C01699,2024-04-07,B01,45-54,Referral
C01700,2026-05-26,B02,25-34,Website
C01701,2023-11-03,B03,45-54,Google
C01702,2026-02-20,B04,25-34,In-store sign-up
C01703,2024-11-06,B01,18-24,In-store sign-up
C01704,2023-08-21,B01,25-34,Website
C01705,2023-10-17,B01,35-44,Referral
C01706,2024-05-15,B02,45-54,In-store sign-up
C01707,2023-11-14,B01,35-44,In-store sign-up
C01708,2025-08-23,B04,25-34,Website
C01709,2026-05-30,B02,45-54,Referral
C01710,2025-02-16,B01,55+,Instagram
C01711,2023-04-27,B02,35-44,Referral
C01712,2025-01-31,B03,45-54,Google
C01713,2025-01-28,B01,55+,In-store sign-up
C01714,2025-10-19,B04,55+,Google
C01715,2025-07-11,B02,35-44,Website
C01716,2023-09-20,B02,35-44,Google
C01717,2025-12-01,B03,35-44,Referral
C01718,2024-12-29,B02,25-34,Instagram
C01719,2026-04-14,B02,25-34,Instagram
C01720,2023-12-14,B03,35-44,In-store sign-up
C01721,2025-06-09,B02,45-54,Instagram
C01722,2025-02-17,B03,35-44,Referral
C01723,2024-02-17,B02,25-34,Website
C01724,2026-01-21,B04,35-44,Referral
C01725,2026-05-23,B02,35-44,In-store sign-up
C01726,2026-03-19,B04,45-54,Website
C01727,2023-02-05,B02,45-54,Google
C01728,2025-11-06,B03,25-34,Google
C01729,2026-03-11,B04,35-44,Website
C01730,2023-03-24,B01,45-54,Instagram
C01731,2026-06-30,B02,45-54,Website
C01732,2023-12-19,B01,25-34,Instagram
C01733,2026-04-05,B01,18-24,In-store sign-up
C01734,2025-03-22,B01,45-54,In-store sign-up
C01735,2024-01-16,B01,45-54,In-store sign-up
C01736,2025-03-31,B03,25-34,Instagram
C01737,2025-08-30,B04,55+,Instagram
C01738,2026-08-05,B01,35-44,In-store sign-up
C01739,2024-05-12,B03,35-44,Website
C01740,2025-01-04,B01,25-34,Website
C01741,2026-04-13,B03,18-24,Website
C01742,2025-12-21,B04,25-34,Website
C01743,2025-09-28,B04,45-54,Website
C01744,2025-12-22,B04,18-24,In-store sign-up
C01745,2026-03-07,B03,25-34,In-store sign-up
C01746,2026-05-13,B02,18-24,Website
C01747,2026-06-07,B01,45-54,Instagram
C01748,2026-09-26,B01,55+,Referral
C01749,2024-04-24,B01,35-44,In-store sign-up
C01750,2023-06-02,B01,18-24,Google
C01751,2024-10-20,B03,18-24,Website
C01752,2025-04-28,B01,18-24,Website
C01753,2025-05-19,B02,25-34,In-store sign-up
C01754,2023-07-14,B03,35-44,In-store sign-up
C01755,2023-11-15,B03,55+,Instagram
C01756,2026-09-17,B02,55+,Referral
C01757,2026-02-04,B01,35-44,In-store sign-up
C01758,2025-05-11,B01,55+,In-store sign-up
C01759,2026-06-24,B02,25-34,Google
C01760,2025-05-16,B02,18-24,In-store sign-up
C01761,2025-06-25,B03,25-34,Google
C01762,2025-02-23,B01,45-54,In-store sign-up
C01763,2026-04-15,B04,45-54,Website
C01764,2025-06-23,B04,18-24,Instagram
C01765,2026-08-14,B02,35-44,Instagram
C01766,2026-08-19,B03,45-54,Google
C01767,2025-08-28,B01,25-34,Instagram
C01768,2025-07-11,B02,55+,In-store sign-up
C01769,2026-03-08,B03,25-34,In-store sign-up
C01770,2024-03-04,B02,25-34,In-store sign-up
C01771,2024-12-24,B01,35-44,Instagram
C01772,2024-02-09,B03,18-24,Referral
C01773,2026-06-30,B04,25-34,In-store sign-up
C01774,2025-06-17,B01,25-34,In-store sign-up
C01775,2023-01-15,B03,25-34,In-store sign-up
C01776,2025-06-20,B04,25-34,Referral
C01777,2023-09-03,B02,35-44,Referral
C01778,2026-09-07,B02,35-44,In-store sign-up
C01779,2023-12-05,B03,18-24,Referral
C01780,2026-07-25,B02,25-34,In-store sign-up
C01781,2026-06-18,B04,55+,Instagram
C01782,2025-05-08,B01,35-44,Google
C01783,2025-07-19,B03,25-34,Google
C01784,2026-04-18,B04,35-44,In-store sign-up
C01785,2024-05-13,B01,25-34,In-store sign-up
C01786,2026-05-09,B02,45-54,In-store sign-up
C01787,2026-08-25,B02,18-24,In-store sign-up
C01788,2023-07-21,B01,35-44,In-store sign-up
C01789,2024-04-15,B01,35-44,Website
C01790,2024-04-30,B01,25-34,Website
C01791,2025-08-22,B04,25-34,In-store sign-up
C01792,2023-09-13,B01,35-44,Google
C01793,2026-05-27,B04,45-54,Instagram
C01794,2023-05-31,B03,45-54,Google
C01795,2023-07-24,B03,55+,In-store sign-up
C01796,2025-10-08,B03,25-34,In-store sign-up
C01797,2024-12-24,B03,25-34,Google
C01798,2024-11-11,B02,25-34,Google
C01799,2026-01-03,B01,35-44,Referral
C01800,2026-01-09,B04,35-44,Website
C01801,2023-11-07,B03,25-34,Google
C01802,2023-08-07,B02,25-34,Instagram
C01803,2023-06-01,B02,55+,Website
C01804,2024-10-02,B02,25-34,Google
C01805,2025-06-04,B04,25-34,Instagram
C01806,2023-05-10,B02,35-44,Referral
C01807,2024-05-16,B03,35-44,In-store sign-up
C01808,2024-04-01,B01,55+,In-store sign-up
C01809,2025-12-23,B02,45-54,In-store sign-up
C01810,2025-01-06,B03,25-34,In-store sign-up
C01811,2025-02-24,B03,35-44,In-store sign-up
C01812,2023-06-05,B01,18-24,Website
C01813,2025-06-12,B04,25-34,In-store sign-up
C01814,2023-10-26,B01,45-54,In-store sign-up
C01815,2024-01-26,B03,35-44,Website
C01816,2025-07-16,B03,35-44,In-store sign-up
C01817,2025-10-17,B04,25-34,In-store sign-up
C01818,2024-12-06,B01,25-34,Instagram
C01819,2023-10-15,B02,35-44,In-store sign-up
C01820,2026-08-27,B03,25-34,In-store sign-up
C01821,2026-06-09,B02,45-54,In-store sign-up
C01822,2023-05-22,B02,55+,Website
C01823,2024-03-17,B02,18-24,Instagram
C01824,2025-11-05,B03,35-44,Referral
C01825,2024-08-10,B02,25-34,Instagram
C01826,2023-02-13,B01,25-34,In-store sign-up
C01827,2026-06-02,B02,35-44,In-store sign-up
C01828,2025-07-16,B03,25-34,Website
C01829,2026-02-06,B04,35-44,Referral
C01830,2023-12-23,B03,18-24,In-store sign-up
C01831,2025-12-28,B04,18-24,Referral
C01832,2026-09-07,B03,45-54,Instagram
C01833,2023-04-06,B03,18-24,In-store sign-up
C01834,2025-08-25,B04,35-44,In-store sign-up
C01835,2025-07-10,B03,25-34,In-store sign-up
C01836,2024-09-11,B03,55+,Website
C01837,2026-06-18,B02,25-34,In-store sign-up
C01838,2025-10-17,B04,55+,Google
C01839,2026-03-01,B02,45-54,In-store sign-up
C01840,2025-09-12,B01,45-54,In-store sign-up
C01841,2026-01-17,B02,45-54,Referral
C01842,2025-11-12,B04,45-54,Referral
C01843,2023-03-06,B02,55+,In-store sign-up
C01844,2023-07-11,B03,25-34,In-store sign-up
C01845,2025-12-19,B02,35-44,Google
C01846,2023-09-22,B02,55+,In-store sign-up
C01847,2025-07-02,B04,25-34,Instagram
C01848,2024-11-27,B02,45-54,In-store sign-up
C01849,2026-08-23,B04,35-44,In-store sign-up
C01850,2023-01-10,B02,45-54,In-store sign-up
C01851,2026-06-20,B04,45-54,In-store sign-up
C01852,2023-03-01,B02,25-34,Website
C01853,2026-04-25,B01,25-34,Website
C01854,2023-05-14,B02,55+,Instagram
C01855,2023-06-13,B02,35-44,In-store sign-up
C01856,2023-12-20,B01,55+,Website
C01857,2026-09-14,B03,35-44,In-store sign-up
C01858,2025-08-08,B01,25-34,Website
C01859,2023-09-07,B01,45-54,Referral
C01860,2025-01-16,B03,25-34,Google
C01861,2025-10-02,B03,25-34,Referral
C01862,2025-09-21,B03,18-24,In-store sign-up
C01863,2025-10-25,B02,25-34,Instagram
C01864,2023-02-21,B01,45-54,In-store sign-up
C01865,2023-10-25,B02,25-34,Website
C01866,2025-09-04,B02,35-44,Referral
C01867,2023-02-25,B02,18-24,Website
C01868,2025-05-18,B02,25-34,Google
C01869,2023-01-21,B02,45-54,Google
C01870,2023-02-06,B02,35-44,In-store sign-up
C01871,2025-07-09,B02,18-24,In-store sign-up
C01872,2023-11-15,B02,35-44,Google
C01873,2023-02-16,B01,35-44,Website
C01874,2025-09-27,B02,35-44,Referral
C01875,2025-10-18,B02,45-54,In-store sign-up
C01876,2024-12-06,B02,25-34,In-store sign-up
C01877,2023-02-21,B03,25-34,In-store sign-up
C01878,2024-03-02,B02,45-54,Website
C01879,2025-01-11,B02,25-34,In-store sign-up
C01880,2026-02-28,B04,55+,In-store sign-up
C01881,2024-02-04,B02,18-24,In-store sign-up
C01882,2026-05-01,B04,18-24,In-store sign-up
C01883,2025-02-08,B03,25-34,In-store sign-up
C01884,2026-09-03,B01,25-34,Instagram
C01885,2024-07-13,B02,25-34,Google
C01886,2025-06-26,B03,18-24,Referral
C01887,2026-09-08,B02,35-44,Referral
C01888,2026-04-10,B04,18-24,Website
C01889,2024-05-09,B02,45-54,Google
C01890,2025-02-09,B03,18-24,Instagram
C01891,2024-10-24,B01,25-34,Google
C01892,2023-04-26,B03,35-44,Website
C01893,2026-06-16,B04,18-24,In-store sign-up
C01894,2024-06-11,B02,18-24,Instagram
C01895,2024-09-19,B03,35-44,Referral
C01896,2024-10-08,B02,35-44,Instagram
C01897,2025-03-22,B02,35-44,Instagram
C01898,2026-06-09,B02,45-54,Referral
C01899,2023-09-01,B02,25-34,In-store sign-up
C01900,2024-02-01,B01,25-34,Instagram
C01901,2024-06-04,B03,45-54,Instagram
C01902,2023-03-15,B01,55+,Website
C01903,2025-06-14,B01,25-34,Instagram
C01904,2023-06-06,B02,18-24,Website
C01905,2024-10-12,B01,18-24,Website
C01906,2026-06-26,B02,25-34,In-store sign-up
C01907,2024-09-08,B02,25-34,Referral
C01908,2024-01-10,B01,25-34,In-store sign-up
C01909,2023-12-12,B02,55+,In-store sign-up
C01910,2024-12-08,B02,25-34,Google
C01911,2026-03-02,B02,25-34,In-store sign-up
C01912,2023-08-27,B01,35-44,Google
C01913,2024-03-07,B03,18-24,Google
C01914,2024-05-30,B01,18-24,Google
C01915,2026-01-28,B04,45-54,Referral
C01916,2023-05-14,B01,18-24,Instagram
C01917,2025-12-05,B02,45-54,In-store sign-up
C01918,2025-12-25,B04,45-54,In-store sign-up
C01919,2025-11-05,B01,45-54,Google
C01920,2024-07-06,B02,35-44,Instagram
C01921,2023-11-11,B03,35-44,In-store sign-up
C01922,2026-06-03,B03,25-34,Website
C01923,2023-12-23,B02,25-34,In-store sign-up
C01924,2025-01-02,B02,18-24,In-store sign-up
C01925,2026-01-15,B02,35-44,In-store sign-up
C01926,2026-06-27,B04,35-44,Referral
C01927,2026-01-23,B01,18-24,Instagram
C01928,2025-07-16,B02,35-44,In-store sign-up
C01929,2023-04-13,B03,18-24,Website
C01930,2024-04-05,B02,25-34,Instagram
C01931,2026-03-18,B04,35-44,Website
C01932,2026-04-16,B03,55+,Google
C01933,2025-11-09,B03,55+,In-store sign-up
C01934,2026-06-07,B02,45-54,In-store sign-up
C01935,2024-08-16,B01,35-44,In-store sign-up
C01936,2026-07-15,B03,45-54,In-store sign-up
C01937,2024-10-31,B02,25-34,In-store sign-up
C01938,2025-11-18,B02,25-34,Referral
C01939,2023-03-25,B01,25-34,Website
C01940,2023-02-16,B02,55+,Instagram
C01941,2023-04-20,B02,35-44,In-store sign-up
C01942,2025-10-16,B04,55+,In-store sign-up
C01943,2024-03-31,B02,25-34,In-store sign-up
C01944,2025-06-08,B02,35-44,Instagram
C01945,2023-08-02,B02,18-24,In-store sign-up
C01946,2026-07-09,B01,25-34,In-store sign-up
C01947,2025-02-27,B01,25-34,Instagram
C01948,2025-06-27,B03,35-44,Website
C01949,2024-04-16,B02,35-44,In-store sign-up
C01950,2024-10-26,B01,25-34,Website
C01951,2024-12-09,B02,25-34,In-store sign-up
C01952,2026-03-06,B03,18-24,In-store sign-up
C01953,2023-05-23,B02,25-34,In-store sign-up
C01954,2026-06-28,B04,25-34,In-store sign-up
C01955,2026-04-03,B02,25-34,In-store sign-up
C01956,2025-04-02,B01,25-34,Website
C01957,2026-09-08,B02,35-44,Instagram
C01958,2023-10-12,B02,35-44,In-store sign-up
C01959,2023-12-08,B02,35-44,In-store sign-up
C01960,2023-11-12,B01,55+,In-store sign-up
C01961,2024-05-11,B02,35-44,Website
C01962,2025-10-21,B01,35-44,Website
C01963,2026-08-30,B04,18-24,In-store sign-up
C01964,2026-08-07,B04,45-54,In-store sign-up
C01965,2023-05-02,B03,35-44,In-store sign-up
C01966,2025-06-08,B04,25-34,In-store sign-up
C01967,2024-07-07,B02,35-44,Google
C01968,2023-09-10,B02,25-34,In-store sign-up
C01969,2026-07-02,B01,35-44,Website
C01970,2023-11-29,B03,25-34,Referral
C01971,2023-05-03,B01,55+,Google
C01972,2023-06-03,B02,18-24,Website
C01973,2023-08-29,B02,35-44,Referral
C01974,2025-04-07,B03,25-34,Referral
C01975,2026-04-05,B04,18-24,In-store sign-up
C01976,2023-09-24,B02,55+,Referral
C01977,2025-09-07,B01,25-34,In-store sign-up
C01978,2025-06-06,B02,35-44,In-store sign-up
C01979,2023-04-28,B01,45-54,Instagram
C01980,2026-05-29,B02,55+,In-store sign-up
C01981,2024-04-16,B02,25-34,Referral
C01982,2023-12-23,B01,45-54,Website
C01983,2025-10-03,B04,25-34,In-store sign-up
C01984,2025-06-23,B04,45-54,In-store sign-up
C01985,2023-03-31,B03,45-54,Referral
C01986,2025-11-18,B04,25-34,In-store sign-up
C01987,2025-12-10,B04,55+,In-store sign-up
C01988,2026-07-14,B02,18-24,Instagram
C01989,2026-02-10,B02,55+,In-store sign-up
C01990,2024-10-10,B01,35-44,Website
C01991,2024-07-11,B02,18-24,In-store sign-up
C01992,2025-10-14,B01,55+,Website
C01993,2026-09-24,B02,55+,Google
C01994,2025-06-26,B03,35-44,Instagram
C01995,2026-03-05,B04,35-44,Website
C01996,2026-03-30,B01,35-44,Instagram
C01997,2025-11-16,B03,18-24,Instagram
C01998,2026-08-10,B03,35-44,Instagram
C01999,2026-07-14,B03,25-34,Referral
C02000,2023-07-03,B02,35-44,Referral
C02001,2026-08-23,B01,55+,Instagram
C02002,2025-12-17,B04,25-34,Website
C02003,2025-10-22,B02,18-24,Instagram
C02004,2026-04-18,B02,35-44,In-store sign-up
C02005,2023-07-04,B01,35-44,Google
C02006,2026-09-04,B03,25-34,In-store sign-up
C02007,2026-06-18,B01,25-34,Website
C02008,2026-01-13,B03,25-34,In-store sign-up
C02009,2024-07-25,B03,55+,In-store sign-up
C02010,2023-02-04,B03,45-54,Google
C02011,2024-01-19,B01,45-54,Website
C02012,2024-08-05,B03,35-44,In-store sign-up
C02013,2026-04-28,B04,25-34,In-store sign-up
C02014,2025-10-08,B04,35-44,Website
C02015,2026-09-17,B01,35-44,Instagram
C02016,2025-08-09,B02,35-44,In-store sign-up
C02017,2023-09-18,B01,18-24,In-store sign-up
C02018,2023-11-03,B03,35-44,Website
C02019,2023-10-31,B01,25-34,Referral
C02020,2025-06-12,B02,25-34,Instagram
C02021,2023-06-27,B02,25-34,In-store sign-up
C02022,2025-09-25,B04,25-34,In-store sign-up
C02023,2024-05-07,B01,18-24,Website
C02024,2025-10-27,B04,45-54,Instagram
C02025,2025-10-20,B01,35-44,Instagram
C02026,2024-05-09,B01,45-54,In-store sign-up
C02027,2025-02-01,B02,25-34,Instagram
C02028,2024-06-04,B01,18-24,Google
C02029,2023-04-16,B03,18-24,Google
C02030,2023-01-15,B01,45-54,Website
C02031,2023-06-25,B03,55+,Website
C02032,2025-01-17,B03,25-34,In-store sign-up
C02033,2024-03-10,B01,45-54,Instagram
C02034,2025-03-27,B01,25-34,In-store sign-up
C02035,2024-06-21,B01,18-24,Google
C02036,2025-12-15,B04,18-24,In-store sign-up
C02037,2025-12-08,B04,35-44,Google
C02038,2024-05-02,B01,18-24,Instagram
C02039,2026-07-10,B02,35-44,Instagram
C02040,2026-03-23,B01,25-34,Website
C02041,2026-06-25,B02,55+,In-store sign-up
C02042,2026-05-24,B01,45-54,In-store sign-up
C02043,2024-12-15,B03,35-44,In-store sign-up
C02044,2024-01-30,B02,25-34,Website
C02045,2026-09-13,B04,25-34,Google
C02046,2025-10-07,B04,35-44,Instagram
C02047,2025-07-28,B01,45-54,Google
C02048,2026-04-19,B02,18-24,In-store sign-up
C02049,2024-12-12,B02,35-44,Website
C02050,2026-02-19,B03,18-24,In-store sign-up
C02051,2024-04-11,B03,18-24,In-store sign-up
C02052,2024-09-18,B02,18-24,Website
C02053,2024-11-07,B01,18-24,Referral
C02054,2024-09-09,B01,18-24,Instagram
C02055,2024-01-25,B02,55+,Website
C02056,2023-03-30,B03,35-44,Instagram
C02057,2026-03-04,B03,18-24,Google
C02058,2023-08-27,B01,25-34,Referral
C02059,2025-03-07,B03,25-34,Google
C02060,2023-08-23,B02,55+,Instagram
C02061,2025-12-26,B01,35-44,Google
C02062,2024-12-30,B02,35-44,In-store sign-up
C02063,2025-03-07,B01,35-44,In-store sign-up
C02064,2026-01-03,B01,55+,Website
C02065,2026-03-19,B03,25-34,In-store sign-up
C02066,2025-05-17,B02,18-24,In-store sign-up
C02067,2025-06-25,B04,55+,In-store sign-up
C02068,2024-09-24,B01,35-44,Google
C02069,2025-09-13,B02,45-54,In-store sign-up
C02070,2026-04-20,B04,25-34,In-store sign-up
C02071,2023-06-06,B01,35-44,Instagram
C02072,2025-07-25,B04,35-44,Website
C02073,2024-11-25,B01,35-44,In-store sign-up
C02074,2025-04-01,B02,35-44,Instagram
C02075,2026-09-03,B03,18-24,Google
C02076,2026-04-09,B02,45-54,Instagram
C02077,2023-04-01,B01,35-44,Referral
C02078,2026-02-07,B02,18-24,In-store sign-up
C02079,2025-01-01,B02,35-44,In-store sign-up
C02080,2024-12-13,B03,45-54,Referral
C02081,2026-05-29,B04,25-34,Website
C02082,2026-06-23,B02,55+,Referral
C02083,2025-04-23,B03,25-34,Instagram
C02084,2026-03-14,B01,18-24,In-store sign-up
C02085,2026-08-10,B02,25-34,Website
C02086,2025-11-23,B02,35-44,Instagram
C02087,2024-11-01,B02,25-34,In-store sign-up
C02088,2025-09-23,B01,25-34,In-store sign-up
C02089,2024-06-04,B01,55+,In-store sign-up
C02090,2026-02-26,B04,25-34,Referral
C02091,2024-11-30,B02,35-44,In-store sign-up
C02092,2024-06-12,B03,25-34,Instagram
C02093,2025-08-04,B02,55+,In-store sign-up
C02094,2026-05-20,B02,25-34,In-store sign-up
C02095,2023-10-20,B02,25-34,Instagram
C02096,2025-10-26,B04,25-34,In-store sign-up
C02097,2026-01-24,B02,35-44,In-store sign-up
C02098,2026-06-08,B01,45-54,In-store sign-up
C02099,2023-10-10,B01,18-24,Instagram
C02100,2026-01-31,B02,55+,Instagram
C02101,2026-03-09,B04,45-54,In-store sign-up
C02102,2024-08-21,B02,18-24,Instagram
C02103,2023-11-14,B03,55+,Website
C02104,2026-06-05,B02,45-54,Instagram
C02105,2023-09-20,B01,45-54,Website
C02106,2026-01-25,B04,18-24,In-store sign-up
C02107,2025-05-25,B01,25-34,In-store sign-up
C02108,2026-09-09,B04,35-44,Website
C02109,2025-10-19,B02,45-54,In-store sign-up
C02110,2024-08-17,B02,35-44,Website
C02111,2024-02-03,B03,25-34,Google
C02112,2026-02-19,B01,35-44,In-store sign-up
C02113,2026-05-02,B04,55+,In-store sign-up
C02114,2023-11-05,B01,45-54,Google
C02115,2024-02-25,B02,35-44,Google
C02116,2025-09-15,B02,45-54,Instagram
C02117,2025-12-26,B04,18-24,In-store sign-up
C02118,2024-03-05,B03,25-34,Instagram
C02119,2026-09-24,B01,45-54,Instagram
C02120,2023-01-23,B03,25-34,Website
C02121,2026-04-28,B02,25-34,In-store sign-up
C02122,2024-03-06,B03,45-54,Website
C02123,2023-02-17,B01,35-44,Instagram
C02124,2024-02-14,B01,55+,In-store sign-up
C02125,2025-09-25,B03,55+,Referral
C02126,2025-06-17,B03,25-34,Referral
C02127,2025-10-03,B04,35-44,Website
C02128,2026-01-20,B02,25-34,In-store sign-up
C02129,2023-04-10,B01,35-44,In-store sign-up
C02130,2025-11-05,B02,35-44,In-store sign-up
C02131,2024-07-31,B02,35-44,In-store sign-up
C02132,2023-05-09,B03,35-44,In-store sign-up
C02133,2023-04-30,B02,35-44,Website
C02134,2026-08-12,B04,45-54,Website
C02135,2023-03-03,B02,35-44,Instagram
C02136,2026-02-19,B04,35-44,Website
C02137,2023-12-26,B01,25-34,In-store sign-up
C02138,2025-06-05,B04,55+,Google
C02139,2025-09-22,B01,55+,Instagram
C02140,2024-02-07,B03,55+,Website
C02141,2024-07-12,B02,25-34,In-store sign-up
C02142,2026-02-16,B04,25-34,Instagram
C02143,2026-02-24,B02,25-34,Website
C02144,2025-09-28,B03,18-24,In-store sign-up
C02145,2025-11-03,B02,55+,Website
C02146,2026-06-11,B04,55+,In-store sign-up
C02147,2023-08-15,B01,18-24,Website
C02148,2024-07-15,B01,35-44,In-store sign-up
C02149,2025-07-07,B04,18-24,Website
C02150,2023-12-11,B03,25-34,Website
C02151,2023-12-30,B01,45-54,Instagram
C02152,2026-04-21,B04,55+,In-store sign-up
C02153,2026-08-15,B01,25-34,In-store sign-up
C02154,2024-07-01,B01,35-44,Website
C02155,2023-03-25,B02,25-34,In-store sign-up
C02156,2025-02-02,B01,18-24,Google
C02157,2024-05-04,B02,35-44,In-store sign-up
C02158,2026-07-07,B04,18-24,Website
C02159,2025-01-23,B02,45-54,In-store sign-up
C02160,2024-05-18,B02,25-34,In-store sign-up
C02161,2024-03-18,B01,35-44,In-store sign-up
C02162,2026-07-04,B04,18-24,Instagram
C02163,2023-11-23,B03,25-34,Instagram
C02164,2023-10-22,B01,45-54,Website
C02165,2024-03-29,B03,55+,In-store sign-up
C02166,2026-08-06,B01,25-34,In-store sign-up
C02167,2026-03-12,B01,35-44,Instagram
C02168,2024-12-11,B03,18-24,In-store sign-up
C02169,2025-08-01,B02,25-34,In-store sign-up
C02170,2025-05-31,B03,35-44,Website
C02171,2025-09-30,B04,18-24,Instagram
C02172,2025-04-18,B01,18-24,Website
C02173,2025-01-29,B02,55+,In-store sign-up
C02174,2026-04-30,B02,35-44,Referral
C02175,2024-01-17,B03,45-54,Website
C02176,2025-04-21,B01,18-24,Instagram
C02177,2023-08-14,B02,25-34,In-store sign-up
C02178,2026-08-31,B02,35-44,In-store sign-up
C02179,2023-10-27,B02,25-34,Website
C02180,2023-04-27,B02,55+,In-store sign-up
C02181,2024-08-24,B03,55+,Instagram
C02182,2025-04-17,B03,25-34,Instagram
C02183,2026-04-20,B02,45-54,Instagram
C02184,2025-12-12,B02,18-24,Instagram
C02185,2024-07-07,B03,35-44,Referral
C02186,2025-01-04,B03,18-24,Website
C02187,2023-02-23,B01,45-54,Instagram
C02188,2023-11-29,B02,55+,Website
C02189,2024-02-16,B02,25-34,Instagram
C02190,2023-02-19,B03,55+,Referral
C02191,2026-03-19,B02,45-54,Website
C02192,2023-10-27,B02,55+,In-store sign-up
C02193,2024-11-07,B02,25-34,Website
C02194,2026-03-20,B04,25-34,Google
C02195,2024-10-05,B03,18-24,Instagram
C02196,2023-07-14,B02,25-34,Website
C02197,2026-07-18,B04,25-34,Website
C02198,2023-02-08,B02,25-34,Referral
C02199,2024-08-24,B02,25-34,Website
C02200,2026-07-19,B02,55+,Referral
C02201,2025-11-10,B01,25-34,Instagram
C02202,2026-03-20,B04,25-34,Website
C02203,2025-03-22,B03,18-24,In-store sign-up
C02204,2024-06-30,B03,18-24,Instagram
C02205,2025-09-02,B03,25-34,Referral
C02206,2025-11-06,B03,18-24,Referral
C02207,2024-02-12,B02,35-44,Website
C02208,2026-05-18,B04,55+,In-store sign-up
C02209,2025-08-24,B01,18-24,Website
C02210,2023-08-01,B02,35-44,In-store sign-up
C02211,2024-10-14,B01,45-54,Referral
C02212,2026-04-17,B04,35-44,Referral
C02213,2023-09-01,B03,25-34,In-store sign-up
C02214,2023-03-20,B01,25-34,Instagram
C02215,2025-06-16,B02,18-24,In-store sign-up
C02216,2024-11-17,B02,18-24,Website
C02217,2023-12-01,B03,25-34,Instagram
C02218,2026-09-23,B04,25-34,In-store sign-up
C02219,2023-02-01,B01,25-34,Instagram
C02220,2025-04-16,B01,45-54,Referral
C02221,2025-03-14,B02,45-54,Website
C02222,2024-07-09,B01,25-34,In-store sign-up
C02223,2024-12-19,B02,45-54,Website
C02224,2025-11-18,B04,45-54,Google
C02225,2026-05-27,B02,35-44,In-store sign-up
C02226,2024-02-03,B02,45-54,Instagram
C02227,2023-06-09,B02,25-34,In-store sign-up
C02228,2026-05-28,B01,18-24,Website
C02229,2026-08-09,B04,25-34,Website
C02230,2024-08-23,B01,55+,In-store sign-up
C02231,2025-10-11,B01,35-44,In-store sign-up
C02232,2024-02-18,B02,18-24,In-store sign-up
C02233,2025-03-04,B02,45-54,In-store sign-up
C02234,2025-04-23,B01,55+,Instagram
C02235,2024-07-28,B02,35-44,In-store sign-up
C02236,2025-09-08,B04,18-24,Referral
C02237,2025-11-17,B02,25-34,Referral
C02238,2023-12-22,B02,25-34,Google
C02239,2026-04-03,B04,25-34,Google
C02240,2023-11-21,B01,25-34,Instagram
C02241,2024-12-12,B03,18-24,In-store sign-up
C02242,2023-11-09,B02,35-44,Referral
C02243,2026-02-20,B02,35-44,In-store sign-up
C02244,2025-11-28,B02,35-44,Website
C02245,2023-07-30,B01,35-44,Website
C02246,2024-03-04,B03,45-54,In-store sign-up
C02247,2023-05-18,B02,18-24,In-store sign-up
C02248,2025-12-03,B03,25-34,Instagram
C02249,2025-03-03,B03,35-44,Instagram
C02250,2023-07-12,B01,55+,Instagram
C02251,2024-07-20,B01,55+,In-store sign-up
C02252,2024-08-19,B02,25-34,In-store sign-up
C02253,2025-05-24,B03,45-54,In-store sign-up
C02254,2025-07-09,B04,55+,Google
C02255,2026-01-05,B04,18-24,In-store sign-up
C02256,2024-06-23,B01,35-44,In-store sign-up
C02257,2024-04-26,B02,55+,Google
C02258,2023-01-08,B01,35-44,Instagram
C02259,2023-06-25,B01,35-44,Instagram
C02260,2025-02-04,B02,25-34,Referral
C02261,2024-12-31,B02,25-34,In-store sign-up
C02262,2024-01-24,B01,18-24,Instagram
C02263,2023-02-18,B01,25-34,Website
C02264,2023-11-08,B03,25-34,In-store sign-up
C02265,2026-09-01,B02,45-54,In-store sign-up
C02266,2025-04-17,B02,25-34,In-store sign-up
C02267,2026-03-15,B01,55+,Google
C02268,2026-08-18,B01,35-44,In-store sign-up
C02269,2024-07-16,B01,25-34,In-store sign-up
C02270,2024-05-31,B01,18-24,Google
C02271,2026-07-28,B04,55+,In-store sign-up
C02272,2024-06-28,B02,18-24,In-store sign-up
C02273,2026-01-19,B01,25-34,Website
C02274,2026-03-16,B02,18-24,Instagram
C02275,2025-07-31,B02,35-44,In-store sign-up
C02276,2023-08-08,B02,18-24,In-store sign-up
C02277,2026-01-21,B04,25-34,Google
C02278,2023-01-18,B01,18-24,In-store sign-up
C02279,2024-12-04,B02,35-44,Website
C02280,2024-07-12,B03,18-24,In-store sign-up
C02281,2024-10-08,B02,45-54,Instagram
C02282,2026-08-16,B04,25-34,Website
C02283,2023-11-23,B03,18-24,Website
C02284,2026-03-06,B01,25-34,Website
C02285,2023-04-11,B01,18-24,Google
C02286,2026-01-15,B01,35-44,In-store sign-up
C02287,2025-12-11,B02,55+,In-store sign-up
C02288,2025-02-05,B01,18-24,Instagram
C02289,2024-10-27,B02,35-44,In-store sign-up
C02290,2023-06-05,B01,35-44,Website
C02291,2026-07-11,B04,45-54,In-store sign-up
C02292,2025-01-11,B02,55+,Website
C02293,2024-09-07,B02,45-54,Website
C02294,2025-02-05,B03,35-44,Instagram
C02295,2024-03-07,B01,45-54,Google
C02296,2023-09-07,B03,35-44,In-store sign-up
C02297,2026-01-12,B04,18-24,Website
C02298,2024-07-21,B01,25-34,Website
C02299,2025-01-19,B02,45-54,In-store sign-up
C02300,2025-10-24,B03,55+,In-store sign-up
C02301,2024-04-27,B03,45-54,Website
C02302,2023-01-06,B01,45-54,Website
C02303,2023-04-12,B03,35-44,Referral
C02304,2025-07-25,B01,35-44,In-store sign-up
C02305,2024-07-19,B02,35-44,In-store sign-up
C02306,2025-12-14,B03,45-54,Instagram
C02307,2025-05-07,B02,45-54,In-store sign-up
C02308,2023-09-02,B02,55+,Website
C02309,2025-11-08,B03,25-34,Website
C02310,2023-08-25,B02,35-44,In-store sign-up
C02311,2025-07-01,B04,25-34,Instagram
C02312,2025-04-24,B03,25-34,In-store sign-up
C02313,2025-11-14,B03,25-34,In-store sign-up
C02314,2026-04-19,B04,25-34,Google
C02315,2023-10-16,B01,35-44,In-store sign-up
C02316,2026-05-25,B04,35-44,Website
C02317,2023-05-26,B01,25-34,Website
C02318,2024-05-04,B01,55+,In-store sign-up
C02319,2023-07-01,B02,55+,Instagram
C02320,2024-03-18,B03,18-24,Website
C02321,2025-12-01,B04,45-54,Google
C02322,2026-08-18,B01,35-44,Instagram
C02323,2023-09-15,B01,35-44,In-store sign-up
C02324,2025-08-21,B04,25-34,Website
C02325,2024-01-16,B01,35-44,Google
C02326,2024-11-12,B02,25-34,Referral
C02327,2023-08-21,B02,25-34,Google
C02328,2023-02-19,B02,45-54,Referral
C02329,2023-01-02,B01,25-34,In-store sign-up
C02330,2025-05-01,B02,25-34,Referral
C02331,2026-07-10,B04,35-44,Google
C02332,2024-07-31,B03,35-44,Website
C02333,2026-02-27,B04,25-34,Instagram
C02334,2025-06-27,B01,18-24,In-store sign-up
C02335,2026-07-09,B01,35-44,Website
C02336,2024-01-10,B02,45-54,Referral
C02337,2026-05-28,B01,25-34,Google
C02338,2024-10-22,B03,35-44,Instagram
C02339,2025-12-07,B04,45-54,Website
C02340,2026-09-26,B01,45-54,Instagram
C02341,2025-02-13,B02,45-54,Website
C02342,2024-11-07,B02,45-54,In-store sign-up
C02343,2023-08-06,B01,35-44,Google
C02344,2025-08-03,B04,18-24,In-store sign-up
C02345,2026-05-19,B04,25-34,In-store sign-up
C02346,2024-02-05,B02,18-24,Referral
C02347,2026-03-17,B03,25-34,In-store sign-up
C02348,2026-07-01,B04,25-34,In-store sign-up
C02349,2023-08-10,B01,18-24,Google
C02350,2023-08-04,B01,35-44,Website
C02351,2025-01-21,B01,18-24,Instagram
C02352,2026-01-09,B02,45-54,In-store sign-up
C02353,2023-08-04,B01,18-24,Referral
C02354,2024-11-22,B02,25-34,In-store sign-up
C02355,2024-04-23,B01,25-34,Website
C02356,2023-05-21,B03,35-44,Referral
C02357,2026-03-08,B04,25-34,Website
C02358,2023-07-13,B03,25-34,In-store sign-up
C02359,2024-04-05,B03,25-34,Referral
C02360,2026-02-12,B04,25-34,Website
C02361,2024-07-05,B02,25-34,Google
C02362,2024-12-29,B01,25-34,Instagram
C02363,2025-04-28,B01,18-24,In-store sign-up
C02364,2025-01-25,B02,55+,In-store sign-up
C02365,2025-09-15,B02,25-34,In-store sign-up
C02366,2025-07-11,B04,25-34,In-store sign-up
C02367,2023-06-11,B02,35-44,In-store sign-up
C02368,2023-02-07,B02,25-34,Referral
C02369,2025-03-10,B02,25-34,Website
C02370,2026-03-12,B02,55+,In-store sign-up
C02371,2023-01-05,B02,25-34,In-store sign-up
C02372,2025-10-12,B02,35-44,Google
C02373,2026-03-06,B04,18-24,Website
C02374,2023-04-14,B02,25-34,Website
C02375,2024-08-30,B02,45-54,In-store sign-up
C02376,2026-06-17,B02,35-44,Instagram
C02377,2025-10-10,B03,18-24,In-store sign-up
C02378,2025-04-11,B03,25-34,Website
C02379,2025-11-09,B01,18-24,In-store sign-up
C02380,2026-01-22,B01,35-44,In-store sign-up
C02381,2024-02-21,B02,35-44,Instagram
C02382,2024-05-08,B01,25-34,In-store sign-up
C02383,2023-02-19,B01,35-44,Referral
C02384,2025-08-29,B03,18-24,In-store sign-up
C02385,2026-03-05,B02,35-44,Instagram
C02386,2024-02-11,B01,35-44,In-store sign-up
C02387,2023-02-24,B03,45-54,Referral
C02388,2026-08-23,B01,18-24,In-store sign-up
C02389,2023-09-02,B02,35-44,In-store sign-up
C02390,2026-05-29,B01,35-44,Google
C02391,2025-07-22,B03,25-34,Instagram
C02392,2025-05-09,B01,18-24,Instagram
C02393,2026-05-16,B02,18-24,In-store sign-up
C02394,2023-06-26,B01,25-34,Website
C02395,2025-08-13,B04,55+,Website
C02396,2024-01-20,B02,18-24,Website
C02397,2024-03-12,B02,55+,In-store sign-up
C02398,2024-03-23,B03,35-44,Website
C02399,2024-12-01,B02,35-44,In-store sign-up
C02400,2025-03-02,B01,45-54,Google
C02401,2025-05-15,B02,18-24,Instagram
C02402,2025-07-02,B04,25-34,Website
C02403,2025-12-26,B01,35-44,Google
C02404,2025-02-07,B01,55+,Website
C02405,2025-11-22,B03,25-34,Website
C02406,2023-04-17,B03,18-24,In-store sign-up
C02407,2025-12-11,B01,55+,Website
C02408,2024-12-25,B02,35-44,In-store sign-up
C02409,2026-08-14,B04,55+,Website
C02410,2024-07-01,B01,25-34,Instagram
C02411,2024-07-08,B02,25-34,Referral
C02412,2023-01-22,B02,35-44,In-store sign-up
C02413,2025-10-28,B04,35-44,Instagram
C02414,2025-05-11,B03,25-34,Website
C02415,2023-11-02,B02,35-44,Google
C02416,2026-04-12,B02,18-24,In-store sign-up
C02417,2023-02-05,B02,35-44,In-store sign-up
C02418,2023-03-27,B03,35-44,Google
C02419,2024-06-17,B01,55+,Instagram
C02420,2024-12-01,B01,18-24,Website
C02421,2024-09-14,B01,45-54,In-store sign-up
C02422,2023-04-08,B03,35-44,Referral
C02423,2026-06-12,B02,45-54,In-store sign-up
C02424,2025-01-27,B01,25-34,Instagram
C02425,2025-03-21,B01,25-34,Website
C02426,2024-01-06,B01,25-34,Instagram
C02427,2023-12-19,B03,25-34,In-store sign-up
C02428,2025-04-13,B01,35-44,Website
C02429,2023-08-28,B01,18-24,Referral
C02430,2026-03-15,B01,25-34,Website
C02431,2026-06-03,B02,55+,Referral
C02432,2025-06-05,B04,55+,In-store sign-up
C02433,2026-08-27,B03,55+,In-store sign-up
C02434,2025-11-04,B03,35-44,Instagram
C02435,2024-05-17,B03,35-44,In-store sign-up
C02436,2024-07-20,B01,18-24,In-store sign-up
C02437,2025-08-24,B03,25-34,Google
C02438,2026-01-31,B03,35-44,In-store sign-up
C02439,2024-04-24,B01,35-44,In-store sign-up
C02440,2023-09-06,B01,25-34,Website
C02441,2025-06-11,B03,55+,In-store sign-up
C02442,2026-09-17,B04,18-24,Instagram
C02443,2024-07-31,B03,45-54,Google
C02444,2024-01-02,B01,35-44,In-store sign-up
C02445,2025-12-17,B03,18-24,Website
C02446,2025-09-02,B02,55+,Website
C02447,2026-06-07,B04,35-44,Referral
C02448,2026-03-08,B01,35-44,Referral
C02449,2024-08-30,B02,25-34,Instagram
C02450,2025-09-20,B01,18-24,Website
C02451,2026-08-24,B02,25-34,Website
C02452,2024-12-29,B02,18-24,In-store sign-up
C02453,2026-04-18,B02,35-44,In-store sign-up
C02454,2025-05-22,B02,35-44,Instagram
C02455,2026-06-02,B04,45-54,Google
C02456,2025-09-25,B01,35-44,In-store sign-up
C02457,2023-03-13,B03,45-54,In-store sign-up
C02458,2024-04-07,B02,25-34,Google
C02459,2024-01-15,B03,35-44,Google
C02460,2025-03-13,B01,18-24,In-store sign-up
C02461,2026-09-20,B01,25-34,In-store sign-up
C02462,2026-08-23,B03,18-24,Referral
C02463,2023-11-19,B01,35-44,Google
C02464,2024-04-15,B01,25-34,In-store sign-up
C02465,2024-11-08,B01,25-34,In-store sign-up
C02466,2024-04-04,B02,25-34,In-store sign-up
C02467,2025-12-29,B03,25-34,Google
C02468,2024-02-04,B01,55+,Google
C02469,2026-03-23,B02,25-34,Google
C02470,2024-04-07,B03,25-34,Instagram
C02471,2024-10-22,B02,35-44,In-store sign-up
C02472,2025-12-06,B01,55+,In-store sign-up
C02473,2023-03-24,B03,35-44,Website
C02474,2025-11-30,B02,25-34,Instagram
C02475,2026-02-06,B04,25-34,In-store sign-up
C02476,2026-01-27,B04,18-24,Instagram
C02477,2026-06-20,B01,35-44,In-store sign-up
C02478,2023-07-13,B03,25-34,Google
C02479,2026-06-18,B01,18-24,In-store sign-up
C02480,2025-01-24,B02,45-54,In-store sign-up
C02481,2024-07-24,B01,18-24,Instagram
C02482,2025-06-04,B03,18-24,Google
C02483,2025-10-18,B04,55+,In-store sign-up
C02484,2023-07-08,B02,55+,Website
C02485,2025-04-10,B01,45-54,Instagram
C02486,2023-08-05,B02,18-24,Website
C02487,2024-10-28,B01,55+,In-store sign-up
C02488,2025-10-23,B04,18-24,Website
C02489,2025-04-15,B03,35-44,In-store sign-up
C02490,2023-06-04,B02,18-24,In-store sign-up
C02491,2024-10-29,B02,55+,Referral
C02492,2023-07-29,B01,35-44,Instagram
C02493,2024-02-18,B02,35-44,In-store sign-up
C02494,2024-08-28,B03,25-34,In-store sign-up
C02495,2024-02-07,B02,25-34,Google
C02496,2025-11-20,B02,18-24,Website
C02497,2025-01-16,B03,25-34,Instagram
C02498,2026-06-22,B04,25-34,Instagram
C02499,2023-11-16,B02,25-34,Website
C02500,2025-05-18,B01,18-24,Website
C02501,2026-01-03,B04,25-34,In-store sign-up
C02502,2025-10-24,B03,25-34,Website
C02503,2023-05-29,B02,18-24,Instagram
C02504,2023-06-21,B03,55+,In-store sign-up
C02505,2026-08-16,B04,18-24,Website
C02506,2026-06-16,B04,18-24,In-store sign-up
C02507,2026-09-26,B01,35-44,Website
C02508,2023-05-22,B02,25-34,Google
C02509,2024-11-27,B02,18-24,Website
C02510,2025-09-12,B03,35-44,Referral
C02511,2023-10-27,B02,55+,In-store sign-up
C02512,2025-07-05,B04,55+,Google
C02513,2023-04-16,B01,35-44,In-store sign-up
C02514,2023-11-09,B01,25-34,In-store sign-up
C02515,2026-03-02,B01,55+,Website
C02516,2025-06-07,B04,25-34,In-store sign-up
C02517,2025-05-22,B03,25-34,In-store sign-up
C02518,2026-09-28,B02,25-34,Instagram
C02519,2023-05-12,B03,25-34,Instagram
C02520,2026-03-08,B01,25-34,Referral
C02521,2025-03-27,B03,35-44,In-store sign-up
C02522,2026-04-20,B01,18-24,Google
C02523,2024-07-29,B02,18-24,In-store sign-up
C02524,2024-07-07,B01,45-54,Instagram
C02525,2026-05-05,B01,18-24,Website
C02526,2026-07-08,B01,45-54,Google
C02527,2025-07-29,B03,25-34,Website
C02528,2025-09-10,B01,18-24,In-store sign-up
C02529,2024-03-24,B02,18-24,In-store sign-up
C02530,2025-11-09,B04,35-44,Referral
C02531,2025-11-01,B04,18-24,Google
C02532,2025-02-21,B03,18-24,Instagram
C02533,2025-02-13,B02,18-24,Instagram
C02534,2026-08-02,B04,35-44,Google
C02535,2026-02-07,B04,25-34,In-store sign-up
C02536,2025-11-19,B02,55+,In-store sign-up
C02537,2026-07-17,B02,45-54,In-store sign-up
C02538,2025-02-23,B03,25-34,Instagram
C02539,2026-07-10,B01,35-44,Google
C02540,2026-09-01,B04,25-34,Instagram
C02541,2025-05-18,B02,45-54,In-store sign-up
C02542,2025-05-05,B03,35-44,Website
C02543,2025-08-06,B04,45-54,In-store sign-up
C02544,2025-07-02,B02,45-54,Instagram
C02545,2023-01-26,B01,25-34,In-store sign-up
C02546,2024-05-16,B01,25-34,In-store sign-up
C02547,2024-04-12,B01,25-34,In-store sign-up
C02548,2025-07-10,B02,35-44,In-store sign-up
C02549,2024-09-22,B01,18-24,Website
C02550,2023-10-15,B03,45-54,Referral
C02551,2025-11-01,B01,25-34,Google
C02552,2023-11-25,B03,35-44,In-store sign-up
C02553,2025-12-05,B03,25-34,Website
C02554,2026-05-14,B03,18-24,In-store sign-up
C02555,2024-12-12,B01,55+,Instagram
C02556,2026-01-09,B04,18-24,Referral
C02557,2026-03-27,B01,55+,Website
C02558,2025-02-20,B02,35-44,Google
C02559,2025-07-09,B04,45-54,In-store sign-up
C02560,2024-01-22,B02,35-44,Website
C02561,2024-02-07,B02,25-34,Website
C02562,2023-11-30,B02,18-24,In-store sign-up
C02563,2025-01-13,B03,45-54,In-store sign-up
C02564,2025-12-22,B04,35-44,Google
C02565,2026-01-12,B02,25-34,Instagram
C02566,2024-12-02,B01,45-54,In-store sign-up
C02567,2025-12-07,B04,18-24,Website
C02568,2025-12-01,B03,25-34,In-store sign-up
C02569,2023-07-02,B01,55+,Instagram
C02570,2024-11-25,B03,55+,In-store sign-up
C02571,2025-12-01,B02,45-54,Website
C02572,2026-06-10,B03,35-44,Website
C02573,2025-09-09,B04,45-54,Google
C02574,2023-07-28,B03,25-34,Instagram
C02575,2023-10-15,B03,25-34,In-store sign-up
C02576,2026-06-28,B02,25-34,Instagram
C02577,2023-04-09,B02,45-54,Website
C02578,2026-04-16,B04,25-34,Google
C02579,2026-05-29,B02,35-44,Instagram
C02580,2024-11-29,B01,45-54,Website
C02581,2026-04-12,B04,25-34,Website
C02582,2024-02-09,B02,18-24,In-store sign-up
C02583,2025-10-02,B01,25-34,In-store sign-up
C02584,2026-05-07,B04,35-44,Google
C02585,2025-08-06,B01,25-34,Instagram
C02586,2024-08-28,B03,45-54,In-store sign-up
C02587,2026-04-30,B01,35-44,In-store sign-up
C02588,2026-04-15,B02,25-34,Google
C02589,2026-01-29,B02,18-24,In-store sign-up
C02590,2023-08-25,B02,18-24,In-store sign-up
C02591,2023-03-15,B01,35-44,Instagram
C02592,2024-09-02,B02,25-34,Website
C02593,2026-06-12,B03,18-24,Instagram
C02594,2023-05-17,B01,25-34,In-store sign-up
C02595,2025-10-18,B02,18-24,Instagram
C02596,2023-04-11,B03,55+,In-store sign-up
C02597,2025-07-17,B02,35-44,In-store sign-up
C02598,2026-01-31,B03,25-34,Google
C02599,2026-03-04,B04,25-34,Instagram
C02600,2024-09-04,B02,25-34,Instagram
C02601,2025-06-17,B02,25-34,Google
C02602,2025-11-19,B02,55+,Website
C02603,2026-04-04,B02,55+,Instagram
C02604,2025-08-10,B04,35-44,Website
C02605,2025-06-25,B01,35-44,Website
C02606,2023-10-29,B02,25-34,Instagram
C02607,2024-12-08,B01,45-54,In-store sign-up
C02608,2026-02-16,B04,45-54,Google
C02609,2025-06-19,B01,45-54,Google
C02610,2025-12-25,B01,45-54,Google
C02611,2025-08-25,B02,45-54,In-store sign-up
C02612,2025-11-13,B04,25-34,Instagram
C02613,2024-04-28,B03,35-44,Instagram
C02614,2026-01-05,B03,18-24,In-store sign-up
C02615,2025-06-13,B04,25-34,In-store sign-up
C02616,2026-07-21,B04,18-24,In-store sign-up
C02617,2023-09-19,B01,45-54,Instagram
C02618,2026-08-11,B04,35-44,Instagram
C02619,2023-08-07,B01,45-54,In-store sign-up
C02620,2025-05-03,B02,35-44,Instagram
C02621,2024-03-12,B02,55+,In-store sign-up
C02622,2025-02-04,B01,25-34,In-store sign-up
C02623,2026-05-27,B01,18-24,In-store sign-up
C02624,2023-04-18,B02,25-34,In-store sign-up
C02625,2025-02-14,B02,25-34,In-store sign-up
C02626,2023-03-22,B02,45-54,Google
C02627,2026-05-01,B04,45-54,Website
C02628,2023-03-14,B02,25-34,Website
C02629,2024-04-09,B01,25-34,Instagram
C02630,2026-09-11,B03,35-44,Website
C02631,2024-03-07,B03,45-54,In-store sign-up
C02632,2025-04-18,B02,18-24,Referral
C02633,2024-06-08,B01,45-54,In-store sign-up
C02634,2025-09-28,B02,45-54,In-store sign-up
C02635,2026-08-20,B03,18-24,Website
C02636,2023-04-19,B02,45-54,Google
C02637,2024-08-18,B02,25-34,In-store sign-up
C02638,2025-11-11,B01,35-44,Website
C02639,2024-06-12,B02,18-24,Referral
C02640,2023-03-10,B01,25-34,In-store sign-up
C02641,2025-06-15,B03,25-34,Google
C02642,2026-05-27,B04,35-44,In-store sign-up
C02643,2025-10-31,B03,35-44,Instagram
C02644,2023-02-02,B02,45-54,Referral
C02645,2025-03-11,B01,35-44,Instagram
C02646,2025-09-09,B04,18-24,In-store sign-up
C02647,2026-08-14,B02,25-34,In-store sign-up
C02648,2025-06-27,B01,35-44,Instagram
C02649,2025-12-02,B01,18-24,Website
C02650,2026-04-09,B01,18-24,Google
C02651,2024-12-28,B02,25-34,Website
C02652,2025-09-22,B02,35-44,Instagram
C02653,2023-02-15,B02,35-44,Website
C02654,2023-02-17,B02,45-54,In-store sign-up
C02655,2024-05-28,B02,25-34,Website
C02656,2025-05-11,B02,25-34,Website
C02657,2026-01-07,B03,35-44,In-store sign-up
C02658,2024-10-13,B03,45-54,In-store sign-up
C02659,2026-06-01,B02,45-54,Instagram
C02660,2024-03-20,B03,55+,In-store sign-up
C02661,2025-02-10,B01,55+,In-store sign-up
C02662,2025-07-12,B04,18-24,Referral
C02663,2025-11-17,B01,25-34,Google
C02664,2023-07-05,B03,25-34,In-store sign-up
C02665,2026-03-22,B04,45-54,Website
C02666,2025-06-21,B03,55+,In-store sign-up
C02667,2025-09-16,B03,25-34,Referral
C02668,2024-08-27,B01,55+,Instagram
C02669,2024-08-27,B01,25-34,Instagram
C02670,2024-01-12,B02,55+,In-store sign-up
C02671,2026-01-23,B02,35-44,Google
C02672,2025-07-29,B02,18-24,Instagram
C02673,2026-04-30,B04,25-34,In-store sign-up
C02674,2023-09-11,B01,55+,In-store sign-up
C02675,2023-08-19,B01,35-44,Instagram
C02676,2024-10-07,B01,18-24,In-store sign-up
C02677,2025-10-30,B04,35-44,In-store sign-up
C02678,2023-08-02,B02,45-54,Instagram
C02679,2023-03-07,B02,18-24,In-store sign-up
C02680,2026-05-31,B04,55+,In-store sign-up
C02681,2023-12-16,B03,35-44,In-store sign-up
C02682,2025-06-28,B04,18-24,Instagram
C02683,2024-11-20,B03,25-34,Website
C02684,2026-01-14,B04,25-34,Instagram
C02685,2025-09-26,B01,25-34,Instagram
C02686,2026-06-08,B03,25-34,In-store sign-up
C02687,2025-06-17,B02,18-24,Instagram
C02688,2023-01-24,B02,55+,In-store sign-up
C02689,2023-03-05,B02,25-34,Google
C02690,2026-04-07,B04,35-44,In-store sign-up
C02691,2025-02-09,B03,55+,In-store sign-up
C02692,2025-11-02,B01,25-34,In-store sign-up
C02693,2025-11-27,B04,25-34,Google
C02694,2023-11-30,B01,18-24,In-store sign-up
C02695,2025-10-19,B03,25-34,In-store sign-up
C02696,2024-07-31,B01,55+,Google
C02697,2025-09-03,B02,45-54,In-store sign-up
C02698,2024-10-18,B01,35-44,Website
C02699,2024-09-07,B02,25-34,Google
C02700,2026-04-23,B04,25-34,In-store sign-up
C02701,2025-09-13,B02,25-34,In-store sign-up
C02702,2025-07-23,B04,35-44,In-store sign-up
C02703,2024-08-13,B03,35-44,In-store sign-up
C02704,2024-11-21,B02,18-24,In-store sign-up
C02705,2023-10-17,B03,45-54,In-store sign-up
C02706,2025-08-11,B01,25-34,In-store sign-up
C02707,2023-12-18,B03,25-34,Website
C02708,2024-12-25,B03,35-44,Referral
C02709,2024-01-10,B03,18-24,In-store sign-up
C02710,2025-06-30,B03,35-44,Instagram
C02711,2025-12-27,B03,25-34,Referral
C02712,2023-08-07,B02,45-54,In-store sign-up
C02713,2023-06-14,B03,25-34,Website
C02714,2026-07-24,B02,35-44,In-store sign-up
C02715,2026-01-28,B01,18-24,In-store sign-up
C02716,2026-03-24,B03,35-44,Google
C02717,2026-03-04,B02,25-34,Google
C02718,2024-01-09,B01,35-44,In-store sign-up
C02719,2024-02-26,B03,55+,Instagram
C02720,2026-02-04,B03,45-54,In-store sign-up
C02721,2023-11-21,B01,25-34,In-store sign-up
C02722,2025-09-25,B01,35-44,In-store sign-up
C02723,2024-06-16,B01,35-44,In-store sign-up
C02724,2023-11-21,B02,25-34,In-store sign-up
C02725,2023-11-03,B03,18-24,Instagram
C02726,2024-12-06,B02,55+,Website
C02727,2025-10-27,B01,45-54,In-store sign-up
C02728,2023-09-29,B02,25-34,In-store sign-up
C02729,2024-09-01,B03,25-34,In-store sign-up
C02730,2025-05-07,B03,25-34,In-store sign-up
C02731,2024-02-03,B02,45-54,Website
C02732,2024-10-03,B03,25-34,Referral
C02733,2025-05-03,B02,55+,Referral
C02734,2026-01-27,B04,55+,In-store sign-up
C02735,2024-11-07,B02,55+,Instagram
C02736,2023-01-20,B01,35-44,Instagram
C02737,2026-05-12,B01,35-44,In-store sign-up
C02738,2023-12-07,B01,18-24,Google
C02739,2025-09-15,B04,25-34,Website
C02740,2023-07-31,B02,55+,In-store sign-up
C02741,2026-09-14,B04,35-44,In-store sign-up
C02742,2026-02-15,B04,18-24,In-store sign-up
C02743,2023-05-23,B01,18-24,Instagram
C02744,2023-05-14,B03,35-44,Instagram
C02745,2023-09-14,B02,25-34,Google
C02746,2024-05-01,B03,35-44,Referral
C02747,2025-03-27,B02,25-34,Website
C02748,2025-11-20,B04,35-44,Referral
C02749,2023-04-11,B02,45-54,In-store sign-up
C02750,2024-12-08,B01,45-54,Website
C02751,2025-10-31,B04,35-44,In-store sign-up
C02752,2024-01-25,B03,35-44,In-store sign-up
C02753,2023-08-27,B02,25-34,Instagram
C02754,2025-11-23,B01,35-44,In-store sign-up
C02755,2025-01-16,B03,35-44,Google
C02756,2024-02-12,B03,35-44,In-store sign-up
C02757,2023-03-25,B02,18-24,Referral
C02758,2026-05-28,B04,35-44,In-store sign-up
C02759,2023-04-02,B02,25-34,In-store sign-up
C02760,2025-12-06,B01,55+,Website
C02761,2025-11-11,B04,25-34,Instagram
C02762,2026-09-01,B02,45-54,Google
C02763,2026-04-15,B04,35-44,In-store sign-up
C02764,2026-07-05,B01,25-34,Instagram
C02765,2025-11-16,B04,45-54,Referral
C02766,2026-03-27,B02,18-24,Website
C02767,2023-08-03,B02,18-24,Website
C02768,2023-05-20,B02,35-44,Instagram
C02769,2025-11-26,B03,35-44,Instagram
C02770,2026-01-19,B02,35-44,In-store sign-up
C02771,2024-11-02,B02,25-34,In-store sign-up
C02772,2024-02-23,B03,45-54,Website
C02773,2024-10-12,B01,25-34,Website
C02774,2024-07-02,B03,55+,Website
C02775,2024-12-13,B03,25-34,Instagram
C02776,2025-06-06,B03,35-44,Instagram
C02777,2026-08-21,B02,35-44,In-store sign-up
C02778,2026-07-04,B02,55+,In-store sign-up
C02779,2024-10-26,B01,35-44,Website
C02780,2023-03-01,B01,55+,Website
C02781,2024-09-19,B02,18-24,Google
C02782,2026-07-17,B01,35-44,Instagram
C02783,2023-11-13,B02,25-34,In-store sign-up
C02784,2026-08-07,B04,18-24,Website
C02785,2025-07-13,B04,25-34,In-store sign-up
C02786,2024-12-06,B01,35-44,Instagram
C02787,2026-09-06,B04,55+,Website
C02788,2025-10-24,B01,55+,In-store sign-up
C02789,2025-09-23,B02,35-44,In-store sign-up
C02790,2026-01-13,B04,18-24,In-store sign-up
C02791,2026-07-30,B04,55+,Website
C02792,2026-01-20,B02,25-34,Website
C02793,2026-04-20,B03,35-44,Google
C02794,2024-01-31,B02,35-44,Google
C02795,2026-02-25,B02,18-24,In-store sign-up
C02796,2025-05-09,B01,35-44,Referral
C02797,2026-09-26,B02,35-44,Website
C02798,2024-12-07,B03,45-54,Instagram
C02799,2025-05-01,B03,45-54,Referral
C02800,2025-12-30,B03,25-34,In-store sign-up
C02801,2026-01-20,B04,25-34,Instagram
C02802,2023-12-29,B02,55+,Google
C02803,2024-02-03,B01,18-24,Google
C02804,2024-10-22,B03,45-54,Instagram
C02805,2024-03-05,B03,25-34,In-store sign-up
C02806,2023-07-27,B01,18-24,Instagram
C02807,2024-10-01,B01,25-34,Instagram
C02808,2024-04-21,B01,45-54,Website
C02809,2024-05-13,B02,55+,Website
C02810,2023-05-24,B01,35-44,Referral
C02811,2026-06-23,B03,25-34,Google
C02812,2024-07-13,B03,18-24,In-store sign-up
C02813,2025-04-06,B01,18-24,In-store sign-up
C02814,2026-01-20,B03,18-24,In-store sign-up
C02815,2024-01-12,B03,45-54,Website
C02816,2023-09-21,B02,25-34,Instagram
C02817,2025-06-10,B01,55+,Website
C02818,2026-08-26,B04,35-44,In-store sign-up
C02819,2024-03-21,B01,25-34,In-store sign-up
C02820,2024-10-15,B01,35-44,Instagram
C02821,2025-07-23,B03,18-24,In-store sign-up
C02822,2026-02-13,B04,35-44,In-store sign-up
C02823,2025-07-25,B04,18-24,In-store sign-up
C02824,2026-08-08,B01,35-44,Google
C02825,2023-08-31,B02,35-44,Website
C02826,2024-09-26,B01,18-24,In-store sign-up
C02827,2023-08-13,B02,55+,Website
C02828,2025-01-15,B01,45-54,Instagram
C02829,2024-07-04,B01,25-34,In-store sign-up
C02830,2026-04-01,B02,35-44,Instagram
C02831,2026-07-16,B01,45-54,Website
C02832,2023-11-17,B01,25-34,Website
C02833,2026-03-12,B02,55+,In-store sign-up
C02834,2023-04-21,B03,25-34,Website
C02835,2023-01-05,B01,45-54,Google
C02836,2026-03-24,B04,18-24,Website
C02837,2024-12-10,B03,35-44,In-store sign-up
C02838,2024-01-09,B01,35-44,Website
C02839,2025-08-25,B02,25-34,Instagram
C02840,2026-08-03,B03,35-44,Google
C02841,2023-12-08,B03,55+,Referral
C02842,2026-09-18,B04,25-34,Instagram
C02843,2023-11-16,B01,35-44,In-store sign-up
C02844,2023-06-26,B01,25-34,In-store sign-up
C02845,2025-12-06,B03,25-34,Website
C02846,2025-10-26,B01,45-54,Google
C02847,2025-11-04,B04,35-44,In-store sign-up
C02848,2025-10-18,B02,25-34,In-store sign-up
C02849,2025-03-07,B01,18-24,Google
C02850,2026-07-09,B03,25-34,Website
C02851,2024-07-08,B01,35-44,Website
C02852,2023-03-16,B01,25-34,In-store sign-up
C02853,2023-12-15,B01,25-34,Instagram
C02854,2025-08-13,B01,35-44,Instagram
C02855,2026-04-16,B03,25-34,Referral
C02856,2026-04-25,B04,35-44,In-store sign-up
C02857,2025-11-17,B04,55+,Google
C02858,2025-07-12,B04,25-34,In-store sign-up
C02859,2025-12-16,B04,35-44,Google
C02860,2026-03-27,B01,45-54,In-store sign-up
C02861,2024-06-28,B02,18-24,In-store sign-up
C02862,2025-12-30,B04,18-24,In-store sign-up
C02863,2023-05-29,B01,35-44,Instagram
C02864,2024-07-06,B02,18-24,In-store sign-up
C02865,2024-03-30,B02,35-44,Website
C02866,2023-02-18,B02,55+,Referral
C02867,2025-12-29,B02,45-54,In-store sign-up
C02868,2025-09-19,B03,25-34,In-store sign-up
C02869,2025-08-28,B04,35-44,Instagram
C02870,2023-05-19,B01,25-34,Instagram
C02871,2024-12-29,B03,45-54,Referral
C02872,2025-05-14,B02,35-44,Instagram
C02873,2024-04-19,B02,25-34,Website
C02874,2023-02-09,B01,45-54,Referral
C02875,2025-12-21,B03,45-54,Google
C02876,2024-06-15,B02,45-54,Website
C02877,2026-02-15,B01,35-44,Website
C02878,2024-05-24,B02,25-34,In-store sign-up
C02879,2026-09-15,B02,55+,In-store sign-up
C02880,2025-12-09,B02,45-54,Instagram
C02881,2026-07-02,B02,45-54,In-store sign-up
C02882,2025-07-17,B02,35-44,Referral
C02883,2025-09-15,B03,35-44,In-store sign-up
C02884,2025-07-28,B03,25-34,Google
C02885,2026-05-19,B03,35-44,Instagram
C02886,2023-09-20,B02,45-54,In-store sign-up
C02887,2026-09-01,B01,45-54,Website
C02888,2025-04-26,B01,25-34,Instagram
C02889,2025-07-22,B04,35-44,Website
C02890,2024-05-11,B02,25-34,Referral
C02891,2026-09-09,B01,18-24,In-store sign-up
C02892,2025-03-19,B03,25-34,In-store sign-up
C02893,2023-11-06,B02,45-54,In-store sign-up
C02894,2026-07-03,B01,45-54,Instagram
C02895,2025-08-11,B01,45-54,Website
C02896,2025-12-19,B02,55+,Google
C02897,2023-06-19,B02,18-24,Website
C02898,2026-09-17,B04,45-54,In-store sign-up
C02899,2023-04-21,B01,35-44,Website
C02900,2024-07-30,B03,25-34,In-store sign-up
C02901,2025-07-26,B01,18-24,Website
C02902,2026-04-10,B02,25-34,In-store sign-up
C02903,2025-10-01,B03,35-44,Website
C02904,2025-07-05,B04,55+,Website
C02905,2024-08-27,B02,45-54,Google
C02906,2025-09-27,B04,18-24,Website
C02907,2026-05-15,B03,55+,In-store sign-up
C02908,2026-08-02,B01,35-44,Instagram
C02909,2026-07-29,B01,55+,Instagram
C02910,2025-10-10,B03,18-24,Website
C02911,2025-08-29,B04,35-44,Website
C02912,2023-10-24,B03,25-34,Website
C02913,2026-02-07,B04,55+,Website
C02914,2026-09-21,B04,35-44,In-store sign-up
C02915,2025-08-27,B03,18-24,Instagram
C02916,2026-01-14,B02,18-24,Instagram
C02917,2023-06-16,B01,25-34,Google
C02918,2026-07-13,B04,35-44,Website
C02919,2023-12-04,B01,35-44,Website
C02920,2024-04-25,B01,35-44,Website
C02921,2023-11-25,B01,45-54,In-store sign-up
C02922,2026-05-27,B04,25-34,In-store sign-up
C02923,2023-03-12,B02,45-54,Google
C02924,2025-12-24,B01,55+,Referral
C02925,2023-08-06,B02,25-34,Google
C02926,2024-08-26,B01,45-54,In-store sign-up
C02927,2023-08-23,B01,18-24,Referral
C02928,2025-09-03,B02,25-34,Website
C02929,2023-08-27,B02,25-34,Instagram
C02930,2025-02-12,B01,18-24,In-store sign-up
C02931,2026-05-22,B02,25-34,In-store sign-up
C02932,2025-07-15,B02,25-34,Instagram
C02933,2023-02-08,B01,18-24,In-store sign-up
C02934,2025-08-30,B04,35-44,In-store sign-up
C02935,2025-11-27,B01,35-44,Instagram
C02936,2025-10-21,B01,18-24,In-store sign-up
C02937,2024-11-22,B03,55+,In-store sign-up
C02938,2024-02-22,B02,35-44,In-store sign-up
C02939,2023-06-09,B02,45-54,Website
C02940,2025-09-20,B04,18-24,In-store sign-up
C02941,2025-02-17,B01,18-24,In-store sign-up
C02942,2023-08-05,B01,25-34,Google
C02943,2026-08-04,B02,25-34,Google
C02944,2024-01-17,B03,45-54,In-store sign-up
C02945,2025-06-13,B01,18-24,In-store sign-up
C02946,2024-04-18,B02,35-44,Instagram
C02947,2025-07-28,B03,25-34,Instagram
C02948,2026-04-08,B02,25-34,Instagram
C02949,2023-07-23,B02,35-44,In-store sign-up
C02950,2023-10-04,B02,25-34,In-store sign-up
C02951,2025-08-25,B01,25-34,In-store sign-up
C02952,2026-02-18,B01,18-24,Instagram
C02953,2026-04-14,B02,18-24,Referral
C02954,2026-04-09,B02,45-54,Website
C02955,2023-09-14,B01,55+,Website
C02956,2026-03-16,B04,45-54,Google
C02957,2024-02-22,B02,35-44,Instagram
C02958,2023-07-08,B03,35-44,Website
C02959,2023-01-29,B02,55+,Google
C02960,2026-02-16,B04,25-34,In-store sign-up
C02961,2023-09-23,B02,35-44,Referral
C02962,2025-05-20,B01,25-34,Referral
C02963,2026-07-04,B01,25-34,Instagram
C02964,2023-12-14,B02,18-24,Website
C02965,2025-11-20,B04,18-24,In-store sign-up
C02966,2024-12-24,B02,25-34,Referral
C02967,2026-02-01,B03,18-24,Website
C02968,2024-09-19,B03,35-44,In-store sign-up
C02969,2025-08-07,B01,18-24,Google
C02970,2024-07-11,B03,55+,Google
C02971,2025-08-14,B02,45-54,Website
C02972,2024-12-16,B02,18-24,Referral
C02973,2023-06-19,B02,18-24,Instagram
C02974,2025-06-13,B02,25-34,Referral
C02975,2025-08-11,B01,25-34,In-store sign-up
C02976,2024-10-12,B03,25-34,In-store sign-up
C02977,2026-05-23,B04,35-44,In-store sign-up
C02978,2025-09-22,B03,35-44,Website
C02979,2024-08-16,B01,18-24,Instagram
C02980,2023-08-04,B02,45-54,Google
C02981,2025-08-17,B04,25-34,Google
C02982,2025-02-22,B02,25-34,Google
C02983,2025-11-04,B02,35-44,Website
C02984,2026-07-05,B02,55+,In-store sign-up
C02985,2025-07-08,B01,25-34,In-store sign-up
C02986,2025-06-21,B02,55+,In-store sign-up
C02987,2024-02-26,B02,45-54,Referral
C02988,2024-01-16,B02,55+,Referral
C02989,2024-10-25,B03,25-34,In-store sign-up
C02990,2026-01-16,B03,35-44,Website
C02991,2024-12-07,B02,18-24,In-store sign-up
C02992,2026-06-21,B03,25-34,In-store sign-up
C02993,2026-03-22,B01,35-44,In-store sign-up
C02994,2026-02-07,B01,25-34,Website
C02995,2026-09-16,B04,45-54,In-store sign-up
C02996,2025-12-28,B01,45-54,Website
C02997,2025-12-24,B02,45-54,Website
C02998,2024-01-05,B01,35-44,Website
C02999,2023-02-15,B02,18-24,Referral
C03000,2026-01-04,B01,55+,Referral
C03001,2023-09-21,B02,45-54,In-store sign-up
C03002,2024-11-29,B03,25-34,In-store sign-up
C03003,2024-12-18,B02,25-34,Instagram
C03004,2024-04-16,B02,45-54,Website
C03005,2026-07-15,B04,35-44,Instagram
C03006,2024-08-03,B01,55+,In-store sign-up
C03007,2024-07-09,B02,55+,In-store sign-up
C03008,2025-01-12,B01,25-34,In-store sign-up
C03009,2025-09-20,B03,35-44,Instagram
C03010,2025-03-22,B02,18-24,In-store sign-up
C03011,2023-11-25,B03,18-24,Referral
C03012,2024-08-18,B01,35-44,Instagram
C03013,2026-02-28,B02,18-24,Instagram
C03014,2025-12-05,B04,35-44,In-store sign-up
C03015,2025-09-11,B04,45-54,In-store sign-up
C03016,2025-04-03,B01,55+,Google
C03017,2025-10-31,B01,25-34,In-store sign-up
C03018,2026-04-13,B01,35-44,Instagram
C03019,2024-08-24,B03,35-44,Website
C03020,2026-06-11,B01,55+,Google
C03021,2025-11-01,B01,25-34,Website
C03022,2026-04-10,B01,35-44,Website
C03023,2025-04-15,B01,25-34,Website
C03024,2023-11-23,B03,25-34,In-store sign-up
C03025,2024-12-17,B02,25-34,Instagram
C03026,2026-02-26,B02,35-44,Website
C03027,2024-09-07,B03,35-44,Google
C03028,2026-09-15,B01,45-54,Referral
C03029,2024-03-14,B02,35-44,Website
C03030,2023-01-29,B01,35-44,Website
C03031,2024-09-19,B02,25-34,In-store sign-up
C03032,2024-12-18,B01,25-34,Instagram
C03033,2024-04-21,B03,45-54,Website
C03034,2023-02-27,B02,45-54,In-store sign-up
C03035,2024-01-18,B01,25-34,Instagram
C03036,2025-05-20,B02,25-34,Google
C03037,2026-05-02,B03,25-34,In-store sign-up
C03038,2024-07-07,B02,35-44,Referral
C03039,2026-04-26,B04,35-44,Website
C03040,2023-10-14,B02,45-54,Website
C03041,2026-08-13,B04,18-24,Instagram
C03042,2025-08-03,B03,25-34,Instagram
C03043,2026-06-08,B02,25-34,Website
C03044,2024-08-01,B03,35-44,Google
C03045,2025-10-17,B01,25-34,Instagram
C03046,2023-12-10,B02,55+,In-store sign-up
C03047,2024-01-20,B02,25-34,In-store sign-up
C03048,2024-07-09,B03,25-34,Google
C03049,2024-04-19,B03,18-24,Referral
C03050,2024-03-28,B01,18-24,In-store sign-up
C03051,2025-08-19,B04,25-34,Website
C03052,2026-08-26,B04,55+,Instagram
C03053,2023-09-22,B02,35-44,In-store sign-up
C03054,2026-04-02,B04,18-24,Instagram
C03055,2023-09-15,B02,35-44,In-store sign-up
C03056,2023-12-23,B03,25-34,Website
C03057,2024-08-04,B03,18-24,In-store sign-up
C03058,2026-03-02,B03,55+,In-store sign-up
C03059,2024-06-06,B02,25-34,In-store sign-up
C03060,2026-09-10,B04,35-44,In-store sign-up
C03061,2025-09-17,B01,25-34,In-store sign-up
C03062,2025-01-27,B01,25-34,Instagram
C03063,2023-11-16,B01,18-24,Referral
C03064,2024-10-05,B02,25-34,Google
C03065,2023-12-29,B01,35-44,Website
C03066,2025-09-11,B04,35-44,Instagram
C03067,2023-04-23,B02,35-44,In-store sign-up
C03068,2024-05-09,B01,45-54,In-store sign-up
C03069,2026-05-05,B04,35-44,Website
C03070,2025-07-04,B03,25-34,Instagram
C03071,2023-09-29,B02,18-24,In-store sign-up
C03072,2023-02-07,B03,35-44,Website
C03073,2024-02-08,B02,18-24,Instagram
C03074,2026-04-03,B03,45-54,Website
C03075,2025-08-23,B04,25-34,Referral
C03076,2026-06-28,B04,18-24,Google
C03077,2024-09-24,B01,35-44,Website
C03078,2024-08-26,B02,55+,Website
C03079,2025-01-01,B03,25-34,In-store sign-up
C03080,2023-06-06,B01,25-34,Instagram
C03081,2025-09-03,B02,18-24,Website
C03082,2024-02-22,B01,18-24,Website
C03083,2026-04-09,B04,25-34,In-store sign-up
C03084,2025-06-29,B04,45-54,Referral
C03085,2023-08-02,B01,25-34,Website
C03086,2026-02-21,B03,35-44,In-store sign-up
C03087,2023-03-09,B03,18-24,In-store sign-up
C03088,2024-08-29,B01,18-24,Google
C03089,2026-04-07,B03,25-34,Referral
C03090,2026-02-18,B04,45-54,In-store sign-up
C03091,2024-07-17,B02,25-34,Referral
C03092,2025-11-23,B01,35-44,In-store sign-up
C03093,2025-06-02,B04,18-24,Website
C03094,2024-05-30,B03,45-54,In-store sign-up
C03095,2024-07-12,B03,18-24,Instagram
C03096,2026-03-16,B03,45-54,In-store sign-up
C03097,2026-01-12,B01,45-54,Instagram
C03098,2024-08-14,B03,55+,Website
C03099,2024-08-09,B01,35-44,Google
C03100,2025-03-21,B01,35-44,Google
C03101,2026-09-19,B02,55+,Google
C03102,2024-08-04,B02,18-24,In-store sign-up
C03103,2023-04-01,B01,25-34,In-store sign-up
C03104,2023-04-17,B02,18-24,Referral
C03105,2024-12-06,B03,25-34,Instagram
C03106,2023-01-28,B03,35-44,Instagram
C03107,2026-05-27,B02,55+,In-store sign-up
C03108,2026-07-09,B01,55+,Referral
C03109,2024-07-14,B02,25-34,In-store sign-up
C03110,2023-08-31,B01,18-24,Instagram
C03111,2025-07-24,B02,55+,In-store sign-up
C03112,2024-08-05,B03,25-34,Google
C03113,2025-05-18,B03,35-44,In-store sign-up
C03114,2026-05-24,B02,18-24,Google
C03115,2023-04-30,B02,25-34,Instagram
C03116,2025-12-23,B02,25-34,In-store sign-up
C03117,2026-08-18,B03,18-24,Google
C03118,2024-06-26,B01,35-44,Website
C03119,2024-07-08,B02,25-34,In-store sign-up
C03120,2023-07-30,B02,18-24,Website
C03121,2025-07-26,B02,25-34,Google
C03122,2024-10-29,B02,25-34,Instagram
C03123,2026-02-28,B02,25-34,In-store sign-up
C03124,2026-03-21,B01,18-24,Instagram
C03125,2023-07-05,B01,35-44,Website
C03126,2023-05-01,B02,35-44,In-store sign-up
C03127,2023-06-03,B01,18-24,In-store sign-up
C03128,2023-06-17,B02,25-34,In-store sign-up
C03129,2026-04-24,B04,25-34,In-store sign-up
C03130,2025-01-14,B01,45-54,In-store sign-up
C03131,2024-01-29,B02,45-54,Instagram
C03132,2023-11-26,B01,45-54,Instagram
C03133,2026-05-24,B02,25-34,Instagram
C03134,2026-09-12,B04,25-34,Google
C03135,2025-12-13,B02,55+,Website
C03136,2023-06-13,B01,35-44,In-store sign-up
C03137,2026-01-08,B04,35-44,In-store sign-up
C03138,2025-09-20,B03,25-34,In-store sign-up
C03139,2024-06-02,B01,25-34,Instagram
C03140,2026-02-15,B04,25-34,Referral
C03141,2024-08-31,B02,18-24,In-store sign-up
C03142,2025-07-29,B04,35-44,In-store sign-up
C03143,2024-07-08,B02,25-34,Website
C03144,2025-10-15,B03,35-44,Instagram
C03145,2023-11-03,B03,25-34,In-store sign-up
C03146,2024-02-27,B01,18-24,Referral
C03147,2025-03-05,B03,55+,Instagram
C03148,2025-07-04,B01,25-34,Instagram
C03149,2026-08-10,B01,25-34,Instagram
C03150,2024-03-09,B03,25-34,Referral
C03151,2026-08-17,B04,55+,In-store sign-up
C03152,2024-03-29,B01,45-54,Google
C03153,2023-06-11,B01,25-34,Referral
C03154,2026-01-08,B03,55+,Website
C03155,2025-12-17,B03,45-54,In-store sign-up
C03156,2026-05-04,B04,45-54,Google
C03157,2026-06-29,B02,35-44,Google
C03158,2023-01-11,B01,45-54,Google
C03159,2024-07-22,B02,45-54,Google
C03160,2026-05-07,B03,35-44,Instagram
C03161,2025-09-25,B02,35-44,Website
C03162,2025-10-04,B04,55+,Google
C03163,2026-02-01,B02,55+,Website
C03164,2023-05-29,B02,18-24,Instagram
C03165,2023-06-06,B01,18-24,In-store sign-up
C03166,2024-06-23,B01,18-24,Instagram
C03167,2026-09-10,B03,55+,In-store sign-up
C03168,2023-08-14,B03,25-34,Instagram
C03169,2024-12-22,B01,45-54,Google
C03170,2023-07-30,B01,45-54,Website
C03171,2023-01-28,B01,25-34,Website
C03172,2024-05-04,B02,35-44,In-store sign-up
C03173,2026-01-31,B01,18-24,Google
C03174,2026-05-08,B03,18-24,In-store sign-up
C03175,2024-05-08,B03,18-24,Referral
C03176,2024-02-21,B02,25-34,In-store sign-up
C03177,2023-06-04,B02,35-44,Website
C03178,2024-11-07,B03,35-44,Website
C03179,2023-09-25,B03,55+,Website
C03180,2024-09-12,B03,45-54,In-store sign-up
C03181,2024-05-29,B03,35-44,Website
C03182,2025-03-09,B03,45-54,Website
C03183,2023-12-17,B01,35-44,Google
C03184,2025-05-09,B01,45-54,In-store sign-up
C03185,2024-04-27,B03,18-24,In-store sign-up
C03186,2026-04-26,B04,25-34,Website
C03187,2023-05-07,B01,25-34,Google
C03188,2025-11-14,B01,25-34,In-store sign-up
C03189,2026-02-05,B03,35-44,Website
C03190,2024-07-16,B02,25-34,In-store sign-up
C03191,2026-09-04,B04,45-54,Website
C03192,2026-09-19,B03,35-44,In-store sign-up
C03193,2023-08-02,B03,25-34,Instagram
C03194,2023-10-03,B02,35-44,Instagram
C03195,2024-08-13,B02,18-24,Google
C03196,2026-03-20,B01,35-44,Instagram
C03197,2025-08-30,B04,35-44,Google
C03198,2026-03-09,B01,18-24,Instagram
C03199,2025-11-17,B04,25-34,In-store sign-up
C03200,2023-09-08,B01,45-54,Website
C03201,2025-11-25,B01,25-34,In-store sign-up
C03202,2026-01-23,B03,35-44,In-store sign-up
C03203,2025-03-06,B02,35-44,Google
C03204,2025-06-12,B01,25-34,In-store sign-up
C03205,2026-09-11,B02,55+,Referral
C03206,2025-11-02,B04,25-34,Referral
C03207,2023-08-27,B03,25-34,In-store sign-up
C03208,2025-07-01,B04,55+,Website
C03209,2024-08-20,B02,25-34,In-store sign-up
C03210,2023-09-20,B03,35-44,In-store sign-up
C03211,2023-12-30,B01,35-44,In-store sign-up
C03212,2023-06-16,B03,35-44,In-store sign-up
C03213,2024-01-09,B02,18-24,Referral
C03214,2024-04-17,B03,18-24,Instagram
C03215,2023-02-13,B02,25-34,Instagram
C03216,2025-03-11,B03,25-34,Website
C03217,2023-08-30,B03,55+,In-store sign-up
C03218,2026-09-23,B04,25-34,In-store sign-up
C03219,2023-10-11,B02,35-44,Instagram
C03220,2024-01-13,B01,18-24,Google
C03221,2025-08-09,B04,45-54,Google
C03222,2025-04-03,B03,25-34,Instagram
C03223,2025-02-09,B02,25-34,Google
C03224,2024-08-31,B03,25-34,In-store sign-up
C03225,2024-02-27,B02,25-34,In-store sign-up
C03226,2026-01-22,B01,18-24,In-store sign-up
C03227,2025-09-26,B03,45-54,Website
C03228,2024-08-10,B03,25-34,In-store sign-up
C03229,2025-11-23,B02,25-34,In-store sign-up
C03230,2025-03-13,B03,25-34,Instagram
C03231,2026-09-01,B04,25-34,In-store sign-up
C03232,2025-04-11,B01,25-34,Referral
C03233,2025-11-02,B01,35-44,Instagram
C03234,2025-06-26,B02,35-44,Referral
C03235,2023-08-11,B01,35-44,Referral
C03236,2023-01-16,B02,55+,Referral
C03237,2024-05-28,B01,18-24,In-store sign-up
C03238,2025-12-06,B03,25-34,In-store sign-up
C03239,2023-01-02,B01,55+,Referral
C03240,2023-09-02,B02,25-34,Google
C03241,2025-07-18,B02,35-44,In-store sign-up
C03242,2026-05-29,B02,18-24,Instagram
C03243,2026-05-31,B04,45-54,Instagram
C03244,2023-11-16,B02,25-34,Instagram
C03245,2024-05-25,B03,45-54,Referral
C03246,2023-04-21,B01,55+,Instagram
C03247,2024-01-15,B03,35-44,Instagram
C03248,2023-06-19,B02,25-34,In-store sign-up
C03249,2023-11-15,B03,35-44,Instagram
C03250,2025-10-02,B01,35-44,Referral
C03251,2023-06-20,B02,35-44,Google
C03252,2025-04-02,B03,18-24,Website
C03253,2026-07-20,B04,25-34,Website
C03254,2023-01-01,B01,25-34,In-store sign-up
C03255,2025-04-27,B02,45-54,In-store sign-up
C03256,2026-04-07,B04,25-34,In-store sign-up
C03257,2026-07-04,B04,55+,Instagram
C03258,2024-02-10,B01,25-34,Referral
C03259,2025-07-25,B01,35-44,Google
C03260,2026-02-05,B02,35-44,Instagram
C03261,2025-02-03,B01,55+,Referral
C03262,2026-05-02,B04,18-24,In-store sign-up
C03263,2023-04-30,B02,18-24,Instagram
C03264,2026-06-06,B04,18-24,Referral
C03265,2024-06-07,B03,18-24,In-store sign-up
C03266,2023-04-24,B03,25-34,Website
C03267,2026-03-20,B04,25-34,Google
C03268,2024-04-28,B02,35-44,In-store sign-up
C03269,2026-08-13,B02,35-44,Google
C03270,2025-12-31,B04,25-34,Google
C03271,2024-10-06,B01,25-34,Website
C03272,2025-03-03,B03,18-24,In-store sign-up
C03273,2026-04-08,B01,45-54,Instagram
C03274,2026-07-04,B02,45-54,Instagram
C03275,2025-07-27,B04,45-54,Website
C03276,2024-06-24,B01,35-44,In-store sign-up
C03277,2024-05-01,B01,18-24,Google
C03278,2023-07-29,B01,45-54,In-store sign-up
C03279,2026-03-16,B01,55+,Instagram
C03280,2023-03-13,B03,25-34,In-store sign-up
C03281,2025-03-12,B02,35-44,Google
C03282,2024-02-02,B01,35-44,Instagram
C03283,2023-03-30,B03,45-54,In-store sign-up
C03284,2026-01-09,B01,25-34,Instagram
C03285,2025-12-12,B03,25-34,Instagram
C03286,2023-08-23,B02,18-24,In-store sign-up
C03287,2026-09-15,B02,35-44,Instagram
C03288,2023-02-16,B02,45-54,In-store sign-up
C03289,2023-04-01,B03,25-34,Website
C03290,2026-03-03,B03,25-34,Instagram
C03291,2023-08-12,B01,55+,In-store sign-up
C03292,2026-02-16,B02,18-24,Referral
C03293,2024-08-06,B03,55+,Google
C03294,2025-03-21,B02,35-44,In-store sign-up
C03295,2023-07-31,B02,55+,Referral
C03296,2025-09-10,B01,35-44,Referral
C03297,2026-04-14,B01,45-54,In-store sign-up
C03298,2024-12-13,B01,25-34,Google
C03299,2026-06-15,B04,25-34,Google
C03300,2023-12-13,B01,35-44,In-store sign-up
C03301,2026-09-15,B02,18-24,Google
C03302,2024-08-22,B01,55+,In-store sign-up
C03303,2025-12-29,B01,55+,In-store sign-up
C03304,2025-10-17,B02,25-34,In-store sign-up
C03305,2026-09-13,B01,18-24,Website
C03306,2024-07-15,B01,25-34,Website
C03307,2024-11-15,B02,25-34,Website
C03308,2026-08-20,B02,45-54,Google
C03309,2025-07-20,B01,35-44,Instagram
C03310,2026-09-17,B03,25-34,Website
C03311,2024-08-18,B02,55+,In-store sign-up
C03312,2025-06-27,B01,25-34,Referral
C03313,2023-03-25,B03,45-54,Instagram
C03314,2026-07-30,B02,55+,In-store sign-up
C03315,2026-03-16,B01,45-54,Google
C03316,2023-06-03,B01,55+,In-store sign-up
C03317,2025-10-01,B04,18-24,Website
C03318,2024-02-01,B02,25-34,Referral
C03319,2025-01-30,B02,35-44,In-store sign-up
C03320,2025-06-18,B04,35-44,In-store sign-up
C03321,2025-12-14,B03,25-34,Instagram
C03322,2026-08-10,B03,55+,In-store sign-up
C03323,2023-06-12,B02,55+,Google
C03324,2024-04-12,B02,45-54,In-store sign-up
C03325,2024-04-16,B03,45-54,Website
C03326,2023-07-26,B01,18-24,Website
C03327,2024-07-09,B01,25-34,Website
C03328,2024-05-16,B02,55+,In-store sign-up
C03329,2026-03-13,B03,55+,Website
C03330,2025-03-17,B02,25-34,Website
C03331,2024-11-01,B02,55+,In-store sign-up
C03332,2025-04-16,B01,18-24,In-store sign-up
C03333,2026-01-27,B01,25-34,In-store sign-up
C03334,2024-08-06,B01,18-24,Instagram
C03335,2023-02-26,B02,18-24,In-store sign-up
C03336,2026-01-08,B03,35-44,Website
C03337,2024-08-08,B03,18-24,Website
C03338,2024-10-20,B03,35-44,In-store sign-up
C03339,2025-07-16,B02,25-34,In-store sign-up
C03340,2023-04-07,B02,45-54,Website
C03341,2026-02-11,B01,45-54,In-store sign-up
C03342,2023-09-05,B03,25-34,In-store sign-up
C03343,2025-12-15,B04,25-34,Website
C03344,2025-02-03,B02,45-54,Website
C03345,2024-12-26,B02,45-54,Website
C03346,2023-01-25,B01,35-44,Website
C03347,2023-06-05,B01,25-34,Instagram
C03348,2023-10-11,B03,18-24,Referral
C03349,2025-01-09,B02,35-44,In-store sign-up
C03350,2026-03-13,B01,35-44,Google
C03351,2024-11-26,B02,25-34,Instagram
C03352,2023-09-11,B02,55+,In-store sign-up
C03353,2023-07-18,B02,25-34,Google
C03354,2026-04-18,B02,18-24,In-store sign-up
C03355,2023-08-18,B02,25-34,In-store sign-up
C03356,2024-07-01,B01,35-44,In-store sign-up
C03357,2024-07-21,B02,35-44,Website
C03358,2026-02-14,B02,45-54,Website
C03359,2026-05-14,B03,45-54,In-store sign-up
C03360,2025-06-01,B01,18-24,In-store sign-up
C03361,2026-04-23,B01,25-34,In-store sign-up
C03362,2025-03-04,B02,25-34,In-store sign-up
C03363,2023-10-03,B03,45-54,In-store sign-up
C03364,2025-09-01,B02,25-34,In-store sign-up
C03365,2024-06-22,B02,35-44,Instagram
C03366,2026-07-24,B01,25-34,Google
C03367,2025-10-20,B01,18-24,In-store sign-up
C03368,2024-09-27,B03,18-24,Website
C03369,2026-06-20,B02,55+,In-store sign-up
C03370,2025-10-07,B03,35-44,In-store sign-up
C03371,2026-03-20,B04,35-44,Instagram
C03372,2025-12-30,B03,25-34,Referral
C03373,2026-02-09,B02,45-54,In-store sign-up
C03374,2025-11-10,B04,25-34,In-store sign-up
C03375,2026-08-03,B02,25-34,In-store sign-up
C03376,2024-06-13,B03,35-44,In-store sign-up
C03377,2024-07-30,B02,25-34,In-store sign-up
C03378,2026-02-03,B02,35-44,Instagram
C03379,2025-11-06,B04,25-34,In-store sign-up
C03380,2023-01-23,B03,35-44,In-store sign-up
C03381,2023-03-18,B01,25-34,Website
C03382,2024-08-12,B03,25-34,In-store sign-up
C03383,2026-05-29,B01,18-24,In-store sign-up
C03384,2025-12-18,B01,18-24,Google
C03385,2026-08-14,B03,35-44,In-store sign-up
C03386,2024-07-03,B01,25-34,In-store sign-up
C03387,2026-02-16,B02,55+,In-store sign-up
C03388,2025-04-07,B03,35-44,In-store sign-up
C03389,2023-11-09,B02,25-34,In-store sign-up
C03390,2025-07-25,B02,18-24,Google
C03391,2025-07-29,B01,18-24,Referral
C03392,2024-06-11,B02,35-44,In-store sign-up
C03393,2024-03-28,B02,55+,In-store sign-up
C03394,2026-06-17,B03,35-44,In-store sign-up
C03395,2023-11-27,B03,25-34,In-store sign-up
C03396,2025-08-15,B02,25-34,Website
C03397,2025-09-19,B04,18-24,Instagram
C03398,2025-09-27,B04,18-24,Website
C03399,2023-08-14,B01,18-24,Instagram
C03400,2025-02-04,B01,25-34,Instagram
C03401,2024-04-16,B02,35-44,Instagram
C03402,2023-02-21,B01,35-44,In-store sign-up
C03403,2023-09-28,B01,25-34,In-store sign-up
C03404,2025-07-27,B02,25-34,Google
C03405,2025-01-02,B02,25-34,In-store sign-up
C03406,2025-04-23,B03,55+,Google
C03407,2024-06-04,B03,45-54,Website
C03408,2026-06-10,B03,25-34,In-store sign-up
C03409,2025-11-18,B04,25-34,In-store sign-up
C03410,2023-08-23,B02,35-44,Instagram
C03411,2025-03-04,B03,45-54,In-store sign-up
C03412,2024-09-03,B01,35-44,Referral
C03413,2024-11-17,B02,45-54,Website
C03414,2024-06-16,B03,25-34,In-store sign-up
C03415,2024-06-30,B02,35-44,Referral
C03416,2024-06-10,B02,25-34,In-store sign-up
C03417,2026-07-18,B02,25-34,Website
C03418,2024-05-05,B02,18-24,Website
C03419,2023-03-02,B03,18-24,Referral
C03420,2024-01-26,B01,45-54,Website
C03421,2025-09-25,B02,25-34,In-store sign-up
C03422,2025-10-05,B01,35-44,Instagram
C03423,2025-09-19,B04,35-44,Website
C03424,2024-09-28,B02,55+,Website
C03425,2024-01-29,B02,35-44,Instagram
C03426,2023-10-05,B01,35-44,In-store sign-up
C03427,2023-02-23,B02,18-24,Website
C03428,2025-11-15,B03,25-34,In-store sign-up
C03429,2023-05-08,B02,25-34,In-store sign-up
C03430,2023-07-21,B01,45-54,Instagram
C03431,2025-11-10,B02,18-24,Website
C03432,2023-01-08,B03,25-34,In-store sign-up
C03433,2025-12-19,B04,25-34,In-store sign-up
C03434,2026-04-13,B03,25-34,In-store sign-up
C03435,2025-10-04,B01,45-54,Referral
C03436,2026-02-14,B03,35-44,In-store sign-up
C03437,2026-03-30,B04,55+,In-store sign-up
C03438,2025-06-11,B01,25-34,In-store sign-up
C03439,2025-08-07,B04,35-44,In-store sign-up
C03440,2026-04-02,B04,35-44,In-store sign-up
C03441,2026-03-02,B03,18-24,Instagram
C03442,2026-02-27,B01,18-24,In-store sign-up
C03443,2026-09-21,B01,55+,Website
C03444,2023-12-24,B01,25-34,In-store sign-up
C03445,2026-02-24,B04,45-54,In-store sign-up
C03446,2025-06-15,B02,25-34,Referral
C03447,2024-07-10,B02,45-54,Instagram
C03448,2026-09-07,B02,35-44,Instagram
C03449,2025-11-20,B04,25-34,Instagram
C03450,2025-06-03,B02,18-24,In-store sign-up
C03451,2024-09-09,B02,45-54,Website
C03452,2025-09-01,B01,25-34,In-store sign-up
C03453,2026-05-29,B03,25-34,Referral
C03454,2024-02-05,B01,25-34,Google
C03455,2023-04-10,B01,45-54,Website
C03456,2026-09-25,B02,35-44,In-store sign-up
C03457,2023-10-07,B03,25-34,In-store sign-up
C03458,2025-12-19,B04,25-34,Website
C03459,2026-01-17,B01,55+,In-store sign-up
C03460,2026-07-08,B01,25-34,Google
C03461,2025-03-28,B02,45-54,Google
C03462,2026-07-20,B04,25-34,Website
C03463,2023-05-30,B02,35-44,Website
C03464,2024-09-23,B03,35-44,In-store sign-up
C03465,2026-04-08,B04,55+,Google
C03466,2025-07-22,B04,18-24,In-store sign-up
C03467,2025-08-23,B01,35-44,Referral
C03468,2024-05-15,B02,25-34,In-store sign-up
C03469,2025-01-27,B02,35-44,Instagram
C03470,2024-04-06,B02,35-44,Instagram
C03471,2024-10-28,B03,25-34,Referral
C03472,2025-07-19,B04,25-34,Website
C03473,2026-08-13,B04,45-54,Instagram
C03474,2023-08-03,B02,25-34,Instagram
C03475,2026-06-26,B04,55+,In-store sign-up
C03476,2024-05-09,B02,25-34,Instagram
C03477,2025-10-24,B04,35-44,In-store sign-up
C03478,2023-03-23,B02,45-54,Instagram
C03479,2026-03-31,B03,45-54,In-store sign-up
C03480,2026-04-17,B02,45-54,In-store sign-up
C03481,2026-01-14,B02,25-34,In-store sign-up
C03482,2025-09-20,B02,45-54,In-store sign-up
C03483,2025-01-28,B03,55+,In-store sign-up
C03484,2024-01-13,B02,45-54,Google
C03485,2026-01-14,B02,25-34,Instagram
C03486,2026-02-26,B04,45-54,Instagram
C03487,2024-07-21,B03,35-44,Instagram
C03488,2025-12-01,B04,25-34,In-store sign-up
C03489,2024-06-18,B02,45-54,Referral
C03490,2025-05-09,B02,25-34,Instagram
C03491,2024-09-24,B03,55+,Google
C03492,2025-08-02,B02,25-34,Website
C03493,2023-10-10,B01,45-54,Website
C03494,2025-09-17,B04,35-44,In-store sign-up
C03495,2026-04-03,B01,18-24,Referral
C03496,2026-02-24,B04,55+,Instagram
C03497,2023-10-08,B02,18-24,Website
C03498,2023-08-06,B02,35-44,Referral
C03499,2023-03-23,B03,35-44,Google
C03500,2026-07-22,B02,25-34,In-store sign-up
C03501,2026-07-30,B03,18-24,In-store sign-up
C03502,2024-05-28,B01,35-44,Google
C03503,2026-05-12,B01,55+,Website
C03504,2025-08-09,B04,25-34,Referral
C03505,2025-05-31,B02,35-44,Google
C03506,2026-07-25,B04,18-24,Google
C03507,2023-10-10,B03,18-24,Instagram
C03508,2023-01-31,B01,55+,In-store sign-up
C03509,2025-04-23,B02,45-54,Website
C03510,2024-04-05,B01,55+,Instagram
C03511,2023-06-15,B02,45-54,Instagram
C03512,2025-08-24,B04,55+,Google
C03513,2026-06-02,B04,25-34,Instagram
C03514,2023-09-27,B03,25-34,Website
C03515,2026-04-14,B01,25-34,In-store sign-up
C03516,2023-01-05,B02,35-44,Google
C03517,2024-05-25,B01,35-44,Instagram
C03518,2025-04-18,B01,35-44,In-store sign-up
C03519,2025-11-10,B02,18-24,Instagram
C03520,2024-02-01,B03,25-34,In-store sign-up
C03521,2025-06-05,B02,25-34,Instagram
C03522,2023-06-14,B02,25-34,Instagram
C03523,2025-10-19,B04,35-44,Instagram
C03524,2024-06-24,B01,55+,Website
C03525,2024-05-10,B03,25-34,In-store sign-up
C03526,2025-06-04,B03,18-24,In-store sign-up
C03527,2026-07-22,B03,18-24,Google
C03528,2023-05-13,B02,25-34,Google
C03529,2024-06-07,B03,55+,Google
C03530,2023-08-08,B02,55+,In-store sign-up
C03531,2025-10-04,B02,55+,Instagram
C03532,2023-09-04,B01,25-34,Instagram
C03533,2023-07-09,B01,25-34,In-store sign-up
C03534,2023-04-17,B03,25-34,In-store sign-up
C03535,2026-08-08,B01,55+,Referral
C03536,2026-07-06,B03,25-34,Instagram
C03537,2026-09-24,B04,18-24,Referral
C03538,2024-09-15,B01,55+,Google
C03539,2023-04-09,B01,45-54,Instagram
C03540,2024-05-27,B03,18-24,Google
C03541,2026-03-21,B04,25-34,Google
C03542,2023-04-27,B03,35-44,Website
C03543,2023-12-27,B03,25-34,Instagram
C03544,2023-12-05,B01,18-24,Referral
C03545,2023-01-02,B01,45-54,Instagram
C03546,2025-03-30,B03,25-34,Instagram
C03547,2025-11-23,B03,25-34,Instagram
C03548,2024-11-19,B01,18-24,In-store sign-up
C03549,2023-05-25,B01,55+,Website
C03550,2024-02-10,B01,18-24,Website
C03551,2023-08-14,B01,55+,Referral
C03552,2023-05-23,B03,25-34,In-store sign-up
C03553,2023-11-18,B02,45-54,Website
C03554,2024-10-10,B02,25-34,Instagram
C03555,2023-10-03,B01,45-54,Website
C03556,2024-06-14,B03,35-44,Instagram
C03557,2024-09-08,B02,25-34,Website
C03558,2024-01-08,B01,55+,In-store sign-up
C03559,2026-08-17,B03,35-44,In-store sign-up
C03560,2024-02-24,B02,18-24,In-store sign-up
C03561,2025-01-05,B03,35-44,In-store sign-up
C03562,2026-05-19,B01,25-34,Instagram
C03563,2024-03-23,B03,45-54,Referral
C03564,2024-05-06,B01,35-44,In-store sign-up
C03565,2023-03-15,B02,18-24,In-store sign-up
C03566,2023-05-10,B03,25-34,In-store sign-up
C03567,2023-09-08,B03,35-44,In-store sign-up
C03568,2023-04-15,B01,18-24,Instagram
C03569,2026-09-03,B03,25-34,Website
C03570,2025-07-16,B02,45-54,In-store sign-up
C03571,2024-10-06,B03,45-54,Website
C03572,2026-05-31,B04,18-24,Referral
C03573,2024-10-17,B02,35-44,Website
C03574,2025-02-21,B02,35-44,Instagram
C03575,2024-10-26,B01,18-24,In-store sign-up
C03576,2026-02-05,B03,45-54,Website
C03577,2023-08-01,B02,18-24,In-store sign-up
C03578,2025-11-16,B01,18-24,Website
C03579,2023-12-13,B02,25-34,Google
C03580,2024-03-07,B01,35-44,In-store sign-up
C03581,2023-11-12,B02,18-24,Website
C03582,2023-03-24,B01,25-34,In-store sign-up
C03583,2026-07-11,B02,25-34,Instagram
C03584,2024-10-29,B01,55+,In-store sign-up
C03585,2024-06-26,B01,25-34,In-store sign-up
C03586,2024-03-11,B02,35-44,In-store sign-up
C03587,2025-06-02,B04,35-44,In-store sign-up
C03588,2025-10-09,B03,25-34,In-store sign-up
C03589,2025-12-16,B01,25-34,In-store sign-up
C03590,2026-06-29,B02,55+,In-store sign-up
C03591,2023-11-14,B01,18-24,Instagram
C03592,2023-01-06,B02,18-24,In-store sign-up
C03593,2025-03-12,B02,25-34,In-store sign-up
C03594,2023-10-04,B02,18-24,Referral
C03595,2025-07-15,B04,35-44,In-store sign-up
C03596,2023-05-30,B01,25-34,In-store sign-up
C03597,2023-04-26,B03,35-44,Website
C03598,2023-10-22,B02,55+,Website
C03599,2026-08-06,B04,45-54,Website
C03600,2024-03-20,B01,18-24,In-store sign-up
C03601,2026-03-16,B04,35-44,Website
C03602,2024-05-12,B01,18-24,Instagram
C03603,2026-02-10,B02,35-44,In-store sign-up
C03604,2025-10-13,B04,55+,Referral
C03605,2023-01-31,B01,25-34,In-store sign-up
C03606,2024-09-24,B02,45-54,Referral
C03607,2023-11-16,B02,45-54,Instagram
C03608,2025-07-11,B03,45-54,In-store sign-up
C03609,2025-12-01,B01,35-44,Website
C03610,2024-03-21,B01,35-44,In-store sign-up
C03611,2025-06-05,B04,25-34,Website
C03612,2026-05-25,B03,25-34,In-store sign-up
C03613,2024-11-25,B02,45-54,Google
C03614,2026-04-08,B03,55+,In-store sign-up
C03615,2026-04-02,B02,18-24,Google
C03616,2025-03-11,B03,35-44,Website
C03617,2024-04-25,B03,18-24,In-store sign-up
C03618,2024-07-14,B01,18-24,Instagram
C03619,2026-03-14,B01,18-24,In-store sign-up
C03620,2025-07-17,B02,18-24,In-store sign-up
C03621,2024-11-20,B02,35-44,Instagram
C03622,2026-01-21,B01,25-34,In-store sign-up
C03623,2023-05-08,B02,45-54,Instagram
C03624,2023-12-15,B02,35-44,Google
C03625,2024-07-18,B02,25-34,In-store sign-up
C03626,2025-07-06,B01,18-24,Referral
C03627,2024-08-25,B02,25-34,In-store sign-up
C03628,2023-04-10,B01,35-44,Google
C03629,2026-07-03,B01,25-34,Website
C03630,2024-12-05,B02,25-34,In-store sign-up
C03631,2026-01-23,B03,55+,Instagram
C03632,2023-09-14,B03,25-34,Website
C03633,2023-07-26,B02,55+,Referral
C03634,2025-11-26,B03,25-34,In-store sign-up
C03635,2026-02-01,B04,45-54,Instagram
C03636,2026-04-29,B02,18-24,Instagram
C03637,2026-08-31,B04,18-24,Website
C03638,2026-06-01,B02,35-44,Google
C03639,2025-10-26,B02,35-44,In-store sign-up
C03640,2023-11-17,B01,25-34,Google
C03641,2024-11-19,B03,35-44,In-store sign-up
C03642,2026-06-13,B04,18-24,In-store sign-up
C03643,2025-03-17,B02,25-34,Instagram
C03644,2025-04-12,B02,18-24,Website
C03645,2025-02-25,B02,25-34,Website
C03646,2025-10-02,B01,18-24,Website
C03647,2025-09-21,B02,25-34,Instagram
C03648,2026-03-10,B01,55+,In-store sign-up
C03649,2024-12-09,B02,25-34,Website
C03650,2026-09-22,B04,45-54,Website
C03651,2025-05-08,B02,18-24,Referral
C03652,2026-02-03,B04,25-34,In-store sign-up
C03653,2024-07-17,B03,18-24,Website
C03654,2026-02-08,B04,18-24,Google
C03655,2026-03-12,B04,18-24,Google
C03656,2026-03-06,B02,25-34,Instagram
C03657,2026-09-01,B01,25-34,In-store sign-up
C03658,2025-11-04,B04,25-34,Google
C03659,2023-07-14,B01,18-24,Referral
C03660,2023-04-02,B02,25-34,Google
C03661,2023-08-07,B02,18-24,Google
C03662,2024-04-14,B02,45-54,Instagram
C03663,2023-06-24,B01,35-44,In-store sign-up
C03664,2024-09-26,B02,25-34,Referral
C03665,2023-06-21,B01,35-44,In-store sign-up
C03666,2025-05-20,B03,25-34,Referral
C03667,2026-02-26,B02,25-34,In-store sign-up
C03668,2023-03-03,B03,35-44,Instagram
C03669,2026-01-20,B01,35-44,Instagram
C03670,2024-03-19,B01,55+,Google
C03671,2026-02-23,B02,25-34,In-store sign-up
C03672,2025-02-10,B01,25-34,In-store sign-up
C03673,2025-09-03,B04,45-54,Referral
C03674,2023-07-06,B03,25-34,Instagram
C03675,2024-08-13,B02,25-34,Referral
C03676,2023-11-12,B02,25-34,Instagram
C03677,2025-10-11,B01,35-44,Instagram
C03678,2023-01-26,B01,55+,Instagram
C03679,2025-08-31,B03,25-34,Instagram
C03680,2025-06-17,B04,45-54,In-store sign-up
C03681,2024-07-11,B02,35-44,In-store sign-up
C03682,2023-01-09,B02,18-24,Website
C03683,2026-08-17,B02,55+,Instagram
C03684,2026-07-17,B02,45-54,Website
C03685,2024-08-01,B02,25-34,In-store sign-up
C03686,2025-06-06,B04,45-54,Instagram
C03687,2024-06-19,B02,45-54,Google
C03688,2024-12-20,B02,25-34,In-store sign-up
C03689,2026-04-25,B04,35-44,In-store sign-up
C03690,2023-06-04,B02,25-34,Instagram
C03691,2024-03-29,B02,35-44,Instagram
C03692,2024-10-11,B01,25-34,Referral
C03693,2025-08-27,B02,35-44,In-store sign-up
C03694,2025-08-23,B04,25-34,Instagram
C03695,2026-09-09,B03,18-24,Google
C03696,2025-06-12,B04,35-44,Website
C03697,2026-08-21,B03,25-34,In-store sign-up
C03698,2026-07-07,B01,55+,In-store sign-up
C03699,2025-06-28,B01,35-44,Google
C03700,2023-10-12,B02,45-54,Instagram
C03701,2024-08-05,B02,45-54,Google
C03702,2026-03-31,B01,25-34,Website
C03703,2026-08-18,B04,25-34,Website
C03704,2023-09-12,B02,25-34,In-store sign-up
C03705,2023-01-19,B02,35-44,In-store sign-up
C03706,2023-06-30,B02,25-34,In-store sign-up
C03707,2025-04-14,B03,25-34,In-store sign-up
C03708,2025-09-28,B01,18-24,Referral
C03709,2025-12-13,B02,35-44,In-store sign-up
C03710,2024-10-20,B03,18-24,In-store sign-up
C03711,2025-03-29,B03,35-44,Referral
C03712,2026-09-26,B04,35-44,In-store sign-up
C03713,2025-01-31,B02,25-34,Website
C03714,2025-04-12,B02,55+,Google
C03715,2024-03-08,B01,35-44,Instagram
C03716,2026-07-30,B01,25-34,In-store sign-up
C03717,2023-06-01,B01,55+,Instagram
C03718,2024-10-13,B01,18-24,Instagram
C03719,2023-12-10,B03,35-44,Referral
C03720,2024-09-15,B01,45-54,Instagram
C03721,2026-05-29,B04,55+,In-store sign-up
C03722,2025-04-17,B03,35-44,In-store sign-up
C03723,2023-03-10,B02,35-44,Referral
C03724,2023-10-04,B02,35-44,Website
C03725,2025-07-21,B04,45-54,Website
C03726,2024-07-30,B02,55+,Google
C03727,2025-01-21,B01,45-54,Instagram
C03728,2026-08-17,B04,55+,Referral
C03729,2024-02-18,B01,35-44,Google
C03730,2023-02-18,B01,25-34,In-store sign-up
C03731,2024-02-14,B01,18-24,Google
C03732,2026-04-05,B04,25-34,Google
C03733,2026-02-17,B01,25-34,Referral
C03734,2024-07-02,B03,45-54,Website
C03735,2023-04-19,B02,25-34,In-store sign-up
C03736,2026-01-16,B02,25-34,Referral
C03737,2023-02-24,B03,18-24,Instagram
C03738,2025-11-15,B03,25-34,In-store sign-up
C03739,2025-11-16,B04,18-24,Google
C03740,2023-06-16,B01,35-44,Website
C03741,2026-03-08,B03,25-34,In-store sign-up
C03742,2026-02-13,B03,45-54,Instagram
C03743,2024-05-21,B03,35-44,In-store sign-up
C03744,2026-04-02,B04,35-44,Website
C03745,2025-06-28,B03,45-54,In-store sign-up
C03746,2025-11-12,B04,35-44,Website
C03747,2026-04-01,B03,18-24,Website
C03748,2025-04-09,B03,35-44,Instagram
C03749,2025-07-06,B03,18-24,Google
C03750,2024-12-01,B03,25-34,Instagram
C03751,2023-06-08,B03,25-34,In-store sign-up
C03752,2025-05-27,B03,35-44,Website
C03753,2024-11-30,B03,18-24,Instagram
C03754,2025-08-20,B01,45-54,Instagram
C03755,2026-07-30,B04,55+,In-store sign-up
C03756,2026-04-15,B01,25-34,Website
C03757,2024-11-18,B01,35-44,Website
C03758,2026-08-04,B01,18-24,Instagram
C03759,2026-05-10,B02,25-34,Website
C03760,2025-04-16,B02,25-34,Google
C03761,2023-12-02,B02,35-44,Instagram
C03762,2023-07-10,B01,25-34,In-store sign-up
C03763,2026-04-03,B04,25-34,Website
C03764,2025-07-12,B02,35-44,Instagram
C03765,2025-11-25,B04,35-44,In-store sign-up
C03766,2026-03-20,B02,45-54,Google
C03767,2026-09-16,B02,18-24,In-store sign-up
C03768,2024-04-01,B01,18-24,In-store sign-up
C03769,2025-06-30,B02,25-34,Instagram
C03770,2025-01-03,B03,35-44,Google
C03771,2024-06-01,B02,35-44,In-store sign-up
C03772,2025-08-18,B01,55+,In-store sign-up
C03773,2026-05-08,B02,18-24,In-store sign-up
C03774,2025-09-11,B02,25-34,In-store sign-up
C03775,2025-11-09,B03,35-44,Google
C03776,2025-02-08,B02,45-54,Website
C03777,2025-12-12,B01,25-34,Website
C03778,2026-02-08,B02,18-24,In-store sign-up
C03779,2025-09-20,B03,55+,Google
C03780,2026-07-22,B01,45-54,Website
C03781,2024-05-20,B03,35-44,Website
C03782,2023-11-05,B03,45-54,In-store sign-up
C03783,2026-07-24,B01,25-34,Instagram
C03784,2024-08-02,B03,25-34,Google
C03785,2025-03-13,B03,45-54,In-store sign-up
C03786,2025-12-24,B02,25-34,In-store sign-up
C03787,2023-05-10,B02,55+,In-store sign-up
C03788,2026-02-02,B04,18-24,Website
C03789,2025-02-15,B02,35-44,Google
C03790,2025-06-15,B02,18-24,In-store sign-up
C03791,2025-12-10,B02,25-34,Instagram
C03792,2026-09-05,B01,45-54,Instagram
C03793,2024-07-05,B01,55+,Website
C03794,2024-06-25,B01,45-54,Website
C03795,2024-08-08,B02,25-34,In-store sign-up
C03796,2025-09-22,B02,25-34,Referral
C03797,2026-05-17,B02,35-44,Website
C03798,2024-07-22,B02,35-44,Instagram
C03799,2025-08-01,B02,25-34,Website
C03800,2026-07-07,B01,25-34,In-store sign-up
C03801,2023-11-16,B03,18-24,In-store sign-up
C03802,2026-02-23,B02,25-34,Website
C03803,2025-11-21,B03,45-54,In-store sign-up
C03804,2024-12-23,B01,35-44,In-store sign-up
C03805,2026-03-29,B04,35-44,Website
C03806,2025-06-10,B04,35-44,In-store sign-up
C03807,2025-12-28,B03,45-54,Instagram
C03808,2025-09-17,B03,55+,Google
C03809,2023-03-25,B01,55+,Referral
C03810,2023-02-19,B02,35-44,In-store sign-up
C03811,2023-10-23,B02,55+,Google
C03812,2026-09-26,B01,18-24,In-store sign-up
C03813,2025-11-10,B02,18-24,In-store sign-up
C03814,2026-08-16,B01,25-34,Google
C03815,2026-07-01,B04,55+,Referral
C03816,2026-05-27,B04,25-34,Website
C03817,2023-11-14,B02,25-34,In-store sign-up
C03818,2024-04-27,B02,45-54,Instagram
C03819,2025-03-27,B02,25-34,Referral
C03820,2024-08-17,B02,45-54,Google
C03821,2024-09-16,B01,25-34,In-store sign-up
C03822,2023-12-12,B01,55+,In-store sign-up
C03823,2025-01-21,B03,25-34,Google
C03824,2023-01-03,B02,45-54,In-store sign-up
C03825,2026-07-24,B01,18-24,In-store sign-up
C03826,2023-02-06,B01,25-34,In-store sign-up
C03827,2025-09-08,B02,25-34,Google
C03828,2025-10-30,B02,45-54,Instagram
C03829,2024-11-23,B01,35-44,In-store sign-up
C03830,2024-04-20,B02,35-44,In-store sign-up
C03831,2024-09-03,B01,25-34,In-store sign-up
C03832,2024-09-23,B02,25-34,Instagram
C03833,2024-08-29,B02,18-24,Website
C03834,2026-04-15,B04,55+,Instagram
C03835,2026-07-25,B02,25-34,In-store sign-up
C03836,2025-04-03,B01,35-44,Instagram
C03837,2024-11-15,B03,35-44,Website
C03838,2023-05-28,B01,25-34,In-store sign-up
C03839,2026-09-10,B03,55+,In-store sign-up
C03840,2023-09-26,B01,25-34,In-store sign-up
C03841,2025-01-21,B02,25-34,In-store sign-up
C03842,2024-02-29,B03,18-24,Website
C03843,2023-08-24,B02,35-44,In-store sign-up
C03844,2025-08-05,B02,45-54,Google
C03845,2023-09-04,B01,35-44,Google
C03846,2023-01-06,B02,45-54,Website
C03847,2025-03-04,B02,18-24,Referral
C03848,2023-11-23,B03,45-54,Website
C03849,2025-10-06,B04,18-24,Instagram
C03850,2024-07-01,B03,25-34,In-store sign-up
C03851,2024-03-15,B03,55+,Website
C03852,2024-06-24,B02,35-44,Website
C03853,2024-12-30,B02,25-34,Google
C03854,2025-03-23,B01,35-44,Referral
C03855,2025-06-30,B03,25-34,In-store sign-up
C03856,2024-03-18,B02,25-34,Google
C03857,2025-10-30,B03,55+,In-store sign-up
C03858,2023-07-09,B01,18-24,Google
C03859,2025-02-16,B01,35-44,Website
C03860,2024-02-25,B02,45-54,Website
C03861,2026-05-25,B01,18-24,Website
C03862,2023-03-04,B01,45-54,Google
C03863,2023-07-07,B01,18-24,Instagram
C03864,2026-09-10,B02,25-34,Google
C03865,2025-06-09,B02,35-44,Instagram
C03866,2024-11-08,B02,55+,Google
C03867,2023-09-17,B02,35-44,In-store sign-up
C03868,2026-02-27,B01,35-44,In-store sign-up
C03869,2025-10-14,B02,25-34,Referral
C03870,2024-12-23,B02,35-44,In-store sign-up
C03871,2024-05-27,B03,18-24,Website
C03872,2024-12-15,B02,35-44,Website
C03873,2024-12-06,B02,18-24,In-store sign-up
C03874,2024-11-20,B01,25-34,In-store sign-up
C03875,2024-08-02,B01,35-44,Google
C03876,2026-05-23,B02,18-24,Referral
C03877,2023-06-06,B01,35-44,Google
C03878,2025-08-26,B03,35-44,Instagram
C03879,2025-07-07,B01,45-54,Google
C03880,2026-04-30,B03,45-54,Website
C03881,2023-05-05,B01,35-44,Referral
C03882,2026-05-07,B04,35-44,In-store sign-up
C03883,2023-08-07,B02,25-34,In-store sign-up
C03884,2026-03-25,B03,18-24,Referral
C03885,2023-03-16,B02,18-24,In-store sign-up
C03886,2025-04-28,B03,55+,In-store sign-up
C03887,2025-12-27,B04,55+,Referral
C03888,2023-04-18,B02,35-44,Website
C03889,2024-04-22,B01,25-34,Google
C03890,2025-10-25,B01,18-24,Instagram
C03891,2025-09-30,B04,55+,In-store sign-up
C03892,2024-08-16,B01,25-34,In-store sign-up
C03893,2023-05-15,B01,45-54,Website
C03894,2026-01-05,B03,25-34,In-store sign-up
C03895,2025-12-28,B02,45-54,In-store sign-up
C03896,2023-03-13,B01,45-54,In-store sign-up
C03897,2025-06-06,B02,25-34,Google
C03898,2023-11-04,B02,35-44,Google
C03899,2023-10-18,B01,25-34,Instagram
C03900,2025-02-12,B03,25-34,In-store sign-up
C03901,2026-05-08,B02,25-34,In-store sign-up
C03902,2026-04-03,B04,18-24,Google
C03903,2024-05-20,B01,18-24,In-store sign-up
C03904,2023-10-02,B03,45-54,Website
C03905,2026-07-07,B04,25-34,Google
C03906,2025-02-16,B02,25-34,In-store sign-up
C03907,2026-04-13,B03,25-34,In-store sign-up
C03908,2024-04-08,B03,25-34,Instagram
C03909,2023-08-01,B03,25-34,Website
C03910,2023-08-14,B02,18-24,In-store sign-up
C03911,2026-03-14,B04,25-34,In-store sign-up
C03912,2025-06-10,B03,45-54,In-store sign-up
C03913,2025-10-31,B03,25-34,Instagram
C03914,2026-05-17,B01,45-54,Google
C03915,2023-01-11,B03,35-44,In-store sign-up
C03916,2024-06-10,B01,25-34,Website
C03917,2025-05-29,B02,35-44,Website
C03918,2023-02-04,B03,35-44,In-store sign-up
C03919,2024-11-29,B02,35-44,In-store sign-up
C03920,2026-08-01,B02,18-24,In-store sign-up
C03921,2025-09-23,B04,45-54,In-store sign-up
C03922,2026-06-05,B02,45-54,Instagram
C03923,2023-10-10,B02,25-34,In-store sign-up
C03924,2025-10-30,B04,25-34,In-store sign-up
C03925,2025-04-15,B01,25-34,Website
C03926,2026-05-18,B03,25-34,Google
C03927,2024-06-26,B02,18-24,In-store sign-up
C03928,2024-03-28,B01,35-44,In-store sign-up
C03929,2023-09-12,B01,25-34,Website
C03930,2025-08-02,B04,55+,In-store sign-up
C03931,2025-02-20,B01,25-34,Instagram
C03932,2025-05-25,B02,18-24,Referral
C03933,2024-04-08,B02,35-44,In-store sign-up
C03934,2024-06-22,B01,35-44,Referral
C03935,2026-08-21,B03,35-44,Referral
C03936,2026-06-02,B04,18-24,In-store sign-up
C03937,2024-08-20,B03,25-34,In-store sign-up
C03938,2025-02-06,B02,18-24,Instagram
C03939,2024-01-17,B01,25-34,Website
C03940,2024-07-10,B02,35-44,In-store sign-up
C03941,2024-12-01,B03,55+,Website
C03942,2026-08-08,B04,25-34,In-store sign-up
C03943,2024-11-24,B03,18-24,Website
C03944,2025-03-09,B02,55+,Referral
C03945,2024-07-09,B02,25-34,In-store sign-up
C03946,2023-04-14,B03,18-24,In-store sign-up
C03947,2023-05-13,B03,18-24,Website
C03948,2023-06-25,B01,25-34,Website
C03949,2025-11-04,B01,55+,In-store sign-up
C03950,2023-08-16,B01,25-34,In-store sign-up
C03951,2026-02-21,B01,25-34,Instagram
C03952,2026-09-24,B01,25-34,Referral
C03953,2026-05-16,B04,25-34,Website
C03954,2025-08-04,B04,18-24,Instagram
C03955,2025-12-01,B03,35-44,In-store sign-up
C03956,2023-02-28,B02,45-54,In-store sign-up
C03957,2024-11-26,B02,25-34,Website
C03958,2026-08-24,B02,45-54,Instagram
C03959,2026-02-26,B02,25-34,Website
C03960,2026-08-25,B04,25-34,In-store sign-up
C03961,2024-09-29,B01,25-34,Website
C03962,2025-01-01,B02,25-34,In-store sign-up
C03963,2024-03-17,B02,55+,In-store sign-up
C03964,2026-03-08,B04,35-44,Google
C03965,2026-06-06,B02,35-44,Website
C03966,2024-06-01,B03,25-34,In-store sign-up
C03967,2025-01-21,B01,25-34,Google
C03968,2023-06-08,B02,45-54,Website
C03969,2024-09-08,B01,25-34,In-store sign-up
C03970,2025-10-07,B04,45-54,In-store sign-up
C03971,2023-09-02,B01,45-54,Instagram
C03972,2025-08-18,B04,18-24,In-store sign-up
C03973,2026-03-26,B02,35-44,In-store sign-up
C03974,2025-04-05,B03,25-34,In-store sign-up
C03975,2023-06-28,B02,45-54,Google
C03976,2025-02-18,B03,25-34,Instagram
C03977,2024-08-29,B01,35-44,Website
C03978,2026-06-14,B02,45-54,Google
C03979,2025-10-14,B04,18-24,Google
C03980,2025-11-15,B02,25-34,Instagram
C03981,2025-10-02,B04,55+,Website
C03982,2026-08-24,B01,18-24,In-store sign-up
C03983,2026-02-08,B01,25-34,Instagram
C03984,2026-07-09,B04,25-34,In-store sign-up
C03985,2024-06-12,B01,18-24,In-store sign-up
C03986,2025-09-29,B04,18-24,Website
C03987,2026-01-06,B03,25-34,Website
C03988,2026-06-19,B02,18-24,Website
C03989,2025-10-08,B02,18-24,Website
C03990,2024-02-11,B03,25-34,Instagram
C03991,2024-09-14,B03,25-34,In-store sign-up
C03992,2025-02-27,B02,45-54,Referral
C03993,2023-06-16,B01,25-34,In-store sign-up
C03994,2026-05-23,B02,18-24,Website
C03995,2025-05-12,B01,35-44,Website
C03996,2023-07-26,B01,25-34,Google
C03997,2026-06-12,B04,45-54,In-store sign-up
C03998,2025-12-13,B01,55+,Website
C03999,2026-01-14,B01,18-24,In-store sign-up
C04000,2025-06-09,B01,35-44,Referral
C04001,2024-04-28,B03,35-44,Website
C04002,2023-11-16,B03,25-34,In-store sign-up
C04003,2025-02-20,B01,25-34,In-store sign-up
C04004,2023-07-30,B01,35-44,Instagram
C04005,2023-05-19,B02,45-54,Website
C04006,2024-02-08,B03,35-44,In-store sign-up
C04007,2023-11-25,B02,55+,In-store sign-up
C04008,2024-01-19,B02,25-34,In-store sign-up
C04009,2023-11-21,B02,45-54,In-store sign-up
C04010,2023-10-10,B01,35-44,Instagram
C04011,2025-06-11,B04,18-24,Website
C04012,2026-08-02,B02,18-24,Instagram
C04013,2023-02-10,B01,45-54,In-store sign-up
C04014,2026-01-31,B01,35-44,In-store sign-up
C04015,2023-09-13,B03,18-24,Google
C04016,2025-11-03,B03,55+,Website
C04017,2024-07-12,B01,35-44,In-store sign-up
C04018,2026-06-22,B01,35-44,In-store sign-up
C04019,2023-12-29,B01,55+,Instagram
C04020,2024-02-26,B03,18-24,Google
C04021,2026-07-03,B01,25-34,Google
C04022,2025-10-07,B04,18-24,In-store sign-up
C04023,2023-04-19,B02,18-24,In-store sign-up
C04024,2025-11-21,B04,55+,Website
C04025,2025-03-15,B03,55+,Instagram
C04026,2023-05-31,B03,25-34,In-store sign-up
C04027,2023-07-31,B02,35-44,Google
C04028,2024-02-20,B01,55+,Website
C04029,2024-03-11,B01,18-24,In-store sign-up
C04030,2024-04-01,B01,55+,Instagram
C04031,2026-08-19,B02,25-34,Website
C04032,2024-07-29,B02,35-44,In-store sign-up
C04033,2024-03-16,B02,35-44,Website
C04034,2026-06-26,B04,25-34,In-store sign-up
C04035,2025-01-07,B01,18-24,Website
C04036,2024-07-23,B03,45-54,In-store sign-up
C04037,2025-04-02,B01,25-34,In-store sign-up
C04038,2024-12-28,B01,45-54,In-store sign-up
C04039,2023-01-04,B02,55+,Instagram
C04040,2026-01-26,B04,25-34,Google
C04041,2024-01-27,B02,25-34,Instagram
C04042,2025-04-22,B03,55+,Website
C04043,2023-05-19,B02,45-54,Instagram
C04044,2024-05-13,B02,55+,Google
C04045,2024-11-19,B02,25-34,Referral
C04046,2025-01-01,B03,25-34,Instagram
C04047,2026-01-03,B02,25-34,In-store sign-up
C04048,2026-09-16,B01,45-54,Google
C04049,2025-08-08,B03,35-44,In-store sign-up
C04050,2026-06-27,B04,45-54,In-store sign-up
C04051,2025-12-29,B03,25-34,In-store sign-up
C04052,2024-07-29,B01,25-34,In-store sign-up
C04053,2026-05-04,B04,18-24,Website
C04054,2024-12-12,B03,55+,In-store sign-up
C04055,2025-11-27,B02,25-34,Instagram
C04056,2024-10-25,B01,55+,Instagram
C04057,2023-02-02,B01,25-34,In-store sign-up
C04058,2025-12-01,B03,25-34,In-store sign-up
C04059,2026-07-23,B03,25-34,In-store sign-up
C04060,2026-08-24,B01,35-44,Referral
C04061,2024-10-18,B02,35-44,Instagram
C04062,2026-02-09,B01,25-34,In-store sign-up
C04063,2025-04-29,B01,25-34,In-store sign-up
C04064,2023-04-12,B02,35-44,In-store sign-up
C04065,2024-12-18,B01,18-24,In-store sign-up
C04066,2026-05-02,B04,25-34,In-store sign-up
C04067,2023-01-07,B02,18-24,In-store sign-up
C04068,2025-01-10,B01,25-34,Website
C04069,2025-07-03,B04,18-24,In-store sign-up
C04070,2026-01-11,B03,35-44,Instagram
C04071,2025-07-21,B02,45-54,In-store sign-up
C04072,2025-02-19,B02,18-24,Instagram
C04073,2023-01-31,B01,25-34,In-store sign-up
C04074,2024-10-16,B01,45-54,In-store sign-up
C04075,2024-09-02,B01,18-24,Instagram
C04076,2025-03-18,B01,25-34,In-store sign-up
C04077,2026-06-26,B04,45-54,In-store sign-up
C04078,2025-12-27,B04,55+,In-store sign-up
C04079,2023-10-22,B01,35-44,In-store sign-up
C04080,2025-12-14,B04,18-24,In-store sign-up
C04081,2026-03-06,B04,45-54,In-store sign-up
C04082,2025-12-14,B04,35-44,In-store sign-up
C04083,2026-01-25,B02,25-34,Website
C04084,2023-06-19,B02,25-34,Website
C04085,2026-05-09,B02,18-24,Website
C04086,2026-09-04,B02,35-44,Instagram
C04087,2024-06-24,B02,18-24,Google
C04088,2026-04-28,B02,35-44,Referral
C04089,2025-09-14,B04,35-44,Website
C04090,2023-11-23,B02,25-34,In-store sign-up
C04091,2024-10-01,B03,25-34,In-store sign-up
C04092,2024-09-01,B03,45-54,Google
C04093,2026-04-09,B01,25-34,Website
C04094,2024-10-20,B03,55+,Instagram
C04095,2023-04-03,B03,18-24,Instagram
C04096,2023-01-09,B02,35-44,Website
C04097,2025-12-24,B04,45-54,Instagram
C04098,2024-02-22,B01,45-54,In-store sign-up
C04099,2025-07-19,B01,35-44,Website
C04100,2024-12-15,B01,45-54,In-store sign-up
C04101,2025-10-13,B04,25-34,Instagram
C04102,2023-11-03,B02,25-34,Instagram
C04103,2024-12-26,B03,25-34,Google
C04104,2023-08-18,B03,18-24,Website
C04105,2023-02-15,B02,35-44,Instagram
C04106,2025-01-16,B02,25-34,Website
C04107,2024-03-05,B02,45-54,Instagram
C04108,2023-06-24,B02,45-54,In-store sign-up
C04109,2025-04-07,B03,35-44,Google
C04110,2023-12-24,B01,18-24,In-store sign-up
C04111,2023-10-20,B03,25-34,Instagram
C04112,2024-05-02,B01,45-54,Referral
C04113,2024-09-24,B02,35-44,Google
C04114,2025-11-29,B04,35-44,Google
C04115,2025-03-28,B02,35-44,Google
C04116,2026-04-18,B02,35-44,Google
C04117,2023-04-07,B03,25-34,In-store sign-up
C04118,2023-06-14,B02,18-24,In-store sign-up
C04119,2026-07-31,B04,55+,In-store sign-up
C04120,2024-08-24,B03,18-24,Website
C04121,2025-10-31,B04,25-34,In-store sign-up
C04122,2023-10-28,B01,25-34,Google
C04123,2023-01-11,B03,25-34,Referral
C04124,2026-04-02,B02,55+,Referral
C04125,2025-09-19,B03,45-54,Instagram
C04126,2024-10-26,B01,25-34,Instagram
C04127,2025-12-19,B02,45-54,Website
C04128,2023-05-02,B03,45-54,Instagram
C04129,2025-12-03,B04,45-54,Google
C04130,2023-12-20,B01,45-54,Website
C04131,2023-08-19,B03,35-44,Website
C04132,2025-08-14,B01,45-54,Instagram
C04133,2023-02-16,B02,25-34,Instagram
C04134,2025-02-02,B03,18-24,Instagram
C04135,2026-02-03,B02,45-54,Google
C04136,2025-06-19,B04,35-44,Website
C04137,2024-12-18,B01,35-44,In-store sign-up
C04138,2025-07-06,B03,25-34,Instagram
C04139,2025-07-28,B04,45-54,Instagram
C04140,2023-11-21,B03,35-44,Website
C04141,2026-03-17,B01,55+,Website
C04142,2026-08-15,B01,35-44,In-store sign-up
C04143,2026-07-01,B01,18-24,Website
C04144,2024-05-19,B02,25-34,Website
C04145,2025-04-05,B02,55+,Website
C04146,2023-08-29,B02,18-24,Google
C04147,2024-11-29,B01,25-34,In-store sign-up
C04148,2026-09-14,B02,35-44,Instagram
C04149,2024-12-11,B02,18-24,Website
C04150,2026-08-28,B02,55+,In-store sign-up
C04151,2023-01-14,B02,35-44,Instagram
C04152,2023-02-13,B03,55+,Google
C04153,2026-07-28,B01,25-34,Instagram
C04154,2026-06-01,B04,55+,Instagram
C04155,2025-10-09,B04,18-24,Instagram
C04156,2026-05-09,B01,25-34,Website
C04157,2026-01-29,B02,25-34,Instagram
C04158,2026-02-19,B04,45-54,Instagram
C04159,2024-11-23,B02,35-44,Website
C04160,2026-05-20,B04,45-54,In-store sign-up
C04161,2023-04-23,B02,18-24,Instagram
C04162,2024-12-31,B03,35-44,Google
C04163,2025-10-20,B02,35-44,In-store sign-up
C04164,2024-03-17,B02,25-34,Instagram
C04165,2024-12-22,B02,35-44,Google
C04166,2025-03-06,B02,25-34,Website
C04167,2025-03-28,B02,35-44,In-store sign-up
C04168,2025-12-06,B04,35-44,In-store sign-up
C04169,2026-01-18,B01,18-24,Website
C04170,2024-12-13,B01,25-34,In-store sign-up
C04171,2023-12-09,B01,35-44,In-store sign-up
C04172,2025-10-27,B04,45-54,Google
C04173,2026-02-07,B04,35-44,Google
C04174,2024-10-20,B02,35-44,Website
C04175,2023-07-01,B03,18-24,Referral
C04176,2024-03-01,B01,35-44,Instagram
C04177,2026-01-05,B03,35-44,Website
C04178,2023-07-24,B02,55+,Website
C04179,2023-12-19,B02,45-54,In-store sign-up
C04180,2026-05-05,B02,25-34,In-store sign-up
C04181,2026-08-20,B01,45-54,In-store sign-up
C04182,2026-07-13,B04,25-34,Google
C04183,2025-09-05,B04,35-44,In-store sign-up
C04184,2025-10-17,B04,55+,Website
C04185,2025-04-30,B02,55+,In-store sign-up
C04186,2026-04-19,B02,55+,In-store sign-up
C04187,2025-06-15,B02,25-34,Google
C04188,2026-03-07,B04,25-34,Website
C04189,2025-09-08,B02,18-24,In-store sign-up
C04190,2023-08-20,B01,45-54,In-store sign-up
C04191,2025-05-05,B02,25-34,In-store sign-up
C04192,2025-03-25,B03,35-44,In-store sign-up
C04193,2025-10-28,B04,35-44,Google
C04194,2023-03-18,B02,45-54,Referral
C04195,2025-11-17,B01,55+,Google
C04196,2024-08-08,B01,25-34,Website
C04197,2024-10-31,B01,25-34,Referral
C04198,2023-05-30,B02,45-54,Google
C04199,2026-08-17,B01,45-54,In-store sign-up
C04200,2023-12-30,B01,18-24,Google
C04201,2026-08-23,B02,25-34,Website
C04202,2024-08-17,B01,18-24,Google
C04203,2024-09-20,B02,35-44,Referral
C04204,2025-03-12,B01,18-24,Website
C04205,2025-08-02,B02,25-34,In-store sign-up
C04206,2026-08-24,B03,55+,Website
C04207,2026-08-08,B02,18-24,Instagram
C04208,2024-11-11,B01,35-44,In-store sign-up
C04209,2024-05-21,B01,18-24,Referral
C04210,2025-05-29,B01,18-24,Referral
C04211,2025-04-26,B02,35-44,Website
C04212,2023-01-18,B02,25-34,In-store sign-up
C04213,2026-01-24,B02,55+,Referral
C04214,2026-01-17,B04,45-54,Website
C04215,2023-12-13,B03,25-34,Google
C04216,2023-01-06,B02,45-54,Website
C04217,2024-06-29,B02,45-54,In-store sign-up
C04218,2023-11-11,B02,35-44,In-store sign-up
C04219,2024-10-31,B03,18-24,Referral
C04220,2024-12-27,B03,45-54,Website
C04221,2023-06-25,B02,55+,Google
C04222,2025-04-05,B03,25-34,Website
C04223,2024-06-30,B01,35-44,In-store sign-up
C04224,2025-03-06,B02,25-34,In-store sign-up
C04225,2025-09-17,B02,35-44,Google
C04226,2026-08-29,B04,55+,Referral
C04227,2026-09-28,B04,35-44,Website
C04228,2024-07-15,B01,18-24,Referral
C04229,2023-12-08,B01,25-34,Instagram
C04230,2023-08-05,B03,25-34,Website
C04231,2026-04-06,B04,55+,Referral
C04232,2026-02-13,B01,35-44,Referral
C04233,2024-11-16,B02,35-44,In-store sign-up
C04234,2023-09-27,B03,45-54,Website
C04235,2025-05-22,B02,25-34,Referral
C04236,2023-11-21,B02,55+,Website
C04237,2023-10-24,B02,18-24,In-store sign-up
C04238,2025-10-15,B02,25-34,Website
C04239,2026-09-20,B01,45-54,Website
C04240,2025-06-10,B04,35-44,Referral
C04241,2025-02-02,B03,45-54,Instagram
C04242,2025-08-25,B04,18-24,In-store sign-up
C04243,2023-11-05,B03,25-34,In-store sign-up
C04244,2023-07-11,B01,18-24,In-store sign-up
C04245,2026-07-06,B01,25-34,In-store sign-up
C04246,2024-08-24,B02,25-34,Instagram
C04247,2024-10-07,B02,25-34,Website
C04248,2024-08-13,B03,25-34,Instagram
C04249,2023-11-14,B02,25-34,Referral
C04250,2025-09-17,B04,25-34,Referral
C04251,2023-01-04,B02,35-44,Referral
C04252,2026-04-22,B04,18-24,Website
C04253,2024-02-11,B01,25-34,Google
C04254,2023-11-30,B03,45-54,In-store sign-up
C04255,2024-12-04,B02,25-34,In-store sign-up
C04256,2023-04-27,B02,25-34,In-store sign-up
C04257,2026-08-29,B02,18-24,Website
C04258,2023-10-10,B01,18-24,Website
C04259,2025-04-02,B02,25-34,Website
C04260,2026-06-12,B01,35-44,Website
C04261,2023-11-25,B01,18-24,Website
C04262,2025-02-24,B01,45-54,In-store sign-up
C04263,2025-08-27,B02,45-54,In-store sign-up
C04264,2024-11-13,B03,25-34,Website
C04265,2024-02-13,B01,45-54,Instagram
C04266,2025-06-29,B04,25-34,In-store sign-up
C04267,2026-02-01,B03,25-34,Instagram
C04268,2024-12-20,B03,25-34,Google
C04269,2024-07-31,B01,25-34,In-store sign-up
C04270,2025-12-14,B04,45-54,Instagram
C04271,2025-06-23,B02,25-34,In-store sign-up
C04272,2025-06-11,B04,18-24,Instagram
C04273,2025-07-23,B02,25-34,In-store sign-up
C04274,2026-06-09,B02,35-44,In-store sign-up
C04275,2024-10-23,B03,25-34,In-store sign-up
C04276,2025-04-20,B03,25-34,In-store sign-up
C04277,2026-02-21,B04,25-34,Instagram
C04278,2025-05-31,B02,25-34,In-store sign-up
C04279,2024-12-25,B03,25-34,Google
C04280,2023-07-22,B01,35-44,Referral
C04281,2026-06-04,B04,18-24,In-store sign-up
C04282,2023-01-28,B02,18-24,Website
C04283,2025-07-04,B03,35-44,In-store sign-up
C04284,2024-11-22,B01,25-34,Google
C04285,2025-01-01,B03,25-34,Google
C04286,2026-01-29,B03,25-34,Website
C04287,2026-05-13,B01,55+,In-store sign-up
C04288,2026-06-17,B03,25-34,Instagram
C04289,2023-09-25,B02,35-44,Referral
C04290,2023-01-02,B01,35-44,Instagram
C04291,2026-07-27,B04,25-34,Referral
C04292,2025-12-09,B02,35-44,In-store sign-up
C04293,2026-07-11,B04,55+,Google
C04294,2026-09-27,B02,25-34,In-store sign-up
C04295,2026-01-03,B01,18-24,Website
C04296,2023-09-07,B02,35-44,In-store sign-up
C04297,2024-10-18,B02,35-44,Website
C04298,2026-08-04,B04,55+,Website
C04299,2026-04-19,B03,55+,Referral
C04300,2025-12-18,B03,45-54,Google
C04301,2026-03-23,B02,35-44,In-store sign-up
C04302,2025-05-18,B01,18-24,Instagram
C04303,2024-05-07,B02,25-34,In-store sign-up
C04304,2024-06-09,B02,45-54,Instagram
C04305,2023-05-27,B01,25-34,Website
C04306,2023-02-16,B01,55+,In-store sign-up
C04307,2026-06-23,B03,18-24,Referral
C04308,2024-08-04,B03,25-34,In-store sign-up
C04309,2025-11-16,B03,18-24,Google
C04310,2025-07-17,B01,35-44,In-store sign-up
C04311,2023-03-17,B01,25-34,In-store sign-up
C04312,2024-10-30,B02,35-44,Google
C04313,2025-09-26,B01,45-54,In-store sign-up
C04314,2023-05-29,B03,25-34,Google
C04315,2025-10-20,B01,25-34,Instagram
C04316,2026-06-30,B04,55+,Website
C04317,2025-03-05,B01,45-54,In-store sign-up
C04318,2026-02-27,B01,18-24,Google
C04319,2023-11-09,B03,35-44,Google
C04320,2026-01-10,B02,45-54,Google
C04321,2024-10-27,B02,25-34,Google
C04322,2026-07-17,B02,35-44,Website
C04323,2026-04-26,B03,18-24,Website
C04324,2025-12-03,B03,25-34,Instagram
C04325,2024-11-20,B02,35-44,Instagram
C04326,2024-05-28,B03,18-24,In-store sign-up
C04327,2025-07-20,B03,45-54,Website
C04328,2025-04-28,B02,35-44,Google
C04329,2024-05-12,B02,18-24,In-store sign-up
C04330,2026-01-31,B02,55+,In-store sign-up
C04331,2023-04-08,B02,25-34,Instagram
C04332,2023-10-09,B03,45-54,In-store sign-up
C04333,2026-03-12,B02,45-54,Google
C04334,2024-08-17,B01,55+,Google
C04335,2026-01-25,B04,18-24,Referral
C04336,2024-04-28,B02,35-44,Google
C04337,2023-02-05,B03,35-44,Instagram
C04338,2024-09-05,B03,55+,In-store sign-up
C04339,2026-08-16,B01,55+,Referral
C04340,2024-11-17,B01,45-54,In-store sign-up
C04341,2025-12-28,B02,35-44,Referral
C04342,2023-04-03,B03,18-24,In-store sign-up
C04343,2023-07-29,B02,18-24,Instagram
C04344,2026-07-07,B01,25-34,Website
C04345,2024-09-21,B02,25-34,Instagram
C04346,2023-08-02,B03,25-34,In-store sign-up
C04347,2024-02-14,B01,45-54,In-store sign-up
C04348,2024-05-21,B02,45-54,In-store sign-up
C04349,2024-01-01,B02,55+,Instagram
C04350,2024-06-25,B03,45-54,Website
C04351,2026-02-19,B03,18-24,Instagram
C04352,2023-01-28,B03,35-44,In-store sign-up
C04353,2026-02-26,B02,25-34,Google
C04354,2026-01-02,B01,35-44,Instagram
C04355,2023-09-14,B02,25-34,In-store sign-up
C04356,2024-05-16,B02,35-44,Referral
C04357,2025-07-22,B01,25-34,Website
C04358,2025-05-15,B01,55+,Referral
C04359,2023-06-21,B01,35-44,Website
C04360,2023-12-21,B01,55+,Google
C04361,2023-09-01,B03,55+,Instagram
C04362,2026-01-14,B01,55+,In-store sign-up
C04363,2024-09-24,B03,35-44,In-store sign-up
C04364,2026-02-22,B04,18-24,In-store sign-up
C04365,2026-06-10,B04,45-54,Google
C04366,2023-07-07,B03,25-34,Website
C04367,2024-09-25,B03,25-34,Google
C04368,2024-02-08,B01,18-24,Google
C04369,2026-08-27,B03,35-44,Instagram
C04370,2026-07-11,B04,25-34,Instagram
C04371,2025-10-27,B01,35-44,In-store sign-up
C04372,2025-03-19,B01,45-54,In-store sign-up
C04373,2024-05-22,B02,25-34,Instagram
C04374,2024-05-25,B02,35-44,Instagram
C04375,2023-11-25,B01,35-44,Google
C04376,2025-10-06,B03,25-34,In-store sign-up
C04377,2025-06-16,B04,55+,Instagram
C04378,2025-10-01,B03,35-44,Instagram
C04379,2026-04-06,B04,18-24,In-store sign-up
C04380,2025-12-03,B03,25-34,Referral
C04381,2025-12-25,B02,55+,In-store sign-up
C04382,2023-05-14,B02,18-24,Instagram
C04383,2023-03-21,B02,45-54,In-store sign-up
C04384,2024-05-30,B02,25-34,Instagram
C04385,2025-10-04,B04,45-54,Website
C04386,2024-10-17,B03,25-34,In-store sign-up
C04387,2024-01-14,B03,25-34,Google
C04388,2023-02-01,B01,25-34,Referral
C04389,2026-03-14,B01,25-34,In-store sign-up
C04390,2025-11-22,B04,35-44,Website
C04391,2025-09-23,B02,18-24,Referral
C04392,2026-05-24,B03,25-34,In-store sign-up
C04393,2023-05-24,B01,45-54,In-store sign-up
C04394,2023-11-17,B01,25-34,In-store sign-up
C04395,2026-01-29,B04,18-24,In-store sign-up
C04396,2023-11-09,B02,55+,Google
C04397,2025-04-01,B02,25-34,Website
C04398,2024-05-31,B03,35-44,Website
C04399,2025-02-02,B02,45-54,In-store sign-up
C04400,2023-07-21,B02,25-34,Website
C04401,2026-09-04,B04,45-54,In-store sign-up
C04402,2024-02-11,B01,18-24,Instagram
C04403,2025-03-08,B02,35-44,Referral
C04404,2023-07-25,B01,18-24,Website
C04405,2025-10-16,B04,55+,Instagram
C04406,2026-01-13,B04,35-44,Google
C04407,2023-09-15,B02,25-34,Google
C04408,2024-09-19,B02,25-34,Website
C04409,2026-03-05,B04,18-24,Instagram
C04410,2023-03-05,B01,35-44,Google
C04411,2025-05-29,B01,25-34,In-store sign-up
C04412,2024-05-07,B03,45-54,Referral
C04413,2025-09-03,B01,35-44,Referral
C04414,2023-09-03,B03,18-24,In-store sign-up
C04415,2025-06-25,B03,35-44,Google
C04416,2025-05-17,B03,55+,In-store sign-up
C04417,2024-10-21,B01,18-24,Google
C04418,2023-06-21,B02,55+,In-store sign-up
C04419,2024-02-03,B01,25-34,Google
C04420,2026-03-28,B02,55+,Instagram
C04421,2025-09-30,B04,55+,Referral
C04422,2026-04-28,B02,25-34,Google
C04423,2024-08-29,B01,35-44,Instagram
C04424,2025-12-28,B01,25-34,Website
C04425,2023-03-27,B02,25-34,Website
C04426,2024-12-08,B03,25-34,Instagram
C04427,2024-08-22,B01,25-34,In-store sign-up
C04428,2025-10-23,B01,55+,In-store sign-up
C04429,2025-06-18,B01,55+,Google
C04430,2023-12-28,B02,55+,Google
C04431,2023-08-05,B02,55+,Instagram
C04432,2023-09-25,B01,35-44,In-store sign-up
C04433,2026-03-07,B04,35-44,In-store sign-up
C04434,2023-07-04,B02,18-24,Website
C04435,2026-07-22,B01,25-34,In-store sign-up
C04436,2025-04-11,B02,35-44,Instagram
C04437,2025-02-11,B02,25-34,In-store sign-up
C04438,2025-12-19,B02,35-44,Instagram
C04439,2025-07-09,B03,25-34,Google
C04440,2026-06-24,B01,35-44,Google
C04441,2025-10-28,B04,18-24,Instagram
C04442,2025-12-30,B03,35-44,In-store sign-up
C04443,2024-11-09,B01,18-24,In-store sign-up
C04444,2025-09-12,B01,35-44,Website
C04445,2023-05-18,B01,45-54,In-store sign-up
C04446,2025-11-14,B01,25-34,Google
C04447,2025-05-19,B01,35-44,Website
C04448,2026-01-08,B04,18-24,Website
C04449,2023-04-15,B02,55+,Google
C04450,2024-03-20,B01,45-54,Instagram
C04451,2025-11-17,B04,18-24,In-store sign-up
C04452,2024-10-31,B02,35-44,Website
C04453,2026-08-15,B03,35-44,In-store sign-up
C04454,2025-01-29,B01,25-34,In-store sign-up
C04455,2026-08-18,B01,45-54,In-store sign-up
C04456,2025-07-07,B03,45-54,Referral
C04457,2026-09-09,B03,35-44,In-store sign-up
C04458,2025-09-17,B02,35-44,In-store sign-up
C04459,2025-10-27,B02,25-34,Google
C04460,2024-07-26,B01,18-24,In-store sign-up
C04461,2023-10-08,B01,55+,In-store sign-up
C04462,2023-07-20,B01,35-44,Google
C04463,2023-11-05,B02,25-34,Instagram
C04464,2025-04-02,B01,45-54,In-store sign-up
C04465,2023-10-19,B02,45-54,Website
C04466,2025-08-27,B04,45-54,Referral
C04467,2024-11-26,B02,25-34,Google
C04468,2025-12-07,B03,25-34,In-store sign-up
C04469,2025-09-02,B04,55+,In-store sign-up
C04470,2026-01-29,B04,35-44,In-store sign-up
C04471,2024-07-11,B02,18-24,In-store sign-up
C04472,2025-06-08,B04,25-34,Referral
C04473,2026-01-23,B04,25-34,Website
C04474,2026-01-09,B03,25-34,In-store sign-up
C04475,2025-02-15,B01,45-54,In-store sign-up
C04476,2024-02-12,B02,35-44,In-store sign-up
C04477,2026-06-20,B01,25-34,Website
C04478,2023-10-28,B02,55+,Website
C04479,2025-02-24,B01,25-34,Google
C04480,2026-05-30,B02,25-34,Instagram
C04481,2024-04-18,B02,35-44,Instagram
C04482,2025-02-09,B02,25-34,In-store sign-up
C04483,2025-08-27,B01,25-34,In-store sign-up
C04484,2026-04-22,B04,35-44,In-store sign-up
C04485,2026-08-23,B02,35-44,In-store sign-up
C04486,2026-07-02,B02,35-44,Instagram
C04487,2024-08-26,B01,35-44,In-store sign-up
C04488,2025-04-01,B01,18-24,In-store sign-up
C04489,2025-01-09,B01,55+,Website
C04490,2023-07-04,B01,18-24,Website
C04491,2026-09-20,B03,35-44,Website
C04492,2024-07-25,B02,25-34,In-store sign-up
C04493,2026-05-18,B03,18-24,In-store sign-up
C04494,2024-01-06,B01,35-44,In-store sign-up
C04495,2025-09-10,B03,35-44,Google
C04496,2026-06-22,B01,25-34,In-store sign-up
C04497,2023-06-18,B03,18-24,Referral
C04498,2024-11-19,B02,18-24,In-store sign-up
C04499,2024-11-13,B01,18-24,Instagram
C04500,2026-07-25,B04,55+,Website
C04501,2026-03-24,B04,25-34,Google
C04502,2024-09-25,B02,35-44,In-store sign-up
C04503,2024-01-17,B03,35-44,In-store sign-up
C04504,2023-08-12,B03,25-34,In-store sign-up
C04505,2025-09-10,B04,45-54,Google
C04506,2025-10-28,B01,25-34,In-store sign-up
C04507,2026-05-17,B01,25-34,Website
C04508,2023-01-20,B01,18-24,In-store sign-up
C04509,2026-02-01,B03,35-44,Website
C04510,2025-12-04,B03,18-24,Google
C04511,2025-09-19,B04,25-34,In-store sign-up
C04512,2023-07-09,B01,25-34,Instagram
C04513,2025-11-26,B02,25-34,Google
C04514,2025-11-22,B02,25-34,Instagram
C04515,2024-09-26,B01,35-44,In-store sign-up
C04516,2025-07-02,B04,45-54,Google
C04517,2025-03-26,B02,35-44,In-store sign-up
C04518,2026-02-12,B03,18-24,Referral
C04519,2025-08-28,B02,25-34,Website
C04520,2026-08-09,B02,35-44,In-store sign-up
C04521,2025-06-05,B03,25-34,Google
C04522,2026-04-07,B02,35-44,In-store sign-up
C04523,2025-10-12,B02,25-34,In-store sign-up
C04524,2026-06-04,B04,55+,In-store sign-up
C04525,2023-12-10,B01,35-44,In-store sign-up
C04526,2025-04-23,B02,18-24,Google
C04527,2025-08-19,B02,18-24,In-store sign-up
C04528,2025-11-24,B02,45-54,Website
C04529,2026-05-03,B03,25-34,Website
C04530,2023-11-02,B02,18-24,In-store sign-up
C04531,2024-06-08,B03,35-44,In-store sign-up
C04532,2023-01-20,B01,25-34,Referral
C04533,2024-05-31,B01,18-24,In-store sign-up
C04534,2023-02-13,B01,55+,Referral
C04535,2026-02-10,B01,25-34,Website
C04536,2023-09-11,B01,45-54,Website
C04537,2023-10-24,B03,55+,Website
C04538,2025-03-23,B02,55+,In-store sign-up
C04539,2025-06-09,B04,25-34,Website
C04540,2025-10-10,B04,45-54,Instagram
C04541,2024-04-20,B01,35-44,Website
C04542,2024-08-19,B02,25-34,In-store sign-up
C04543,2024-09-09,B02,18-24,Instagram
C04544,2025-01-25,B01,25-34,Website
C04545,2023-07-15,B03,45-54,In-store sign-up
C04546,2023-05-30,B01,18-24,Google
C04547,2025-02-23,B02,45-54,In-store sign-up
C04548,2025-12-28,B03,18-24,In-store sign-up
C04549,2026-01-31,B04,35-44,Website
C04550,2023-05-18,B02,55+,Instagram
C04551,2023-11-12,B02,18-24,Website
C04552,2026-07-24,B03,45-54,Website
C04553,2023-06-12,B01,18-24,Google
C04554,2024-05-02,B01,25-34,Referral
C04555,2025-08-31,B02,45-54,In-store sign-up
C04556,2025-12-22,B01,18-24,Google
C04557,2023-07-19,B02,25-34,Instagram
C04558,2025-07-28,B02,35-44,Google
C04559,2023-09-11,B03,18-24,Website
C04560,2026-05-29,B04,18-24,In-store sign-up
C04561,2025-11-28,B02,55+,In-store sign-up
C04562,2025-04-22,B02,25-34,In-store sign-up
C04563,2023-04-08,B01,18-24,Website
C04564,2026-05-03,B02,45-54,In-store sign-up
C04565,2025-06-28,B02,35-44,In-store sign-up
C04566,2026-06-16,B04,18-24,Google
C04567,2025-05-27,B01,45-54,In-store sign-up
C04568,2025-01-26,B02,18-24,Instagram
C04569,2026-02-15,B02,18-24,Website
C04570,2025-09-01,B04,35-44,Instagram
C04571,2026-07-06,B03,55+,In-store sign-up
C04572,2026-08-19,B04,25-34,In-store sign-up
C04573,2024-06-24,B03,35-44,Google
C04574,2023-05-15,B03,35-44,Google
C04575,2024-06-19,B01,35-44,In-store sign-up
C04576,2023-08-12,B02,55+,In-store sign-up
C04577,2026-01-15,B01,25-34,Website
C04578,2026-04-25,B04,55+,Website
C04579,2025-03-15,B03,55+,Website
C04580,2026-04-11,B01,25-34,Website
C04581,2023-07-30,B01,25-34,In-store sign-up
C04582,2023-05-30,B01,35-44,Website
C04583,2025-12-27,B02,25-34,Google
C04584,2025-10-24,B04,35-44,In-store sign-up
C04585,2023-02-12,B02,55+,In-store sign-up
C04586,2025-08-29,B02,35-44,In-store sign-up
C04587,2026-03-09,B03,45-54,Website
C04588,2023-08-08,B02,35-44,Instagram
C04589,2023-04-25,B02,35-44,In-store sign-up
C04590,2024-08-27,B03,18-24,Instagram
C04591,2023-02-08,B02,45-54,Instagram
C04592,2025-01-02,B02,18-24,Website
C04593,2026-08-08,B04,45-54,Instagram
C04594,2023-11-23,B02,25-34,In-store sign-up
C04595,2026-09-12,B02,25-34,Referral
C04596,2025-01-16,B03,25-34,Instagram
C04597,2026-06-30,B03,25-34,Instagram
C04598,2025-12-21,B01,25-34,Website
C04599,2024-03-21,B01,35-44,Website
C04600,2024-04-16,B02,45-54,In-store sign-up
C04601,2025-08-01,B02,55+,In-store sign-up
C04602,2023-03-01,B02,18-24,Instagram
C04603,2026-06-18,B01,45-54,Instagram
C04604,2023-01-30,B02,25-34,Website
C04605,2026-06-12,B04,25-34,Website
C04606,2025-01-20,B02,45-54,Website
C04607,2024-07-08,B03,18-24,Google
C04608,2025-03-04,B03,25-34,Referral
C04609,2024-01-01,B03,45-54,Website
C04610,2026-05-29,B02,25-34,In-store sign-up
C04611,2026-07-02,B02,18-24,In-store sign-up
C04612,2024-07-06,B03,18-24,Instagram
C04613,2024-03-15,B02,25-34,In-store sign-up
C04614,2025-08-16,B02,45-54,In-store sign-up
C04615,2025-03-25,B02,45-54,Website
C04616,2026-05-22,B01,18-24,In-store sign-up
C04617,2026-04-17,B03,35-44,In-store sign-up
C04618,2026-03-31,B02,35-44,Website
C04619,2024-05-26,B03,45-54,Website
C04620,2024-10-30,B02,45-54,In-store sign-up
C04621,2025-01-27,B02,55+,Google
C04622,2023-01-04,B03,45-54,In-store sign-up
C04623,2026-08-08,B03,25-34,Instagram
C04624,2024-05-30,B03,35-44,Google
C04625,2025-06-29,B04,25-34,In-store sign-up
C04626,2025-03-28,B02,45-54,Website
C04627,2024-03-29,B01,35-44,Referral
C04628,2023-04-17,B01,18-24,Website
C04629,2026-01-16,B01,25-34,Website
C04630,2025-09-18,B04,35-44,Website
C04631,2025-07-27,B01,25-34,In-store sign-up
C04632,2024-12-27,B01,35-44,Referral
C04633,2025-08-31,B04,35-44,Google
C04634,2023-07-24,B03,45-54,In-store sign-up
C04635,2026-06-07,B04,25-34,Instagram
C04636,2023-10-24,B01,18-24,In-store sign-up
C04637,2026-01-16,B04,35-44,In-store sign-up
C04638,2025-12-31,B02,45-54,Referral
C04639,2025-01-01,B03,35-44,In-store sign-up
C04640,2025-10-06,B02,18-24,Google
C04641,2025-09-10,B04,25-34,Website
C04642,2025-08-06,B04,45-54,Google
C04643,2026-09-02,B01,35-44,In-store sign-up
C04644,2023-10-25,B02,18-24,Google
C04645,2023-05-13,B01,25-34,Referral
C04646,2025-11-22,B02,45-54,In-store sign-up
C04647,2026-09-08,B03,35-44,In-store sign-up
C04648,2024-12-02,B02,25-34,In-store sign-up
C04649,2026-06-16,B01,35-44,Website
C04650,2026-07-23,B01,55+,In-store sign-up
C04651,2026-02-13,B04,35-44,In-store sign-up
C04652,2024-06-20,B02,18-24,Instagram
C04653,2023-06-18,B03,25-34,Google
C04654,2023-03-06,B02,35-44,Website
C04655,2024-04-25,B01,18-24,Website
C04656,2025-02-17,B01,18-24,Google
C04657,2025-05-12,B01,25-34,Google
C04658,2023-08-09,B03,45-54,Instagram
C04659,2026-03-31,B04,35-44,Google
C04660,2025-12-13,B02,18-24,In-store sign-up
C04661,2026-03-26,B04,25-34,Website
C04662,2025-12-28,B01,35-44,In-store sign-up
C04663,2026-07-22,B02,55+,Instagram
C04664,2025-10-25,B04,35-44,Website
C04665,2026-01-21,B04,35-44,Instagram
C04666,2023-10-23,B03,55+,In-store sign-up
C04667,2025-05-07,B01,45-54,Google
C04668,2025-06-03,B02,18-24,Referral
C04669,2023-10-31,B01,35-44,Website
C04670,2024-09-12,B02,35-44,Website
C04671,2024-06-11,B02,18-24,Referral
C04672,2026-05-26,B01,45-54,In-store sign-up
C04673,2025-01-17,B01,35-44,Website
C04674,2024-07-15,B01,35-44,Instagram
C04675,2024-02-21,B01,18-24,Google
C04676,2023-04-14,B01,55+,Instagram
C04677,2024-02-15,B02,35-44,In-store sign-up
C04678,2023-07-26,B03,35-44,In-store sign-up
C04679,2026-09-17,B01,35-44,Google
C04680,2026-07-03,B02,35-44,Website
C04681,2026-04-17,B01,45-54,Website
C04682,2026-09-11,B04,25-34,Website
C04683,2023-02-16,B03,25-34,Google
C04684,2024-05-02,B02,35-44,Instagram
C04685,2026-05-17,B01,25-34,In-store sign-up
C04686,2023-09-25,B02,25-34,Referral
C04687,2023-01-30,B02,45-54,Website
C04688,2026-08-19,B02,25-34,In-store sign-up
C04689,2024-05-01,B01,55+,In-store sign-up
C04690,2023-01-12,B03,45-54,In-store sign-up
C04691,2023-05-29,B01,35-44,In-store sign-up
C04692,2026-02-21,B01,25-34,Website
C04693,2026-07-23,B04,25-34,Website
C04694,2023-02-18,B01,25-34,In-store sign-up
C04695,2023-12-22,B03,35-44,Website
C04696,2024-04-08,B01,35-44,Instagram
C04697,2023-10-31,B02,35-44,In-store sign-up
C04698,2026-01-01,B02,18-24,Instagram
C04699,2024-09-06,B01,35-44,In-store sign-up
C04700,2026-05-25,B02,35-44,In-store sign-up
C04701,2025-07-02,B02,35-44,Instagram
C04702,2023-11-08,B01,35-44,Instagram
C04703,2025-06-09,B04,25-34,Google
C04704,2025-09-03,B03,45-54,In-store sign-up
C04705,2024-02-04,B01,35-44,Instagram
C04706,2025-08-28,B01,35-44,In-store sign-up
C04707,2025-10-20,B04,25-34,Referral
C04708,2026-09-18,B01,55+,In-store sign-up
C04709,2025-11-10,B03,35-44,In-store sign-up
C04710,2023-07-10,B03,18-24,Website
C04711,2024-08-13,B01,55+,Instagram
C04712,2025-10-02,B03,25-34,In-store sign-up
C04713,2026-01-02,B01,25-34,Instagram
C04714,2025-02-03,B02,35-44,Instagram
C04715,2023-05-20,B02,35-44,Website
C04716,2023-02-17,B02,35-44,Instagram
C04717,2023-04-21,B03,35-44,Website
C04718,2024-01-01,B01,45-54,In-store sign-up
C04719,2024-04-18,B02,35-44,Website
C04720,2024-07-15,B01,25-34,Referral
C04721,2026-04-21,B02,35-44,Instagram
C04722,2026-03-09,B04,18-24,Instagram
C04723,2024-08-26,B02,18-24,Instagram
C04724,2026-05-03,B01,55+,Instagram
C04725,2025-10-02,B03,18-24,In-store sign-up
C04726,2025-11-12,B01,35-44,Website
C04727,2025-12-14,B01,25-34,Instagram
C04728,2026-02-13,B02,25-34,In-store sign-up
C04729,2024-10-29,B02,55+,In-store sign-up
C04730,2025-12-12,B01,25-34,Referral
C04731,2023-01-19,B02,35-44,Website
C04732,2024-10-18,B01,25-34,In-store sign-up
C04733,2025-12-18,B04,45-54,Google
C04734,2023-11-12,B02,25-34,Website
C04735,2025-06-04,B02,18-24,In-store sign-up
C04736,2025-10-07,B01,18-24,In-store sign-up
C04737,2023-06-28,B02,35-44,In-store sign-up
C04738,2025-11-08,B02,55+,Google
C04739,2023-03-14,B01,18-24,In-store sign-up
C04740,2026-09-18,B01,45-54,Website
C04741,2024-08-17,B01,35-44,Instagram
C04742,2024-04-17,B01,25-34,Instagram
C04743,2025-06-11,B04,55+,Website
C04744,2023-09-16,B02,35-44,In-store sign-up
C04745,2025-11-23,B01,45-54,In-store sign-up
C04746,2023-09-18,B01,25-34,Instagram
C04747,2026-07-29,B01,55+,In-store sign-up
C04748,2026-03-06,B02,45-54,In-store sign-up
C04749,2023-11-13,B02,35-44,Instagram
C04750,2025-02-14,B02,25-34,In-store sign-up
C04751,2023-01-08,B02,25-34,Referral
C04752,2025-01-18,B02,25-34,Instagram
C04753,2023-05-09,B01,35-44,In-store sign-up
C04754,2023-12-31,B02,25-34,In-store sign-up
C04755,2023-07-13,B03,55+,Website
C04756,2023-08-14,B02,35-44,In-store sign-up
C04757,2025-10-29,B03,18-24,Referral
C04758,2025-07-22,B02,25-34,Google
C04759,2026-01-10,B02,25-34,Website
C04760,2025-02-03,B03,25-34,In-store sign-up
C04761,2023-06-04,B01,25-34,Website
C04762,2025-11-18,B01,25-34,Instagram
C04763,2025-01-19,B01,25-34,In-store sign-up
C04764,2025-05-03,B02,18-24,Website
C04765,2024-10-10,B01,55+,Instagram
C04766,2025-08-04,B04,25-34,Instagram
C04767,2026-09-10,B01,18-24,Instagram
C04768,2023-02-07,B01,25-34,Referral
C04769,2025-07-22,B04,45-54,Instagram
C04770,2026-01-31,B02,18-24,In-store sign-up
C04771,2024-07-19,B02,18-24,Google
C04772,2024-02-20,B01,45-54,Website
C04773,2025-01-05,B03,45-54,Google
C04774,2025-08-19,B04,45-54,Google
C04775,2023-09-28,B02,25-34,Instagram
C04776,2024-11-25,B02,45-54,Google
C04777,2025-01-13,B02,25-34,Instagram
C04778,2023-04-05,B02,25-34,In-store sign-up
C04779,2025-10-02,B03,35-44,Referral
C04780,2023-05-12,B03,25-34,Referral
C04781,2026-08-17,B01,35-44,Website
C04782,2025-10-27,B02,55+,In-store sign-up
C04783,2023-10-07,B01,25-34,Instagram
C04784,2024-04-13,B03,35-44,In-store sign-up
C04785,2026-06-25,B01,55+,Website
C04786,2025-09-10,B02,18-24,Google
C04787,2025-06-07,B02,35-44,In-store sign-up
C04788,2026-03-08,B04,35-44,In-store sign-up
C04789,2025-09-30,B03,25-34,In-store sign-up
C04790,2026-09-24,B04,45-54,Google
C04791,2023-11-03,B02,35-44,In-store sign-up
C04792,2023-11-30,B03,25-34,Website
C04793,2024-03-21,B01,35-44,In-store sign-up
C04794,2024-08-08,B01,55+,In-store sign-up
C04795,2024-01-31,B03,25-34,In-store sign-up
C04796,2025-02-14,B02,25-34,In-store sign-up
C04797,2026-07-28,B01,45-54,Instagram
C04798,2024-07-19,B02,55+,In-store sign-up
C04799,2026-09-03,B04,25-34,Website
C04800,2025-10-05,B03,18-24,In-store sign-up
C04801,2024-03-07,B02,25-34,In-store sign-up
C04802,2025-11-19,B04,25-34,In-store sign-up
C04803,2025-01-10,B03,55+,Website
C04804,2025-10-14,B02,25-34,Google
C04805,2025-05-27,B02,25-34,Referral
C04806,2026-03-13,B04,55+,Referral
C04807,2025-06-09,B01,35-44,Website
C04808,2025-09-06,B02,18-24,In-store sign-up
C04809,2026-04-26,B04,25-34,In-store sign-up
C04810,2023-07-24,B01,55+,In-store sign-up
C04811,2025-04-19,B01,45-54,Instagram
C04812,2023-04-28,B02,18-24,Website
C04813,2026-05-10,B03,35-44,Instagram
C04814,2025-02-27,B03,45-54,Google
C04815,2023-04-01,B01,18-24,In-store sign-up
C04816,2025-05-11,B03,25-34,In-store sign-up
C04817,2023-12-20,B03,55+,In-store sign-up
C04818,2024-03-11,B03,25-34,In-store sign-up
C04819,2026-09-27,B04,45-54,In-store sign-up
C04820,2024-05-18,B02,25-34,In-store sign-up
C04821,2024-04-29,B01,35-44,Website
C04822,2024-03-30,B01,18-24,Website
C04823,2023-07-21,B03,35-44,Instagram
C04824,2025-10-12,B04,25-34,In-store sign-up
C04825,2024-05-18,B02,18-24,In-store sign-up
C04826,2026-02-07,B04,25-34,In-store sign-up
C04827,2023-07-01,B01,25-34,In-store sign-up
C04828,2025-09-08,B01,45-54,Google
C04829,2023-04-09,B01,35-44,Referral
C04830,2025-12-28,B03,35-44,In-store sign-up
C04831,2025-11-16,B04,55+,Website
C04832,2025-06-01,B02,25-34,Google
C04833,2023-02-14,B02,45-54,In-store sign-up
C04834,2026-05-01,B02,55+,In-store sign-up
C04835,2023-06-03,B02,18-24,Instagram
C04836,2026-03-20,B03,35-44,In-store sign-up
C04837,2024-05-26,B01,25-34,Referral
C04838,2023-11-02,B03,45-54,Website
C04839,2024-04-05,B02,45-54,Instagram
C04840,2023-03-08,B03,25-34,Website
C04841,2024-10-07,B02,25-34,Google
C04842,2025-05-12,B03,18-24,In-store sign-up
C04843,2026-04-07,B02,45-54,Website
C04844,2023-04-27,B02,45-54,Google
C04845,2025-04-01,B01,35-44,In-store sign-up
C04846,2025-07-04,B02,35-44,In-store sign-up
C04847,2025-12-02,B04,18-24,Website
C04848,2026-07-14,B02,25-34,Google
C04849,2024-01-23,B03,25-34,Instagram
C04850,2023-12-03,B01,25-34,In-store sign-up
C04851,2024-01-24,B02,25-34,In-store sign-up
C04852,2024-08-03,B01,25-34,In-store sign-up
C04853,2025-03-23,B02,35-44,Referral
C04854,2026-08-29,B03,25-34,Referral
C04855,2023-04-13,B03,25-34,Website
C04856,2024-04-26,B02,18-24,In-store sign-up
C04857,2025-10-19,B02,25-34,Instagram
C04858,2023-01-12,B02,25-34,In-store sign-up
C04859,2025-05-01,B01,35-44,Website
C04860,2026-01-16,B01,25-34,Instagram
C04861,2023-03-19,B01,45-54,Instagram
C04862,2026-05-15,B04,18-24,Google
C04863,2026-08-16,B04,45-54,Google
C04864,2024-04-01,B02,25-34,In-store sign-up
C04865,2026-03-06,B01,18-24,Instagram
C04866,2026-04-19,B04,18-24,In-store sign-up
C04867,2023-01-17,B01,35-44,Google
C04868,2025-08-30,B03,18-24,Instagram
C04869,2024-07-01,B02,45-54,In-store sign-up
C04870,2024-10-03,B02,25-34,In-store sign-up
C04871,2026-04-04,B04,25-34,In-store sign-up
C04872,2026-09-07,B04,25-34,Referral
C04873,2023-09-04,B01,25-34,Website
C04874,2026-06-08,B02,45-54,In-store sign-up
C04875,2026-05-24,B04,18-24,Instagram
C04876,2025-06-15,B03,45-54,Website
C04877,2025-05-26,B01,35-44,In-store sign-up
C04878,2025-11-18,B02,35-44,Instagram
C04879,2024-07-31,B03,35-44,In-store sign-up
C04880,2025-10-16,B02,25-34,Google
C04881,2025-10-08,B03,35-44,In-store sign-up
C04882,2025-06-11,B02,25-34,Referral
C04883,2025-05-19,B01,18-24,In-store sign-up
C04884,2026-06-18,B04,25-34,In-store sign-up
C04885,2024-11-22,B02,35-44,Instagram
C04886,2023-01-02,B01,25-34,Instagram
C04887,2024-08-22,B01,45-54,Google
C04888,2024-08-08,B01,18-24,Instagram
C04889,2023-05-08,B03,45-54,Website
C04890,2023-01-12,B03,55+,Google
C04891,2025-10-31,B04,35-44,Instagram
C04892,2024-06-01,B02,25-34,Website
C04893,2025-09-25,B04,45-54,Website
C04894,2024-06-13,B01,35-44,Website
C04895,2023-12-02,B02,25-34,In-store sign-up
C04896,2025-11-09,B02,35-44,Website
C04897,2025-02-21,B02,55+,In-store sign-up
C04898,2025-11-09,B01,35-44,Instagram
C04899,2023-08-02,B02,45-54,Instagram
C04900,2024-06-05,B02,25-34,In-store sign-up
C04901,2024-11-25,B02,25-34,In-store sign-up
C04902,2024-08-22,B02,35-44,Instagram
C04903,2023-03-06,B03,25-34,In-store sign-up
C04904,2025-07-07,B03,35-44,Referral
C04905,2025-08-17,B04,18-24,In-store sign-up
C04906,2025-08-12,B03,25-34,In-store sign-up
C04907,2023-04-28,B03,45-54,Referral
C04908,2026-08-30,B04,25-34,Instagram
C04909,2025-07-08,B02,55+,In-store sign-up
C04910,2024-03-15,B01,45-54,Website
C04911,2025-06-19,B04,25-34,In-store sign-up
C04912,2026-02-24,B04,25-34,Instagram
C04913,2025-08-08,B01,25-34,Instagram
C04914,2024-04-16,B01,25-34,Website
C04915,2026-06-07,B04,25-34,In-store sign-up
C04916,2025-10-12,B03,35-44,Google
C04917,2023-05-31,B02,25-34,In-store sign-up
C04918,2026-03-12,B02,25-34,Google
C04919,2026-08-02,B04,18-24,Referral
C04920,2026-01-15,B04,18-24,Google
C04921,2024-04-07,B02,35-44,Instagram
C04922,2025-07-28,B03,45-54,Referral
C04923,2024-02-23,B03,35-44,Website
C04924,2023-08-01,B02,45-54,Google
C04925,2025-11-07,B04,18-24,Instagram
C04926,2024-04-24,B02,25-34,In-store sign-up
C04927,2026-05-25,B02,18-24,Instagram
C04928,2024-02-03,B03,35-44,In-store sign-up
C04929,2026-04-23,B03,25-34,In-store sign-up
C04930,2023-02-08,B02,18-24,In-store sign-up
C04931,2024-08-10,B02,45-54,Instagram
C04932,2025-08-29,B03,25-34,Website
C04933,2024-11-21,B02,18-24,Instagram
C04934,2023-09-03,B02,35-44,In-store sign-up
C04935,2026-05-08,B01,25-34,Instagram
C04936,2024-06-22,B01,55+,Website
C04937,2026-02-17,B01,35-44,Instagram
C04938,2026-06-27,B04,18-24,Website
C04939,2025-12-16,B03,35-44,Instagram
C04940,2024-12-27,B02,35-44,Google
C04941,2024-12-20,B01,25-34,Referral
C04942,2026-07-18,B04,25-34,Referral
C04943,2024-12-07,B01,18-24,In-store sign-up
C04944,2024-09-29,B03,18-24,Google
C04945,2024-12-12,B02,25-34,In-store sign-up
C04946,2024-05-22,B01,45-54,Referral
C04947,2023-02-19,B01,25-34,In-store sign-up
C04948,2025-06-05,B02,45-54,Website
C04949,2024-08-14,B01,35-44,In-store sign-up
C04950,2026-04-06,B01,45-54,In-store sign-up
C04951,2024-09-19,B03,18-24,In-store sign-up
C04952,2024-07-05,B03,35-44,Google
C04953,2025-07-24,B04,45-54,Instagram
C04954,2026-03-10,B01,55+,Instagram
C04955,2025-06-05,B02,25-34,Referral
C04956,2023-03-02,B01,18-24,Instagram
C04957,2023-05-13,B02,45-54,Website
C04958,2024-12-03,B01,55+,Instagram
C04959,2023-11-25,B01,25-34,Referral
C04960,2023-10-30,B03,35-44,In-store sign-up
C04961,2023-12-23,B01,35-44,In-store sign-up
C04962,2025-08-18,B03,35-44,Website
C04963,2023-11-16,B03,35-44,Google
C04964,2026-08-12,B02,35-44,In-store sign-up
C04965,2025-11-23,B04,45-54,Website
C04966,2023-09-29,B03,35-44,Google
C04967,2025-06-21,B01,25-34,Google
C04968,2025-09-24,B04,25-34,Google
C04969,2024-02-01,B03,25-34,Instagram
C04970,2026-04-19,B03,35-44,In-store sign-up
C04971,2023-09-25,B03,25-34,Instagram
C04972,2026-08-20,B04,45-54,Google
C04973,2025-04-22,B02,25-34,Website
C04974,2026-06-10,B02,35-44,Website
C04975,2023-04-10,B02,35-44,In-store sign-up
C04976,2026-06-02,B03,35-44,Website
C04977,2025-04-10,B03,25-34,Google
C04978,2024-04-03,B02,25-34,In-store sign-up
C04979,2023-10-04,B02,35-44,In-store sign-up
C04980,2023-06-10,B03,18-24,Google
C04981,2025-09-05,B03,18-24,Instagram
C04982,2024-05-29,B01,25-34,Google
C04983,2024-10-20,B02,35-44,In-store sign-up
C04984,2024-08-07,B03,45-54,Instagram
C04985,2023-07-25,B03,35-44,In-store sign-up
C04986,2024-05-15,B01,25-34,Google
C04987,2026-03-19,B01,55+,Website
C04988,2023-05-04,B01,25-34,In-store sign-up
C04989,2025-06-14,B04,25-34,Google
C04990,2025-12-13,B02,35-44,In-store sign-up
C04991,2023-09-17,B03,35-44,Website
C04992,2025-03-09,B02,35-44,Website
C04993,2023-07-19,B03,35-44,In-store sign-up
C04994,2026-08-19,B02,18-24,Google
C04995,2023-05-22,B02,35-44,Instagram
C04996,2026-01-17,B01,55+,Referral
C04997,2025-08-04,B03,25-34,Referral
C04998,2025-06-06,B03,25-34,Google
C04999,2023-06-30,B02,25-34,Instagram
C05000,2026-03-22,B02,18-24,Instagram
