waste_id,date,branch_id,ingredient_id,waste_reason,quantity,unit_cost,waste_cost
W00001,2024-01-01,B02,I032,Spoilage / Expired,0.157,1.0,0.16
W00002,2024-01-01,B03,I058,Over-production,0.18,2.0,0.36
W00003,2024-01-01,B03,I031,Dropped / Damaged,0.622,0.9,0.56
W00004,2024-01-01,B03,I048,Customer Return,0.136,2.4,0.33
W00005,2024-01-03,B01,I050,Spoilage / Expired,0.287,0.8,0.23
W00006,2024-01-03,B03,I031,Spoilage / Expired,0.765,0.9,0.69
W00007,2024-01-04,B01,I028,Dropped / Damaged,0.371,0.28,0.1
W00008,2024-01-04,B01,I031,Prep Error,1.336,0.9,1.2
W00009,2024-01-04,B02,I038,Dropped / Damaged,0.822,0.3,0.25
W00010,2024-01-04,B02,I061,Spoilage / Expired,0.035,6.0,0.21
W00011,2024-01-04,B03,I052,Prep Error,0.821,0.45,0.37
W00012,2024-01-05,B01,I026,Over-production,0.054,11.0,0.59
W00013,2024-01-05,B01,I038,Customer Return,1.462,0.3,0.44
W00014,2024-01-05,B01,I050,Spoilage / Expired,0.305,0.8,0.24
W00015,2024-01-05,B01,I038,Over-production,0.658,0.3,0.2
W00016,2024-01-05,B02,I038,Over-production,2.885,0.3,0.87
W00017,2024-01-05,B02,I031,Dropped / Damaged,3.069,0.9,2.76
W00018,2024-01-05,B02,I031,Customer Return,1.674,0.9,1.51
W00019,2024-01-05,B03,I052,Over-production,0.122,0.45,0.05
W00020,2024-01-06,B02,I064,Dropped / Damaged,0.288,1.4,0.4
W00021,2024-01-07,B01,I072,Spoilage / Expired,0.1,2.4,0.24
W00022,2024-01-07,B01,I028,Customer Return,0.59,0.28,0.17
W00023,2024-01-07,B01,I070,Over-production,0.2,0.6,0.12
W00024,2024-01-07,B02,I031,Over-production,1.934,0.9,1.74
W00025,2024-01-07,B03,I038,Dropped / Damaged,0.595,0.3,0.18
W00026,2024-01-07,B03,I007,Spoilage / Expired,0.177,7.5,1.33
W00027,2024-01-08,B02,I050,Spoilage / Expired,1.07,0.8,0.86
W00028,2024-01-08,B02,I038,Spoilage / Expired,1.666,0.3,0.5
W00029,2024-01-10,B02,I052,Spoilage / Expired,0.78,0.45,0.35
W00030,2024-01-10,B03,I052,Over-production,0.72,0.45,0.32
W00031,2024-01-11,B01,I038,Spoilage / Expired,0.436,0.3,0.13
W00032,2024-01-11,B01,I006,Spoilage / Expired,0.113,8.5,0.96
W00033,2024-01-11,B02,I008,Over-production,0.165,5.5,0.91
W00034,2024-01-12,B02,I038,Over-production,1.138,0.3,0.34
W00035,2024-01-12,B03,I024,Prep Error,0.029,9.0,0.26
W00036,2024-01-13,B01,I031,Spoilage / Expired,5.673,0.9,5.11
W00037,2024-01-13,B01,I031,Dropped / Damaged,3.9,0.9,3.51
W00038,2024-01-13,B01,I035,Over-production,0.162,0.9,0.15
W00039,2024-01-13,B03,I065,Prep Error,0.081,2.0,0.16
W00040,2024-01-13,B03,I072,Spoilage / Expired,0.569,2.4,1.37
W00041,2024-01-13,B03,I072,Customer Return,0.66,2.4,1.58
W00042,2024-01-14,B02,I072,Over-production,1.1,2.4,2.64
W00043,2024-01-14,B02,I038,Spoilage / Expired,1.392,0.3,0.42
W00044,2024-01-15,B01,I038,Prep Error,0.425,0.3,0.13
W00045,2024-01-15,B01,I023,Over-production,0.029,1.1,0.03
W00046,2024-01-15,B02,I031,Customer Return,1.289,0.9,1.16
W00047,2024-01-15,B03,I007,Prep Error,0.203,7.5,1.52
W00048,2024-01-17,B01,I028,Spoilage / Expired,0.483,0.28,0.14
W00049,2024-01-17,B01,I028,Dropped / Damaged,0.281,0.28,0.08
W00050,2024-01-17,B02,I072,Over-production,0.442,2.4,1.06
W00051,2024-01-17,B03,I077,Prep Error,0.162,6.0,0.97
W00052,2024-01-18,B02,I031,Over-production,0.754,0.9,0.68
W00053,2024-01-19,B01,I052,Spoilage / Expired,1.988,0.45,0.89
W00054,2024-01-19,B01,I028,Customer Return,0.565,0.28,0.16
W00055,2024-01-19,B02,I052,Over-production,0.612,0.45,0.28
W00056,2024-01-19,B03,I016,Prep Error,0.033,16.0,0.53
W00057,2024-01-19,B03,I031,Prep Error,2.404,0.9,2.16
W00058,2024-01-20,B01,I079,Over-production,0.905,9.5,8.6
W00059,2024-01-20,B03,I031,Spoilage / Expired,0.773,0.9,0.7
W00060,2024-01-21,B01,I028,Spoilage / Expired,1.43,0.28,0.4
W00061,2024-01-21,B01,I001,Over-production,0.095,14.0,1.33
W00062,2024-01-21,B02,I053,Over-production,0.154,0.35,0.05
W00063,2024-01-22,B02,I050,Spoilage / Expired,0.914,0.8,0.73
W00064,2024-01-22,B02,I031,Spoilage / Expired,2.616,0.9,2.35
W00065,2024-01-24,B03,I028,Prep Error,0.935,0.28,0.26
W00066,2024-01-24,B03,I044,Prep Error,0.046,6.0,0.28
W00067,2024-01-24,B03,I008,Prep Error,0.066,5.5,0.36
W00068,2024-01-25,B03,I090,Spoilage / Expired,0.333,0.4,0.13
W00069,2024-01-26,B01,I053,Customer Return,0.258,0.35,0.09
W00070,2024-01-26,B02,I042,Over-production,0.351,2.5,0.88
W00071,2024-01-26,B03,I052,Spoilage / Expired,0.614,0.45,0.28
W00072,2024-01-26,B03,I006,Over-production,0.1,8.5,0.85
W00073,2024-01-27,B01,I050,Over-production,0.346,0.8,0.28
W00074,2024-01-27,B02,I031,Over-production,4.016,0.9,3.61
W00075,2024-01-27,B02,I031,Spoilage / Expired,1.945,0.9,1.75
W00076,2024-01-27,B03,I028,Spoilage / Expired,3.006,0.28,0.84
W00077,2024-01-27,B03,I079,Spoilage / Expired,0.33,9.5,3.14
W00078,2024-01-28,B01,I038,Over-production,2.614,0.3,0.78
W00079,2024-01-28,B02,I028,Over-production,0.574,0.28,0.16
W00080,2024-01-28,B02,I090,Spoilage / Expired,0.238,0.4,0.1
W00081,2024-01-28,B03,I072,Spoilage / Expired,0.415,2.4,1.0
W00082,2024-01-28,B03,I008,Over-production,0.208,5.5,1.14
W00083,2024-01-28,B03,I007,Prep Error,0.065,7.5,0.49
W00084,2024-01-28,B03,I050,Over-production,0.365,0.8,0.29
W00085,2024-01-29,B01,I035,Spoilage / Expired,0.065,0.9,0.06
W00086,2024-01-29,B02,I080,Over-production,0.297,8.5,2.52
W00087,2024-01-29,B03,I008,Over-production,0.076,5.5,0.42
W00088,2024-01-29,B03,I035,Spoilage / Expired,0.122,0.9,0.11
W00089,2024-01-29,B03,I035,Spoilage / Expired,0.15,0.9,0.14
W00090,2024-01-31,B01,I028,Spoilage / Expired,1.148,0.28,0.32
W00091,2024-01-31,B02,I031,Customer Return,3.67,0.9,3.3
W00092,2024-02-01,B01,I031,Dropped / Damaged,5.388,0.9027,4.86
W00093,2024-02-01,B01,I072,Over-production,0.531,2.4072,1.28
W00094,2024-02-01,B03,I090,Spoilage / Expired,0.245,0.4012,0.1
W00095,2024-02-03,B02,I031,Spoilage / Expired,1.345,0.9027,1.21
W00096,2024-02-03,B02,I042,Spoilage / Expired,0.063,2.5075,0.16
W00097,2024-02-03,B02,I075,Spoilage / Expired,0.183,2.3069,0.42
W00098,2024-02-03,B03,I006,Customer Return,0.594,8.5255,5.06
W00099,2024-02-04,B01,I028,Spoilage / Expired,3.494,0.2808,0.98
W00100,2024-02-04,B01,I031,Spoilage / Expired,1.192,0.9027,1.08
W00101,2024-02-04,B01,I008,Spoilage / Expired,0.078,5.5165,0.43
W00102,2024-02-04,B01,I028,Prep Error,1.493,0.2808,0.42
W00103,2024-02-04,B02,I052,Prep Error,0.835,0.4513,0.38
W00104,2024-02-05,B02,I031,Spoilage / Expired,2.545,0.9027,2.3
W00105,2024-02-07,B02,I028,Customer Return,0.723,0.2808,0.2
W00106,2024-02-07,B02,I002,Spoilage / Expired,0.085,28.084,2.39
W00107,2024-02-07,B02,I031,Over-production,1.36,0.9027,1.23
W00108,2024-02-08,B01,I070,Prep Error,0.144,0.6018,0.09
W00109,2024-02-08,B03,I038,Dropped / Damaged,3.435,0.3009,1.03
W00110,2024-02-09,B01,I028,Prep Error,1.892,0.2808,0.53
W00111,2024-02-09,B02,I031,Prep Error,3.955,0.9027,3.57
W00112,2024-02-09,B03,I031,Dropped / Damaged,1.062,0.9027,0.96
W00113,2024-02-10,B01,I031,Spoilage / Expired,5.867,0.9027,5.3
W00114,2024-02-10,B03,I031,Over-production,4.349,0.9027,3.93
W00115,2024-02-10,B03,I031,Dropped / Damaged,3.875,0.9027,3.5
W00116,2024-02-11,B03,I052,Prep Error,0.819,0.4513,0.37
W00117,2024-02-11,B03,I031,Spoilage / Expired,1.583,0.9027,1.43
W00118,2024-02-11,B03,I031,Spoilage / Expired,0.373,0.9027,0.34
W00119,2024-02-12,B01,I050,Spoilage / Expired,0.163,0.8024,0.13
W00120,2024-02-12,B01,I031,Spoilage / Expired,1.164,0.9027,1.05
W00121,2024-02-12,B01,I073,Over-production,0.125,3.009,0.38
W00122,2024-02-12,B03,I052,Prep Error,0.893,0.4513,0.4
W00123,2024-02-14,B03,I073,Spoilage / Expired,0.817,3.009,2.46
W00124,2024-02-15,B02,I077,Spoilage / Expired,0.083,6.018,0.5
W00125,2024-02-15,B02,I042,Prep Error,0.065,2.5075,0.16
W00126,2024-02-15,B03,I038,Prep Error,0.735,0.3009,0.22
W00127,2024-02-16,B02,I004,Customer Return,0.066,48.144,3.18
W00128,2024-02-16,B03,I052,Customer Return,0.297,0.4513,0.13
W00129,2024-02-16,B03,I008,Spoilage / Expired,0.152,5.5165,0.84
W00130,2024-02-17,B01,I031,Dropped / Damaged,0.915,0.9027,0.83
W00131,2024-02-18,B01,I058,Customer Return,0.175,2.006,0.35
W00132,2024-02-18,B01,I076,Over-production,0.16,6.018,0.96
W00133,2024-02-18,B02,I056,Prep Error,0.05,1.1033,0.06
W00134,2024-02-18,B03,I052,Spoilage / Expired,2.002,0.4513,0.9
W00135,2024-02-18,B03,I052,Spoilage / Expired,1.427,0.4513,0.64
W00136,2024-02-19,B03,I031,Prep Error,2.843,0.9027,2.57
W00137,2024-02-19,B03,I038,Over-production,1.458,0.3009,0.44
W00138,2024-02-21,B03,I080,Over-production,0.102,8.5255,0.87
W00139,2024-02-22,B01,I046,Over-production,0.13,3.2096,0.42
W00140,2024-02-22,B02,I036,Over-production,0.198,4.5135,0.89
W00141,2024-02-22,B02,I032,Spoilage / Expired,0.147,1.003,0.15
W00142,2024-02-23,B02,I031,Spoilage / Expired,2.174,0.9027,1.96
W00143,2024-02-23,B02,I002,Prep Error,0.075,28.084,2.11
W00144,2024-02-23,B03,I038,Spoilage / Expired,0.146,0.3009,0.04
W00145,2024-02-24,B01,I035,Spoilage / Expired,0.837,0.9027,0.76
W00146,2024-02-24,B01,I021,Dropped / Damaged,0.247,7.021,1.73
W00147,2024-02-25,B01,I091,Over-production,0.126,2.2066,0.28
W00148,2024-02-25,B01,I056,Spoilage / Expired,0.031,1.1033,0.03
W00149,2024-02-25,B03,I034,Over-production,0.057,2.6078,0.15
W00150,2024-02-26,B01,I052,Over-production,0.323,0.4513,0.15
W00151,2024-02-26,B01,I052,Spoilage / Expired,0.572,0.4513,0.26
W00152,2024-02-26,B02,I050,Spoilage / Expired,0.163,0.8024,0.13
W00153,2024-02-28,B01,I038,Spoilage / Expired,1.05,0.3009,0.32
W00154,2024-02-28,B02,I026,Dropped / Damaged,0.024,11.033,0.26
W00155,2024-02-28,B03,I014,Over-production,0.01,9.027,0.09
W00156,2024-02-29,B01,I031,Over-production,2.039,0.9027,1.84
W00157,2024-02-29,B01,I031,Dropped / Damaged,0.981,0.9027,0.89
W00158,2024-02-29,B03,I022,Prep Error,0.1,4.012,0.4
W00159,2024-02-29,B03,I006,Over-production,0.283,8.5255,2.41
W00160,2024-03-01,B01,I052,Spoilage / Expired,0.964,0.4527,0.44
W00161,2024-03-01,B01,I041,Over-production,0.512,1.006,0.52
W00162,2024-03-02,B03,I031,Prep Error,0.617,0.9054,0.56
W00163,2024-03-02,B03,I008,Over-production,0.074,5.533,0.41
W00164,2024-03-02,B03,I038,Prep Error,0.794,0.3018,0.24
W00165,2024-03-03,B01,I008,Prep Error,0.236,5.533,1.31
W00166,2024-03-03,B02,I076,Spoilage / Expired,0.086,6.0361,0.52
W00167,2024-03-03,B02,I038,Spoilage / Expired,1.817,0.3018,0.55
W00168,2024-03-03,B03,I028,Spoilage / Expired,0.683,0.2817,0.19
W00169,2024-03-04,B01,I054,Prep Error,0.068,0.3018,0.02
W00170,2024-03-04,B02,I072,Dropped / Damaged,0.076,2.4144,0.18
W00171,2024-03-06,B01,I050,Spoilage / Expired,0.259,0.8048,0.21
W00172,2024-03-06,B01,I031,Prep Error,0.323,0.9054,0.29
W00173,2024-03-06,B02,I050,Over-production,0.162,0.8048,0.13
W00174,2024-03-06,B03,I052,Prep Error,0.752,0.4527,0.34
W00175,2024-03-06,B03,I042,Spoilage / Expired,0.67,2.515,1.69
W00176,2024-03-07,B01,I031,Prep Error,0.997,0.9054,0.9
W00177,2024-03-07,B02,I028,Spoilage / Expired,2.058,0.2817,0.58
W00178,2024-03-07,B03,I042,Spoilage / Expired,0.164,2.515,0.41
W00179,2024-03-07,B03,I031,Spoilage / Expired,1.5,0.9054,1.36
W00180,2024-03-08,B02,I074,Over-production,0.388,2.8168,1.09
W00181,2024-03-08,B02,I038,Over-production,1.382,0.3018,0.42
W00182,2024-03-08,B03,I070,Over-production,0.926,0.6036,0.56
W00183,2024-03-08,B03,I038,Prep Error,1.062,0.3018,0.32
W00184,2024-03-08,B03,I070,Over-production,0.416,0.6036,0.25
W00185,2024-03-09,B02,I052,Spoilage / Expired,3.904,0.4527,1.77
W00186,2024-03-09,B03,I050,Over-production,0.184,0.8048,0.15
W00187,2024-03-10,B02,I006,Spoilage / Expired,0.177,8.5511,1.51
W00188,2024-03-10,B02,I052,Over-production,1.923,0.4527,0.87
W00189,2024-03-10,B02,I028,Spoilage / Expired,1.246,0.2817,0.35
W00190,2024-03-10,B02,I073,Over-production,0.143,3.018,0.43
W00191,2024-03-10,B03,I050,Spoilage / Expired,0.325,0.8048,0.26
W00192,2024-03-11,B01,I042,Over-production,0.104,2.515,0.26
W00193,2024-03-11,B02,I049,Over-production,0.063,1.8108,0.11
W00194,2024-03-11,B02,I052,Dropped / Damaged,0.886,0.4527,0.4
W00195,2024-03-11,B03,I052,Prep Error,0.969,0.4527,0.44
W00196,2024-03-13,B02,I052,Prep Error,2.012,0.4527,0.91
W00197,2024-03-13,B02,I031,Over-production,1.085,0.9054,0.98
W00198,2024-03-13,B02,I038,Dropped / Damaged,1.464,0.3018,0.44
W00199,2024-03-14,B03,I034,Prep Error,0.082,2.6156,0.21
W00200,2024-03-14,B03,I028,Spoilage / Expired,0.98,0.2817,0.28
W00201,2024-03-14,B03,I031,Dropped / Damaged,1.12,0.9054,1.01
W00202,2024-03-15,B01,I006,Spoilage / Expired,0.371,8.5511,3.17
W00203,2024-03-15,B01,I049,Over-production,0.239,1.8108,0.43
W00204,2024-03-15,B01,I080,Spoilage / Expired,0.293,8.5511,2.51
W00205,2024-03-15,B01,I031,Over-production,1.821,0.9054,1.65
W00206,2024-03-15,B02,I061,Spoilage / Expired,0.152,6.0361,0.92
W00207,2024-03-15,B02,I031,Over-production,5.091,0.9054,4.61
W00208,2024-03-15,B02,I052,Customer Return,2.072,0.4527,0.94
W00209,2024-03-15,B03,I016,Prep Error,0.06,16.0961,0.97
W00210,2024-03-16,B02,I064,Over-production,0.558,1.4084,0.79
W00211,2024-03-16,B03,I050,Spoilage / Expired,1.337,0.8048,1.08
W00212,2024-03-16,B03,I052,Spoilage / Expired,1.796,0.4527,0.81
W00213,2024-03-17,B02,I031,Spoilage / Expired,1.824,0.9054,1.65
W00214,2024-03-17,B02,I038,Over-production,0.623,0.3018,0.19
W00215,2024-03-17,B03,I090,Spoilage / Expired,0.619,0.4024,0.25
W00216,2024-03-18,B02,I072,Spoilage / Expired,0.212,2.4144,0.51
W00217,2024-03-18,B02,I031,Spoilage / Expired,1.513,0.9054,1.37
W00218,2024-03-18,B03,I050,Spoilage / Expired,0.264,0.8048,0.21
W00219,2024-03-20,B01,I038,Spoilage / Expired,0.957,0.3018,0.29
W00220,2024-03-20,B01,I031,Customer Return,4.579,0.9054,4.15
W00221,2024-03-20,B02,I031,Prep Error,6.351,0.9054,5.75
W00222,2024-03-20,B03,I064,Over-production,0.142,1.4084,0.2
W00223,2024-03-20,B03,I052,Spoilage / Expired,0.228,0.4527,0.1
W00224,2024-03-21,B01,I035,Prep Error,0.451,0.9054,0.41
W00225,2024-03-21,B02,I072,Spoilage / Expired,0.581,2.4144,1.4
W00226,2024-03-21,B03,I031,Dropped / Damaged,0.896,0.9054,0.81
W00227,2024-03-21,B03,I065,Dropped / Damaged,0.124,2.012,0.25
W00228,2024-03-21,B03,I066,Customer Return,0.218,5.03,1.1
W00229,2024-03-22,B01,I007,Spoilage / Expired,0.288,7.5451,2.17
W00230,2024-03-22,B02,I051,Over-production,0.092,3.521,0.32
W00231,2024-03-23,B02,I028,Spoilage / Expired,0.776,0.2817,0.22
W00232,2024-03-23,B03,I023,Over-production,0.125,1.1066,0.14
W00233,2024-03-23,B03,I008,Customer Return,0.217,5.533,1.2
W00234,2024-03-24,B01,I050,Spoilage / Expired,0.445,0.8048,0.36
W00235,2024-03-25,B02,I052,Over-production,0.292,0.4527,0.13
W00236,2024-03-25,B03,I031,Customer Return,1.248,0.9054,1.13
W00237,2024-03-25,B03,I052,Dropped / Damaged,0.851,0.4527,0.39
W00238,2024-03-25,B03,I050,Over-production,0.269,0.8048,0.22
W00239,2024-03-27,B02,I052,Customer Return,1.141,0.4527,0.52
W00240,2024-03-28,B02,I031,Over-production,1.364,0.9054,1.23
W00241,2024-03-28,B03,I038,Spoilage / Expired,2.237,0.3018,0.68
W00242,2024-03-28,B03,I031,Prep Error,0.815,0.9054,0.74
W00243,2024-03-29,B03,I072,Over-production,0.245,2.4144,0.59
W00244,2024-03-30,B01,I052,Prep Error,0.986,0.4527,0.45
W00245,2024-03-30,B03,I035,Over-production,0.953,0.9054,0.86
W00246,2024-03-31,B02,I075,Prep Error,0.08,2.3138,0.19
W00247,2024-04-01,B01,I031,Spoilage / Expired,2.247,0.9081,2.04
W00248,2024-04-01,B02,I028,Prep Error,0.284,0.2825,0.08
W00249,2024-04-01,B02,I035,Over-production,0.241,0.9081,0.22
W00250,2024-04-01,B03,I038,Over-production,1.238,0.3027,0.37
W00251,2024-04-03,B01,I073,Prep Error,0.405,3.0271,1.23
W00252,2024-04-03,B01,I031,Customer Return,0.979,0.9081,0.89
W00253,2024-04-03,B03,I041,Spoilage / Expired,0.015,1.009,0.02
W00254,2024-04-04,B01,I021,Spoilage / Expired,0.174,7.0632,1.23
W00255,2024-04-05,B03,I050,Over-production,0.389,0.8072,0.31
W00256,2024-04-07,B02,I042,Spoilage / Expired,0.236,2.5226,0.6
W00257,2024-04-07,B02,I048,Over-production,0.282,2.4217,0.68
W00258,2024-04-07,B02,I048,Spoilage / Expired,0.232,2.4217,0.56
W00259,2024-04-08,B02,I031,Over-production,0.948,0.9081,0.86
W00260,2024-04-08,B02,I031,Over-production,1.303,0.9081,1.18
W00261,2024-04-08,B03,I052,Over-production,0.402,0.4541,0.18
W00262,2024-04-08,B03,I032,Customer Return,0.2,1.009,0.2
W00263,2024-04-10,B02,I038,Spoilage / Expired,1.02,0.3027,0.31
W00264,2024-04-10,B03,I008,Over-production,0.084,5.5496,0.47
W00265,2024-04-11,B02,I041,Dropped / Damaged,1.976,1.009,1.99
W00266,2024-04-11,B02,I072,Dropped / Damaged,1.015,2.4217,2.46
W00267,2024-04-12,B01,I031,Over-production,4.236,0.9081,3.85
W00268,2024-04-12,B02,I038,Dropped / Damaged,3.495,0.3027,1.06
W00269,2024-04-12,B02,I038,Spoilage / Expired,2.103,0.3027,0.64
W00270,2024-04-12,B03,I032,Prep Error,0.511,1.009,0.52
W00271,2024-04-12,B03,I072,Spoilage / Expired,0.308,2.4217,0.75
W00272,2024-04-13,B02,I052,Spoilage / Expired,1.972,0.4541,0.9
W00273,2024-04-13,B03,I052,Spoilage / Expired,10.199,0.4541,4.63
W00274,2024-04-13,B03,I032,Spoilage / Expired,0.082,1.009,0.08
W00275,2024-04-14,B01,I038,Prep Error,1.674,0.3027,0.51
W00276,2024-04-14,B03,I035,Spoilage / Expired,0.323,0.9081,0.29
W00277,2024-04-14,B03,I052,Over-production,1.501,0.4541,0.68
W00278,2024-04-14,B03,I035,Spoilage / Expired,0.244,0.9081,0.22
W00279,2024-04-15,B01,I031,Spoilage / Expired,2.19,0.9081,1.99
W00280,2024-04-15,B01,I050,Over-production,0.107,0.8072,0.09
W00281,2024-04-15,B02,I053,Over-production,0.456,0.3532,0.16
W00282,2024-04-15,B02,I028,Spoilage / Expired,0.476,0.2825,0.13
W00283,2024-04-15,B03,I038,Over-production,0.764,0.3027,0.23
W00284,2024-04-15,B03,I053,Spoilage / Expired,0.191,0.3532,0.07
W00285,2024-04-17,B01,I028,Prep Error,1.662,0.2825,0.47
W00286,2024-04-17,B02,I031,Spoilage / Expired,1.667,0.9081,1.51
W00287,2024-04-17,B02,I073,Over-production,0.223,3.0271,0.68
W00288,2024-04-17,B02,I038,Spoilage / Expired,1.264,0.3027,0.38
W00289,2024-04-18,B01,I031,Spoilage / Expired,1.12,0.9081,1.02
W00290,2024-04-19,B02,I051,Spoilage / Expired,0.23,3.5316,0.81
W00291,2024-04-19,B03,I028,Over-production,2.084,0.2825,0.59
W00292,2024-04-19,B03,I028,Customer Return,1.34,0.2825,0.38
W00293,2024-04-19,B03,I028,Spoilage / Expired,1.011,0.2825,0.29
W00294,2024-04-19,B03,I009,Over-production,0.08,4.5406,0.36
W00295,2024-04-21,B01,I031,Spoilage / Expired,6.974,0.9081,6.33
W00296,2024-04-22,B02,I035,Over-production,0.085,0.9081,0.08
W00297,2024-04-22,B03,I070,Spoilage / Expired,0.412,0.6054,0.25
W00298,2024-04-24,B01,I008,Prep Error,0.154,5.5496,0.85
W00299,2024-04-24,B01,I051,Over-production,0.226,3.5316,0.8
W00300,2024-04-24,B01,I052,Over-production,1.117,0.4541,0.51
W00301,2024-04-24,B02,I031,Spoilage / Expired,0.22,0.9081,0.2
W00302,2024-04-25,B01,I080,Dropped / Damaged,0.17,8.5767,1.46
W00303,2024-04-25,B01,I001,Over-production,0.1,14.1264,1.41
W00304,2024-04-26,B01,I008,Over-production,0.153,5.5496,0.85
W00305,2024-04-26,B02,I048,Spoilage / Expired,0.223,2.4217,0.54
W00306,2024-04-26,B02,I038,Over-production,1.395,0.3027,0.42
W00307,2024-04-26,B03,I038,Over-production,4.354,0.3027,1.32
W00308,2024-04-26,B03,I031,Prep Error,2.933,0.9081,2.66
W00309,2024-04-26,B03,I038,Over-production,4.423,0.3027,1.34
W00310,2024-04-27,B02,I031,Over-production,2.287,0.9081,2.08
W00311,2024-04-27,B03,I066,Over-production,0.343,5.0451,1.73
W00312,2024-04-29,B03,I070,Over-production,0.418,0.6054,0.25
W00313,2024-04-29,B03,I052,Prep Error,0.508,0.4541,0.23
W00314,2024-04-29,B03,I008,Spoilage / Expired,0.18,5.5496,1.0
W00315,2024-04-29,B03,I042,Customer Return,0.101,2.5226,0.25
W00316,2024-04-29,B03,I028,Over-production,0.262,0.2825,0.07
W00317,2024-05-01,B02,I050,Dropped / Damaged,0.896,0.8096,0.73
W00318,2024-05-01,B03,I052,Spoilage / Expired,1.954,0.4554,0.89
W00319,2024-05-02,B01,I035,Prep Error,0.413,0.9108,0.38
W00320,2024-05-02,B01,I041,Customer Return,0.579,1.0121,0.59
W00321,2024-05-02,B01,I031,Prep Error,0.081,0.9108,0.07
W00322,2024-05-02,B01,I058,Spoilage / Expired,0.107,2.0241,0.22
W00323,2024-05-02,B03,I091,Prep Error,0.123,2.2265,0.27
W00324,2024-05-03,B01,I031,Over-production,1.48,0.9108,1.35
W00325,2024-05-03,B01,I052,Prep Error,0.619,0.4554,0.28
W00326,2024-05-03,B01,I010,Spoilage / Expired,0.134,5.0603,0.68
W00327,2024-05-03,B02,I050,Over-production,2.899,0.8096,2.35
W00328,2024-05-03,B03,I038,Customer Return,2.848,0.3036,0.86
W00329,2024-05-04,B02,I072,Dropped / Damaged,0.135,2.4289,0.33
W00330,2024-05-04,B02,I024,Prep Error,0.011,9.1085,0.1
W00331,2024-05-04,B03,I053,Spoilage / Expired,0.9,0.3542,0.32
W00332,2024-05-05,B01,I048,Spoilage / Expired,0.231,2.4289,0.56
W00333,2024-05-05,B03,I038,Over-production,0.857,0.3036,0.26
W00334,2024-05-06,B01,I008,Over-production,0.127,5.5663,0.71
W00335,2024-05-06,B01,I031,Over-production,0.585,0.9108,0.53
W00336,2024-05-06,B01,I031,Over-production,0.85,0.9108,0.77
W00337,2024-05-06,B02,I031,Dropped / Damaged,2.1,0.9108,1.91
W00338,2024-05-06,B02,I079,Over-production,0.119,9.6145,1.14
W00339,2024-05-08,B01,I031,Customer Return,1.727,0.9108,1.57
W00340,2024-05-08,B01,I052,Dropped / Damaged,1.111,0.4554,0.51
W00341,2024-05-08,B01,I038,Over-production,0.863,0.3036,0.26
W00342,2024-05-08,B02,I049,Over-production,0.137,1.8217,0.25
W00343,2024-05-08,B03,I028,Prep Error,1.093,0.2834,0.31
W00344,2024-05-09,B01,I052,Spoilage / Expired,1.538,0.4554,0.7
W00345,2024-05-09,B01,I034,Spoilage / Expired,0.06,2.6313,0.16
W00346,2024-05-10,B01,I031,Over-production,0.615,0.9108,0.56
W00347,2024-05-10,B01,I052,Over-production,0.958,0.4554,0.44
W00348,2024-05-10,B03,I031,Spoilage / Expired,1.553,0.9108,1.41
W00349,2024-05-10,B03,I008,Dropped / Damaged,0.339,5.5663,1.89
W00350,2024-05-10,B03,I031,Customer Return,4.854,0.9108,4.42
W00351,2024-05-11,B01,I031,Customer Return,1.507,0.9108,1.37
W00352,2024-05-11,B02,I008,Spoilage / Expired,0.435,5.5663,2.42
W00353,2024-05-11,B02,I031,Spoilage / Expired,4.214,0.9108,3.84
W00354,2024-05-11,B02,I050,Spoilage / Expired,1.127,0.8096,0.91
W00355,2024-05-11,B02,I038,Spoilage / Expired,2.567,0.3036,0.78
W00356,2024-05-11,B03,I052,Spoilage / Expired,0.755,0.4554,0.34
W00357,2024-05-11,B03,I074,Over-production,0.328,2.8338,0.93
W00358,2024-05-11,B03,I050,Spoilage / Expired,0.34,0.8096,0.28
W00359,2024-05-12,B01,I031,Spoilage / Expired,1.231,0.9108,1.12
W00360,2024-05-12,B01,I038,Customer Return,1.41,0.3036,0.43
W00361,2024-05-13,B01,I038,Prep Error,0.193,0.3036,0.06
W00362,2024-05-13,B01,I038,Prep Error,0.227,0.3036,0.07
W00363,2024-05-13,B02,I051,Over-production,0.1,3.5422,0.35
W00364,2024-05-13,B02,I038,Spoilage / Expired,0.605,0.3036,0.18
W00365,2024-05-13,B02,I028,Spoilage / Expired,2.153,0.2834,0.61
W00366,2024-05-13,B02,I031,Over-production,1.783,0.9108,1.62
W00367,2024-05-15,B01,I034,Spoilage / Expired,0.323,2.6313,0.85
W00368,2024-05-15,B01,I034,Spoilage / Expired,0.302,2.6313,0.79
W00369,2024-05-15,B03,I008,Prep Error,0.085,5.5663,0.47
W00370,2024-05-16,B01,I028,Spoilage / Expired,5.712,0.2834,1.62
W00371,2024-05-16,B03,I031,Customer Return,1.62,0.9108,1.48
W00372,2024-05-17,B01,I090,Customer Return,0.736,0.4048,0.3
W00373,2024-05-17,B01,I050,Spoilage / Expired,1.127,0.8096,0.91
W00374,2024-05-17,B02,I031,Spoilage / Expired,3.533,0.9108,3.22
W00375,2024-05-17,B02,I010,Dropped / Damaged,0.109,5.0603,0.55
W00376,2024-05-17,B03,I064,Spoilage / Expired,0.205,1.4169,0.29
W00377,2024-05-18,B02,I052,Dropped / Damaged,1.936,0.4554,0.88
W00378,2024-05-18,B03,I038,Over-production,1.015,0.3036,0.31
W00379,2024-05-18,B03,I050,Over-production,0.545,0.8096,0.44
W00380,2024-05-19,B01,I031,Over-production,3.651,0.9108,3.33
W00381,2024-05-19,B02,I031,Spoilage / Expired,1.86,0.9108,1.69
W00382,2024-05-20,B01,I049,Spoilage / Expired,0.098,1.8217,0.18
W00383,2024-05-20,B01,I028,Over-production,1.084,0.2834,0.31
W00384,2024-05-20,B02,I053,Dropped / Damaged,0.35,0.3542,0.12
W00385,2024-05-22,B01,I070,Spoilage / Expired,0.322,0.6072,0.2
W00386,2024-05-22,B01,I052,Prep Error,0.284,0.4554,0.13
W00387,2024-05-22,B02,I031,Prep Error,0.83,0.9108,0.76
W00388,2024-05-22,B02,I090,Over-production,0.195,0.4048,0.08
W00389,2024-05-22,B02,I058,Dropped / Damaged,0.108,2.0241,0.22
W00390,2024-05-23,B02,I052,Spoilage / Expired,3.958,0.4554,1.8
W00391,2024-05-23,B02,I052,Dropped / Damaged,1.767,0.4554,0.8
W00392,2024-05-23,B03,I009,Spoilage / Expired,0.139,4.5542,0.63
W00393,2024-05-24,B02,I031,Over-production,1.589,0.9108,1.45
W00394,2024-05-24,B02,I008,Over-production,0.259,5.5663,1.44
W00395,2024-05-24,B03,I031,Spoilage / Expired,2.125,0.9108,1.94
W00396,2024-05-24,B03,I056,Dropped / Damaged,0.078,1.1133,0.09
W00397,2024-05-25,B01,I052,Spoilage / Expired,5.566,0.4554,2.53
W00398,2024-05-25,B02,I042,Over-production,0.084,2.5301,0.21
W00399,2024-05-26,B01,I041,Prep Error,0.881,1.0121,0.89
W00400,2024-05-27,B01,I052,Over-production,0.786,0.4554,0.36
W00401,2024-05-27,B02,I041,Spoilage / Expired,0.99,1.0121,1.0
W00402,2024-05-29,B01,I038,Dropped / Damaged,1.877,0.3036,0.57
W00403,2024-05-29,B01,I038,Spoilage / Expired,1.425,0.3036,0.43
W00404,2024-05-29,B03,I052,Spoilage / Expired,0.99,0.4554,0.45
W00405,2024-05-30,B01,I030,Prep Error,0.049,6.0723,0.3
W00406,2024-05-30,B01,I031,Over-production,0.423,0.9108,0.39
W00407,2024-05-30,B02,I031,Spoilage / Expired,2.591,0.9108,2.36
W00408,2024-05-30,B03,I072,Prep Error,0.317,2.4289,0.77
W00409,2024-05-30,B03,I028,Spoilage / Expired,0.354,0.2834,0.1
W00410,2024-05-30,B03,I031,Dropped / Damaged,1.551,0.9108,1.41
W00411,2024-05-30,B03,I028,Spoilage / Expired,0.285,0.2834,0.08
W00412,2024-05-31,B01,I052,Spoilage / Expired,1.039,0.4554,0.47
W00413,2024-06-01,B01,I052,Spoilage / Expired,2.442,0.4568,1.12
W00414,2024-06-01,B01,I052,Prep Error,1.28,0.4568,0.58
W00415,2024-06-01,B02,I075,Over-production,0.462,2.3347,1.08
W00416,2024-06-01,B03,I064,Dropped / Damaged,0.461,1.4211,0.66
W00417,2024-06-02,B01,I070,Over-production,0.341,0.6091,0.21
W00418,2024-06-02,B02,I036,Spoilage / Expired,0.034,4.5679,0.16
W00419,2024-06-02,B02,I031,Spoilage / Expired,0.627,0.9136,0.57
W00420,2024-06-02,B03,I008,Prep Error,0.318,5.583,1.78
W00421,2024-06-05,B01,I050,Customer Return,0.177,0.8121,0.14
W00422,2024-06-05,B03,I038,Spoilage / Expired,0.055,0.3045,0.02
W00423,2024-06-05,B03,I032,Prep Error,0.213,1.0151,0.22
W00424,2024-06-06,B02,I032,Customer Return,0.145,1.0151,0.15
W00425,2024-06-06,B03,I031,Customer Return,2.94,0.9136,2.69
W00426,2024-06-07,B01,I052,Over-production,1.631,0.4568,0.75
W00427,2024-06-07,B02,I052,Prep Error,1.997,0.4568,0.91
W00428,2024-06-08,B01,I049,Spoilage / Expired,0.094,1.8272,0.17
W00429,2024-06-08,B01,I050,Prep Error,0.364,0.8121,0.3
W00430,2024-06-08,B02,I016,Over-production,0.116,16.2414,1.88
W00431,2024-06-08,B02,I038,Over-production,2.756,0.3045,0.84
W00432,2024-06-08,B03,I051,Prep Error,0.054,3.5528,0.19
W00433,2024-06-08,B03,I019,Over-production,0.029,11.166,0.32
W00434,2024-06-09,B02,I079,Spoilage / Expired,0.22,9.6434,2.12
W00435,2024-06-10,B02,I034,Over-production,0.11,2.6392,0.29
W00436,2024-06-10,B03,I031,Customer Return,5.151,0.9136,4.71
W00437,2024-06-10,B03,I032,Spoilage / Expired,0.147,1.0151,0.15
W00438,2024-06-13,B02,I052,Over-production,1.493,0.4568,0.68
W00439,2024-06-13,B02,I090,Customer Return,0.186,0.406,0.08
W00440,2024-06-13,B02,I076,Spoilage / Expired,0.067,6.0905,0.41
W00441,2024-06-13,B02,I031,Prep Error,0.798,0.9136,0.73
W00442,2024-06-14,B01,I088,Over-production,0.073,6.0905,0.44
W00443,2024-06-14,B02,I028,Over-production,1.079,0.2842,0.31
W00444,2024-06-14,B03,I038,Dropped / Damaged,1.064,0.3045,0.32
W00445,2024-06-15,B02,I050,Over-production,0.517,0.8121,0.42
W00446,2024-06-16,B01,I038,Over-production,4.659,0.3045,1.42
W00447,2024-06-16,B01,I028,Dropped / Damaged,1.802,0.2842,0.51
W00448,2024-06-16,B02,I048,Prep Error,0.168,2.4362,0.41
W00449,2024-06-17,B01,I021,Over-production,0.105,7.1056,0.75
W00450,2024-06-17,B01,I050,Spoilage / Expired,0.631,0.8121,0.51
W00451,2024-06-17,B03,I038,Over-production,0.471,0.3045,0.14
W00452,2024-06-19,B02,I035,Over-production,0.195,0.9136,0.18
W00453,2024-06-19,B02,I079,Customer Return,0.101,9.6434,0.97
W00454,2024-06-20,B01,I035,Prep Error,0.3,0.9136,0.27
W00455,2024-06-21,B01,I051,Customer Return,0.18,3.5528,0.64
W00456,2024-06-21,B01,I031,Over-production,1.025,0.9136,0.94
W00457,2024-06-21,B01,I031,Over-production,1.875,0.9136,1.71
W00458,2024-06-21,B01,I031,Customer Return,3.299,0.9136,3.01
W00459,2024-06-21,B03,I038,Customer Return,0.837,0.3045,0.25
W00460,2024-06-22,B01,I052,Over-production,0.412,0.4568,0.19
W00461,2024-06-22,B01,I079,Prep Error,0.283,9.6434,2.73
W00462,2024-06-22,B01,I055,Spoilage / Expired,0.115,4.0604,0.47
W00463,2024-06-22,B03,I072,Spoilage / Expired,0.232,2.4362,0.57
W00464,2024-06-23,B01,I038,Spoilage / Expired,0.7,0.3045,0.21
W00465,2024-06-23,B01,I028,Over-production,0.595,0.2842,0.17
W00466,2024-06-23,B02,I038,Prep Error,1.315,0.3045,0.4
W00467,2024-06-23,B03,I052,Over-production,5.528,0.4568,2.53
W00468,2024-06-24,B03,I073,Spoilage / Expired,0.235,3.0453,0.72
W00469,2024-06-26,B01,I034,Dropped / Damaged,0.059,2.6392,0.16
W00470,2024-06-26,B01,I031,Spoilage / Expired,0.37,0.9136,0.34
W00471,2024-06-26,B01,I006,Dropped / Damaged,0.049,8.6283,0.42
W00472,2024-06-26,B02,I031,Dropped / Damaged,0.661,0.9136,0.6
W00473,2024-06-26,B03,I031,Spoilage / Expired,3.244,0.9136,2.96
W00474,2024-06-27,B01,I028,Over-production,0.931,0.2842,0.26
W00475,2024-06-27,B01,I079,Prep Error,0.381,9.6434,3.67
W00476,2024-06-27,B03,I031,Over-production,1.16,0.9136,1.06
W00477,2024-06-27,B03,I031,Spoilage / Expired,1.483,0.9136,1.35
W00478,2024-06-28,B01,I019,Spoilage / Expired,0.033,11.166,0.37
W00479,2024-06-28,B01,I031,Over-production,4.42,0.9136,4.04
W00480,2024-06-28,B01,I065,Over-production,0.064,2.0302,0.13
W00481,2024-06-28,B01,I028,Dropped / Damaged,0.333,0.2842,0.09
W00482,2024-06-28,B02,I023,Spoilage / Expired,0.09,1.1166,0.1
W00483,2024-06-28,B03,I038,Spoilage / Expired,1.391,0.3045,0.42
W00484,2024-06-29,B03,I063,Over-production,0.017,12.1811,0.21
W00485,2024-06-30,B01,I031,Dropped / Damaged,3.013,0.9136,2.75
W00486,2024-06-30,B01,I061,Dropped / Damaged,0.237,6.0905,1.44
W00487,2024-06-30,B01,I042,Over-production,0.311,2.5377,0.79
W00488,2024-06-30,B01,I031,Over-production,3.241,0.9136,2.96
W00489,2024-06-30,B02,I038,Over-production,1.978,0.3045,0.6
W00490,2024-06-30,B03,I035,Customer Return,0.236,0.9136,0.22
W00491,2024-07-01,B01,I031,Prep Error,0.717,0.9163,0.66
W00492,2024-07-01,B01,I062,Spoilage / Expired,0.018,4.5816,0.08
W00493,2024-07-01,B02,I006,Over-production,0.079,8.6542,0.68
W00494,2024-07-03,B01,I031,Dropped / Damaged,3.935,0.9163,3.61
W00495,2024-07-03,B02,I038,Over-production,0.677,0.3054,0.21
W00496,2024-07-03,B02,I006,Over-production,0.167,8.6542,1.45
W00497,2024-07-03,B02,I052,Customer Return,4.449,0.4582,2.04
W00498,2024-07-03,B03,I038,Spoilage / Expired,0.577,0.3054,0.18
W00499,2024-07-04,B03,I052,Spoilage / Expired,1.918,0.4582,0.88
W00500,2024-07-05,B01,I031,Over-production,2.235,0.9163,2.05
W00501,2024-07-05,B01,I031,Dropped / Damaged,1.669,0.9163,1.53
W00502,2024-07-05,B02,I050,Spoilage / Expired,0.343,0.8145,0.28
W00503,2024-07-05,B02,I052,Spoilage / Expired,5.56,0.4582,2.55
W00504,2024-07-06,B02,I038,Spoilage / Expired,1.241,0.3054,0.38
W00505,2024-07-06,B03,I028,Prep Error,0.237,0.2851,0.07
W00506,2024-07-06,B03,I090,Spoilage / Expired,0.077,0.4073,0.03
W00507,2024-07-07,B02,I070,Over-production,0.266,0.6109,0.16
W00508,2024-07-07,B03,I052,Customer Return,2.113,0.4582,0.97
W00509,2024-07-07,B03,I031,Spoilage / Expired,5.997,0.9163,5.5
W00510,2024-07-08,B02,I031,Over-production,2.917,0.9163,2.67
W00511,2024-07-08,B02,I075,Prep Error,0.221,2.3417,0.52
W00512,2024-07-08,B03,I073,Prep Error,0.288,3.0544,0.88
W00513,2024-07-10,B01,I038,Over-production,0.155,0.3054,0.05
W00514,2024-07-10,B02,I050,Customer Return,0.447,0.8145,0.36
W00515,2024-07-10,B03,I038,Over-production,0.589,0.3054,0.18
W00516,2024-07-11,B01,I035,Customer Return,0.203,0.9163,0.19
W00517,2024-07-11,B03,I028,Prep Error,1.063,0.2851,0.3
W00518,2024-07-11,B03,I052,Customer Return,1.001,0.4582,0.46
W00519,2024-07-12,B01,I031,Spoilage / Expired,1.423,0.9163,1.3
W00520,2024-07-12,B01,I061,Spoilage / Expired,0.049,6.1088,0.3
W00521,2024-07-12,B01,I031,Customer Return,2.244,0.9163,2.06
W00522,2024-07-12,B03,I038,Dropped / Damaged,2.662,0.3054,0.81
W00523,2024-07-12,B03,I038,Customer Return,3.689,0.3054,1.13
W00524,2024-07-13,B01,I031,Prep Error,2.453,0.9163,2.25
W00525,2024-07-13,B02,I028,Dropped / Damaged,0.911,0.2851,0.26
W00526,2024-07-13,B03,I052,Prep Error,0.51,0.4582,0.23
W00527,2024-07-14,B01,I075,Prep Error,0.433,2.3417,1.01
W00528,2024-07-14,B02,I046,Over-production,0.219,3.258,0.71
W00529,2024-07-14,B03,I031,Customer Return,1.173,0.9163,1.07
W00530,2024-07-14,B03,I052,Spoilage / Expired,1.951,0.4582,0.89
W00531,2024-07-15,B01,I035,Over-production,0.365,0.9163,0.33
W00532,2024-07-15,B02,I050,Customer Return,0.531,0.8145,0.43
W00533,2024-07-17,B01,I023,Over-production,0.05,1.1199,0.06
W00534,2024-07-17,B01,I035,Spoilage / Expired,0.384,0.9163,0.35
W00535,2024-07-17,B02,I038,Spoilage / Expired,0.883,0.3054,0.27
W00536,2024-07-18,B01,I031,Dropped / Damaged,1.625,0.9163,1.49
W00537,2024-07-18,B01,I056,Spoilage / Expired,0.032,1.1199,0.04
W00538,2024-07-18,B03,I072,Customer Return,0.44,2.4435,1.08
W00539,2024-07-19,B01,I009,Spoilage / Expired,0.027,4.5816,0.12
W00540,2024-07-19,B02,I031,Prep Error,3.538,0.9163,3.24
W00541,2024-07-19,B03,I031,Over-production,1.505,0.9163,1.38
W00542,2024-07-20,B02,I002,Prep Error,0.177,28.5078,5.05
W00543,2024-07-20,B02,I036,Over-production,0.284,4.5816,1.3
W00544,2024-07-21,B01,I024,Prep Error,0.061,9.1632,0.56
W00545,2024-07-21,B01,I031,Customer Return,2.208,0.9163,2.02
W00546,2024-07-21,B01,I052,Spoilage / Expired,2.397,0.4582,1.1
W00547,2024-07-21,B01,I072,Spoilage / Expired,0.521,2.4435,1.27
W00548,2024-07-21,B01,I050,Customer Return,0.305,0.8145,0.25
W00549,2024-07-22,B01,I031,Spoilage / Expired,0.604,0.9163,0.55
W00550,2024-07-22,B01,I056,Customer Return,0.107,1.1199,0.12
W00551,2024-07-22,B01,I048,Prep Error,0.155,2.4435,0.38
W00552,2024-07-22,B01,I031,Spoilage / Expired,0.19,0.9163,0.17
W00553,2024-07-22,B02,I038,Prep Error,1.16,0.3054,0.35
W00554,2024-07-22,B03,I007,Over-production,0.063,7.636,0.48
W00555,2024-07-22,B03,I052,Spoilage / Expired,1.231,0.4582,0.56
W00556,2024-07-24,B01,I077,Spoilage / Expired,0.052,6.1088,0.32
W00557,2024-07-24,B02,I038,Over-production,3.592,0.3054,1.1
W00558,2024-07-24,B03,I052,Dropped / Damaged,0.124,0.4582,0.06
W00559,2024-07-24,B03,I077,Over-production,0.145,6.1088,0.89
W00560,2024-07-25,B01,I050,Prep Error,0.113,0.8145,0.09
W00561,2024-07-25,B01,I038,Spoilage / Expired,0.741,0.3054,0.23
W00562,2024-07-25,B02,I072,Spoilage / Expired,0.163,2.4435,0.4
W00563,2024-07-25,B02,I031,Over-production,5.554,0.9163,5.09
W00564,2024-07-26,B01,I031,Spoilage / Expired,0.953,0.9163,0.87
W00565,2024-07-26,B01,I074,Over-production,0.153,2.8508,0.44
W00566,2024-07-26,B03,I052,Dropped / Damaged,0.527,0.4582,0.24
W00567,2024-07-26,B03,I053,Over-production,0.216,0.3563,0.08
W00568,2024-07-27,B01,I090,Over-production,0.216,0.4073,0.09
W00569,2024-07-27,B01,I052,Over-production,2.343,0.4582,1.07
W00570,2024-07-27,B03,I039,Dropped / Damaged,0.064,0.2545,0.02
W00571,2024-07-28,B02,I053,Spoilage / Expired,0.908,0.3563,0.32
W00572,2024-07-28,B02,I052,Prep Error,2.13,0.4582,0.98
W00573,2024-07-29,B01,I038,Prep Error,1.267,0.3054,0.39
W00574,2024-07-29,B02,I038,Customer Return,1.593,0.3054,0.49
W00575,2024-07-29,B02,I038,Spoilage / Expired,1.319,0.3054,0.4
W00576,2024-07-29,B02,I038,Spoilage / Expired,1.352,0.3054,0.41
W00577,2024-07-29,B03,I049,Spoilage / Expired,0.112,1.8326,0.21
W00578,2024-07-29,B03,I031,Spoilage / Expired,0.523,0.9163,0.48
W00579,2024-07-31,B01,I008,Spoilage / Expired,0.123,5.5997,0.69
W00580,2024-07-31,B02,I038,Prep Error,0.806,0.3054,0.25
W00581,2024-07-31,B03,I033,Prep Error,0.027,5.0907,0.14
W00582,2024-07-31,B03,I033,Spoilage / Expired,0.065,5.0907,0.33
W00583,2024-07-31,B03,I036,Prep Error,0.305,4.5816,1.4
W00584,2024-08-01,B01,I038,Spoilage / Expired,4.083,0.3064,1.25
W00585,2024-08-01,B01,I010,Over-production,0.463,5.1059,2.36
W00586,2024-08-01,B02,I028,Prep Error,0.744,0.2859,0.21
W00587,2024-08-01,B02,I035,Prep Error,0.411,0.9191,0.38
W00588,2024-08-02,B02,I028,Over-production,1.735,0.2859,0.5
W00589,2024-08-02,B03,I038,Spoilage / Expired,0.757,0.3064,0.23
W00590,2024-08-03,B01,I028,Spoilage / Expired,0.549,0.2859,0.16
W00591,2024-08-03,B02,I052,Spoilage / Expired,0.808,0.4595,0.37
W00592,2024-08-04,B01,I028,Customer Return,0.305,0.2859,0.09
W00593,2024-08-04,B01,I046,Spoilage / Expired,0.185,3.2678,0.6
W00594,2024-08-04,B03,I077,Spoilage / Expired,0.179,6.1271,1.1
W00595,2024-08-05,B01,I058,Customer Return,0.315,2.0424,0.64
W00596,2024-08-05,B01,I020,Prep Error,0.069,14.2967,0.99
W00597,2024-08-05,B01,I031,Spoilage / Expired,1.848,0.9191,1.7
W00598,2024-08-07,B01,I031,Prep Error,0.108,0.9191,0.1
W00599,2024-08-07,B01,I072,Prep Error,0.244,2.4509,0.6
W00600,2024-08-07,B01,I050,Over-production,0.161,0.817,0.13
W00601,2024-08-07,B02,I031,Prep Error,1.132,0.9191,1.04
W00602,2024-08-08,B01,I053,Over-production,0.504,0.3574,0.18
W00603,2024-08-08,B02,I070,Spoilage / Expired,0.586,0.6127,0.36
W00604,2024-08-09,B02,I052,Over-production,1.67,0.4595,0.77
W00605,2024-08-09,B02,I031,Prep Error,3.217,0.9191,2.96
W00606,2024-08-09,B03,I053,Spoilage / Expired,0.562,0.3574,0.2
W00607,2024-08-09,B03,I028,Dropped / Damaged,0.503,0.2859,0.14
W00608,2024-08-11,B01,I007,Prep Error,0.245,7.6589,1.88
W00609,2024-08-11,B03,I030,Over-production,0.04,6.1271,0.25
W00610,2024-08-11,B03,I038,Prep Error,2.436,0.3064,0.75
W00611,2024-08-11,B03,I031,Prep Error,1.537,0.9191,1.41
W00612,2024-08-11,B03,I028,Prep Error,0.919,0.2859,0.26
W00613,2024-08-11,B03,I081,Spoilage / Expired,0.059,16.339,0.96
W00614,2024-08-11,B03,I006,Over-production,0.579,8.6801,5.03
W00615,2024-08-14,B01,I031,Customer Return,2.001,0.9191,1.84
W00616,2024-08-14,B01,I035,Spoilage / Expired,0.814,0.9191,0.75
W00617,2024-08-14,B03,I038,Customer Return,0.915,0.3064,0.28
W00618,2024-08-15,B02,I031,Over-production,3.542,0.9191,3.26
W00619,2024-08-15,B03,I021,Over-production,0.02,7.1483,0.14
W00620,2024-08-16,B02,I008,Dropped / Damaged,0.239,5.6165,1.34
W00621,2024-08-17,B01,I038,Over-production,1.551,0.3064,0.48
W00622,2024-08-17,B02,I031,Spoilage / Expired,2.265,0.9191,2.08
W00623,2024-08-17,B03,I038,Spoilage / Expired,1.906,0.3064,0.58
W00624,2024-08-18,B02,I021,Spoilage / Expired,0.086,7.1483,0.61
W00625,2024-08-19,B01,I031,Customer Return,1.268,0.9191,1.17
W00626,2024-08-19,B03,I031,Spoilage / Expired,0.78,0.9191,0.72
W00627,2024-08-21,B01,I035,Prep Error,0.17,0.9191,0.16
W00628,2024-08-21,B02,I028,Spoilage / Expired,3.251,0.2859,0.93
W00629,2024-08-21,B03,I038,Spoilage / Expired,1.347,0.3064,0.41
W00630,2024-08-21,B03,I038,Over-production,1.722,0.3064,0.53
W00631,2024-08-21,B03,I058,Prep Error,0.084,2.0424,0.17
W00632,2024-08-22,B01,I052,Spoilage / Expired,0.355,0.4595,0.16
W00633,2024-08-22,B02,I028,Over-production,0.572,0.2859,0.16
W00634,2024-08-23,B01,I072,Spoilage / Expired,0.395,2.4509,0.97
W00635,2024-08-23,B02,I031,Customer Return,6.07,0.9191,5.58
W00636,2024-08-23,B02,I038,Prep Error,1.211,0.3064,0.37
W00637,2024-08-23,B02,I072,Over-production,1.029,2.4509,2.52
W00638,2024-08-24,B01,I031,Dropped / Damaged,4.034,0.9191,3.71
W00639,2024-08-24,B01,I031,Dropped / Damaged,3.099,0.9191,2.85
W00640,2024-08-24,B01,I038,Spoilage / Expired,2.641,0.3064,0.81
W00641,2024-08-24,B02,I072,Over-production,0.761,2.4509,1.87
W00642,2024-08-24,B03,I079,Dropped / Damaged,0.334,9.7013,3.24
W00643,2024-08-25,B01,I052,Over-production,2.732,0.4595,1.26
W00644,2024-08-25,B01,I052,Spoilage / Expired,2.895,0.4595,1.33
W00645,2024-08-25,B02,I070,Customer Return,0.397,0.6127,0.24
W00646,2024-08-25,B03,I017,Over-production,0.068,19.4026,1.32
W00647,2024-08-25,B03,I031,Customer Return,0.734,0.9191,0.67
W00648,2024-08-25,B03,I031,Prep Error,0.317,0.9191,0.29
W00649,2024-08-26,B01,I031,Over-production,2.526,0.9191,2.32
W00650,2024-08-26,B02,I052,Spoilage / Expired,0.802,0.4595,0.37
W00651,2024-08-26,B03,I031,Spoilage / Expired,2.082,0.9191,1.91
W00652,2024-08-28,B01,I031,Over-production,3.465,0.9191,3.18
W00653,2024-08-28,B02,I031,Spoilage / Expired,0.893,0.9191,0.82
W00654,2024-08-28,B03,I081,Over-production,0.033,16.339,0.54
W00655,2024-08-28,B03,I038,Spoilage / Expired,0.38,0.3064,0.12
W00656,2024-08-29,B01,I072,Over-production,0.656,2.4509,1.61
W00657,2024-08-29,B01,I031,Spoilage / Expired,2.697,0.9191,2.48
W00658,2024-08-29,B03,I064,Spoilage / Expired,0.352,1.4297,0.5
W00659,2024-08-30,B01,I072,Prep Error,0.182,2.4509,0.45
W00660,2024-08-30,B02,I052,Spoilage / Expired,0.566,0.4595,0.26
W00661,2024-08-30,B02,I028,Prep Error,2.693,0.2859,0.77
W00662,2024-08-30,B03,I076,Over-production,0.173,6.1271,1.06
W00663,2024-08-30,B03,I066,Over-production,0.118,5.1059,0.6
W00664,2024-08-31,B01,I052,Prep Error,1.317,0.4595,0.61
W00665,2024-08-31,B02,I032,Over-production,0.303,1.0212,0.31
W00666,2024-08-31,B03,I076,Prep Error,0.126,6.1271,0.77
W00667,2024-08-31,B03,I038,Spoilage / Expired,1.055,0.3064,0.32
W00668,2024-08-31,B03,I052,Spoilage / Expired,0.755,0.4595,0.35
W00669,2024-09-01,B01,I028,Over-production,0.43,0.2868,0.12
W00670,2024-09-01,B01,I052,Over-production,3.811,0.4609,1.76
W00671,2024-09-01,B01,I053,Spoilage / Expired,1.116,0.3585,0.4
W00672,2024-09-01,B03,I031,Dropped / Damaged,0.695,0.9218,0.64
W00673,2024-09-02,B01,I035,Prep Error,0.255,0.9218,0.24
W00674,2024-09-02,B03,I031,Spoilage / Expired,1.467,0.9218,1.35
W00675,2024-09-02,B03,I073,Spoilage / Expired,0.192,3.0728,0.59
W00676,2024-09-04,B01,I031,Prep Error,2.532,0.9218,2.33
W00677,2024-09-04,B03,I052,Dropped / Damaged,0.862,0.4609,0.4
W00678,2024-09-04,B03,I063,Spoilage / Expired,0.01,12.291,0.12
W00679,2024-09-04,B03,I052,Prep Error,1.791,0.4609,0.83
W00680,2024-09-05,B01,I064,Over-production,0.285,1.434,0.41
W00681,2024-09-05,B01,I028,Over-production,1.266,0.2868,0.36
W00682,2024-09-05,B01,I070,Prep Error,0.49,0.6146,0.3
W00683,2024-09-05,B02,I080,Spoilage / Expired,0.192,8.7062,1.67
W00684,2024-09-05,B03,I052,Over-production,1.66,0.4609,0.77
W00685,2024-09-05,B03,I076,Over-production,0.213,6.1455,1.31
W00686,2024-09-07,B01,I053,Dropped / Damaged,0.413,0.3585,0.15
W00687,2024-09-07,B01,I008,Over-production,0.056,5.6334,0.32
W00688,2024-09-07,B02,I031,Customer Return,1.99,0.9218,1.83
W00689,2024-09-07,B03,I031,Customer Return,0.877,0.9218,0.81
W00690,2024-09-07,B03,I031,Over-production,1.231,0.9218,1.13
W00691,2024-09-07,B03,I008,Spoilage / Expired,0.132,5.6334,0.74
W00692,2024-09-07,B03,I008,Prep Error,0.095,5.6334,0.54
W00693,2024-09-07,B03,I052,Over-production,1.299,0.4609,0.6
W00694,2024-09-09,B01,I079,Spoilage / Expired,0.573,9.7304,5.58
W00695,2024-09-11,B01,I052,Dropped / Damaged,1.921,0.4609,0.89
W00696,2024-09-11,B01,I052,Customer Return,0.871,0.4609,0.4
W00697,2024-09-11,B01,I038,Customer Return,1.134,0.3073,0.35
W00698,2024-09-11,B03,I022,Over-production,0.099,4.097,0.41
W00699,2024-09-12,B01,I083,Over-production,0.056,17.4123,0.98
W00700,2024-09-12,B01,I038,Prep Error,0.638,0.3073,0.2
W00701,2024-09-12,B01,I090,Prep Error,0.845,0.4097,0.35
W00702,2024-09-12,B01,I052,Prep Error,0.077,0.4609,0.04
W00703,2024-09-12,B02,I074,Spoilage / Expired,0.178,2.8679,0.51
W00704,2024-09-12,B02,I074,Customer Return,0.18,2.8679,0.52
W00705,2024-09-12,B03,I021,Dropped / Damaged,0.045,7.1698,0.32
W00706,2024-09-13,B01,I078,Dropped / Damaged,0.01,8.194,0.08
W00707,2024-09-13,B01,I052,Customer Return,0.918,0.4609,0.42
W00708,2024-09-13,B02,I031,Spoilage / Expired,7.935,0.9218,7.31
W00709,2024-09-13,B02,I021,Customer Return,0.215,7.1698,1.54
W00710,2024-09-13,B03,I050,Customer Return,0.337,0.8194,0.28
W00711,2024-09-13,B03,I006,Spoilage / Expired,0.034,8.7062,0.3
W00712,2024-09-15,B02,I038,Spoilage / Expired,1.386,0.3073,0.43
W00713,2024-09-15,B03,I073,Customer Return,0.515,3.0728,1.58
W00714,2024-09-15,B03,I070,Spoilage / Expired,0.456,0.6146,0.28
W00715,2024-09-15,B03,I076,Customer Return,0.062,6.1455,0.38
W00716,2024-09-15,B03,I078,Over-production,0.051,8.194,0.42
W00717,2024-09-18,B02,I052,Over-production,3.163,0.4609,1.46
W00718,2024-09-18,B02,I052,Spoilage / Expired,1.232,0.4609,0.57
W00719,2024-09-18,B02,I052,Customer Return,1.3,0.4609,0.6
W00720,2024-09-18,B02,I038,Spoilage / Expired,0.979,0.3073,0.3
W00721,2024-09-19,B01,I038,Spoilage / Expired,0.687,0.3073,0.21
W00722,2024-09-19,B03,I090,Prep Error,0.179,0.4097,0.07
W00723,2024-09-20,B01,I041,Spoilage / Expired,0.884,1.0243,0.91
W00724,2024-09-20,B02,I052,Spoilage / Expired,2.693,0.4609,1.24
W00725,2024-09-20,B02,I052,Prep Error,3.085,0.4609,1.42
W00726,2024-09-20,B03,I038,Prep Error,1.493,0.3073,0.46
W00727,2024-09-21,B03,I016,Spoilage / Expired,0.388,16.3881,6.36
W00728,2024-09-22,B01,I038,Spoilage / Expired,0.39,0.3073,0.12
W00729,2024-09-22,B03,I052,Over-production,0.629,0.4609,0.29
W00730,2024-09-22,B03,I075,Over-production,0.159,2.3558,0.37
W00731,2024-09-22,B03,I075,Customer Return,0.067,2.3558,0.16
W00732,2024-09-23,B02,I050,Spoilage / Expired,0.328,0.8194,0.27
W00733,2024-09-23,B02,I075,Customer Return,0.288,2.3558,0.68
W00734,2024-09-23,B03,I080,Dropped / Damaged,0.268,8.7062,2.33
W00735,2024-09-25,B01,I028,Prep Error,2.256,0.2868,0.65
W00736,2024-09-25,B03,I052,Over-production,0.441,0.4609,0.2
W00737,2024-09-26,B02,I053,Over-production,0.35,0.3585,0.13
W00738,2024-09-26,B02,I050,Spoilage / Expired,1.054,0.8194,0.86
W00739,2024-09-26,B02,I030,Spoilage / Expired,0.024,6.1455,0.15
W00740,2024-09-26,B02,I031,Over-production,1.781,0.9218,1.64
W00741,2024-09-26,B03,I052,Dropped / Damaged,1.74,0.4609,0.8
W00742,2024-09-27,B03,I007,Spoilage / Expired,0.127,7.6819,0.98
W00743,2024-09-28,B01,I031,Prep Error,2.919,0.9218,2.69
W00744,2024-09-28,B01,I050,Over-production,1.709,0.8194,1.4
W00745,2024-09-28,B01,I031,Spoilage / Expired,3.117,0.9218,2.87
W00746,2024-09-28,B01,I050,Customer Return,0.491,0.8194,0.4
W00747,2024-09-28,B02,I007,Spoilage / Expired,0.125,7.6819,0.96
W00748,2024-09-28,B02,I028,Over-production,1.005,0.2868,0.29
W00749,2024-09-28,B03,I002,Over-production,0.085,28.6791,2.44
W00750,2024-09-28,B03,I001,Over-production,0.159,14.3395,2.28
W00751,2024-09-29,B01,I031,Over-production,1.023,0.9218,0.94
W00752,2024-09-29,B02,I072,Spoilage / Expired,0.854,2.4582,2.1
W00753,2024-09-30,B01,I008,Spoilage / Expired,0.141,5.6334,0.79
W00754,2024-09-30,B01,I070,Spoilage / Expired,0.494,0.6146,0.3
W00755,2024-10-02,B02,I028,Prep Error,1.397,0.2877,0.4
W00756,2024-10-02,B02,I031,Prep Error,1.095,0.9246,1.01
W00757,2024-10-02,B03,I031,Over-production,0.803,0.9246,0.74
W00758,2024-10-02,B03,I058,Over-production,0.069,2.0547,0.14
W00759,2024-10-02,B03,I017,Spoilage / Expired,0.029,19.5192,0.57
W00760,2024-10-03,B02,I038,Prep Error,0.381,0.3082,0.12
W00761,2024-10-03,B02,I003,Dropped / Damaged,0.109,32.8744,3.58
W00762,2024-10-03,B03,I007,Spoilage / Expired,0.13,7.7049,1.0
W00763,2024-10-03,B03,I031,Spoilage / Expired,1.389,0.9246,1.28
W00764,2024-10-03,B03,I022,Customer Return,0.063,4.1093,0.26
W00765,2024-10-04,B01,I031,Over-production,1.45,0.9246,1.34
W00766,2024-10-04,B01,I031,Over-production,1.626,0.9246,1.5
W00767,2024-10-04,B02,I073,Over-production,0.168,3.082,0.52
W00768,2024-10-04,B02,I038,Over-production,1.343,0.3082,0.41
W00769,2024-10-05,B01,I041,Over-production,1.709,1.0273,1.76
W00770,2024-10-05,B02,I032,Customer Return,0.404,1.0273,0.42
W00771,2024-10-05,B03,I041,Over-production,1.845,1.0273,1.9
W00772,2024-10-05,B03,I058,Spoilage / Expired,0.446,2.0547,0.92
W00773,2024-10-06,B01,I036,Customer Return,0.197,4.623,0.91
W00774,2024-10-06,B03,I072,Over-production,0.492,2.4656,1.21
W00775,2024-10-07,B01,I052,Over-production,0.434,0.4623,0.2
W00776,2024-10-07,B01,I051,Over-production,0.065,3.5956,0.23
W00777,2024-10-07,B01,I052,Prep Error,0.379,0.4623,0.18
W00778,2024-10-07,B03,I052,Spoilage / Expired,1.889,0.4623,0.87
W00779,2024-10-07,B03,I052,Over-production,1.401,0.4623,0.65
W00780,2024-10-09,B02,I031,Over-production,1.485,0.9246,1.37
W00781,2024-10-09,B03,I052,Over-production,0.814,0.4623,0.38
W00782,2024-10-09,B03,I052,Over-production,1.227,0.4623,0.57
W00783,2024-10-10,B01,I010,Customer Return,0.318,5.1366,1.63
W00784,2024-10-10,B01,I004,Dropped / Damaged,0.031,49.3117,1.53
W00785,2024-10-10,B01,I031,Dropped / Damaged,1.384,0.9246,1.28
W00786,2024-10-10,B02,I007,Dropped / Damaged,0.066,7.7049,0.51
W00787,2024-10-10,B02,I064,Dropped / Damaged,0.555,1.4383,0.8
W00788,2024-10-10,B02,I031,Over-production,1.299,0.9246,1.2
W00789,2024-10-10,B03,I008,Prep Error,0.108,5.6503,0.61
W00790,2024-10-10,B03,I052,Spoilage / Expired,0.452,0.4623,0.21
W00791,2024-10-10,B03,I031,Prep Error,0.585,0.9246,0.54
W00792,2024-10-10,B03,I038,Prep Error,0.526,0.3082,0.16
W00793,2024-10-10,B03,I050,Prep Error,0.435,0.8219,0.36
W00794,2024-10-12,B01,I009,Prep Error,0.044,4.623,0.2
W00795,2024-10-12,B01,I058,Spoilage / Expired,0.06,2.0547,0.12
W00796,2024-10-12,B02,I023,Prep Error,0.129,1.1301,0.15
W00797,2024-10-13,B03,I050,Prep Error,0.314,0.8219,0.26
W00798,2024-10-13,B03,I023,Customer Return,0.126,1.1301,0.14
W00799,2024-10-14,B03,I031,Customer Return,1.603,0.9246,1.48
W00800,2024-10-14,B03,I070,Prep Error,0.19,0.6164,0.12
W00801,2024-10-16,B01,I028,Prep Error,1.122,0.2877,0.32
W00802,2024-10-16,B01,I050,Spoilage / Expired,0.072,0.8219,0.06
W00803,2024-10-16,B01,I073,Dropped / Damaged,0.24,3.082,0.74
W00804,2024-10-17,B01,I072,Customer Return,0.091,2.4656,0.22
W00805,2024-10-17,B01,I028,Spoilage / Expired,1.003,0.2877,0.29
W00806,2024-10-17,B02,I053,Spoilage / Expired,0.429,0.3596,0.15
W00807,2024-10-18,B01,I031,Spoilage / Expired,1.73,0.9246,1.6
W00808,2024-10-18,B02,I038,Prep Error,1.524,0.3082,0.47
W00809,2024-10-18,B03,I041,Over-production,0.752,1.0273,0.77
W00810,2024-10-18,B03,I072,Customer Return,0.122,2.4656,0.3
W00811,2024-10-18,B03,I052,Over-production,2.858,0.4623,1.32
W00812,2024-10-19,B01,I053,Over-production,0.393,0.3596,0.14
W00813,2024-10-19,B01,I052,Over-production,3.493,0.4623,1.61
W00814,2024-10-19,B01,I031,Dropped / Damaged,3.369,0.9246,3.11
W00815,2024-10-19,B02,I049,Over-production,0.073,1.8492,0.13
W00816,2024-10-19,B03,I009,Dropped / Damaged,0.079,4.623,0.37
W00817,2024-10-20,B02,I021,Prep Error,0.259,7.1913,1.86
W00818,2024-10-20,B03,I090,Over-production,0.262,0.4109,0.11
W00819,2024-10-20,B03,I031,Over-production,1.97,0.9246,1.82
W00820,2024-10-20,B03,I028,Customer Return,0.418,0.2877,0.12
W00821,2024-10-21,B03,I006,Customer Return,0.049,8.7323,0.43
W00822,2024-10-21,B03,I031,Dropped / Damaged,0.82,0.9246,0.76
W00823,2024-10-21,B03,I034,Over-production,0.096,2.671,0.26
W00824,2024-10-23,B01,I038,Prep Error,4.206,0.3082,1.3
W00825,2024-10-23,B01,I038,Prep Error,3.966,0.3082,1.22
W00826,2024-10-23,B02,I050,Over-production,0.253,0.8219,0.21
W00827,2024-10-23,B02,I050,Customer Return,0.131,0.8219,0.11
W00828,2024-10-23,B03,I049,Over-production,0.096,1.8492,0.18
W00829,2024-10-23,B03,I050,Spoilage / Expired,0.294,0.8219,0.24
W00830,2024-10-23,B03,I052,Dropped / Damaged,1.668,0.4623,0.77
W00831,2024-10-24,B01,I091,Spoilage / Expired,0.074,2.2601,0.17
W00832,2024-10-24,B02,I038,Spoilage / Expired,0.739,0.3082,0.23
W00833,2024-10-24,B03,I031,Spoilage / Expired,3.845,0.9246,3.56
W00834,2024-10-25,B01,I031,Prep Error,5.618,0.9246,5.19
W00835,2024-10-25,B02,I031,Over-production,1.405,0.9246,1.3
W00836,2024-10-25,B02,I052,Customer Return,4.102,0.4623,1.9
W00837,2024-10-25,B03,I072,Spoilage / Expired,0.216,2.4656,0.53
W00838,2024-10-26,B01,I013,Spoilage / Expired,0.02,12.3279,0.25
W00839,2024-10-26,B02,I026,Customer Return,0.08,11.3006,0.9
W00840,2024-10-26,B03,I031,Spoilage / Expired,9.667,0.9246,8.94
W00841,2024-10-27,B01,I038,Dropped / Damaged,1.381,0.3082,0.43
W00842,2024-10-28,B01,I031,Over-production,0.536,0.9246,0.5
W00843,2024-10-30,B01,I052,Spoilage / Expired,0.986,0.4623,0.46
W00844,2024-10-30,B03,I074,Spoilage / Expired,0.133,2.8765,0.38
W00845,2024-10-31,B01,I031,Prep Error,2.762,0.9246,2.55
W00846,2024-10-31,B01,I052,Over-production,1.866,0.4623,0.86
W00847,2024-10-31,B02,I038,Prep Error,0.643,0.3082,0.2
W00848,2024-10-31,B02,I052,Prep Error,2.639,0.4623,1.22
W00849,2024-11-01,B01,I017,Prep Error,0.044,19.5778,0.86
W00850,2024-11-01,B01,I048,Over-production,0.111,2.473,0.27
W00851,2024-11-01,B02,I053,Prep Error,0.465,0.3606,0.17
W00852,2024-11-01,B03,I028,Over-production,1.035,0.2885,0.3
W00853,2024-11-02,B03,I038,Prep Error,0.656,0.3091,0.2
W00854,2024-11-02,B03,I016,Over-production,0.035,16.4865,0.58
W00855,2024-11-03,B01,I007,Customer Return,0.048,7.7281,0.37
W00856,2024-11-03,B01,I028,Prep Error,1.674,0.2885,0.48
W00857,2024-11-03,B01,I052,Customer Return,0.617,0.4637,0.29
W00858,2024-11-03,B02,I072,Spoilage / Expired,0.696,2.473,1.72
W00859,2024-11-03,B03,I032,Prep Error,0.314,1.0304,0.32
W00860,2024-11-04,B01,I039,Spoilage / Expired,0.01,0.2576,0.0
W00861,2024-11-04,B01,I031,Spoilage / Expired,1.407,0.9274,1.3
W00862,2024-11-04,B02,I052,Spoilage / Expired,2.076,0.4637,0.96
W00863,2024-11-06,B01,I052,Over-production,1.292,0.4637,0.6
W00864,2024-11-06,B01,I006,Dropped / Damaged,0.094,8.7585,0.82
W00865,2024-11-06,B01,I016,Over-production,0.115,16.4865,1.9
W00866,2024-11-06,B03,I053,Spoilage / Expired,0.216,0.3606,0.08
W00867,2024-11-06,B03,I032,Spoilage / Expired,0.324,1.0304,0.33
W00868,2024-11-07,B01,I072,Over-production,0.427,2.473,1.06
W00869,2024-11-07,B01,I052,Dropped / Damaged,0.492,0.4637,0.23
W00870,2024-11-07,B02,I052,Prep Error,0.464,0.4637,0.22
W00871,2024-11-07,B02,I072,Over-production,0.289,2.473,0.71
W00872,2024-11-08,B02,I052,Over-production,5.198,0.4637,2.41
W00873,2024-11-09,B03,I052,Spoilage / Expired,4.402,0.4637,2.04
W00874,2024-11-10,B01,I028,Spoilage / Expired,0.451,0.2885,0.13
W00875,2024-11-10,B01,I031,Prep Error,0.456,0.9274,0.42
W00876,2024-11-10,B01,I052,Spoilage / Expired,0.951,0.4637,0.44
W00877,2024-11-10,B01,I041,Spoilage / Expired,0.546,1.0304,0.56
W00878,2024-11-10,B02,I031,Over-production,4.269,0.9274,3.96
W00879,2024-11-10,B02,I031,Dropped / Damaged,5.594,0.9274,5.19
W00880,2024-11-10,B02,I031,Prep Error,2.807,0.9274,2.6
W00881,2024-11-10,B02,I031,Spoilage / Expired,3.941,0.9274,3.65
W00882,2024-11-11,B01,I080,Over-production,0.324,8.7585,2.84
W00883,2024-11-11,B01,I090,Prep Error,0.052,0.4122,0.02
W00884,2024-11-11,B01,I050,Over-production,0.183,0.8243,0.15
W00885,2024-11-11,B01,I035,Over-production,0.195,0.9274,0.18
W00886,2024-11-11,B02,I028,Spoilage / Expired,0.773,0.2885,0.22
W00887,2024-11-11,B02,I052,Dropped / Damaged,2.168,0.4637,1.01
W00888,2024-11-13,B01,I041,Prep Error,0.026,1.0304,0.03
W00889,2024-11-13,B02,I016,Spoilage / Expired,0.123,16.4865,2.03
W00890,2024-11-13,B03,I010,Customer Return,0.129,5.152,0.66
W00891,2024-11-14,B02,I031,Spoilage / Expired,0.889,0.9274,0.82
W00892,2024-11-14,B03,I035,Spoilage / Expired,0.161,0.9274,0.15
W00893,2024-11-15,B01,I046,Prep Error,0.194,3.2973,0.64
W00894,2024-11-15,B02,I031,Over-production,2.226,0.9274,2.06
W00895,2024-11-15,B03,I031,Dropped / Damaged,1.198,0.9274,1.11
W00896,2024-11-15,B03,I045,Spoilage / Expired,0.049,0.4122,0.02
W00897,2024-11-16,B01,I073,Spoilage / Expired,0.305,3.0912,0.94
W00898,2024-11-16,B01,I072,Prep Error,0.782,2.473,1.93
W00899,2024-11-16,B02,I078,Over-production,0.038,8.2433,0.31
W00900,2024-11-16,B03,I031,Spoilage / Expired,5.492,0.9274,5.09
W00901,2024-11-16,B03,I028,Spoilage / Expired,2.436,0.2885,0.7
W00902,2024-11-17,B01,I042,Spoilage / Expired,0.01,2.576,0.03
W00903,2024-11-17,B01,I074,Over-production,0.117,2.8851,0.34
W00904,2024-11-17,B02,I052,Spoilage / Expired,5.678,0.4637,2.63
W00905,2024-11-17,B02,I052,Dropped / Damaged,5.66,0.4637,2.62
W00906,2024-11-17,B02,I012,Dropped / Damaged,0.043,10.3041,0.44
W00907,2024-11-18,B01,I031,Spoilage / Expired,0.416,0.9274,0.39
W00908,2024-11-18,B01,I009,Prep Error,0.039,4.6368,0.18
W00909,2024-11-18,B02,I028,Spoilage / Expired,1.393,0.2885,0.4
W00910,2024-11-18,B02,I031,Over-production,5.808,0.9274,5.39
W00911,2024-11-18,B03,I031,Prep Error,1.78,0.9274,1.65
W00912,2024-11-20,B01,I058,Dropped / Damaged,0.063,2.0608,0.13
W00913,2024-11-20,B02,I055,Spoilage / Expired,0.019,4.1216,0.08
W00914,2024-11-20,B02,I035,Spoilage / Expired,0.1,0.9274,0.09
W00915,2024-11-20,B03,I052,Spoilage / Expired,0.788,0.4637,0.37
W00916,2024-11-20,B03,I008,Over-production,0.126,5.6672,0.71
W00917,2024-11-20,B03,I031,Prep Error,0.82,0.9274,0.76
W00918,2024-11-21,B01,I031,Prep Error,2.422,0.9274,2.25
W00919,2024-11-21,B02,I050,Spoilage / Expired,0.702,0.8243,0.58
W00920,2024-11-21,B03,I031,Prep Error,0.998,0.9274,0.93
W00921,2024-11-21,B03,I031,Over-production,0.521,0.9274,0.48
W00922,2024-11-22,B01,I090,Spoilage / Expired,0.522,0.4122,0.22
W00923,2024-11-22,B02,I031,Prep Error,2.765,0.9274,2.56
W00924,2024-11-22,B02,I064,Over-production,0.151,1.4426,0.22
W00925,2024-11-22,B03,I048,Over-production,0.448,2.473,1.11
W00926,2024-11-23,B02,I031,Spoilage / Expired,3.512,0.9274,3.26
W00927,2024-11-23,B02,I035,Spoilage / Expired,0.354,0.9274,0.33
W00928,2024-11-24,B02,I031,Spoilage / Expired,3.088,0.9274,2.86
W00929,2024-11-24,B02,I028,Over-production,1.423,0.2885,0.41
W00930,2024-11-25,B01,I028,Prep Error,1.457,0.2885,0.42
W00931,2024-11-25,B01,I028,Dropped / Damaged,2.358,0.2885,0.68
W00932,2024-11-25,B01,I052,Spoilage / Expired,1.362,0.4637,0.63
W00933,2024-11-25,B02,I050,Dropped / Damaged,0.462,0.8243,0.38
W00934,2024-11-27,B01,I029,Dropped / Damaged,0.062,5.6672,0.35
W00935,2024-11-27,B01,I065,Over-production,0.101,2.0608,0.21
W00936,2024-11-27,B02,I002,Spoilage / Expired,0.185,28.8514,5.34
W00937,2024-11-27,B03,I077,Over-production,0.195,6.1824,1.21
W00938,2024-11-28,B01,I053,Spoilage / Expired,0.916,0.3606,0.33
W00939,2024-11-28,B02,I052,Over-production,0.617,0.4637,0.29
W00940,2024-11-29,B01,I017,Spoilage / Expired,0.017,19.5778,0.33
W00941,2024-11-29,B03,I050,Dropped / Damaged,0.265,0.8243,0.22
W00942,2024-11-29,B03,I052,Dropped / Damaged,0.614,0.4637,0.28
W00943,2024-11-30,B01,I045,Customer Return,0.057,0.4122,0.02
W00944,2024-11-30,B02,I034,Spoilage / Expired,0.323,2.6791,0.87
W00945,2024-11-30,B03,I031,Spoilage / Expired,1.737,0.9274,1.61
W00946,2024-12-01,B02,I038,Over-production,3.285,0.31,1.02
W00947,2024-12-01,B03,I031,Spoilage / Expired,0.749,0.9301,0.7
W00948,2024-12-01,B03,I058,Spoilage / Expired,0.052,2.067,0.11
W00949,2024-12-02,B01,I031,Spoilage / Expired,2.097,0.9301,1.95
W00950,2024-12-02,B01,I028,Prep Error,1.81,0.2894,0.52
W00951,2024-12-04,B03,I031,Spoilage / Expired,1.589,0.9301,1.48
W00952,2024-12-04,B03,I031,Dropped / Damaged,0.731,0.9301,0.68
W00953,2024-12-04,B03,I031,Over-production,1.61,0.9301,1.5
W00954,2024-12-04,B03,I028,Prep Error,1.125,0.2894,0.33
W00955,2024-12-05,B01,I053,Customer Return,0.233,0.3617,0.08
W00956,2024-12-05,B02,I028,Over-production,2.379,0.2894,0.69
W00957,2024-12-06,B02,I074,Spoilage / Expired,0.312,2.8938,0.9
W00958,2024-12-06,B02,I028,Customer Return,1.012,0.2894,0.29
W00959,2024-12-07,B01,I090,Customer Return,0.214,0.4134,0.09
W00960,2024-12-07,B01,I021,Spoilage / Expired,0.144,7.2345,1.04
W00961,2024-12-07,B03,I036,Customer Return,0.213,4.6507,0.99
W00962,2024-12-08,B03,I031,Spoilage / Expired,1.773,0.9301,1.65
W00963,2024-12-09,B01,I031,Over-production,0.495,0.9301,0.46
W00964,2024-12-09,B01,I052,Over-production,1.349,0.4651,0.63
W00965,2024-12-09,B01,I031,Over-production,1.214,0.9301,1.13
W00966,2024-12-09,B01,I031,Over-production,0.456,0.9301,0.42
W00967,2024-12-09,B02,I029,Dropped / Damaged,0.061,5.6842,0.35
W00968,2024-12-09,B02,I075,Prep Error,0.257,2.377,0.61
W00969,2024-12-09,B02,I038,Dropped / Damaged,2.265,0.31,0.7
W00970,2024-12-09,B03,I031,Spoilage / Expired,2.21,0.9301,2.06
W00971,2024-12-09,B03,I044,Prep Error,0.011,6.201,0.07
W00972,2024-12-11,B01,I055,Spoilage / Expired,0.034,4.134,0.14
W00973,2024-12-11,B02,I031,Over-production,1.835,0.9301,1.71
W00974,2024-12-11,B02,I028,Dropped / Damaged,0.337,0.2894,0.1
W00975,2024-12-11,B02,I052,Dropped / Damaged,1.295,0.4651,0.6
W00976,2024-12-11,B02,I053,Over-production,0.655,0.3617,0.24
W00977,2024-12-11,B03,I010,Dropped / Damaged,0.287,5.1675,1.48
W00978,2024-12-11,B03,I090,Over-production,0.844,0.4134,0.35
W00979,2024-12-12,B01,I006,Over-production,0.208,8.7847,1.83
W00980,2024-12-12,B02,I050,Customer Return,0.86,0.8268,0.71
W00981,2024-12-13,B02,I016,Spoilage / Expired,0.055,16.536,0.91
W00982,2024-12-13,B03,I010,Spoilage / Expired,0.418,5.1675,2.16
W00983,2024-12-13,B03,I050,Customer Return,1.103,0.8268,0.91
W00984,2024-12-14,B01,I038,Prep Error,1.253,0.31,0.39
W00985,2024-12-14,B01,I006,Spoilage / Expired,0.112,8.7847,0.98
W00986,2024-12-14,B02,I023,Customer Return,0.105,1.1368,0.12
W00987,2024-12-14,B03,I046,Customer Return,0.468,3.3072,1.55
W00988,2024-12-14,B03,I038,Spoilage / Expired,3.479,0.31,1.08
W00989,2024-12-15,B03,I052,Spoilage / Expired,0.943,0.4651,0.44
W00990,2024-12-16,B02,I056,Spoilage / Expired,0.08,1.1368,0.09
W00991,2024-12-16,B03,I052,Dropped / Damaged,0.688,0.4651,0.32
W00992,2024-12-16,B03,I009,Prep Error,0.032,4.6507,0.15
W00993,2024-12-18,B01,I007,Spoilage / Expired,0.239,7.7512,1.85
W00994,2024-12-19,B02,I031,Prep Error,1.146,0.9301,1.07
W00995,2024-12-19,B03,I060,Dropped / Damaged,0.01,41.34,0.41
W00996,2024-12-20,B01,I028,Over-production,1.573,0.2894,0.46
W00997,2024-12-20,B01,I031,Prep Error,4.31,0.9301,4.01
W00998,2024-12-20,B02,I052,Over-production,2.987,0.4651,1.39
W00999,2024-12-20,B03,I021,Spoilage / Expired,0.151,7.2345,1.09
W01000,2024-12-21,B01,I031,Over-production,0.866,0.9301,0.81
W01001,2024-12-21,B01,I031,Spoilage / Expired,0.794,0.9301,0.74
W01002,2024-12-21,B02,I052,Over-production,5.138,0.4651,2.39
W01003,2024-12-21,B02,I050,Prep Error,2.622,0.8268,2.17
W01004,2024-12-21,B03,I038,Prep Error,2.193,0.31,0.68
W01005,2024-12-22,B01,I052,Customer Return,0.483,0.4651,0.22
W01006,2024-12-22,B01,I031,Spoilage / Expired,1.98,0.9301,1.84
W01007,2024-12-22,B03,I072,Customer Return,0.836,2.4804,2.07
W01008,2024-12-23,B01,I070,Spoilage / Expired,0.234,0.6201,0.15
W01009,2024-12-23,B02,I013,Prep Error,0.014,12.402,0.17
W01010,2024-12-26,B01,I006,Spoilage / Expired,0.181,8.7847,1.59
W01011,2024-12-26,B02,I031,Over-production,0.676,0.9301,0.63
W01012,2024-12-26,B03,I052,Spoilage / Expired,1.05,0.4651,0.49
W01013,2024-12-26,B03,I028,Prep Error,0.123,0.2894,0.04
W01014,2024-12-26,B03,I006,Over-production,0.132,8.7847,1.16
W01015,2024-12-27,B02,I031,Customer Return,3.263,0.9301,3.03
W01016,2024-12-28,B01,I079,Spoilage / Expired,0.245,9.8182,2.41
W01017,2024-12-28,B01,I066,Spoilage / Expired,0.049,5.1675,0.25
W01018,2024-12-28,B01,I079,Spoilage / Expired,0.099,9.8182,0.97
W01019,2024-12-28,B01,I038,Spoilage / Expired,0.86,0.31,0.27
W01020,2024-12-28,B01,I050,Spoilage / Expired,0.139,0.8268,0.11
W01021,2024-12-28,B01,I079,Over-production,0.253,9.8182,2.48
W01022,2024-12-28,B02,I031,Spoilage / Expired,2.454,0.9301,2.28
W01023,2024-12-28,B02,I036,Prep Error,0.344,4.6507,1.6
W01024,2024-12-28,B03,I041,Over-production,0.838,1.0335,0.87
W01025,2024-12-29,B01,I031,Over-production,0.295,0.9301,0.27
W01026,2024-12-29,B03,I051,Dropped / Damaged,0.066,3.6172,0.24
W01027,2024-12-29,B03,I061,Spoilage / Expired,0.194,6.201,1.2
W01028,2024-12-30,B01,I065,Over-production,0.211,2.067,0.44
W01029,2024-12-30,B02,I052,Prep Error,2.348,0.4651,1.09
W01030,2024-12-30,B02,I038,Prep Error,3.011,0.31,0.93
W01031,2024-12-30,B03,I090,Over-production,0.276,0.4134,0.11
W01032,2024-12-30,B03,I031,Over-production,1.911,0.9301,1.78
W01033,2025-01-01,B01,I031,Spoilage / Expired,0.252,0.9329,0.24
W01034,2025-01-01,B01,I032,Over-production,0.099,1.0366,0.1
W01035,2025-01-01,B01,I058,Spoilage / Expired,0.086,2.0732,0.18
W01036,2025-01-01,B01,I031,Spoilage / Expired,0.388,0.9329,0.36
W01037,2025-01-02,B01,I008,Customer Return,0.748,5.7013,4.26
W01038,2025-01-02,B02,I053,Customer Return,0.4,0.3628,0.15
W01039,2025-01-02,B03,I028,Customer Return,0.489,0.2902,0.14
W01040,2025-01-03,B02,I052,Spoilage / Expired,2.035,0.4665,0.95
W01041,2025-01-03,B03,I038,Spoilage / Expired,1.493,0.311,0.46
W01042,2025-01-03,B03,I050,Prep Error,0.633,0.8293,0.52
W01043,2025-01-03,B03,I054,Customer Return,0.062,0.311,0.02
W01044,2025-01-04,B01,I031,Spoilage / Expired,0.964,0.9329,0.9
W01045,2025-01-04,B02,I013,Spoilage / Expired,0.102,12.4392,1.27
W01046,2025-01-04,B02,I038,Dropped / Damaged,2.516,0.311,0.78
W01047,2025-01-04,B03,I058,Spoilage / Expired,0.127,2.0732,0.26
W01048,2025-01-05,B01,I038,Prep Error,1.773,0.311,0.55
W01049,2025-01-05,B02,I031,Prep Error,1.164,0.9329,1.09
W01050,2025-01-05,B03,I031,Over-production,2.847,0.9329,2.66
W01051,2025-01-06,B01,I065,Over-production,0.138,2.0732,0.29
W01052,2025-01-08,B01,I012,Over-production,0.081,10.366,0.84
W01053,2025-01-08,B01,I038,Customer Return,0.753,0.311,0.23
W01054,2025-01-08,B02,I031,Over-production,1.611,0.9329,1.5
W01055,2025-01-08,B02,I046,Over-production,0.313,3.3171,1.04
W01056,2025-01-08,B02,I029,Prep Error,0.015,5.7013,0.09
W01057,2025-01-08,B03,I052,Over-production,0.309,0.4665,0.14
W01058,2025-01-09,B01,I039,Customer Return,0.01,0.2591,0.0
W01059,2025-01-09,B02,I076,Spoilage / Expired,0.319,6.2196,1.98
W01060,2025-01-09,B02,I049,Over-production,0.166,1.8659,0.31
W01061,2025-01-09,B02,I050,Over-production,0.779,0.8293,0.65
W01062,2025-01-09,B02,I052,Spoilage / Expired,1.316,0.4665,0.61
W01063,2025-01-09,B03,I051,Spoilage / Expired,0.059,3.6281,0.21
W01064,2025-01-10,B01,I050,Spoilage / Expired,0.099,0.8293,0.08
W01065,2025-01-10,B02,I078,Spoilage / Expired,0.034,8.2928,0.28
W01066,2025-01-10,B03,I028,Over-production,0.773,0.2902,0.22
W01067,2025-01-10,B03,I028,Spoilage / Expired,1.786,0.2902,0.52
W01068,2025-01-10,B03,I002,Over-production,0.165,29.0248,4.79
W01069,2025-01-11,B01,I078,Prep Error,0.07,8.2928,0.58
W01070,2025-01-11,B02,I065,Over-production,0.102,2.0732,0.21
W01071,2025-01-11,B02,I016,Spoilage / Expired,0.068,16.5856,1.13
W01072,2025-01-11,B02,I038,Spoilage / Expired,1.154,0.311,0.36
W01073,2025-01-11,B03,I081,Over-production,0.067,16.5856,1.11
W01074,2025-01-12,B01,I031,Over-production,1.407,0.9329,1.31
W01075,2025-01-12,B03,I042,Spoilage / Expired,0.013,2.5915,0.03
W01076,2025-01-13,B01,I050,Over-production,0.543,0.8293,0.45
W01077,2025-01-13,B01,I075,Spoilage / Expired,0.297,2.3842,0.71
W01078,2025-01-13,B02,I031,Over-production,0.44,0.9329,0.41
W01079,2025-01-15,B01,I028,Prep Error,4.215,0.2902,1.22
W01080,2025-01-15,B01,I031,Dropped / Damaged,2.064,0.9329,1.93
W01081,2025-01-15,B02,I032,Customer Return,0.205,1.0366,0.21
W01082,2025-01-15,B02,I038,Prep Error,0.085,0.311,0.03
W01083,2025-01-16,B02,I038,Customer Return,3.278,0.311,1.02
W01084,2025-01-17,B01,I031,Dropped / Damaged,1.02,0.9329,0.95
W01085,2025-01-17,B02,I031,Over-production,1.685,0.9329,1.57
W01086,2025-01-17,B03,I031,Over-production,1.748,0.9329,1.63
W01087,2025-01-17,B03,I038,Prep Error,0.456,0.311,0.14
W01088,2025-01-18,B01,I041,Prep Error,0.341,1.0366,0.35
W01089,2025-01-18,B03,I081,Prep Error,0.089,16.5856,1.48
W01090,2025-01-19,B01,I031,Spoilage / Expired,1.093,0.9329,1.02
W01091,2025-01-19,B03,I031,Dropped / Damaged,1.54,0.9329,1.44
W01092,2025-01-19,B03,I031,Spoilage / Expired,0.695,0.9329,0.65
W01093,2025-01-20,B01,I052,Spoilage / Expired,2.052,0.4665,0.96
W01094,2025-01-20,B01,I038,Spoilage / Expired,0.935,0.311,0.29
W01095,2025-01-20,B01,I038,Prep Error,0.393,0.311,0.12
W01096,2025-01-20,B02,I031,Spoilage / Expired,2.957,0.9329,2.76
W01097,2025-01-22,B01,I038,Spoilage / Expired,6.831,0.311,2.12
W01098,2025-01-22,B01,I061,Customer Return,0.093,6.2196,0.58
W01099,2025-01-22,B02,I016,Spoilage / Expired,0.099,16.5856,1.64
W01100,2025-01-22,B03,I006,Prep Error,0.106,8.8111,0.93
W01101,2025-01-23,B02,I053,Customer Return,0.441,0.3628,0.16
W01102,2025-01-23,B02,I031,Over-production,1.015,0.9329,0.95
W01103,2025-01-23,B02,I042,Spoilage / Expired,0.091,2.5915,0.24
W01104,2025-01-23,B02,I031,Spoilage / Expired,3.585,0.9329,3.34
W01105,2025-01-24,B01,I052,Over-production,1.255,0.4665,0.59
W01106,2025-01-24,B01,I031,Spoilage / Expired,4.613,0.9329,4.3
W01107,2025-01-24,B02,I050,Spoilage / Expired,0.776,0.8293,0.64
W01108,2025-01-24,B02,I035,Over-production,0.289,0.9329,0.27
W01109,2025-01-24,B03,I035,Prep Error,1.127,0.9329,1.05
W01110,2025-01-25,B01,I036,Prep Error,0.118,4.6647,0.55
W01111,2025-01-25,B02,I072,Prep Error,1.251,2.4878,3.11
W01112,2025-01-25,B03,I031,Over-production,5.295,0.9329,4.94
W01113,2025-01-26,B02,I031,Dropped / Damaged,1.024,0.9329,0.96
W01114,2025-01-26,B02,I052,Prep Error,0.868,0.4665,0.4
W01115,2025-01-26,B03,I035,Customer Return,0.411,0.9329,0.38
W01116,2025-01-26,B03,I035,Spoilage / Expired,0.139,0.9329,0.13
W01117,2025-01-27,B02,I052,Prep Error,0.833,0.4665,0.39
W01118,2025-01-27,B03,I028,Over-production,1.695,0.2902,0.49
W01119,2025-01-29,B01,I035,Dropped / Damaged,0.493,0.9329,0.46
W01120,2025-01-29,B02,I031,Dropped / Damaged,4.859,0.9329,4.53
W01121,2025-01-29,B02,I031,Over-production,5.443,0.9329,5.08
W01122,2025-01-30,B01,I052,Spoilage / Expired,0.973,0.4665,0.45
W01123,2025-01-30,B02,I035,Customer Return,0.198,0.9329,0.18
W01124,2025-01-30,B02,I052,Spoilage / Expired,2.3,0.4665,1.07
W01125,2025-01-30,B03,I027,Over-production,0.064,3.3171,0.21
W01126,2025-01-31,B01,I052,Spoilage / Expired,2.559,0.4665,1.19
W01127,2025-01-31,B02,I031,Spoilage / Expired,8.718,0.9329,8.13
W01128,2025-01-31,B02,I038,Over-production,6.592,0.311,2.05
W01129,2025-01-31,B03,I051,Dropped / Damaged,0.062,3.6281,0.22
W01130,2025-02-01,B01,I028,Spoilage / Expired,1.169,0.2911,0.34
W01131,2025-02-01,B01,I079,Over-production,0.078,9.8772,0.77
W01132,2025-02-01,B01,I020,Over-production,0.041,14.5559,0.6
W01133,2025-02-01,B02,I031,Spoilage / Expired,4.624,0.9357,4.33
W01134,2025-02-01,B02,I031,Spoilage / Expired,5.804,0.9357,5.43
W01135,2025-02-01,B03,I031,Spoilage / Expired,1.173,0.9357,1.1
W01136,2025-02-02,B01,I028,Over-production,1.274,0.2911,0.37
W01137,2025-02-02,B03,I052,Prep Error,1.404,0.4679,0.66
W01138,2025-02-03,B01,I072,Spoilage / Expired,0.12,2.4953,0.3
W01139,2025-02-03,B01,I050,Prep Error,0.19,0.8318,0.16
W01140,2025-02-03,B02,I038,Spoilage / Expired,0.827,0.3119,0.26
W01141,2025-02-03,B02,I016,Spoilage / Expired,0.028,16.6354,0.47
W01142,2025-02-03,B03,I052,Spoilage / Expired,1.794,0.4679,0.84
W01143,2025-02-05,B01,I031,Spoilage / Expired,2.594,0.9357,2.43
W01144,2025-02-05,B02,I076,Spoilage / Expired,0.175,6.2383,1.09
W01145,2025-02-05,B03,I031,Dropped / Damaged,0.712,0.9357,0.67
W01146,2025-02-06,B01,I076,Spoilage / Expired,0.228,6.2383,1.42
W01147,2025-02-06,B02,I031,Spoilage / Expired,2.724,0.9357,2.55
W01148,2025-02-06,B03,I031,Over-production,0.335,0.9357,0.31
W01149,2025-02-06,B03,I038,Over-production,3.341,0.3119,1.04
W01150,2025-02-07,B02,I031,Customer Return,0.993,0.9357,0.93
W01151,2025-02-07,B03,I038,Dropped / Damaged,5.714,0.3119,1.78
W01152,2025-02-08,B02,I054,Customer Return,0.03,0.3119,0.01
W01153,2025-02-08,B02,I036,Spoilage / Expired,0.266,4.6787,1.24
W01154,2025-02-09,B01,I007,Prep Error,0.07,7.7978,0.55
W01155,2025-02-09,B01,I030,Over-production,0.027,6.2383,0.17
W01156,2025-02-09,B01,I035,Spoilage / Expired,0.098,0.9357,0.09
W01157,2025-02-09,B01,I052,Spoilage / Expired,0.869,0.4679,0.41
W01158,2025-02-10,B03,I031,Over-production,1.132,0.9357,1.06
W01159,2025-02-10,B03,I052,Prep Error,2.102,0.4679,0.98
W01160,2025-02-10,B03,I031,Customer Return,2.197,0.9357,2.06
W01161,2025-02-12,B01,I031,Over-production,3.989,0.9357,3.73
W01162,2025-02-12,B01,I085,Customer Return,0.025,14.5559,0.36
W01163,2025-02-12,B01,I079,Customer Return,0.435,9.8772,4.3
W01164,2025-02-12,B02,I052,Spoilage / Expired,0.859,0.4679,0.4
W01165,2025-02-12,B02,I052,Prep Error,1.063,0.4679,0.5
W01166,2025-02-14,B01,I073,Spoilage / Expired,0.461,3.1191,1.44
W01167,2025-02-14,B01,I031,Over-production,0.877,0.9357,0.82
W01168,2025-02-14,B01,I029,Dropped / Damaged,0.058,5.7184,0.33
W01169,2025-02-14,B01,I050,Prep Error,0.286,0.8318,0.24
W01170,2025-02-15,B01,I031,Over-production,0.855,0.9357,0.8
W01171,2025-02-15,B02,I048,Over-production,0.372,2.4953,0.93
W01172,2025-02-15,B02,I038,Over-production,3.389,0.3119,1.06
W01173,2025-02-15,B03,I032,Prep Error,0.562,1.0397,0.58
W01174,2025-02-15,B03,I090,Over-production,0.443,0.4159,0.18
W01175,2025-02-16,B01,I073,Over-production,0.117,3.1191,0.36
W01176,2025-02-16,B03,I021,Over-production,0.028,7.278,0.2
W01177,2025-02-17,B01,I052,Customer Return,0.991,0.4679,0.46
W01178,2025-02-17,B01,I006,Spoilage / Expired,0.079,8.8375,0.7
W01179,2025-02-17,B01,I052,Over-production,0.272,0.4679,0.13
W01180,2025-02-17,B01,I052,Over-production,0.336,0.4679,0.16
W01181,2025-02-17,B02,I035,Prep Error,0.075,0.9357,0.07
W01182,2025-02-19,B01,I038,Over-production,0.6,0.3119,0.19
W01183,2025-02-19,B01,I038,Spoilage / Expired,0.998,0.3119,0.31
W01184,2025-02-19,B01,I028,Spoilage / Expired,0.312,0.2911,0.09
W01185,2025-02-19,B01,I051,Spoilage / Expired,0.105,3.639,0.38
W01186,2025-02-19,B02,I034,Over-production,0.037,2.7032,0.1
W01187,2025-02-19,B02,I052,Over-production,0.819,0.4679,0.38
W01188,2025-02-20,B02,I012,Over-production,0.049,10.3971,0.51
W01189,2025-02-20,B02,I032,Prep Error,0.399,1.0397,0.41
W01190,2025-02-20,B03,I008,Dropped / Damaged,0.045,5.7184,0.26
W01191,2025-02-20,B03,I063,Spoilage / Expired,0.01,12.4765,0.12
W01192,2025-02-21,B01,I028,Over-production,0.481,0.2911,0.14
W01193,2025-02-22,B01,I038,Customer Return,2.888,0.3119,0.9
W01194,2025-02-22,B02,I032,Spoilage / Expired,0.178,1.0397,0.19
W01195,2025-02-22,B02,I090,Customer Return,0.232,0.4159,0.1
W01196,2025-02-23,B01,I050,Prep Error,0.7,0.8318,0.58
W01197,2025-02-23,B01,I016,Customer Return,0.066,16.6354,1.1
W01198,2025-02-23,B02,I058,Prep Error,0.201,2.0794,0.42
W01199,2025-02-23,B02,I035,Customer Return,0.641,0.9357,0.6
W01200,2025-02-23,B03,I028,Dropped / Damaged,1.006,0.2911,0.29
W01201,2025-02-23,B03,I031,Prep Error,1.204,0.9357,1.13
W01202,2025-02-23,B03,I031,Prep Error,1.338,0.9357,1.25
W01203,2025-02-24,B01,I051,Prep Error,0.127,3.639,0.46
W01204,2025-02-24,B01,I040,Spoilage / Expired,0.01,0.8318,0.01
W01205,2025-02-24,B02,I065,Dropped / Damaged,0.053,2.0794,0.11
W01206,2025-02-24,B03,I006,Over-production,0.179,8.8375,1.58
W01207,2025-02-26,B01,I046,Customer Return,0.177,3.3271,0.59
W01208,2025-02-26,B02,I038,Over-production,1.692,0.3119,0.53
W01209,2025-02-26,B03,I038,Dropped / Damaged,0.33,0.3119,0.1
W01210,2025-02-26,B03,I038,Spoilage / Expired,0.876,0.3119,0.27
W01211,2025-02-26,B03,I038,Prep Error,0.509,0.3119,0.16
W01212,2025-02-27,B01,I032,Spoilage / Expired,0.089,1.0397,0.09
W01213,2025-02-27,B01,I038,Spoilage / Expired,1.829,0.3119,0.57
W01214,2025-02-27,B01,I031,Prep Error,0.309,0.9357,0.29
W01215,2025-02-27,B02,I031,Spoilage / Expired,1.52,0.9357,1.42
W01216,2025-02-28,B01,I028,Over-production,2.979,0.2911,0.87
W01217,2025-02-28,B01,I007,Prep Error,0.158,7.7978,1.23
W01218,2025-02-28,B01,I035,Spoilage / Expired,0.073,0.9357,0.07
W01219,2025-02-28,B02,I050,Prep Error,0.971,0.8318,0.81
W01220,2025-02-28,B02,I038,Over-production,1.047,0.3119,0.33
W01221,2025-02-28,B03,I031,Prep Error,1.016,0.9357,0.95
W01222,2025-03-01,B01,I050,Dropped / Damaged,0.479,0.8343,0.4
W01223,2025-03-01,B02,I042,Spoilage / Expired,0.162,2.6071,0.42
W01224,2025-03-01,B03,I031,Customer Return,2.448,0.9385,2.3
W01225,2025-03-02,B03,I052,Over-production,0.57,0.4693,0.27
W01226,2025-03-02,B03,I031,Prep Error,0.557,0.9385,0.52
W01227,2025-03-02,B03,I012,Over-production,0.07,10.4283,0.73
W01228,2025-03-03,B01,I031,Over-production,0.299,0.9385,0.28
W01229,2025-03-03,B02,I070,Spoilage / Expired,0.204,0.6257,0.13
W01230,2025-03-03,B02,I072,Spoilage / Expired,0.848,2.5028,2.12
W01231,2025-03-03,B02,I031,Over-production,2.755,0.9385,2.59
W01232,2025-03-05,B01,I021,Customer Return,0.091,7.2998,0.66
W01233,2025-03-06,B02,I052,Spoilage / Expired,0.675,0.4693,0.32
W01234,2025-03-06,B03,I038,Spoilage / Expired,0.905,0.3128,0.28
W01235,2025-03-06,B03,I072,Customer Return,0.511,2.5028,1.28
W01236,2025-03-06,B03,I090,Prep Error,0.345,0.4171,0.14
W01237,2025-03-06,B03,I031,Dropped / Damaged,0.377,0.9385,0.35
W01238,2025-03-07,B01,I038,Spoilage / Expired,0.704,0.3128,0.22
W01239,2025-03-07,B01,I028,Spoilage / Expired,1.387,0.292,0.41
W01240,2025-03-07,B02,I072,Dropped / Damaged,0.113,2.5028,0.28
W01241,2025-03-07,B03,I031,Over-production,1.106,0.9385,1.04
W01242,2025-03-08,B02,I016,Dropped / Damaged,0.042,16.6853,0.7
W01243,2025-03-09,B03,I080,Over-production,0.179,8.864,1.59
W01244,2025-03-10,B01,I031,Customer Return,0.46,0.9385,0.43
W01245,2025-03-10,B01,I035,Prep Error,0.127,0.9385,0.12
W01246,2025-03-10,B02,I041,Spoilage / Expired,0.395,1.0428,0.41
W01247,2025-03-10,B03,I052,Spoilage / Expired,1.799,0.4693,0.84
W01248,2025-03-10,B03,I052,Spoilage / Expired,0.997,0.4693,0.47
W01249,2025-03-10,B03,I034,Spoilage / Expired,0.253,2.7114,0.69
W01250,2025-03-10,B03,I052,Spoilage / Expired,2.044,0.4693,0.96
W01251,2025-03-12,B01,I038,Prep Error,0.508,0.3128,0.16
W01252,2025-03-12,B01,I038,Prep Error,0.89,0.3128,0.28
W01253,2025-03-12,B02,I038,Prep Error,3.087,0.3128,0.97
W01254,2025-03-13,B01,I052,Prep Error,0.642,0.4693,0.3
W01255,2025-03-13,B01,I006,Spoilage / Expired,0.465,8.864,4.12
W01256,2025-03-13,B02,I031,Prep Error,0.541,0.9385,0.51
W01257,2025-03-13,B03,I035,Dropped / Damaged,0.461,0.9385,0.43
W01258,2025-03-14,B01,I031,Dropped / Damaged,5.944,0.9385,5.58
W01259,2025-03-14,B03,I028,Customer Return,1.43,0.292,0.42
W01260,2025-03-14,B03,I052,Prep Error,0.679,0.4693,0.32
W01261,2025-03-14,B03,I031,Over-production,1.76,0.9385,1.65
W01262,2025-03-14,B03,I023,Customer Return,0.066,1.1471,0.08
W01263,2025-03-15,B02,I031,Spoilage / Expired,5.936,0.9385,5.57
W01264,2025-03-15,B03,I031,Customer Return,2.203,0.9385,2.07
W01265,2025-03-16,B02,I031,Customer Return,1.845,0.9385,1.73
W01266,2025-03-16,B02,I072,Spoilage / Expired,1.14,2.5028,2.85
W01267,2025-03-16,B02,I031,Customer Return,1.388,0.9385,1.3
W01268,2025-03-16,B03,I028,Dropped / Damaged,3.76,0.292,1.1
W01269,2025-03-16,B03,I042,Over-production,0.178,2.6071,0.46
W01270,2025-03-17,B01,I010,Prep Error,0.243,5.2141,1.27
W01271,2025-03-17,B02,I068,Prep Error,0.01,3.1285,0.03
W01272,2025-03-17,B03,I051,Over-production,0.073,3.6499,0.27
W01273,2025-03-17,B03,I052,Prep Error,0.383,0.4693,0.18
W01274,2025-03-19,B01,I052,Over-production,1.225,0.4693,0.57
W01275,2025-03-19,B02,I052,Over-production,1.497,0.4693,0.7
W01276,2025-03-20,B01,I034,Spoilage / Expired,0.202,2.7114,0.55
W01277,2025-03-20,B02,I031,Customer Return,3.42,0.9385,3.21
W01278,2025-03-20,B03,I002,Over-production,0.029,29.1992,0.85
W01279,2025-03-20,B03,I028,Prep Error,0.321,0.292,0.09
W01280,2025-03-20,B03,I066,Dropped / Damaged,0.041,5.2141,0.21
W01281,2025-03-20,B03,I038,Spoilage / Expired,1.038,0.3128,0.32
W01282,2025-03-20,B03,I061,Over-production,0.029,6.257,0.18
W01283,2025-03-21,B01,I021,Spoilage / Expired,0.24,7.2998,1.75
W01284,2025-03-21,B02,I032,Dropped / Damaged,0.369,1.0428,0.38
W01285,2025-03-21,B03,I050,Dropped / Damaged,0.978,0.8343,0.82
W01286,2025-03-22,B01,I042,Dropped / Damaged,0.422,2.6071,1.1
W01287,2025-03-22,B02,I006,Spoilage / Expired,0.527,8.864,4.67
W01288,2025-03-22,B03,I008,Over-production,0.636,5.7356,3.65
W01289,2025-03-23,B01,I079,Spoilage / Expired,0.176,9.9069,1.74
W01290,2025-03-23,B03,I052,Spoilage / Expired,1.865,0.4693,0.88
W01291,2025-03-23,B03,I038,Spoilage / Expired,0.911,0.3128,0.28
W01292,2025-03-24,B01,I038,Spoilage / Expired,1.256,0.3128,0.39
W01293,2025-03-24,B01,I074,Spoilage / Expired,0.073,2.9199,0.21
W01294,2025-03-24,B01,I031,Prep Error,0.696,0.9385,0.65
W01295,2025-03-24,B02,I041,Spoilage / Expired,1.682,1.0428,1.75
W01296,2025-03-24,B03,I038,Spoilage / Expired,1.734,0.3128,0.54
W01297,2025-03-24,B03,I090,Spoilage / Expired,0.061,0.4171,0.03
W01298,2025-03-24,B03,I028,Spoilage / Expired,1.67,0.292,0.49
W01299,2025-03-26,B02,I038,Spoilage / Expired,0.922,0.3128,0.29
W01300,2025-03-26,B02,I048,Spoilage / Expired,0.208,2.5028,0.52
W01301,2025-03-27,B02,I016,Prep Error,0.043,16.6853,0.72
W01302,2025-03-28,B01,I038,Over-production,2.11,0.3128,0.66
W01303,2025-03-28,B02,I046,Over-production,0.27,3.3371,0.9
W01304,2025-03-29,B01,I028,Spoilage / Expired,0.971,0.292,0.28
W01305,2025-03-29,B01,I031,Over-production,6.16,0.9385,5.78
W01306,2025-03-29,B02,I006,Over-production,0.74,8.864,6.56
W01307,2025-03-29,B03,I035,Spoilage / Expired,0.375,0.9385,0.35
W01308,2025-03-30,B03,I052,Prep Error,1.084,0.4693,0.51
W01309,2025-03-31,B01,I038,Over-production,0.838,0.3128,0.26
W01310,2025-03-31,B01,I038,Over-production,0.811,0.3128,0.25
W01311,2025-03-31,B03,I036,Spoilage / Expired,0.154,4.6927,0.72
W01312,2025-04-02,B01,I090,Spoilage / Expired,0.147,0.4184,0.06
W01313,2025-04-02,B02,I031,Over-production,1.176,0.9414,1.11
W01314,2025-04-02,B03,I052,Spoilage / Expired,3.542,0.4707,1.67
W01315,2025-04-02,B03,I091,Customer Return,0.133,2.3011,0.31
W01316,2025-04-02,B03,I052,Prep Error,1.935,0.4707,0.91
W01317,2025-04-03,B02,I035,Over-production,0.275,0.9414,0.26
W01318,2025-04-03,B02,I072,Spoilage / Expired,0.126,2.5103,0.32
W01319,2025-04-03,B03,I041,Over-production,1.119,1.046,1.17
W01320,2025-04-03,B03,I038,Spoilage / Expired,0.058,0.3138,0.02
W01321,2025-04-03,B03,I058,Prep Error,0.035,2.0919,0.07
W01322,2025-04-04,B03,I028,Spoilage / Expired,0.187,0.2929,0.05
W01323,2025-04-04,B03,I031,Spoilage / Expired,0.426,0.9414,0.4
W01324,2025-04-04,B03,I031,Customer Return,0.206,0.9414,0.19
W01325,2025-04-04,B03,I031,Spoilage / Expired,0.533,0.9414,0.5
W01326,2025-04-05,B03,I038,Prep Error,3.272,0.3138,1.03
W01327,2025-04-05,B03,I041,Over-production,0.877,1.046,0.92
W01328,2025-04-06,B01,I022,Spoilage / Expired,0.208,4.1838,0.87
W01329,2025-04-06,B02,I038,Over-production,2.527,0.3138,0.79
W01330,2025-04-06,B02,I050,Over-production,0.244,0.8368,0.2
W01331,2025-04-06,B03,I038,Customer Return,1.536,0.3138,0.48
W01332,2025-04-06,B03,I063,Spoilage / Expired,0.019,12.5515,0.24
W01333,2025-04-06,B03,I084,Over-production,0.038,23.0111,0.87
W01334,2025-04-07,B02,I052,Spoilage / Expired,0.279,0.4707,0.13
W01335,2025-04-07,B03,I008,Customer Return,0.116,5.7528,0.67
W01336,2025-04-07,B03,I008,Spoilage / Expired,0.135,5.7528,0.78
W01337,2025-04-07,B03,I008,Over-production,0.126,5.7528,0.72
W01338,2025-04-07,B03,I008,Over-production,0.098,5.7528,0.56
W01339,2025-04-09,B01,I038,Spoilage / Expired,0.827,0.3138,0.26
W01340,2025-04-09,B01,I035,Spoilage / Expired,0.248,0.9414,0.23
W01341,2025-04-09,B03,I031,Customer Return,2.936,0.9414,2.76
W01342,2025-04-10,B01,I079,Over-production,0.178,9.9366,1.77
W01343,2025-04-10,B01,I031,Spoilage / Expired,1.52,0.9414,1.43
W01344,2025-04-10,B02,I038,Over-production,1.312,0.3138,0.41
W01345,2025-04-10,B02,I077,Over-production,0.149,6.2757,0.94
W01346,2025-04-10,B03,I038,Over-production,1.077,0.3138,0.34
W01347,2025-04-10,B03,I050,Spoilage / Expired,0.192,0.8368,0.16
W01348,2025-04-10,B03,I028,Prep Error,1.398,0.2929,0.41
W01349,2025-04-10,B03,I028,Over-production,0.502,0.2929,0.15
W01350,2025-04-11,B01,I038,Spoilage / Expired,0.775,0.3138,0.24
W01351,2025-04-11,B02,I052,Over-production,0.953,0.4707,0.45
W01352,2025-04-11,B03,I051,Dropped / Damaged,0.093,3.6609,0.34
W01353,2025-04-11,B03,I031,Dropped / Damaged,5.061,0.9414,4.76
W01354,2025-04-11,B03,I028,Spoilage / Expired,0.464,0.2929,0.14
W01355,2025-04-11,B03,I027,Customer Return,0.28,3.3471,0.94
W01356,2025-04-12,B01,I052,Prep Error,7.673,0.4707,3.61
W01357,2025-04-12,B02,I038,Over-production,3.748,0.3138,1.18
W01358,2025-04-13,B01,I050,Spoilage / Expired,0.163,0.8368,0.14
W01359,2025-04-13,B01,I091,Spoilage / Expired,0.095,2.3011,0.22
W01360,2025-04-13,B02,I026,Dropped / Damaged,0.028,11.5055,0.32
W01361,2025-04-13,B03,I052,Prep Error,1.3,0.4707,0.61
W01362,2025-04-14,B02,I031,Spoilage / Expired,0.436,0.9414,0.41
W01363,2025-04-14,B03,I050,Over-production,0.329,0.8368,0.28
W01364,2025-04-16,B01,I053,Dropped / Damaged,0.342,0.3661,0.13
W01365,2025-04-16,B02,I052,Over-production,1.447,0.4707,0.68
W01366,2025-04-16,B02,I031,Dropped / Damaged,2.003,0.9414,1.89
W01367,2025-04-16,B03,I021,Spoilage / Expired,0.142,7.3217,1.04
W01368,2025-04-16,B03,I031,Dropped / Damaged,2.725,0.9414,2.57
W01369,2025-04-17,B01,I031,Spoilage / Expired,1.283,0.9414,1.21
W01370,2025-04-17,B02,I031,Over-production,1.713,0.9414,1.61
W01371,2025-04-17,B03,I038,Prep Error,1.725,0.3138,0.54
W01372,2025-04-17,B03,I052,Spoilage / Expired,0.224,0.4707,0.11
W01373,2025-04-17,B03,I038,Over-production,1.375,0.3138,0.43
W01374,2025-04-18,B01,I021,Over-production,0.091,7.3217,0.67
W01375,2025-04-18,B02,I028,Spoilage / Expired,1.188,0.2929,0.35
W01376,2025-04-18,B03,I038,Over-production,3.925,0.3138,1.23
W01377,2025-04-18,B03,I052,Spoilage / Expired,2.123,0.4707,1.0
W01378,2025-04-18,B03,I081,Spoilage / Expired,0.048,16.7353,0.8
W01379,2025-04-18,B03,I038,Over-production,4.181,0.3138,1.31
W01380,2025-04-19,B01,I075,Spoilage / Expired,0.157,2.4057,0.38
W01381,2025-04-19,B01,I052,Spoilage / Expired,1.746,0.4707,0.82
W01382,2025-04-19,B02,I031,Spoilage / Expired,2.516,0.9414,2.37
W01383,2025-04-19,B03,I066,Spoilage / Expired,0.108,5.2298,0.56
W01384,2025-04-20,B01,I028,Prep Error,0.286,0.2929,0.08
W01385,2025-04-20,B03,I031,Over-production,6.913,0.9414,6.51
W01386,2025-04-21,B02,I041,Over-production,0.583,1.046,0.61
W01387,2025-04-21,B03,I031,Prep Error,0.636,0.9414,0.6
W01388,2025-04-23,B02,I042,Over-production,0.46,2.6149,1.2
W01389,2025-04-23,B03,I038,Over-production,1.391,0.3138,0.44
W01390,2025-04-23,B03,I035,Prep Error,0.193,0.9414,0.18
W01391,2025-04-23,B03,I050,Over-production,0.859,0.8368,0.72
W01392,2025-04-23,B03,I058,Customer Return,0.032,2.0919,0.07
W01393,2025-04-23,B03,I050,Over-production,0.444,0.8368,0.37
W01394,2025-04-24,B01,I031,Prep Error,6.213,0.9414,5.85
W01395,2025-04-24,B02,I038,Customer Return,0.23,0.3138,0.07
W01396,2025-04-24,B02,I052,Spoilage / Expired,0.377,0.4707,0.18
W01397,2025-04-24,B02,I074,Prep Error,0.088,2.9287,0.26
W01398,2025-04-24,B03,I008,Spoilage / Expired,0.305,5.7528,1.75
W01399,2025-04-24,B03,I052,Dropped / Damaged,2.044,0.4707,0.96
W01400,2025-04-25,B01,I052,Over-production,1.332,0.4707,0.63
W01401,2025-04-25,B01,I038,Prep Error,1.763,0.3138,0.55
W01402,2025-04-25,B01,I038,Over-production,1.967,0.3138,0.62
W01403,2025-04-25,B02,I010,Prep Error,0.125,5.2298,0.65
W01404,2025-04-25,B02,I008,Prep Error,0.398,5.7528,2.29
W01405,2025-04-25,B02,I077,Customer Return,0.14,6.2757,0.88
W01406,2025-04-25,B02,I031,Spoilage / Expired,2.817,0.9414,2.65
W01407,2025-04-25,B03,I028,Spoilage / Expired,1.029,0.2929,0.3
W01408,2025-04-25,B03,I031,Prep Error,5.004,0.9414,4.71
W01409,2025-04-25,B03,I031,Spoilage / Expired,3.053,0.9414,2.87
W01410,2025-04-26,B01,I031,Over-production,2.265,0.9414,2.13
W01411,2025-04-26,B01,I042,Prep Error,0.093,2.6149,0.24
W01412,2025-04-26,B03,I031,Spoilage / Expired,5.463,0.9414,5.14
W01413,2025-04-27,B01,I055,Spoilage / Expired,0.117,4.1838,0.49
W01414,2025-04-27,B01,I035,Over-production,0.179,0.9414,0.17
W01415,2025-04-27,B01,I052,Prep Error,2.923,0.4707,1.38
W01416,2025-04-27,B02,I028,Prep Error,1.402,0.2929,0.41
W01417,2025-04-27,B03,I090,Customer Return,0.096,0.4184,0.04
W01418,2025-04-27,B03,I031,Customer Return,3.229,0.9414,3.04
W01419,2025-04-28,B01,I028,Spoilage / Expired,0.849,0.2929,0.25
W01420,2025-04-28,B02,I053,Prep Error,0.615,0.3661,0.23
W01421,2025-04-30,B02,I038,Dropped / Damaged,1.419,0.3138,0.45
W01422,2025-04-30,B03,I032,Prep Error,0.248,1.046,0.26
W01423,2025-04-30,B03,I038,Over-production,2.351,0.3138,0.74
W01424,2025-04-30,B03,I052,Spoilage / Expired,1.46,0.4707,0.69
W01425,2025-04-30,B03,I031,Over-production,2.901,0.9414,2.73
W01426,2025-05-01,B02,I075,Prep Error,0.554,2.4129,1.34
W01427,2025-05-01,B02,I075,Over-production,0.307,2.4129,0.74
W01428,2025-05-01,B03,I028,Spoilage / Expired,1.79,0.2937,0.53
W01429,2025-05-01,B03,I002,Over-production,0.264,29.3747,7.75
W01430,2025-05-01,B03,I038,Prep Error,1.216,0.3147,0.38
W01431,2025-05-01,B03,I080,Spoilage / Expired,0.899,8.9173,8.02
W01432,2025-05-01,B03,I031,Spoilage / Expired,2.167,0.9442,2.05
W01433,2025-05-01,B03,I031,Prep Error,7.198,0.9442,6.8
W01434,2025-05-02,B01,I021,Prep Error,0.368,7.3437,2.7
W01435,2025-05-02,B01,I038,Over-production,2.894,0.3147,0.91
W01436,2025-05-02,B01,I021,Over-production,0.365,7.3437,2.68
W01437,2025-05-02,B03,I038,Dropped / Damaged,4.61,0.3147,1.45
W01438,2025-05-03,B01,I052,Over-production,11.139,0.4721,5.26
W01439,2025-05-03,B01,I006,Prep Error,1.031,8.9173,9.19
W01440,2025-05-03,B02,I028,Prep Error,2.207,0.2937,0.65
W01441,2025-05-03,B02,I075,Spoilage / Expired,0.598,2.4129,1.44
W01442,2025-05-03,B03,I038,Prep Error,3.742,0.3147,1.18
W01443,2025-05-03,B03,I031,Dropped / Damaged,9.943,0.9442,9.39
W01444,2025-05-03,B03,I031,Spoilage / Expired,12.023,0.9442,11.35
W01445,2025-05-04,B01,I052,Spoilage / Expired,2.524,0.4721,1.19
W01446,2025-05-04,B02,I058,Spoilage / Expired,0.268,2.0982,0.56
W01447,2025-05-04,B02,I051,Over-production,0.389,3.6718,1.43
W01448,2025-05-04,B02,I028,Prep Error,1.976,0.2937,0.58
W01449,2025-05-04,B02,I010,Over-production,0.34,5.2455,1.78
W01450,2025-05-04,B03,I048,Spoilage / Expired,0.454,2.5178,1.14
W01451,2025-05-04,B03,I049,Over-production,0.129,1.8884,0.24
W01452,2025-05-04,B03,I064,Customer Return,1.516,1.4687,2.23
W01453,2025-05-05,B01,I036,Customer Return,0.291,4.7209,1.37
W01454,2025-05-05,B02,I050,Over-production,0.502,0.8393,0.42
W01455,2025-05-05,B02,I019,Prep Error,0.031,11.54,0.36
W01456,2025-05-05,B02,I038,Over-production,1.158,0.3147,0.36
W01457,2025-05-05,B03,I031,Dropped / Damaged,1.359,0.9442,1.28
W01458,2025-05-07,B02,I050,Over-production,1.047,0.8393,0.88
W01459,2025-05-07,B03,I008,Over-production,0.064,5.77,0.37
W01460,2025-05-07,B03,I038,Over-production,2.539,0.3147,0.8
W01461,2025-05-08,B02,I031,Prep Error,5.382,0.9442,5.08
W01462,2025-05-08,B03,I038,Over-production,2.941,0.3147,0.93
W01463,2025-05-09,B01,I006,Spoilage / Expired,0.071,8.9173,0.63
W01464,2025-05-09,B02,I038,Spoilage / Expired,1.286,0.3147,0.4
W01465,2025-05-09,B02,I072,Spoilage / Expired,0.233,2.5178,0.59
W01466,2025-05-09,B03,I031,Over-production,0.39,0.9442,0.37
W01467,2025-05-09,B03,I072,Spoilage / Expired,0.305,2.5178,0.77
W01468,2025-05-09,B03,I001,Prep Error,0.053,14.6873,0.78
W01469,2025-05-10,B01,I038,Over-production,1.244,0.3147,0.39
W01470,2025-05-10,B01,I038,Over-production,1.879,0.3147,0.59
W01471,2025-05-10,B03,I035,Spoilage / Expired,0.057,0.9442,0.05
W01472,2025-05-10,B03,I052,Over-production,4.435,0.4721,2.09
W01473,2025-05-10,B03,I023,Prep Error,0.244,1.154,0.28
W01474,2025-05-11,B01,I008,Spoilage / Expired,0.268,5.77,1.55
W01475,2025-05-11,B01,I052,Customer Return,2.343,0.4721,1.11
W01476,2025-05-11,B01,I008,Over-production,0.114,5.77,0.66
W01477,2025-05-11,B02,I031,Customer Return,2.77,0.9442,2.62
W01478,2025-05-11,B03,I035,Spoilage / Expired,1.303,0.9442,1.23
W01479,2025-05-11,B03,I052,Over-production,1.957,0.4721,0.92
W01480,2025-05-11,B03,I035,Over-production,1.226,0.9442,1.16
W01481,2025-05-11,B03,I038,Dropped / Damaged,2.319,0.3147,0.73
W01482,2025-05-11,B03,I028,Prep Error,1.594,0.2937,0.47
W01483,2025-05-12,B01,I077,Over-production,0.025,6.2946,0.16
W01484,2025-05-12,B01,I051,Dropped / Damaged,0.107,3.6718,0.39
W01485,2025-05-12,B01,I031,Over-production,0.115,0.9442,0.11
W01486,2025-05-12,B03,I028,Spoilage / Expired,2.083,0.2937,0.61
W01487,2025-05-14,B02,I078,Over-production,0.109,8.3928,0.91
W01488,2025-05-14,B03,I052,Over-production,1.865,0.4721,0.88
W01489,2025-05-14,B03,I038,Spoilage / Expired,4.875,0.3147,1.53
W01490,2025-05-15,B03,I021,Over-production,0.067,7.3437,0.49
W01491,2025-05-15,B03,I003,Spoilage / Expired,0.125,33.571,4.2
W01492,2025-05-16,B01,I052,Customer Return,0.463,0.4721,0.22
W01493,2025-05-16,B01,I065,Spoilage / Expired,0.147,2.0982,0.31
W01494,2025-05-16,B02,I038,Dropped / Damaged,1.897,0.3147,0.6
W01495,2025-05-16,B02,I058,Over-production,0.298,2.0982,0.63
W01496,2025-05-16,B02,I050,Prep Error,1.508,0.8393,1.27
W01497,2025-05-16,B03,I052,Customer Return,2.18,0.4721,1.03
W01498,2025-05-16,B03,I090,Prep Error,0.106,0.4196,0.04
W01499,2025-05-16,B03,I035,Over-production,1.067,0.9442,1.01
W01500,2025-05-16,B03,I052,Prep Error,2.558,0.4721,1.21
W01501,2025-05-16,B03,I028,Customer Return,0.29,0.2937,0.09
W01502,2025-05-17,B01,I038,Spoilage / Expired,1.9,0.3147,0.6
W01503,2025-05-17,B03,I028,Over-production,1.532,0.2937,0.45
W01504,2025-05-18,B01,I031,Over-production,4.281,0.9442,4.04
W01505,2025-05-18,B02,I001,Spoilage / Expired,0.028,14.6873,0.41
W01506,2025-05-18,B02,I052,Customer Return,1.822,0.4721,0.86
W01507,2025-05-19,B02,I028,Spoilage / Expired,2.193,0.2937,0.64
W01508,2025-05-19,B03,I079,Over-production,0.327,9.9664,3.26
W01509,2025-05-19,B03,I050,Over-production,0.418,0.8393,0.35
W01510,2025-05-19,B03,I016,Spoilage / Expired,0.088,16.7855,1.48
W01511,2025-05-19,B03,I038,Spoilage / Expired,5.284,0.3147,1.66
W01512,2025-05-19,B03,I032,Customer Return,0.162,1.0491,0.17
W01513,2025-05-19,B03,I038,Over-production,2.805,0.3147,0.88
W01514,2025-05-19,B03,I079,Over-production,0.434,9.9664,4.33
W01515,2025-05-21,B01,I028,Over-production,0.47,0.2937,0.14
W01516,2025-05-21,B01,I038,Spoilage / Expired,1.316,0.3147,0.41
W01517,2025-05-21,B02,I031,Prep Error,2.343,0.9442,2.21
W01518,2025-05-21,B03,I050,Spoilage / Expired,0.62,0.8393,0.52
W01519,2025-05-22,B01,I052,Dropped / Damaged,0.24,0.4721,0.11
W01520,2025-05-22,B03,I031,Over-production,1.356,0.9442,1.28
W01521,2025-05-22,B03,I031,Spoilage / Expired,3.06,0.9442,2.89
W01522,2025-05-22,B03,I031,Spoilage / Expired,3.013,0.9442,2.84
W01523,2025-05-22,B03,I041,Spoilage / Expired,0.324,1.0491,0.34
W01524,2025-05-22,B03,I052,Over-production,0.298,0.4721,0.14
W01525,2025-05-23,B01,I053,Spoilage / Expired,0.771,0.3672,0.28
W01526,2025-05-23,B02,I028,Spoilage / Expired,1.939,0.2937,0.57
W01527,2025-05-23,B03,I044,Spoilage / Expired,0.042,6.2946,0.26
W01528,2025-05-24,B02,I052,Prep Error,5.765,0.4721,2.72
W01529,2025-05-24,B02,I032,Prep Error,0.41,1.0491,0.43
W01530,2025-05-24,B03,I090,Prep Error,0.465,0.4196,0.2
W01531,2025-05-24,B03,I031,Customer Return,4.415,0.9442,4.17
W01532,2025-05-25,B01,I038,Over-production,4.409,0.3147,1.39
W01533,2025-05-25,B02,I053,Spoilage / Expired,0.857,0.3672,0.31
W01534,2025-05-25,B02,I072,Spoilage / Expired,0.453,2.5178,1.14
W01535,2025-05-25,B02,I031,Over-production,1.677,0.9442,1.58
W01536,2025-05-25,B03,I084,Spoilage / Expired,0.042,23.0801,0.97
W01537,2025-05-26,B02,I031,Spoilage / Expired,2.451,0.9442,2.31
W01538,2025-05-28,B01,I053,Spoilage / Expired,0.484,0.3672,0.18
W01539,2025-05-28,B02,I056,Over-production,0.035,1.154,0.04
W01540,2025-05-28,B02,I010,Over-production,0.129,5.2455,0.68
W01541,2025-05-29,B01,I028,Prep Error,1.075,0.2937,0.32
W01542,2025-05-29,B01,I042,Over-production,0.138,2.6227,0.36
W01543,2025-05-29,B02,I041,Dropped / Damaged,0.251,1.0491,0.26
W01544,2025-05-29,B02,I053,Spoilage / Expired,0.167,0.3672,0.06
W01545,2025-05-29,B02,I052,Over-production,0.581,0.4721,0.27
W01546,2025-05-29,B03,I028,Spoilage / Expired,2.143,0.2937,0.63
W01547,2025-05-29,B03,I041,Spoilage / Expired,0.583,1.0491,0.61
W01548,2025-05-29,B03,I031,Spoilage / Expired,3.129,0.9442,2.95
W01549,2025-05-30,B01,I052,Over-production,1.173,0.4721,0.55
W01550,2025-05-30,B02,I052,Dropped / Damaged,4.297,0.4721,2.03
W01551,2025-05-30,B03,I052,Spoilage / Expired,0.779,0.4721,0.37
W01552,2025-05-30,B03,I028,Over-production,1.596,0.2937,0.47
W01553,2025-05-30,B03,I052,Customer Return,1.306,0.4721,0.62
W01554,2025-05-31,B01,I049,Prep Error,0.476,1.8884,0.9
W01555,2025-05-31,B02,I075,Prep Error,0.735,2.4129,1.77
W01556,2025-05-31,B02,I035,Over-production,1.545,0.9442,1.46
W01557,2025-05-31,B03,I031,Spoilage / Expired,3.146,0.9442,2.97
W01558,2025-05-31,B03,I090,Prep Error,1.749,0.4196,0.73
W01559,2025-06-01,B01,I041,Customer Return,0.753,1.0522,0.79
W01560,2025-06-01,B01,I052,Over-production,0.794,0.4735,0.38
W01561,2025-06-01,B02,I031,Spoilage / Expired,3.147,0.947,2.98
W01562,2025-06-01,B03,I031,Spoilage / Expired,6.621,0.947,6.27
W01563,2025-06-02,B01,I051,Customer Return,0.12,3.6828,0.44
W01564,2025-06-02,B01,I038,Dropped / Damaged,1.02,0.3157,0.32
W01565,2025-06-02,B02,I052,Spoilage / Expired,0.899,0.4735,0.43
W01566,2025-06-02,B02,I038,Prep Error,0.482,0.3157,0.15
W01567,2025-06-02,B03,I031,Over-production,4.051,0.947,3.84
W01568,2025-06-02,B03,I052,Spoilage / Expired,2.219,0.4735,1.05
W01569,2025-06-02,B03,I071,Over-production,0.01,18.9404,0.19
W01570,2025-06-02,B03,I052,Spoilage / Expired,0.614,0.4735,0.29
W01571,2025-06-02,B04,I028,Spoilage / Expired,0.557,0.2946,0.16
W01572,2025-06-02,B04,I035,Customer Return,0.292,0.947,0.28
W01573,2025-06-04,B01,I022,Spoilage / Expired,0.046,4.209,0.19
W01574,2025-06-04,B01,I032,Spoilage / Expired,0.215,1.0522,0.23
W01575,2025-06-04,B03,I031,Over-production,2.276,0.947,2.16
W01576,2025-06-04,B03,I058,Spoilage / Expired,0.355,2.1045,0.75
W01577,2025-06-04,B03,I036,Prep Error,0.012,4.7351,0.06
W01578,2025-06-04,B04,I006,Spoilage / Expired,0.368,8.9441,3.29
W01579,2025-06-05,B01,I031,Prep Error,0.397,0.947,0.38
W01580,2025-06-05,B01,I058,Prep Error,0.056,2.1045,0.12
W01581,2025-06-05,B01,I028,Customer Return,0.718,0.2946,0.21
W01582,2025-06-05,B03,I053,Prep Error,0.672,0.3683,0.25
W01583,2025-06-05,B03,I038,Spoilage / Expired,0.642,0.3157,0.2
W01584,2025-06-05,B03,I040,Spoilage / Expired,0.02,0.8418,0.02
W01585,2025-06-05,B03,I038,Spoilage / Expired,1.047,0.3157,0.33
W01586,2025-06-05,B03,I038,Over-production,0.844,0.3157,0.27
W01587,2025-06-05,B04,I038,Over-production,0.761,0.3157,0.24
W01588,2025-06-06,B03,I076,Over-production,0.137,6.3135,0.86
W01589,2025-06-07,B01,I038,Spoilage / Expired,3.739,0.3157,1.18
W01590,2025-06-07,B02,I041,Dropped / Damaged,0.386,1.0522,0.41
W01591,2025-06-07,B03,I031,Spoilage / Expired,0.501,0.947,0.47
W01592,2025-06-07,B03,I031,Prep Error,0.784,0.947,0.74
W01593,2025-06-07,B04,I052,Spoilage / Expired,0.486,0.4735,0.23
W01594,2025-06-07,B04,I075,Customer Return,0.174,2.4202,0.42
W01595,2025-06-08,B01,I031,Customer Return,4.663,0.947,4.42
W01596,2025-06-08,B02,I052,Over-production,3.155,0.4735,1.49
W01597,2025-06-08,B03,I010,Spoilage / Expired,0.387,5.2612,2.04
W01598,2025-06-08,B03,I053,Customer Return,0.345,0.3683,0.13
W01599,2025-06-08,B04,I038,Over-production,0.99,0.3157,0.31
W01600,2025-06-08,B04,I052,Over-production,1.515,0.4735,0.72
W01601,2025-06-08,B04,I035,Over-production,0.064,0.947,0.06
W01602,2025-06-09,B01,I006,Prep Error,0.171,8.9441,1.53
W01603,2025-06-09,B01,I053,Spoilage / Expired,0.282,0.3683,0.1
W01604,2025-06-09,B01,I034,Customer Return,0.323,2.7358,0.88
W01605,2025-06-09,B01,I029,Spoilage / Expired,0.051,5.7873,0.3
W01606,2025-06-09,B02,I053,Dropped / Damaged,0.393,0.3683,0.14
W01607,2025-06-09,B02,I038,Spoilage / Expired,1.227,0.3157,0.39
W01608,2025-06-09,B03,I031,Spoilage / Expired,2.547,0.947,2.41
W01609,2025-06-09,B03,I028,Customer Return,0.592,0.2946,0.17
W01610,2025-06-09,B03,I061,Customer Return,0.11,6.3135,0.69
W01611,2025-06-09,B03,I038,Spoilage / Expired,2.069,0.3157,0.65
W01612,2025-06-11,B01,I031,Spoilage / Expired,4.002,0.947,3.79
W01613,2025-06-11,B02,I031,Customer Return,2.793,0.947,2.64
W01614,2025-06-11,B03,I046,Spoilage / Expired,0.247,3.3672,0.83
W01615,2025-06-11,B04,I031,Over-production,0.084,0.947,0.08
W01616,2025-06-11,B04,I031,Prep Error,0.142,0.947,0.13
W01617,2025-06-11,B04,I007,Spoilage / Expired,0.066,7.8918,0.52
W01618,2025-06-12,B03,I028,Customer Return,1.27,0.2946,0.37
W01619,2025-06-12,B03,I028,Spoilage / Expired,1.579,0.2946,0.47
W01620,2025-06-12,B03,I064,Over-production,0.355,1.4731,0.52
W01621,2025-06-12,B04,I041,Prep Error,0.854,1.0522,0.9
W01622,2025-06-12,B04,I038,Spoilage / Expired,0.382,0.3157,0.12
W01623,2025-06-13,B03,I070,Customer Return,0.194,0.6313,0.12
W01624,2025-06-13,B03,I052,Spoilage / Expired,1.449,0.4735,0.69
W01625,2025-06-13,B03,I028,Over-production,0.141,0.2946,0.04
W01626,2025-06-13,B04,I038,Customer Return,0.309,0.3157,0.1
W01627,2025-06-13,B04,I041,Over-production,1.002,1.0522,1.05
W01628,2025-06-13,B04,I050,Customer Return,0.231,0.8418,0.19
W01629,2025-06-13,B04,I028,Over-production,0.916,0.2946,0.27
W01630,2025-06-14,B01,I038,Spoilage / Expired,3.187,0.3157,1.01
W01631,2025-06-14,B02,I090,Over-production,0.491,0.4209,0.21
W01632,2025-06-14,B03,I038,Over-production,3.37,0.3157,1.06
W01633,2025-06-14,B04,I031,Customer Return,4.363,0.947,4.13
W01634,2025-06-14,B04,I035,Customer Return,0.708,0.947,0.67
W01635,2025-06-14,B04,I006,Spoilage / Expired,0.11,8.9441,0.98
W01636,2025-06-15,B02,I031,Over-production,2.915,0.947,2.76
W01637,2025-06-15,B03,I038,Prep Error,4.973,0.3157,1.57
W01638,2025-06-15,B03,I031,Customer Return,2.851,0.947,2.7
W01639,2025-06-15,B04,I049,Over-production,0.066,1.894,0.13
W01640,2025-06-15,B04,I041,Dropped / Damaged,0.753,1.0522,0.79
W01641,2025-06-16,B01,I031,Over-production,2.384,0.947,2.26
W01642,2025-06-16,B01,I052,Dropped / Damaged,0.713,0.4735,0.34
W01643,2025-06-16,B01,I031,Spoilage / Expired,0.744,0.947,0.7
W01644,2025-06-16,B02,I028,Prep Error,1.229,0.2946,0.36
W01645,2025-06-16,B03,I038,Customer Return,0.605,0.3157,0.19
W01646,2025-06-16,B03,I010,Over-production,0.267,5.2612,1.4
W01647,2025-06-16,B03,I044,Prep Error,0.116,6.3135,0.73
W01648,2025-06-16,B03,I038,Spoilage / Expired,0.337,0.3157,0.11
W01649,2025-06-18,B01,I031,Dropped / Damaged,0.699,0.947,0.66
W01650,2025-06-18,B01,I038,Over-production,0.353,0.3157,0.11
W01651,2025-06-18,B01,I090,Customer Return,0.04,0.4209,0.02
W01652,2025-06-18,B03,I035,Spoilage / Expired,0.18,0.947,0.17
W01653,2025-06-18,B03,I028,Spoilage / Expired,2.604,0.2946,0.77
W01654,2025-06-18,B04,I049,Spoilage / Expired,0.091,1.894,0.17
W01655,2025-06-18,B04,I072,Dropped / Damaged,0.177,2.5254,0.45
W01656,2025-06-19,B02,I052,Dropped / Damaged,1.662,0.4735,0.79
W01657,2025-06-19,B02,I038,Prep Error,3.667,0.3157,1.16
W01658,2025-06-19,B02,I031,Over-production,3.208,0.947,3.04
W01659,2025-06-19,B03,I048,Dropped / Damaged,0.335,2.5254,0.85
W01660,2025-06-19,B03,I038,Over-production,2.445,0.3157,0.77
W01661,2025-06-19,B03,I034,Over-production,0.096,2.7358,0.26
W01662,2025-06-19,B03,I050,Spoilage / Expired,0.398,0.8418,0.34
W01663,2025-06-19,B03,I038,Dropped / Damaged,0.876,0.3157,0.28
W01664,2025-06-19,B04,I070,Spoilage / Expired,0.491,0.6313,0.31
W01665,2025-06-19,B04,I042,Spoilage / Expired,0.472,2.6306,1.24
W01666,2025-06-20,B02,I031,Dropped / Damaged,6.162,0.947,5.84
W01667,2025-06-20,B03,I009,Over-production,0.046,4.7351,0.22
W01668,2025-06-20,B04,I032,Prep Error,0.359,1.0522,0.38
W01669,2025-06-21,B02,I052,Prep Error,2.894,0.4735,1.37
W01670,2025-06-21,B03,I050,Customer Return,1.364,0.8418,1.15
W01671,2025-06-21,B03,I028,Customer Return,1.8,0.2946,0.53
W01672,2025-06-21,B03,I038,Prep Error,7.365,0.3157,2.33
W01673,2025-06-21,B03,I038,Spoilage / Expired,7.041,0.3157,2.22
W01674,2025-06-21,B04,I038,Dropped / Damaged,1.193,0.3157,0.38
W01675,2025-06-22,B01,I052,Prep Error,2.274,0.4735,1.08
W01676,2025-06-22,B01,I032,Spoilage / Expired,0.312,1.0522,0.33
W01677,2025-06-22,B02,I028,Spoilage / Expired,1.11,0.2946,0.33
W01678,2025-06-22,B02,I046,Over-production,0.065,3.3672,0.22
W01679,2025-06-22,B03,I052,Spoilage / Expired,1.311,0.4735,0.62
W01680,2025-06-22,B03,I052,Over-production,2.065,0.4735,0.98
W01681,2025-06-22,B04,I046,Over-production,0.075,3.3672,0.25
W01682,2025-06-22,B04,I038,Over-production,1.087,0.3157,0.34
W01683,2025-06-23,B01,I052,Spoilage / Expired,0.861,0.4735,0.41
W01684,2025-06-23,B01,I031,Spoilage / Expired,1.96,0.947,1.86
W01685,2025-06-23,B02,I028,Spoilage / Expired,0.751,0.2946,0.22
W01686,2025-06-23,B03,I079,Spoilage / Expired,1.32,9.9963,13.2
W01687,2025-06-23,B04,I044,Prep Error,0.036,6.3135,0.23
W01688,2025-06-25,B01,I031,Over-production,0.507,0.947,0.48
W01689,2025-06-25,B02,I055,Spoilage / Expired,0.041,4.209,0.17
W01690,2025-06-25,B02,I053,Spoilage / Expired,0.233,0.3683,0.09
W01691,2025-06-25,B02,I021,Spoilage / Expired,0.214,7.3657,1.58
W01692,2025-06-25,B03,I090,Prep Error,0.332,0.4209,0.14
W01693,2025-06-25,B03,I027,Dropped / Damaged,0.066,3.3672,0.22
W01694,2025-06-25,B03,I027,Over-production,0.19,3.3672,0.64
W01695,2025-06-25,B03,I027,Spoilage / Expired,0.214,3.3672,0.72
W01696,2025-06-26,B01,I027,Dropped / Damaged,0.125,3.3672,0.42
W01697,2025-06-26,B01,I031,Prep Error,0.414,0.947,0.39
W01698,2025-06-26,B01,I073,Customer Return,0.077,3.1567,0.24
W01699,2025-06-26,B01,I058,Over-production,0.042,2.1045,0.09
W01700,2025-06-26,B03,I052,Over-production,0.382,0.4735,0.18
W01701,2025-06-26,B03,I052,Over-production,0.433,0.4735,0.21
W01702,2025-06-26,B04,I038,Prep Error,0.573,0.3157,0.18
W01703,2025-06-26,B04,I052,Customer Return,1.093,0.4735,0.52
W01704,2025-06-27,B01,I056,Spoilage / Expired,0.075,1.1575,0.09
W01705,2025-06-27,B02,I028,Over-production,1.736,0.2946,0.51
W01706,2025-06-27,B03,I031,Customer Return,0.524,0.947,0.5
W01707,2025-06-27,B03,I035,Prep Error,0.292,0.947,0.28
W01708,2025-06-27,B04,I052,Spoilage / Expired,1.587,0.4735,0.75
W01709,2025-06-27,B04,I052,Prep Error,2.489,0.4735,1.18
W01710,2025-06-28,B02,I031,Over-production,1.637,0.947,1.55
W01711,2025-06-28,B03,I052,Dropped / Damaged,4.012,0.4735,1.9
W01712,2025-06-28,B03,I006,Over-production,0.203,8.9441,1.82
W01713,2025-06-28,B03,I065,Over-production,0.12,2.1045,0.25
W01714,2025-06-28,B03,I031,Spoilage / Expired,3.79,0.947,3.59
W01715,2025-06-28,B04,I031,Over-production,1.767,0.947,1.67
W01716,2025-06-28,B04,I007,Prep Error,0.189,7.8918,1.49
W01717,2025-06-28,B04,I006,Over-production,0.147,8.9441,1.31
W01718,2025-06-29,B03,I038,Spoilage / Expired,4.735,0.3157,1.49
W01719,2025-06-29,B03,I031,Over-production,2.594,0.947,2.46
W01720,2025-06-30,B01,I052,Over-production,0.853,0.4735,0.4
W01721,2025-06-30,B01,I009,Customer Return,0.102,4.7351,0.48
W01722,2025-06-30,B01,I073,Over-production,0.064,3.1567,0.2
W01723,2025-06-30,B02,I051,Prep Error,0.421,3.6828,1.55
W01724,2025-06-30,B03,I049,Over-production,0.151,1.894,0.29
W01725,2025-06-30,B03,I031,Over-production,2.171,0.947,2.06
W01726,2025-06-30,B04,I028,Over-production,0.772,0.2946,0.23
W01727,2025-07-02,B03,I032,Spoilage / Expired,0.056,1.0554,0.06
W01728,2025-07-02,B03,I031,Customer Return,3.686,0.9499,3.5
W01729,2025-07-02,B03,I052,Dropped / Damaged,1.434,0.4749,0.68
W01730,2025-07-02,B04,I072,Spoilage / Expired,0.154,2.533,0.39
W01731,2025-07-03,B02,I031,Over-production,3.369,0.9499,3.2
W01732,2025-07-03,B02,I031,Spoilage / Expired,1.141,0.9499,1.08
W01733,2025-07-03,B04,I038,Spoilage / Expired,1.927,0.3166,0.61
W01734,2025-07-03,B04,I038,Spoilage / Expired,0.936,0.3166,0.3
W01735,2025-07-03,B04,I016,Prep Error,0.052,16.8864,0.88
W01736,2025-07-04,B03,I031,Spoilage / Expired,6.274,0.9499,5.96
W01737,2025-07-04,B03,I031,Over-production,5.902,0.9499,5.61
W01738,2025-07-05,B01,I031,Spoilage / Expired,5.605,0.9499,5.32
W01739,2025-07-05,B01,I031,Spoilage / Expired,6.246,0.9499,5.93
W01740,2025-07-05,B01,I031,Dropped / Damaged,6.53,0.9499,6.2
W01741,2025-07-05,B01,I031,Over-production,4.513,0.9499,4.29
W01742,2025-07-05,B03,I031,Spoilage / Expired,4.245,0.9499,4.03
W01743,2025-07-05,B03,I031,Over-production,3.005,0.9499,2.85
W01744,2025-07-05,B03,I028,Prep Error,1.398,0.2955,0.41
W01745,2025-07-05,B03,I032,Spoilage / Expired,0.552,1.0554,0.58
W01746,2025-07-05,B04,I058,Prep Error,0.091,2.1108,0.19
W01747,2025-07-05,B04,I031,Spoilage / Expired,1.704,0.9499,1.62
W01748,2025-07-05,B04,I008,Spoilage / Expired,0.439,5.8047,2.55
W01749,2025-07-06,B02,I006,Prep Error,0.236,8.9709,2.12
W01750,2025-07-06,B03,I080,Spoilage / Expired,0.251,8.9709,2.25
W01751,2025-07-06,B03,I041,Prep Error,0.773,1.0554,0.82
W01752,2025-07-06,B03,I079,Prep Error,0.163,10.0263,1.63
W01753,2025-07-06,B03,I052,Over-production,3.447,0.4749,1.64
W01754,2025-07-06,B03,I031,Dropped / Damaged,4.395,0.9499,4.17
W01755,2025-07-06,B04,I032,Over-production,0.114,1.0554,0.12
W01756,2025-07-07,B02,I028,Over-production,2.253,0.2955,0.67
W01757,2025-07-07,B02,I052,Prep Error,1.157,0.4749,0.55
W01758,2025-07-07,B03,I031,Customer Return,2.372,0.9499,2.25
W01759,2025-07-07,B03,I008,Dropped / Damaged,0.212,5.8047,1.23
W01760,2025-07-07,B04,I031,Spoilage / Expired,2.874,0.9499,2.73
W01761,2025-07-07,B04,I031,Prep Error,1.801,0.9499,1.71
W01762,2025-07-07,B04,I038,Spoilage / Expired,1.886,0.3166,0.6
W01763,2025-07-09,B01,I035,Dropped / Damaged,0.131,0.9499,0.12
W01764,2025-07-09,B01,I031,Customer Return,3.135,0.9499,2.98
W01765,2025-07-09,B02,I006,Customer Return,0.422,8.9709,3.79
W01766,2025-07-09,B03,I053,Spoilage / Expired,0.276,0.3694,0.1
W01767,2025-07-10,B03,I038,Over-production,0.472,0.3166,0.15
W01768,2025-07-10,B04,I058,Spoilage / Expired,0.054,2.1108,0.11
W01769,2025-07-10,B04,I028,Over-production,0.751,0.2955,0.22
W01770,2025-07-11,B04,I090,Prep Error,0.414,0.4222,0.17
W01771,2025-07-12,B01,I001,Over-production,0.059,14.7756,0.87
W01772,2025-07-12,B01,I028,Over-production,2.881,0.2955,0.85
W01773,2025-07-12,B02,I052,Spoilage / Expired,7.702,0.4749,3.66
W01774,2025-07-12,B02,I056,Over-production,0.207,1.1609,0.24
W01775,2025-07-12,B02,I009,Prep Error,0.19,4.7493,0.9
W01776,2025-07-12,B02,I041,Customer Return,0.501,1.0554,0.53
W01777,2025-07-12,B03,I031,Prep Error,5.743,0.9499,5.46
W01778,2025-07-12,B04,I090,Spoilage / Expired,0.08,0.4222,0.03
W01779,2025-07-13,B01,I054,Spoilage / Expired,0.027,0.3166,0.01
W01780,2025-07-13,B03,I031,Dropped / Damaged,3.426,0.9499,3.25
W01781,2025-07-13,B03,I050,Spoilage / Expired,0.958,0.8443,0.81
W01782,2025-07-13,B03,I016,Over-production,0.037,16.8864,0.62
W01783,2025-07-13,B03,I010,Spoilage / Expired,0.217,5.277,1.15
W01784,2025-07-13,B04,I050,Dropped / Damaged,0.728,0.8443,0.61
W01785,2025-07-14,B01,I056,Prep Error,0.035,1.1609,0.04
W01786,2025-07-14,B01,I028,Spoilage / Expired,0.122,0.2955,0.04
W01787,2025-07-14,B03,I073,Over-production,0.18,3.1662,0.57
W01788,2025-07-14,B03,I038,Spoilage / Expired,1.109,0.3166,0.35
W01789,2025-07-14,B04,I052,Prep Error,0.92,0.4749,0.44
W01790,2025-07-16,B01,I052,Prep Error,3.717,0.4749,1.77
W01791,2025-07-16,B02,I019,Customer Return,0.055,11.6094,0.64
W01792,2025-07-16,B03,I031,Customer Return,6.124,0.9499,5.82
W01793,2025-07-16,B03,I036,Over-production,0.107,4.7493,0.51
W01794,2025-07-16,B03,I050,Prep Error,1.259,0.8443,1.06
W01795,2025-07-16,B04,I038,Spoilage / Expired,1.837,0.3166,0.58
W01796,2025-07-17,B01,I031,Spoilage / Expired,3.769,0.9499,3.58
W01797,2025-07-17,B03,I042,Prep Error,0.122,2.6385,0.32
W01798,2025-07-17,B03,I031,Prep Error,1.981,0.9499,1.88
W01799,2025-07-17,B03,I088,Customer Return,0.083,6.3324,0.53
W01800,2025-07-17,B03,I031,Spoilage / Expired,2.588,0.9499,2.46
W01801,2025-07-17,B03,I038,Dropped / Damaged,2.299,0.3166,0.73
W01802,2025-07-17,B04,I019,Dropped / Damaged,0.106,11.6094,1.23
W01803,2025-07-17,B04,I061,Prep Error,0.177,6.3324,1.12
W01804,2025-07-18,B01,I031,Spoilage / Expired,5.591,0.9499,5.31
W01805,2025-07-18,B01,I072,Customer Return,1.02,2.533,2.58
W01806,2025-07-18,B01,I038,Spoilage / Expired,2.399,0.3166,0.76
W01807,2025-07-18,B02,I038,Spoilage / Expired,5.759,0.3166,1.82
W01808,2025-07-18,B03,I031,Prep Error,2.262,0.9499,2.15
W01809,2025-07-18,B03,I090,Over-production,0.672,0.4222,0.28
W01810,2025-07-18,B03,I031,Spoilage / Expired,3.624,0.9499,3.44
W01811,2025-07-18,B03,I053,Over-production,1.352,0.3694,0.5
W01812,2025-07-19,B03,I008,Customer Return,0.139,5.8047,0.81
W01813,2025-07-19,B03,I052,Customer Return,3.124,0.4749,1.48
W01814,2025-07-19,B03,I031,Over-production,3.689,0.9499,3.5
W01815,2025-07-19,B04,I052,Prep Error,3.13,0.4749,1.49
W01816,2025-07-20,B02,I044,Prep Error,0.097,6.3324,0.61
W01817,2025-07-20,B03,I028,Dropped / Damaged,0.759,0.2955,0.22
W01818,2025-07-20,B04,I031,Customer Return,0.688,0.9499,0.65
W01819,2025-07-20,B04,I038,Prep Error,0.653,0.3166,0.21
W01820,2025-07-20,B04,I038,Spoilage / Expired,0.606,0.3166,0.19
W01821,2025-07-20,B04,I031,Over-production,0.358,0.9499,0.34
W01822,2025-07-20,B04,I006,Over-production,0.187,8.9709,1.68
W01823,2025-07-20,B04,I038,Over-production,0.82,0.3166,0.26
W01824,2025-07-20,B04,I072,Spoilage / Expired,0.188,2.533,0.48
W01825,2025-07-21,B02,I036,Prep Error,0.144,4.7493,0.68
W01826,2025-07-21,B02,I084,Over-production,0.014,23.2188,0.33
W01827,2025-07-21,B03,I035,Prep Error,0.296,0.9499,0.28
W01828,2025-07-21,B03,I002,Over-production,0.035,29.5512,1.03
W01829,2025-07-21,B03,I052,Spoilage / Expired,0.136,0.4749,0.06
W01830,2025-07-21,B04,I008,Prep Error,0.457,5.8047,2.65
W01831,2025-07-21,B04,I038,Spoilage / Expired,0.404,0.3166,0.13
W01832,2025-07-23,B02,I031,Spoilage / Expired,1.073,0.9499,1.02
W01833,2025-07-23,B03,I038,Dropped / Damaged,2.58,0.3166,0.82
W01834,2025-07-23,B03,I038,Over-production,3.957,0.3166,1.25
W01835,2025-07-23,B04,I064,Over-production,0.543,1.4776,0.8
W01836,2025-07-23,B04,I007,Customer Return,0.082,7.9155,0.65
W01837,2025-07-24,B03,I028,Spoilage / Expired,4.711,0.2955,1.39
W01838,2025-07-24,B03,I031,Over-production,10.592,0.9499,10.06
W01839,2025-07-24,B04,I050,Over-production,2.262,0.8443,1.91
W01840,2025-07-25,B01,I052,Over-production,0.987,0.4749,0.47
W01841,2025-07-25,B02,I052,Spoilage / Expired,4.503,0.4749,2.14
W01842,2025-07-25,B03,I080,Over-production,0.276,8.9709,2.48
W01843,2025-07-25,B03,I050,Over-production,0.312,0.8443,0.26
W01844,2025-07-25,B04,I075,Over-production,0.72,2.4274,1.75
W01845,2025-07-25,B04,I031,Spoilage / Expired,7.655,0.9499,7.27
W01846,2025-07-26,B02,I031,Prep Error,2.529,0.9499,2.4
W01847,2025-07-26,B02,I052,Prep Error,2.241,0.4749,1.06
W01848,2025-07-26,B03,I034,Customer Return,0.328,2.744,0.9
W01849,2025-07-26,B03,I028,Prep Error,5.56,0.2955,1.64
W01850,2025-07-26,B03,I072,Spoilage / Expired,0.572,2.533,1.45
W01851,2025-07-26,B03,I007,Over-production,0.614,7.9155,4.86
W01852,2025-07-26,B03,I031,Spoilage / Expired,6.103,0.9499,5.8
W01853,2025-07-26,B04,I031,Prep Error,0.6,0.9499,0.57
W01854,2025-07-26,B04,I035,Dropped / Damaged,0.201,0.9499,0.19
W01855,2025-07-27,B01,I038,Over-production,1.018,0.3166,0.32
W01856,2025-07-27,B01,I028,Spoilage / Expired,0.415,0.2955,0.12
W01857,2025-07-27,B03,I075,Over-production,0.426,2.4274,1.03
W01858,2025-07-27,B04,I028,Customer Return,0.766,0.2955,0.23
W01859,2025-07-28,B01,I038,Over-production,0.75,0.3166,0.24
W01860,2025-07-28,B01,I058,Customer Return,0.149,2.1108,0.31
W01861,2025-07-28,B02,I042,Spoilage / Expired,0.35,2.6385,0.92
W01862,2025-07-28,B02,I031,Over-production,1.559,0.9499,1.48
W01863,2025-07-28,B02,I008,Spoilage / Expired,0.128,5.8047,0.74
W01864,2025-07-28,B02,I038,Prep Error,1.693,0.3166,0.54
W01865,2025-07-28,B03,I008,Customer Return,0.159,5.8047,0.92
W01866,2025-07-28,B03,I031,Over-production,1.109,0.9499,1.05
W01867,2025-07-28,B03,I038,Over-production,1.682,0.3166,0.53
W01868,2025-07-30,B01,I016,Over-production,0.026,16.8864,0.44
W01869,2025-07-30,B02,I064,Prep Error,0.489,1.4776,0.72
W01870,2025-07-30,B02,I031,Spoilage / Expired,2.932,0.9499,2.79
W01871,2025-07-30,B03,I075,Over-production,0.295,2.4274,0.72
W01872,2025-07-30,B04,I006,Spoilage / Expired,0.083,8.9709,0.74
W01873,2025-07-30,B04,I031,Over-production,1.077,0.9499,1.02
W01874,2025-07-30,B04,I052,Spoilage / Expired,0.154,0.4749,0.07
W01875,2025-07-30,B04,I081,Dropped / Damaged,0.063,16.8864,1.06
W01876,2025-07-31,B01,I031,Spoilage / Expired,1.138,0.9499,1.08
W01877,2025-07-31,B02,I028,Spoilage / Expired,2.176,0.2955,0.64
W01878,2025-07-31,B02,I027,Customer Return,0.108,3.3773,0.36
W01879,2025-07-31,B03,I041,Spoilage / Expired,0.668,1.0554,0.71
W01880,2025-07-31,B03,I038,Spoilage / Expired,1.111,0.3166,0.35
W01881,2025-07-31,B04,I031,Over-production,1.26,0.9499,1.2
W01882,2025-08-01,B01,I091,Over-production,0.187,2.3288,0.44
W01883,2025-08-01,B02,I052,Spoilage / Expired,3.966,0.4764,1.89
W01884,2025-08-01,B02,I007,Prep Error,0.118,7.9392,0.94
W01885,2025-08-01,B02,I041,Spoilage / Expired,0.769,1.0586,0.81
W01886,2025-08-01,B03,I031,Customer Return,0.897,0.9527,0.85
W01887,2025-08-01,B03,I035,Spoilage / Expired,0.528,0.9527,0.5
W01888,2025-08-01,B03,I028,Over-production,1.109,0.2964,0.33
W01889,2025-08-01,B03,I035,Prep Error,0.571,0.9527,0.54
W01890,2025-08-01,B03,I052,Spoilage / Expired,2.11,0.4764,1.01
W01891,2025-08-01,B04,I052,Over-production,4.47,0.4764,2.13
W01892,2025-08-01,B04,I006,Dropped / Damaged,0.285,8.9978,2.56
W01893,2025-08-01,B04,I090,Dropped / Damaged,1.097,0.4234,0.46
W01894,2025-08-02,B02,I052,Over-production,3.129,0.4764,1.49
W01895,2025-08-02,B02,I065,Dropped / Damaged,0.13,2.1171,0.28
W01896,2025-08-02,B03,I002,Prep Error,0.022,29.6398,0.65
W01897,2025-08-02,B03,I052,Spoilage / Expired,1.662,0.4764,0.79
W01898,2025-08-02,B03,I052,Over-production,1.381,0.4764,0.66
W01899,2025-08-02,B04,I034,Over-production,0.089,2.7523,0.24
W01900,2025-08-02,B04,I052,Prep Error,1.6,0.4764,0.76
W01901,2025-08-02,B04,I035,Spoilage / Expired,0.517,0.9527,0.49
W01902,2025-08-02,B04,I031,Spoilage / Expired,2.618,0.9527,2.49
W01903,2025-08-03,B02,I031,Dropped / Damaged,3.083,0.9527,2.94
W01904,2025-08-03,B02,I031,Customer Return,3.559,0.9527,3.39
W01905,2025-08-03,B03,I031,Spoilage / Expired,1.393,0.9527,1.33
W01906,2025-08-03,B04,I031,Over-production,1.013,0.9527,0.97
W01907,2025-08-04,B01,I050,Spoilage / Expired,0.987,0.8469,0.84
W01908,2025-08-04,B01,I053,Customer Return,0.17,0.3705,0.06
W01909,2025-08-04,B01,I010,Spoilage / Expired,0.272,5.2928,1.44
W01910,2025-08-04,B02,I035,Spoilage / Expired,0.616,0.9527,0.59
W01911,2025-08-04,B02,I073,Over-production,0.184,3.1757,0.58
W01912,2025-08-04,B03,I031,Prep Error,1.104,0.9527,1.05
W01913,2025-08-04,B03,I085,Customer Return,0.035,14.8199,0.52
W01914,2025-08-04,B03,I031,Spoilage / Expired,1.239,0.9527,1.18
W01915,2025-08-04,B03,I038,Customer Return,0.194,0.3176,0.06
W01916,2025-08-04,B04,I041,Spoilage / Expired,0.036,1.0586,0.04
W01917,2025-08-04,B04,I090,Prep Error,0.102,0.4234,0.04
W01918,2025-08-06,B01,I038,Over-production,2.058,0.3176,0.65
W01919,2025-08-06,B02,I030,Spoilage / Expired,0.065,6.3514,0.41
W01920,2025-08-06,B02,I038,Spoilage / Expired,1.371,0.3176,0.44
W01921,2025-08-06,B03,I052,Spoilage / Expired,1.875,0.4764,0.89
W01922,2025-08-06,B03,I050,Prep Error,1.309,0.8469,1.11
W01923,2025-08-06,B03,I052,Over-production,2.908,0.4764,1.39
W01924,2025-08-06,B04,I050,Prep Error,0.117,0.8469,0.1
W01925,2025-08-07,B03,I052,Over-production,0.569,0.4764,0.27
W01926,2025-08-07,B04,I031,Customer Return,0.956,0.9527,0.91
W01927,2025-08-07,B04,I031,Dropped / Damaged,0.974,0.9527,0.93
W01928,2025-08-07,B04,I031,Prep Error,1.692,0.9527,1.61
W01929,2025-08-08,B01,I028,Dropped / Damaged,1.169,0.2964,0.35
W01930,2025-08-08,B01,I028,Over-production,1.395,0.2964,0.41
W01931,2025-08-08,B03,I038,Spoilage / Expired,0.51,0.3176,0.16
W01932,2025-08-08,B03,I029,Dropped / Damaged,0.137,5.8221,0.8
W01933,2025-08-08,B04,I052,Spoilage / Expired,2.349,0.4764,1.12
W01934,2025-08-09,B01,I028,Customer Return,1.322,0.2964,0.39
W01935,2025-08-09,B03,I038,Spoilage / Expired,0.49,0.3176,0.16
W01936,2025-08-09,B03,I052,Prep Error,1.986,0.4764,0.95
W01937,2025-08-09,B04,I034,Prep Error,0.176,2.7523,0.48
W01938,2025-08-09,B04,I041,Prep Error,0.436,1.0586,0.46
W01939,2025-08-09,B04,I058,Dropped / Damaged,0.111,2.1171,0.23
W01940,2025-08-09,B04,I052,Spoilage / Expired,2.419,0.4764,1.15
W01941,2025-08-09,B04,I039,Over-production,0.01,0.2646,0.0
W01942,2025-08-10,B01,I052,Customer Return,3.435,0.4764,1.64
W01943,2025-08-10,B03,I052,Dropped / Damaged,2.848,0.4764,1.36
W01944,2025-08-10,B03,I064,Dropped / Damaged,0.241,1.482,0.36
W01945,2025-08-10,B03,I050,Spoilage / Expired,0.98,0.8469,0.83
W01946,2025-08-10,B03,I006,Spoilage / Expired,0.501,8.9978,4.51
W01947,2025-08-11,B01,I073,Spoilage / Expired,0.063,3.1757,0.2
W01948,2025-08-11,B02,I088,Over-production,0.01,6.3514,0.06
W01949,2025-08-11,B03,I088,Prep Error,0.04,6.3514,0.25
W01950,2025-08-11,B03,I072,Prep Error,0.509,2.5406,1.29
W01951,2025-08-11,B03,I007,Spoilage / Expired,0.281,7.9392,2.23
W01952,2025-08-11,B03,I090,Over-production,0.333,0.4234,0.14
W01953,2025-08-11,B03,I007,Spoilage / Expired,0.169,7.9392,1.34
W01954,2025-08-11,B04,I028,Prep Error,1.532,0.2964,0.45
W01955,2025-08-13,B02,I041,Prep Error,0.037,1.0586,0.04
W01956,2025-08-13,B03,I038,Spoilage / Expired,1.076,0.3176,0.34
W01957,2025-08-14,B01,I028,Over-production,1.571,0.2964,0.47
W01958,2025-08-14,B01,I028,Customer Return,0.848,0.2964,0.25
W01959,2025-08-14,B01,I038,Over-production,0.823,0.3176,0.26
W01960,2025-08-14,B01,I032,Over-production,0.256,1.0586,0.27
W01961,2025-08-14,B01,I031,Customer Return,5.816,0.9527,5.54
W01962,2025-08-14,B02,I090,Spoilage / Expired,0.158,0.4234,0.07
W01963,2025-08-14,B03,I050,Over-production,0.91,0.8469,0.77
W01964,2025-08-14,B03,I031,Spoilage / Expired,1.418,0.9527,1.35
W01965,2025-08-15,B01,I031,Over-production,5.9,0.9527,5.62
W01966,2025-08-15,B01,I055,Spoilage / Expired,0.072,4.2343,0.3
W01967,2025-08-15,B02,I038,Prep Error,0.653,0.3176,0.21
W01968,2025-08-15,B03,I052,Prep Error,2.339,0.4764,1.11
W01969,2025-08-15,B03,I041,Spoilage / Expired,1.245,1.0586,1.32
W01970,2025-08-15,B03,I038,Over-production,0.873,0.3176,0.28
W01971,2025-08-15,B03,I031,Over-production,2.174,0.9527,2.07
W01972,2025-08-15,B03,I052,Prep Error,1.682,0.4764,0.8
W01973,2025-08-15,B03,I041,Spoilage / Expired,1.401,1.0586,1.48
W01974,2025-08-15,B04,I052,Over-production,4.009,0.4764,1.91
W01975,2025-08-15,B04,I006,Prep Error,1.059,8.9978,9.53
W01976,2025-08-16,B01,I058,Spoilage / Expired,0.337,2.1171,0.71
W01977,2025-08-16,B02,I031,Spoilage / Expired,3.436,0.9527,3.27
W01978,2025-08-16,B03,I036,Over-production,0.176,4.7635,0.84
W01979,2025-08-16,B04,I031,Dropped / Damaged,3.001,0.9527,2.86
W01980,2025-08-16,B04,I006,Spoilage / Expired,0.211,8.9978,1.9
W01981,2025-08-17,B02,I038,Spoilage / Expired,0.918,0.3176,0.29
W01982,2025-08-17,B03,I031,Over-production,2.986,0.9527,2.84
W01983,2025-08-17,B03,I031,Prep Error,2.353,0.9527,2.24
W01984,2025-08-17,B03,I031,Spoilage / Expired,3.862,0.9527,3.68
W01985,2025-08-17,B04,I074,Spoilage / Expired,0.089,2.964,0.26
W01986,2025-08-17,B04,I031,Spoilage / Expired,2.694,0.9527,2.57
W01987,2025-08-18,B01,I028,Spoilage / Expired,0.867,0.2964,0.26
W01988,2025-08-18,B03,I031,Customer Return,1.228,0.9527,1.17
W01989,2025-08-18,B04,I052,Customer Return,4.992,0.4764,2.38
W01990,2025-08-20,B01,I031,Prep Error,5.312,0.9527,5.06
W01991,2025-08-20,B01,I031,Over-production,6.216,0.9527,5.92
W01992,2025-08-20,B01,I038,Over-production,2.783,0.3176,0.88
W01993,2025-08-20,B02,I090,Over-production,0.246,0.4234,0.1
W01994,2025-08-20,B02,I031,Customer Return,3.517,0.9527,3.35
W01995,2025-08-20,B03,I064,Prep Error,0.448,1.482,0.66
W01996,2025-08-20,B03,I078,Over-production,0.01,8.4685,0.08
W01997,2025-08-20,B03,I031,Prep Error,1.365,0.9527,1.3
W01998,2025-08-20,B04,I011,Over-production,0.074,19.0542,1.41
W01999,2025-08-20,B04,I035,Dropped / Damaged,0.435,0.9527,0.41
W02000,2025-08-20,B04,I038,Over-production,0.601,0.3176,0.19
W02001,2025-08-21,B01,I070,Prep Error,0.844,0.6351,0.54
W02002,2025-08-21,B03,I022,Spoilage / Expired,0.282,4.2343,1.19
W02003,2025-08-21,B04,I031,Spoilage / Expired,1.449,0.9527,1.38
W02004,2025-08-21,B04,I028,Over-production,1.152,0.2964,0.34
W02005,2025-08-21,B04,I031,Spoilage / Expired,1.227,0.9527,1.17
W02006,2025-08-21,B04,I090,Prep Error,0.039,0.4234,0.02
W02007,2025-08-22,B01,I050,Spoilage / Expired,0.73,0.8469,0.62
W02008,2025-08-22,B01,I028,Spoilage / Expired,1.95,0.2964,0.58
W02009,2025-08-22,B01,I007,Dropped / Damaged,0.187,7.9392,1.48
W02010,2025-08-22,B03,I031,Dropped / Damaged,2.88,0.9527,2.74
W02011,2025-08-22,B03,I052,Prep Error,0.993,0.4764,0.47
W02012,2025-08-22,B04,I028,Dropped / Damaged,1.439,0.2964,0.43
W02013,2025-08-22,B04,I028,Dropped / Damaged,0.861,0.2964,0.26
W02014,2025-08-23,B01,I031,Spoilage / Expired,3.928,0.9527,3.74
W02015,2025-08-23,B01,I072,Spoilage / Expired,0.129,2.5406,0.33
W02016,2025-08-23,B01,I050,Over-production,1.239,0.8469,1.05
W02017,2025-08-23,B02,I052,Spoilage / Expired,1.522,0.4764,0.73
W02018,2025-08-23,B03,I035,Customer Return,0.628,0.9527,0.6
W02019,2025-08-23,B03,I072,Spoilage / Expired,0.78,2.5406,1.98
W02020,2025-08-23,B03,I031,Prep Error,8.107,0.9527,7.72
W02021,2025-08-23,B03,I065,Over-production,0.218,2.1171,0.46
W02022,2025-08-23,B04,I050,Prep Error,0.649,0.8469,0.55
W02023,2025-08-23,B04,I032,Dropped / Damaged,0.088,1.0586,0.09
W02024,2025-08-24,B01,I038,Prep Error,2.47,0.3176,0.78
W02025,2025-08-24,B01,I061,Dropped / Damaged,0.511,6.3514,3.25
W02026,2025-08-24,B02,I044,Spoilage / Expired,0.046,6.3514,0.29
W02027,2025-08-24,B02,I031,Dropped / Damaged,0.681,0.9527,0.65
W02028,2025-08-24,B02,I073,Spoilage / Expired,0.204,3.1757,0.65
W02029,2025-08-24,B03,I028,Spoilage / Expired,1.534,0.2964,0.45
W02030,2025-08-25,B01,I031,Dropped / Damaged,0.388,0.9527,0.37
W02031,2025-08-25,B01,I028,Over-production,0.873,0.2964,0.26
W02032,2025-08-25,B03,I028,Dropped / Damaged,3.047,0.2964,0.9
W02033,2025-08-27,B02,I053,Prep Error,0.212,0.3705,0.08
W02034,2025-08-27,B03,I028,Customer Return,2.947,0.2964,0.87
W02035,2025-08-27,B03,I035,Prep Error,0.32,0.9527,0.3
W02036,2025-08-27,B03,I038,Spoilage / Expired,3.25,0.3176,1.03
W02037,2025-08-27,B03,I038,Spoilage / Expired,2.391,0.3176,0.76
W02038,2025-08-27,B03,I028,Customer Return,3.004,0.2964,0.89
W02039,2025-08-27,B04,I031,Prep Error,3.487,0.9527,3.32
W02040,2025-08-27,B04,I031,Spoilage / Expired,3.374,0.9527,3.21
W02041,2025-08-27,B04,I052,Customer Return,1.789,0.4764,0.85
W02042,2025-08-28,B02,I052,Prep Error,1.868,0.4764,0.89
W02043,2025-08-28,B02,I052,Dropped / Damaged,0.662,0.4764,0.32
W02044,2025-08-28,B04,I072,Prep Error,0.197,2.5406,0.5
W02045,2025-08-28,B04,I031,Prep Error,0.849,0.9527,0.81
W02046,2025-08-28,B04,I031,Over-production,0.498,0.9527,0.47
W02047,2025-08-28,B04,I046,Spoilage / Expired,0.178,3.3874,0.6
W02048,2025-08-29,B04,I028,Over-production,1.498,0.2964,0.44
W02049,2025-08-30,B01,I031,Spoilage / Expired,3.433,0.9527,3.27
W02050,2025-08-30,B02,I050,Customer Return,1.207,0.8469,1.02
W02051,2025-08-30,B02,I050,Spoilage / Expired,1.975,0.8469,1.67
W02052,2025-08-30,B03,I035,Over-production,0.177,0.9527,0.17
W02053,2025-08-30,B03,I052,Spoilage / Expired,3.937,0.4764,1.88
W02054,2025-08-30,B04,I072,Dropped / Damaged,0.419,2.5406,1.06
W02055,2025-08-31,B01,I038,Over-production,1.244,0.3176,0.4
W02056,2025-08-31,B02,I031,Customer Return,4.804,0.9527,4.58
W02057,2025-08-31,B02,I038,Customer Return,3.97,0.3176,1.26
W02058,2025-08-31,B02,I052,Spoilage / Expired,4.921,0.4764,2.34
W02059,2025-08-31,B03,I028,Prep Error,2.69,0.2964,0.8
W02060,2025-08-31,B03,I028,Over-production,5.434,0.2964,1.61
W02061,2025-08-31,B04,I031,Customer Return,3.742,0.9527,3.57
W02062,2025-08-31,B04,I034,Prep Error,0.349,2.7523,0.96
W02063,2025-08-31,B04,I080,Over-production,0.246,8.9978,2.21
W02064,2025-09-01,B03,I038,Prep Error,0.852,0.3185,0.27
W02065,2025-09-01,B03,I052,Spoilage / Expired,1.114,0.4778,0.53
W02066,2025-09-01,B04,I028,Over-production,0.89,0.2973,0.26
W02067,2025-09-01,B04,I028,Over-production,0.365,0.2973,0.11
W02068,2025-09-01,B04,I080,Customer Return,0.128,9.0248,1.16
W02069,2025-09-01,B04,I031,Customer Return,1.232,0.9556,1.18
W02070,2025-09-03,B03,I052,Spoilage / Expired,1.078,0.4778,0.52
W02071,2025-09-03,B03,I031,Dropped / Damaged,0.469,0.9556,0.45
W02072,2025-09-04,B02,I031,Over-production,3.554,0.9556,3.4
W02073,2025-09-04,B03,I052,Dropped / Damaged,0.793,0.4778,0.38
W02074,2025-09-04,B03,I001,Spoilage / Expired,0.064,18.1345,1.16
W02075,2025-09-04,B03,I031,Spoilage / Expired,2.053,0.9556,1.96
W02076,2025-09-04,B03,I031,Customer Return,1.226,0.9556,1.17
W02077,2025-09-04,B04,I052,Over-production,0.647,0.4778,0.31
W02078,2025-09-04,B04,I035,Over-production,0.466,0.9556,0.45
W02079,2025-09-05,B02,I031,Spoilage / Expired,2.86,0.9556,2.73
W02080,2025-09-05,B04,I038,Spoilage / Expired,0.635,0.3185,0.2
W02081,2025-09-06,B01,I053,Spoilage / Expired,0.383,0.3716,0.14
W02082,2025-09-06,B01,I072,Prep Error,0.416,2.5482,1.06
W02083,2025-09-06,B04,I052,Spoilage / Expired,3.0,0.4778,1.43
W02084,2025-09-07,B01,I031,Prep Error,0.178,0.9556,0.17
W02085,2025-09-07,B01,I050,Over-production,0.114,0.8494,0.1
W02086,2025-09-07,B02,I066,Over-production,0.062,5.3087,0.33
W02087,2025-09-07,B03,I031,Over-production,5.557,0.9556,5.31
W02088,2025-09-07,B03,I073,Prep Error,0.171,3.1852,0.54
W02089,2025-09-07,B03,I052,Over-production,2.631,0.4778,1.26
W02090,2025-09-07,B03,I038,Spoilage / Expired,3.025,0.3185,0.96
W02091,2025-09-07,B03,I072,Over-production,1.914,2.5482,4.88
W02092,2025-09-07,B03,I031,Over-production,9.619,0.9556,9.19
W02093,2025-09-07,B04,I052,Dropped / Damaged,0.133,0.4778,0.06
W02094,2025-09-07,B04,I080,Customer Return,0.183,9.0248,1.65
W02095,2025-09-08,B01,I035,Spoilage / Expired,0.107,0.9556,0.1
W02096,2025-09-08,B02,I064,Over-production,0.303,1.4864,0.45
W02097,2025-09-08,B02,I017,Prep Error,0.062,20.1731,1.25
W02098,2025-09-08,B04,I038,Spoilage / Expired,0.104,0.3185,0.03
W02099,2025-09-08,B04,I058,Spoilage / Expired,0.018,2.1235,0.04
W02100,2025-09-10,B01,I008,Spoilage / Expired,0.043,7.1243,0.31
W02101,2025-09-10,B02,I028,Over-production,0.871,0.2973,0.26
W02102,2025-09-10,B02,I050,Over-production,0.171,0.8494,0.15
W02103,2025-09-10,B03,I052,Customer Return,2.397,0.4778,1.15
W02104,2025-09-10,B03,I019,Over-production,0.02,11.6792,0.23
W02105,2025-09-10,B04,I038,Dropped / Damaged,0.979,0.3185,0.31
W02106,2025-09-10,B04,I031,Over-production,0.781,0.9556,0.75
W02107,2025-09-10,B04,I035,Prep Error,0.292,0.9556,0.28
W02108,2025-09-11,B01,I052,Customer Return,1.731,0.4778,0.83
W02109,2025-09-11,B03,I050,Customer Return,0.201,0.8494,0.17
W02110,2025-09-12,B01,I038,Prep Error,0.971,0.3185,0.31
W02111,2025-09-12,B01,I078,Dropped / Damaged,0.01,8.4939,0.08
W02112,2025-09-12,B02,I072,Customer Return,1.367,2.5482,3.48
W02113,2025-09-12,B03,I052,Over-production,1.737,0.4778,0.83
W02114,2025-09-12,B03,I052,Over-production,2.526,0.4778,1.21
W02115,2025-09-12,B03,I038,Over-production,2.515,0.3185,0.8
W02116,2025-09-13,B01,I038,Spoilage / Expired,2.117,0.3185,0.67
W02117,2025-09-13,B02,I035,Over-production,0.374,0.9556,0.36
W02118,2025-09-13,B03,I052,Customer Return,1.707,0.4778,0.82
W02119,2025-09-13,B04,I073,Spoilage / Expired,0.141,3.1852,0.45
W02120,2025-09-14,B02,I052,Spoilage / Expired,2.312,0.4778,1.1
W02121,2025-09-14,B02,I028,Spoilage / Expired,1.725,0.2973,0.51
W02122,2025-09-14,B03,I052,Spoilage / Expired,0.904,0.4778,0.43
W02123,2025-09-14,B03,I031,Prep Error,4.179,0.9556,3.99
W02124,2025-09-14,B04,I074,Over-production,0.212,2.9729,0.63
W02125,2025-09-15,B03,I031,Over-production,2.394,0.9556,2.29
W02126,2025-09-15,B03,I052,Prep Error,0.999,0.4778,0.48
W02127,2025-09-15,B03,I052,Over-production,0.953,0.4778,0.46
W02128,2025-09-15,B04,I038,Spoilage / Expired,0.538,0.3185,0.17
W02129,2025-09-15,B04,I041,Over-production,0.74,1.0617,0.79
W02130,2025-09-17,B01,I038,Over-production,1.011,0.3185,0.32
W02131,2025-09-17,B01,I090,Spoilage / Expired,0.052,0.4247,0.02
W02132,2025-09-17,B02,I052,Over-production,1.011,0.4778,0.48
W02133,2025-09-17,B03,I041,Spoilage / Expired,0.997,1.0617,1.06
W02134,2025-09-17,B03,I004,Over-production,0.076,62.1756,4.73
W02135,2025-09-17,B04,I041,Spoilage / Expired,0.49,1.0617,0.52
W02136,2025-09-18,B02,I052,Prep Error,1.387,0.4778,0.66
W02137,2025-09-18,B03,I041,Spoilage / Expired,0.666,1.0617,0.71
W02138,2025-09-18,B03,I038,Spoilage / Expired,1.231,0.3185,0.39
W02139,2025-09-18,B04,I053,Spoilage / Expired,0.83,0.3716,0.31
W02140,2025-09-18,B04,I035,Customer Return,0.29,0.9556,0.28
W02141,2025-09-18,B04,I074,Over-production,0.117,2.9729,0.35
W02142,2025-09-19,B01,I052,Spoilage / Expired,2.164,0.4778,1.03
W02143,2025-09-19,B03,I031,Prep Error,3.11,0.9556,2.97
W02144,2025-09-19,B03,I032,Over-production,1.023,1.0617,1.09
W02145,2025-09-19,B03,I011,Customer Return,0.041,23.3158,0.96
W02146,2025-09-19,B03,I052,Customer Return,1.395,0.4778,0.67
W02147,2025-09-19,B04,I090,Spoilage / Expired,0.077,0.4247,0.03
W02148,2025-09-20,B03,I028,Dropped / Damaged,0.148,0.2973,0.04
W02149,2025-09-20,B03,I008,Over-production,0.117,7.1243,0.83
W02150,2025-09-20,B04,I006,Spoilage / Expired,0.14,11.0103,1.54
W02151,2025-09-20,B04,I028,Dropped / Damaged,0.96,0.2973,0.29
W02152,2025-09-21,B01,I028,Dropped / Damaged,4.308,0.2973,1.28
W02153,2025-09-21,B01,I028,Over-production,2.142,0.2973,0.64
W02154,2025-09-21,B02,I038,Spoilage / Expired,1.031,0.3185,0.33
W02155,2025-09-21,B03,I052,Spoilage / Expired,3.331,0.4778,1.59
W02156,2025-09-21,B03,I034,Spoilage / Expired,0.457,2.7605,1.26
W02157,2025-09-21,B04,I046,Prep Error,0.143,3.3976,0.49
W02158,2025-09-21,B04,I046,Customer Return,0.204,3.3976,0.69
W02159,2025-09-21,B04,I052,Customer Return,2.838,0.4778,1.36
W02160,2025-09-22,B03,I038,Spoilage / Expired,0.834,0.3185,0.27
W02161,2025-09-22,B03,I021,Customer Return,0.31,7.4322,2.3
W02162,2025-09-24,B01,I090,Over-production,0.252,0.4247,0.11
W02163,2025-09-24,B04,I053,Dropped / Damaged,0.498,0.3716,0.19
W02164,2025-09-24,B04,I031,Prep Error,0.825,0.9556,0.79
W02165,2025-09-25,B01,I050,Spoilage / Expired,0.204,0.8494,0.17
W02166,2025-09-25,B03,I076,Prep Error,0.113,6.3704,0.72
W02167,2025-09-25,B03,I041,Spoilage / Expired,1.354,1.0617,1.44
W02168,2025-09-25,B03,I080,Over-production,0.158,9.0248,1.43
W02169,2025-09-25,B04,I044,Spoilage / Expired,0.026,6.3704,0.17
W02170,2025-09-26,B02,I041,Spoilage / Expired,0.898,1.0617,0.95
W02171,2025-09-26,B03,I038,Customer Return,0.761,0.3185,0.24
W02172,2025-09-26,B03,I038,Spoilage / Expired,1.453,0.3185,0.46
W02173,2025-09-26,B03,I031,Spoilage / Expired,2.959,0.9556,2.83
W02174,2025-09-26,B03,I052,Over-production,4.624,0.4778,2.21
W02175,2025-09-26,B04,I001,Prep Error,0.094,18.1345,1.7
W02176,2025-09-27,B01,I058,Spoilage / Expired,0.173,2.1235,0.37
W02177,2025-09-27,B02,I036,Dropped / Damaged,0.146,4.7778,0.7
W02178,2025-09-27,B03,I002,Over-production,0.291,36.2691,10.55
W02179,2025-09-27,B03,I012,Prep Error,0.065,12.9532,0.84
W02180,2025-09-27,B03,I049,Prep Error,0.389,1.9111,0.74
W02181,2025-09-27,B04,I006,Spoilage / Expired,0.358,11.0103,3.94
W02182,2025-09-27,B04,I074,Spoilage / Expired,0.079,2.9729,0.23
W02183,2025-09-27,B04,I028,Over-production,0.786,0.2973,0.23
W02184,2025-09-28,B01,I038,Spoilage / Expired,0.267,0.3185,0.09
W02185,2025-09-28,B03,I031,Dropped / Damaged,3.908,0.9556,3.73
W02186,2025-09-28,B03,I035,Spoilage / Expired,0.536,0.9556,0.51
W02187,2025-09-28,B03,I031,Prep Error,6.567,0.9556,6.28
W02188,2025-09-28,B03,I031,Over-production,5.889,0.9556,5.63
W02189,2025-09-28,B04,I074,Over-production,0.061,2.9729,0.18
W02190,2025-09-29,B01,I028,Over-production,0.087,0.2973,0.03
W02191,2025-09-29,B03,I051,Over-production,0.148,3.7161,0.55
W02192,2025-09-29,B03,I032,Spoilage / Expired,0.216,1.0617,0.23
W02193,2025-09-29,B03,I056,Prep Error,0.029,1.1679,0.03
W02194,2025-09-29,B03,I031,Spoilage / Expired,2.77,0.9556,2.65
W02195,2025-09-29,B03,I008,Over-production,0.48,7.1243,3.42
W02196,2025-09-29,B03,I050,Prep Error,0.554,0.8494,0.47
W02197,2025-09-29,B04,I046,Spoilage / Expired,0.236,3.3976,0.8
W02198,2025-09-29,B04,I090,Prep Error,0.593,0.4247,0.25
W02199,2025-09-29,B04,I090,Spoilage / Expired,1.128,0.4247,0.48
W02200,2025-10-01,B03,I031,Over-production,6.864,0.9584,6.58
W02201,2025-10-01,B03,I028,Over-production,0.453,0.334,0.15
W02202,2025-10-02,B02,I031,Customer Return,1.819,0.9584,1.74
W02203,2025-10-02,B03,I031,Over-production,2.421,0.9584,2.32
W02204,2025-10-02,B04,I031,Prep Error,2.967,0.9584,2.84
W02205,2025-10-03,B01,I031,Over-production,5.726,0.9584,5.49
W02206,2025-10-03,B03,I031,Spoilage / Expired,1.75,0.9584,1.68
W02207,2025-10-03,B03,I078,Over-production,0.09,8.5194,0.77
W02208,2025-10-04,B03,I090,Spoilage / Expired,0.992,0.426,0.42
W02209,2025-10-04,B03,I090,Over-production,0.873,0.426,0.37
W02210,2025-10-04,B03,I056,Spoilage / Expired,0.177,1.1714,0.21
W02211,2025-10-05,B01,I031,Over-production,0.652,0.9584,0.62
W02212,2025-10-05,B02,I078,Dropped / Damaged,0.366,8.5194,3.12
W02213,2025-10-05,B03,I035,Spoilage / Expired,0.548,0.9584,0.53
W02214,2025-10-05,B03,I038,Spoilage / Expired,4.107,0.3195,1.31
W02215,2025-10-05,B03,I052,Spoilage / Expired,1.873,0.4792,0.9
W02216,2025-10-05,B03,I052,Dropped / Damaged,3.328,0.4792,1.59
W02217,2025-10-05,B03,I031,Prep Error,2.544,0.9584,2.44
W02218,2025-10-05,B04,I028,Prep Error,0.608,0.334,0.2
W02219,2025-10-05,B04,I052,Over-production,2.035,0.4792,0.98
W02220,2025-10-05,B04,I031,Spoilage / Expired,1.592,0.9584,1.53
W02221,2025-10-06,B01,I061,Dropped / Damaged,0.089,6.3896,0.57
W02222,2025-10-06,B01,I073,Over-production,0.1,3.1948,0.32
W02223,2025-10-06,B01,I038,Prep Error,0.8,0.3195,0.26
W02224,2025-10-06,B03,I050,Over-production,0.439,0.8519,0.37
W02225,2025-10-08,B03,I038,Spoilage / Expired,2.67,0.3195,0.85
W02226,2025-10-08,B04,I064,Spoilage / Expired,0.374,1.4909,0.56
W02227,2025-10-08,B04,I031,Customer Return,0.2,0.9584,0.19
W02228,2025-10-09,B01,I028,Over-production,0.817,0.334,0.27
W02229,2025-10-09,B01,I041,Over-production,0.61,1.0649,0.65
W02230,2025-10-09,B02,I064,Spoilage / Expired,0.139,1.4909,0.21
W02231,2025-10-09,B03,I022,Over-production,0.106,4.7709,0.51
W02232,2025-10-09,B03,I036,Dropped / Damaged,0.146,4.7922,0.7
W02233,2025-10-10,B02,I073,Customer Return,0.214,3.1948,0.68
W02234,2025-10-10,B02,I035,Spoilage / Expired,0.277,0.9584,0.27
W02235,2025-10-10,B03,I006,Prep Error,0.274,11.0433,3.03
W02236,2025-10-10,B03,I038,Over-production,2.279,0.3195,0.73
W02237,2025-10-10,B03,I038,Prep Error,1.941,0.3195,0.62
W02238,2025-10-10,B04,I028,Over-production,1.428,0.334,0.48
W02239,2025-10-11,B01,I038,Customer Return,2.813,0.3195,0.9
W02240,2025-10-11,B01,I031,Over-production,1.491,0.9584,1.43
W02241,2025-10-11,B02,I075,Spoilage / Expired,0.29,2.4493,0.71
W02242,2025-10-11,B02,I052,Customer Return,1.7,0.4792,0.81
W02243,2025-10-11,B03,I064,Spoilage / Expired,0.424,1.4909,0.63
W02244,2025-10-11,B03,I031,Spoilage / Expired,1.603,0.9584,1.54
W02245,2025-10-11,B03,I053,Over-production,1.947,0.3727,0.73
W02246,2025-10-11,B03,I031,Over-production,1.536,0.9584,1.47
W02247,2025-10-12,B01,I074,Over-production,0.741,2.9818,2.21
W02248,2025-10-12,B02,I052,Customer Return,0.743,0.4792,0.36
W02249,2025-10-12,B03,I031,Over-production,1.922,0.9584,1.84
W02250,2025-10-13,B01,I031,Dropped / Damaged,1.849,0.9584,1.77
W02251,2025-10-13,B02,I036,Dropped / Damaged,0.06,4.7922,0.29
W02252,2025-10-13,B03,I074,Spoilage / Expired,0.304,2.9818,0.91
W02253,2025-10-13,B03,I038,Spoilage / Expired,1.284,0.3195,0.41
W02254,2025-10-13,B03,I090,Over-production,0.592,0.426,0.25
W02255,2025-10-15,B03,I051,Over-production,0.303,3.7272,1.13
W02256,2025-10-15,B04,I022,Customer Return,0.252,4.7709,1.2
W02257,2025-10-15,B04,I038,Spoilage / Expired,1.073,0.3195,0.34
W02258,2025-10-16,B01,I051,Spoilage / Expired,0.06,3.7272,0.22
W02259,2025-10-16,B01,I031,Over-production,1.297,0.9584,1.24
W02260,2025-10-16,B02,I038,Prep Error,0.616,0.3195,0.2
W02261,2025-10-16,B03,I031,Spoilage / Expired,1.441,0.9584,1.38
W02262,2025-10-16,B03,I008,Prep Error,0.381,7.1457,2.72
W02263,2025-10-16,B03,I052,Over-production,4.169,0.4792,2.0
W02264,2025-10-16,B03,I050,Over-production,1.675,0.8519,1.43
W02265,2025-10-16,B04,I049,Spoilage / Expired,0.54,1.9169,1.04
W02266,2025-10-17,B01,I050,Spoilage / Expired,0.942,0.8519,0.8
W02267,2025-10-17,B02,I038,Spoilage / Expired,3.681,0.3195,1.18
W02268,2025-10-17,B02,I031,Prep Error,3.924,0.9584,3.76
W02269,2025-10-17,B03,I056,Customer Return,0.084,1.1714,0.1
W02270,2025-10-17,B03,I038,Spoilage / Expired,1.982,0.3195,0.63
W02271,2025-10-17,B03,I052,Customer Return,4.242,0.4792,2.03
W02272,2025-10-17,B03,I046,Prep Error,0.284,3.4078,0.97
W02273,2025-10-17,B04,I032,Spoilage / Expired,0.17,1.0649,0.18
W02274,2025-10-18,B01,I031,Spoilage / Expired,1.54,0.9584,1.48
W02275,2025-10-18,B02,I075,Spoilage / Expired,0.38,2.4493,0.93
W02276,2025-10-18,B03,I055,Over-production,0.048,4.2597,0.2
W02277,2025-10-18,B03,I038,Over-production,2.264,0.3195,0.72
W02278,2025-10-18,B03,I006,Dropped / Damaged,0.393,11.0433,4.34
W02279,2025-10-18,B04,I052,Spoilage / Expired,3.722,0.4792,1.78
W02280,2025-10-18,B04,I031,Over-production,3.718,0.9584,3.56
W02281,2025-10-19,B03,I046,Spoilage / Expired,0.077,3.4078,0.26
W02282,2025-10-19,B03,I031,Over-production,1.064,0.9584,1.02
W02283,2025-10-19,B04,I005,Over-production,0.156,38.9763,6.08
W02284,2025-10-19,B04,I017,Over-production,0.034,20.2336,0.69
W02285,2025-10-20,B01,I052,Prep Error,0.421,0.4792,0.2
W02286,2025-10-20,B02,I038,Customer Return,0.838,0.3195,0.27
W02287,2025-10-20,B02,I038,Over-production,1.946,0.3195,0.62
W02288,2025-10-20,B04,I031,Dropped / Damaged,0.864,0.9584,0.83
W02289,2025-10-20,B04,I028,Prep Error,1.774,0.334,0.59
W02290,2025-10-20,B04,I031,Spoilage / Expired,2.067,0.9584,1.98
W02291,2025-10-22,B02,I052,Spoilage / Expired,0.579,0.4792,0.28
W02292,2025-10-22,B03,I050,Over-production,0.32,0.8519,0.27
W02293,2025-10-22,B03,I038,Spoilage / Expired,0.138,0.3195,0.04
W02294,2025-10-23,B01,I008,Prep Error,0.136,7.1457,0.97
W02295,2025-10-23,B01,I038,Spoilage / Expired,2.076,0.3195,0.66
W02296,2025-10-23,B03,I077,Spoilage / Expired,0.118,6.3896,0.75
W02297,2025-10-23,B04,I070,Spoilage / Expired,0.156,0.639,0.1
W02298,2025-10-23,B04,I052,Over-production,0.508,0.4792,0.24
W02299,2025-10-23,B04,I050,Over-production,0.328,0.8519,0.28
W02300,2025-10-24,B04,I038,Spoilage / Expired,0.881,0.3195,0.28
W02301,2025-10-24,B04,I050,Customer Return,1.058,0.8519,0.9
W02302,2025-10-24,B04,I053,Spoilage / Expired,0.27,0.3727,0.1
W02303,2025-10-25,B03,I038,Over-production,1.705,0.3195,0.54
W02304,2025-10-25,B03,I064,Over-production,0.608,1.4909,0.91
W02305,2025-10-25,B03,I041,Spoilage / Expired,0.057,1.0649,0.06
W02306,2025-10-25,B03,I074,Over-production,0.349,2.9818,1.04
W02307,2025-10-25,B03,I058,Spoilage / Expired,0.197,2.1299,0.42
W02308,2025-10-25,B04,I031,Prep Error,2.504,0.9584,2.4
W02309,2025-10-25,B04,I075,Prep Error,0.128,2.4493,0.31
W02310,2025-10-26,B01,I028,Spoilage / Expired,2.386,0.334,0.8
W02311,2025-10-26,B01,I031,Customer Return,1.248,0.9584,1.2
W02312,2025-10-26,B02,I052,Over-production,0.43,0.4792,0.21
W02313,2025-10-26,B03,I032,Spoilage / Expired,0.564,1.0649,0.6
W02314,2025-10-26,B03,I063,Dropped / Damaged,0.044,12.7791,0.56
W02315,2025-10-26,B03,I031,Over-production,4.353,0.9584,4.17
W02316,2025-10-26,B04,I028,Spoilage / Expired,1.459,0.334,0.49
W02317,2025-10-26,B04,I031,Spoilage / Expired,5.266,0.9584,5.05
W02318,2025-10-27,B01,I038,Spoilage / Expired,2.249,0.3195,0.72
W02319,2025-10-27,B01,I007,Prep Error,0.091,9.7441,0.89
W02320,2025-10-27,B02,I028,Spoilage / Expired,0.22,0.334,0.07
W02321,2025-10-27,B03,I006,Dropped / Damaged,0.234,11.0433,2.58
W02322,2025-10-27,B03,I038,Dropped / Damaged,0.504,0.3195,0.16
W02323,2025-10-27,B03,I050,Dropped / Damaged,0.835,0.8519,0.71
W02324,2025-10-27,B04,I073,Spoilage / Expired,0.178,3.1948,0.57
W02325,2025-10-27,B04,I038,Dropped / Damaged,0.462,0.3195,0.15
W02326,2025-10-29,B01,I038,Dropped / Damaged,1.5,0.3195,0.48
W02327,2025-10-29,B01,I031,Customer Return,1.455,0.9584,1.39
W02328,2025-10-29,B02,I003,Over-production,0.069,41.5747,2.87
W02329,2025-10-29,B02,I080,Over-production,0.871,9.0519,7.88
W02330,2025-10-29,B03,I022,Over-production,0.27,4.7709,1.29
W02331,2025-10-29,B03,I007,Spoilage / Expired,0.304,9.7441,2.96
W02332,2025-10-29,B03,I031,Dropped / Damaged,4.232,0.9584,4.06
W02333,2025-10-29,B03,I052,Over-production,4.434,0.4792,2.12
W02334,2025-10-29,B03,I031,Over-production,3.052,0.9584,2.93
W02335,2025-10-29,B03,I052,Over-production,1.778,0.4792,0.85
W02336,2025-10-29,B04,I031,Spoilage / Expired,2.279,0.9584,2.18
W02337,2025-10-30,B03,I052,Over-production,2.191,0.4792,1.05
W02338,2025-10-30,B03,I031,Spoilage / Expired,6.826,0.9584,6.54
W02339,2025-10-30,B03,I089,Over-production,0.025,5.3246,0.13
W02340,2025-10-30,B04,I038,Spoilage / Expired,4.912,0.3195,1.57
W02341,2025-10-30,B04,I038,Prep Error,5.52,0.3195,1.76
W02342,2025-10-30,B04,I038,Customer Return,4.569,0.3195,1.46
W02343,2025-10-31,B03,I050,Over-production,0.414,0.8519,0.35
W02344,2025-10-31,B04,I069,Prep Error,0.022,6.3896,0.14
W02345,2025-11-01,B03,I038,Prep Error,6.759,0.3204,2.17
W02346,2025-11-01,B03,I058,Prep Error,0.446,2.1362,0.95
W02347,2025-11-02,B01,I050,Dropped / Damaged,0.315,0.8545,0.27
W02348,2025-11-02,B01,I031,Spoilage / Expired,3.595,0.9613,3.46
W02349,2025-11-02,B01,I028,Prep Error,1.231,0.335,0.41
W02350,2025-11-02,B02,I064,Over-production,0.308,1.4954,0.46
W02351,2025-11-02,B02,I034,Over-production,0.552,2.7771,1.53
W02352,2025-11-02,B02,I041,Prep Error,1.0,1.0681,1.07
W02353,2025-11-02,B03,I010,Customer Return,0.23,6.5155,1.5
W02354,2025-11-05,B01,I035,Prep Error,0.151,0.9613,0.15
W02355,2025-11-05,B01,I031,Over-production,0.577,0.9613,0.55
W02356,2025-11-05,B04,I052,Spoilage / Expired,1.746,0.4807,0.84
W02357,2025-11-06,B02,I028,Customer Return,1.072,0.335,0.36
W02358,2025-11-06,B02,I041,Prep Error,0.749,1.0681,0.8
W02359,2025-11-06,B02,I041,Spoilage / Expired,0.936,1.0681,1.0
W02360,2025-11-06,B03,I052,Prep Error,1.297,0.4807,0.62
W02361,2025-11-06,B04,I031,Spoilage / Expired,2.317,0.9613,2.23
W02362,2025-11-07,B01,I035,Spoilage / Expired,0.389,0.9613,0.37
W02363,2025-11-07,B01,I052,Spoilage / Expired,2.456,0.4807,1.18
W02364,2025-11-07,B01,I038,Spoilage / Expired,0.484,0.3204,0.16
W02365,2025-11-07,B02,I038,Customer Return,5.302,0.3204,1.7
W02366,2025-11-07,B02,I050,Spoilage / Expired,1.227,0.8545,1.05
W02367,2025-11-07,B02,I075,Prep Error,0.231,2.4567,0.57
W02368,2025-11-07,B03,I049,Spoilage / Expired,0.061,1.9226,0.12
W02369,2025-11-07,B03,I052,Over-production,1.274,0.4807,0.61
W02370,2025-11-07,B03,I024,Over-production,0.023,10.7667,0.25
W02371,2025-11-07,B03,I007,Over-production,0.077,9.7733,0.75
W02372,2025-11-07,B04,I076,Customer Return,0.091,6.4087,0.58
W02373,2025-11-07,B04,I053,Customer Return,0.407,0.3738,0.15
W02374,2025-11-07,B04,I038,Prep Error,4.76,0.3204,1.53
W02375,2025-11-07,B04,I053,Over-production,0.209,0.3738,0.08
W02376,2025-11-08,B01,I069,Prep Error,0.019,6.4087,0.12
W02377,2025-11-08,B03,I050,Over-production,1.291,0.8545,1.1
W02378,2025-11-08,B04,I031,Dropped / Damaged,7.203,0.9613,6.92
W02379,2025-11-09,B02,I052,Dropped / Damaged,4.992,0.4807,2.4
W02380,2025-11-09,B02,I090,Over-production,0.792,0.4272,0.34
W02381,2025-11-09,B03,I064,Over-production,0.753,1.4954,1.13
W02382,2025-11-09,B03,I052,Over-production,1.27,0.4807,0.61
W02383,2025-11-10,B01,I077,Over-production,0.13,6.4087,0.83
W02384,2025-11-10,B01,I028,Over-production,0.314,0.335,0.11
W02385,2025-11-10,B01,I028,Customer Return,0.451,0.335,0.15
W02386,2025-11-10,B02,I052,Spoilage / Expired,0.921,0.4807,0.44
W02387,2025-11-10,B02,I008,Dropped / Damaged,0.242,7.1671,1.73
W02388,2025-11-10,B02,I052,Spoilage / Expired,1.03,0.4807,0.5
W02389,2025-11-10,B03,I050,Over-production,0.626,0.8545,0.53
W02390,2025-11-10,B03,I031,Prep Error,1.987,0.9613,1.91
W02391,2025-11-10,B03,I052,Over-production,0.662,0.4807,0.32
W02392,2025-11-10,B04,I051,Spoilage / Expired,0.109,3.7384,0.41
W02393,2025-11-12,B01,I050,Over-production,0.336,0.8545,0.29
W02394,2025-11-12,B01,I042,Customer Return,0.494,2.6703,1.32
W02395,2025-11-12,B03,I052,Customer Return,0.39,0.4807,0.19
W02396,2025-11-12,B03,I031,Customer Return,0.955,0.9613,0.92
W02397,2025-11-12,B03,I031,Spoilage / Expired,1.649,0.9613,1.59
W02398,2025-11-12,B03,I031,Over-production,1.873,0.9613,1.8
W02399,2025-11-12,B04,I036,Customer Return,0.223,4.8065,1.07
W02400,2025-11-13,B01,I034,Over-production,0.152,2.7771,0.42
W02401,2025-11-13,B01,I031,Over-production,1.192,0.9613,1.15
W02402,2025-11-13,B01,I035,Spoilage / Expired,0.515,0.9613,0.5
W02403,2025-11-13,B02,I051,Over-production,0.234,3.7384,0.87
W02404,2025-11-13,B03,I006,Spoilage / Expired,0.16,11.0764,1.77
W02405,2025-11-13,B04,I031,Over-production,5.316,0.9613,5.11
W02406,2025-11-14,B01,I064,Spoilage / Expired,0.973,1.4954,1.46
W02407,2025-11-14,B01,I052,Spoilage / Expired,0.845,0.4807,0.41
W02408,2025-11-14,B01,I038,Spoilage / Expired,0.163,0.3204,0.05
W02409,2025-11-14,B01,I032,Prep Error,0.129,1.0681,0.14
W02410,2025-11-14,B02,I064,Spoilage / Expired,0.312,1.4954,0.47
W02411,2025-11-14,B03,I031,Spoilage / Expired,1.509,0.9613,1.45
W02412,2025-11-14,B03,I052,Prep Error,0.32,0.4807,0.15
W02413,2025-11-14,B03,I052,Over-production,1.16,0.4807,0.56
W02414,2025-11-14,B04,I031,Prep Error,1.938,0.9613,1.86
W02415,2025-11-14,B04,I038,Dropped / Damaged,4.581,0.3204,1.47
W02416,2025-11-15,B01,I031,Spoilage / Expired,5.781,0.9613,5.56
W02417,2025-11-15,B02,I038,Prep Error,2.43,0.3204,0.78
W02418,2025-11-15,B02,I031,Over-production,3.747,0.9613,3.6
W02419,2025-11-15,B02,I052,Over-production,1.81,0.4807,0.87
W02420,2025-11-15,B03,I031,Spoilage / Expired,1.767,0.9613,1.7
W02421,2025-11-15,B03,I009,Spoilage / Expired,0.081,5.864,0.47
W02422,2025-11-15,B03,I028,Prep Error,0.864,0.335,0.29
W02423,2025-11-15,B04,I028,Dropped / Damaged,0.674,0.335,0.23
W02424,2025-11-16,B04,I075,Prep Error,0.168,2.4567,0.41
W02425,2025-11-17,B02,I035,Prep Error,1.617,0.9613,1.55
W02426,2025-11-17,B02,I035,Spoilage / Expired,0.476,0.9613,0.46
W02427,2025-11-17,B03,I038,Spoilage / Expired,0.18,0.3204,0.06
W02428,2025-11-17,B03,I031,Dropped / Damaged,1.311,0.9613,1.26
W02429,2025-11-19,B01,I031,Over-production,1.511,0.9613,1.45
W02430,2025-11-19,B02,I035,Over-production,0.182,0.9613,0.17
W02431,2025-11-19,B02,I028,Dropped / Damaged,1.212,0.335,0.41
W02432,2025-11-19,B02,I038,Spoilage / Expired,1.546,0.3204,0.5
W02433,2025-11-19,B03,I031,Customer Return,0.659,0.9613,0.63
W02434,2025-11-19,B03,I050,Customer Return,0.335,0.8545,0.29
W02435,2025-11-19,B03,I038,Spoilage / Expired,1.432,0.3204,0.46
W02436,2025-11-19,B03,I049,Over-production,0.113,1.9226,0.22
W02437,2025-11-20,B01,I053,Over-production,0.439,0.3738,0.16
W02438,2025-11-20,B02,I038,Prep Error,4.641,0.3204,1.49
W02439,2025-11-20,B03,I031,Spoilage / Expired,1.345,0.9613,1.29
W02440,2025-11-20,B03,I077,Over-production,0.03,6.4087,0.19
W02441,2025-11-20,B03,I038,Dropped / Damaged,0.111,0.3204,0.04
W02442,2025-11-20,B04,I038,Prep Error,1.948,0.3204,0.62
W02443,2025-11-21,B01,I031,Prep Error,1.071,0.9613,1.03
W02444,2025-11-21,B02,I066,Over-production,0.031,5.3406,0.17
W02445,2025-11-21,B03,I038,Prep Error,2.363,0.3204,0.76
W02446,2025-11-21,B03,I050,Over-production,0.908,0.8545,0.78
W02447,2025-11-21,B03,I035,Spoilage / Expired,0.458,0.9613,0.44
W02448,2025-11-21,B03,I036,Spoilage / Expired,0.16,4.8065,0.77
W02449,2025-11-21,B04,I031,Spoilage / Expired,5.392,0.9613,5.18
W02450,2025-11-21,B04,I008,Customer Return,0.587,7.1671,4.21
W02451,2025-11-22,B01,I041,Spoilage / Expired,0.581,1.0681,0.62
W02452,2025-11-22,B02,I031,Prep Error,4.075,0.9613,3.92
W02453,2025-11-22,B02,I038,Prep Error,5.513,0.3204,1.77
W02454,2025-11-22,B02,I042,Prep Error,0.179,2.6703,0.48
W02455,2025-11-22,B04,I061,Spoilage / Expired,0.199,6.4087,1.28
W02456,2025-11-23,B01,I046,Prep Error,0.371,3.418,1.27
W02457,2025-11-23,B04,I050,Over-production,1.432,0.8545,1.22
W02458,2025-11-24,B01,I052,Spoilage / Expired,0.951,0.4807,0.46
W02459,2025-11-24,B02,I050,Prep Error,0.12,0.8545,0.1
W02460,2025-11-24,B03,I028,Over-production,3.271,0.335,1.1
W02461,2025-11-24,B04,I075,Spoilage / Expired,0.1,2.4567,0.25
W02462,2025-11-26,B02,I052,Prep Error,1.461,0.4807,0.7
W02463,2025-11-26,B02,I052,Prep Error,1.244,0.4807,0.6
W02464,2025-11-26,B03,I031,Spoilage / Expired,1.615,0.9613,1.55
W02465,2025-11-26,B03,I072,Dropped / Damaged,0.476,2.5635,1.22
W02466,2025-11-26,B04,I081,Spoilage / Expired,0.078,17.0899,1.33
W02467,2025-11-27,B01,I072,Prep Error,0.329,2.5635,0.84
W02468,2025-11-27,B02,I090,Over-production,0.138,0.4272,0.06
W02469,2025-11-27,B02,I052,Spoilage / Expired,1.762,0.4807,0.85
W02470,2025-11-27,B02,I072,Customer Return,0.215,2.5635,0.55
W02471,2025-11-27,B02,I052,Over-production,0.68,0.4807,0.33
W02472,2025-11-27,B03,I031,Prep Error,7.95,0.9613,7.64
W02473,2025-11-27,B03,I052,Dropped / Damaged,2.063,0.4807,0.99
W02474,2025-11-27,B04,I032,Spoilage / Expired,0.078,1.0681,0.08
W02475,2025-11-28,B02,I050,Spoilage / Expired,0.611,0.8545,0.52
W02476,2025-11-28,B03,I031,Prep Error,5.084,0.9613,4.89
W02477,2025-11-28,B03,I031,Spoilage / Expired,4.445,0.9613,4.27
W02478,2025-11-29,B02,I031,Over-production,8.802,0.9613,8.46
W02479,2025-11-29,B02,I031,Over-production,7.643,0.9613,7.35
W02480,2025-11-29,B03,I035,Over-production,0.334,0.9613,0.32
W02481,2025-11-29,B04,I031,Spoilage / Expired,1.814,0.9613,1.74
W02482,2025-11-30,B02,I052,Dropped / Damaged,4.177,0.4807,2.01
W02483,2025-11-30,B03,I038,Prep Error,1.363,0.3204,0.44
W02484,2025-11-30,B03,I038,Spoilage / Expired,1.873,0.3204,0.6
W02485,2025-11-30,B03,I032,Prep Error,0.748,1.0681,0.8
W02486,2025-11-30,B04,I032,Prep Error,0.406,1.0681,0.43
W02487,2025-12-01,B01,I038,Spoilage / Expired,2.575,0.3214,0.83
W02488,2025-12-01,B02,I073,Prep Error,0.059,3.214,0.19
W02489,2025-12-01,B02,I023,Customer Return,0.123,1.3199,0.16
W02490,2025-12-01,B02,I032,Spoilage / Expired,0.106,1.0713,0.11
W02491,2025-12-01,B03,I066,Spoilage / Expired,0.138,5.3566,0.74
W02492,2025-12-01,B03,I065,Dropped / Damaged,0.137,2.1427,0.29
W02493,2025-12-01,B04,I052,Prep Error,0.655,0.4821,0.32
W02494,2025-12-01,B04,I052,Prep Error,0.543,0.4821,0.26
W02495,2025-12-03,B01,I028,Spoilage / Expired,1.194,0.336,0.4
W02496,2025-12-03,B01,I038,Prep Error,2.374,0.3214,0.76
W02497,2025-12-03,B01,I038,Over-production,2.915,0.3214,0.94
W02498,2025-12-03,B02,I067,Spoilage / Expired,0.051,4.821,0.25
W02499,2025-12-03,B02,I052,Spoilage / Expired,2.55,0.4821,1.23
W02500,2025-12-03,B03,I052,Spoilage / Expired,4.136,0.4821,1.99
W02501,2025-12-03,B03,I031,Prep Error,5.589,0.9642,5.39
W02502,2025-12-03,B04,I017,Customer Return,0.05,20.3552,1.02
W02503,2025-12-03,B04,I052,Prep Error,5.069,0.4821,2.44
W02504,2025-12-03,B04,I031,Dropped / Damaged,6.014,0.9642,5.8
W02505,2025-12-04,B03,I046,Over-production,0.091,3.4282,0.31
W02506,2025-12-04,B03,I038,Dropped / Damaged,2.045,0.3214,0.66
W02507,2025-12-04,B03,I028,Spoilage / Expired,1.402,0.336,0.47
W02508,2025-12-04,B04,I032,Over-production,0.638,1.0713,0.68
W02509,2025-12-04,B04,I038,Dropped / Damaged,2.694,0.3214,0.87
W02510,2025-12-04,B04,I031,Spoilage / Expired,5.748,0.9642,5.54
W02511,2025-12-04,B04,I053,Spoilage / Expired,0.643,0.375,0.24
W02512,2025-12-04,B04,I070,Prep Error,0.499,0.6428,0.32
W02513,2025-12-05,B01,I031,Spoilage / Expired,2.043,0.9642,1.97
W02514,2025-12-05,B02,I038,Spoilage / Expired,1.313,0.3214,0.42
W02515,2025-12-05,B02,I016,Spoilage / Expired,0.089,17.1412,1.53
W02516,2025-12-05,B02,I072,Spoilage / Expired,0.629,2.5712,1.62
W02517,2025-12-05,B02,I072,Over-production,0.797,2.5712,2.05
W02518,2025-12-05,B02,I038,Over-production,3.848,0.3214,1.24
W02519,2025-12-05,B03,I035,Spoilage / Expired,2.025,0.9642,1.95
W02520,2025-12-05,B03,I021,Spoilage / Expired,0.272,8.3992,2.28
W02521,2025-12-05,B03,I078,Spoilage / Expired,0.189,8.5706,1.62
W02522,2025-12-05,B04,I038,Over-production,1.163,0.3214,0.37
W02523,2025-12-05,B04,I049,Spoilage / Expired,0.127,1.9284,0.24
W02524,2025-12-05,B04,I038,Prep Error,1.092,0.3214,0.35
W02525,2025-12-06,B01,I038,Spoilage / Expired,10.375,0.3214,3.33
W02526,2025-12-06,B03,I028,Spoilage / Expired,1.114,0.336,0.37
W02527,2025-12-06,B03,I038,Over-production,1.218,0.3214,0.39
W02528,2025-12-06,B03,I052,Prep Error,2.373,0.4821,1.14
W02529,2025-12-06,B03,I031,Spoilage / Expired,11.237,0.9642,10.83
W02530,2025-12-06,B03,I052,Over-production,4.453,0.4821,2.15
W02531,2025-12-06,B04,I031,Prep Error,2.628,0.9642,2.53
W02532,2025-12-07,B01,I058,Spoilage / Expired,0.183,2.1427,0.39
W02533,2025-12-07,B01,I052,Over-production,2.0,0.4821,0.96
W02534,2025-12-07,B01,I031,Over-production,4.05,0.9642,3.91
W02535,2025-12-07,B03,I038,Customer Return,3.173,0.3214,1.02
W02536,2025-12-07,B03,I028,Spoilage / Expired,1.902,0.336,0.64
W02537,2025-12-07,B03,I031,Over-production,2.441,0.9642,2.35
W02538,2025-12-07,B04,I031,Spoilage / Expired,5.864,0.9642,5.65
W02539,2025-12-08,B01,I078,Prep Error,0.01,8.5706,0.09
W02540,2025-12-08,B02,I050,Prep Error,0.345,0.8571,0.3
W02541,2025-12-08,B02,I052,Spoilage / Expired,2.755,0.4821,1.33
W02542,2025-12-08,B03,I041,Over-production,1.088,1.0713,1.17
W02543,2025-12-10,B03,I031,Prep Error,5.137,0.9642,4.95
W02544,2025-12-10,B03,I031,Spoilage / Expired,4.731,0.9642,4.56
W02545,2025-12-10,B03,I052,Spoilage / Expired,1.112,0.4821,0.54
W02546,2025-12-11,B02,I031,Spoilage / Expired,4.719,0.9642,4.55
W02547,2025-12-11,B02,I038,Dropped / Damaged,6.988,0.3214,2.25
W02548,2025-12-11,B03,I031,Prep Error,2.86,0.9642,2.76
W02549,2025-12-11,B03,I038,Over-production,2.394,0.3214,0.77
W02550,2025-12-11,B03,I030,Over-production,0.039,7.1993,0.28
W02551,2025-12-11,B04,I008,Over-production,0.313,7.1886,2.25
W02552,2025-12-11,B04,I028,Spoilage / Expired,0.875,0.336,0.29
W02553,2025-12-11,B04,I034,Over-production,0.142,2.7854,0.4
W02554,2025-12-11,B04,I031,Spoilage / Expired,5.147,0.9642,4.96
W02555,2025-12-12,B01,I017,Spoilage / Expired,0.192,20.3552,3.91
W02556,2025-12-12,B02,I038,Prep Error,1.384,0.3214,0.44
W02557,2025-12-12,B03,I052,Spoilage / Expired,1.985,0.4821,0.96
W02558,2025-12-12,B03,I038,Prep Error,0.574,0.3214,0.18
W02559,2025-12-12,B04,I038,Dropped / Damaged,2.359,0.3214,0.76
W02560,2025-12-13,B01,I072,Spoilage / Expired,0.87,2.5712,2.24
W02561,2025-12-13,B01,I028,Customer Return,0.075,0.336,0.03
W02562,2025-12-13,B03,I038,Over-production,3.479,0.3214,1.12
W02563,2025-12-13,B03,I038,Over-production,2.542,0.3214,0.82
W02564,2025-12-14,B01,I031,Dropped / Damaged,2.356,0.9642,2.27
W02565,2025-12-14,B01,I041,Over-production,0.837,1.0713,0.9
W02566,2025-12-14,B03,I031,Spoilage / Expired,6.978,0.9642,6.73
W02567,2025-12-14,B03,I050,Prep Error,0.65,0.8571,0.56
W02568,2025-12-14,B03,I052,Spoilage / Expired,3.412,0.4821,1.64
W02569,2025-12-14,B04,I028,Spoilage / Expired,2.52,0.336,0.85
W02570,2025-12-15,B01,I058,Customer Return,0.14,2.1427,0.3
W02571,2025-12-15,B01,I051,Prep Error,0.128,3.7496,0.48
W02572,2025-12-15,B02,I008,Spoilage / Expired,0.204,7.1886,1.47
W02573,2025-12-15,B02,I038,Over-production,0.76,0.3214,0.24
W02574,2025-12-15,B03,I052,Spoilage / Expired,0.58,0.4821,0.28
W02575,2025-12-15,B03,I050,Spoilage / Expired,0.365,0.8571,0.31
W02576,2025-12-15,B03,I031,Spoilage / Expired,0.418,0.9642,0.4
W02577,2025-12-17,B04,I052,Customer Return,0.547,0.4821,0.26
W02578,2025-12-17,B04,I031,Over-production,1.986,0.9642,1.91
W02579,2025-12-18,B01,I031,Over-production,1.937,0.9642,1.87
W02580,2025-12-18,B01,I050,Customer Return,0.408,0.8571,0.35
W02581,2025-12-18,B02,I090,Over-production,0.127,0.4285,0.05
W02582,2025-12-18,B02,I028,Spoilage / Expired,0.457,0.336,0.15
W02583,2025-12-18,B02,I031,Over-production,2.48,0.9642,2.39
W02584,2025-12-18,B03,I052,Spoilage / Expired,2.388,0.4821,1.15
W02585,2025-12-18,B03,I031,Dropped / Damaged,1.378,0.9642,1.33
W02586,2025-12-19,B01,I008,Prep Error,1.229,7.1886,8.83
W02587,2025-12-19,B02,I008,Spoilage / Expired,0.401,7.1886,2.88
W02588,2025-12-19,B03,I028,Over-production,1.676,0.336,0.56
W02589,2025-12-19,B03,I050,Spoilage / Expired,0.724,0.8571,0.62
W02590,2025-12-19,B04,I007,Customer Return,0.23,9.8026,2.25
W02591,2025-12-20,B01,I041,Dropped / Damaged,0.736,1.0713,0.79
W02592,2025-12-20,B02,I053,Spoilage / Expired,0.682,0.375,0.26
W02593,2025-12-20,B02,I031,Spoilage / Expired,2.223,0.9642,2.14
W02594,2025-12-20,B03,I031,Spoilage / Expired,3.3,0.9642,3.18
W02595,2025-12-20,B03,I035,Customer Return,0.547,0.9642,0.53
W02596,2025-12-21,B01,I031,Over-production,6.655,0.9642,6.42
W02597,2025-12-21,B02,I042,Spoilage / Expired,0.417,2.6783,1.12
W02598,2025-12-21,B02,I038,Prep Error,3.119,0.3214,1.0
W02599,2025-12-21,B02,I072,Over-production,1.263,2.5712,3.25
W02600,2025-12-21,B03,I035,Over-production,0.37,0.9642,0.36
W02601,2025-12-21,B03,I031,Spoilage / Expired,1.007,0.9642,0.97
W02602,2025-12-21,B03,I079,Over-production,0.417,10.1776,4.24
W02603,2025-12-22,B03,I050,Spoilage / Expired,0.548,0.8571,0.47
W02604,2025-12-22,B03,I050,Over-production,0.362,0.8571,0.31
W02605,2025-12-22,B03,I031,Dropped / Damaged,1.052,0.9642,1.01
W02606,2025-12-22,B03,I035,Prep Error,0.362,0.9642,0.35
W02607,2025-12-22,B03,I038,Prep Error,0.585,0.3214,0.19
W02608,2025-12-22,B03,I031,Prep Error,1.786,0.9642,1.72
W02609,2025-12-22,B04,I072,Prep Error,0.599,2.5712,1.54
W02610,2025-12-22,B04,I035,Spoilage / Expired,0.897,0.9642,0.86
W02611,2025-12-22,B04,I010,Prep Error,0.168,6.5351,1.1
W02612,2025-12-24,B02,I038,Prep Error,0.364,0.3214,0.12
W02613,2025-12-24,B03,I052,Dropped / Damaged,3.913,0.4821,1.89
W02614,2025-12-24,B03,I052,Prep Error,3.082,0.4821,1.49
W02615,2025-12-24,B03,I074,Prep Error,0.419,2.9997,1.26
W02616,2025-12-24,B04,I052,Spoilage / Expired,1.272,0.4821,0.61
W02617,2025-12-24,B04,I038,Prep Error,4.338,0.3214,1.39
W02618,2025-12-24,B04,I028,Dropped / Damaged,3.072,0.336,1.03
W02619,2025-12-24,B04,I052,Over-production,0.944,0.4821,0.46
W02620,2025-12-24,B04,I031,Spoilage / Expired,2.204,0.9642,2.13
W02621,2025-12-26,B02,I052,Over-production,0.896,0.4821,0.43
W02622,2025-12-26,B02,I031,Over-production,0.457,0.9642,0.44
W02623,2025-12-26,B02,I052,Dropped / Damaged,0.934,0.4821,0.45
W02624,2025-12-26,B02,I072,Spoilage / Expired,0.133,2.5712,0.34
W02625,2025-12-26,B03,I052,Prep Error,3.444,0.4821,1.66
W02626,2025-12-26,B03,I031,Prep Error,1.57,0.9642,1.51
W02627,2025-12-26,B03,I091,Prep Error,0.174,2.3569,0.41
W02628,2025-12-27,B01,I090,Spoilage / Expired,0.115,0.4285,0.05
W02629,2025-12-27,B03,I023,Over-production,0.101,1.3199,0.13
W02630,2025-12-27,B03,I052,Over-production,1.811,0.4821,0.87
W02631,2025-12-27,B04,I052,Over-production,2.656,0.4821,1.28
W02632,2025-12-27,B04,I006,Dropped / Damaged,0.692,11.1096,7.69
W02633,2025-12-28,B01,I031,Customer Return,1.143,0.9642,1.1
W02634,2025-12-28,B03,I051,Spoilage / Expired,0.248,3.7496,0.93
W02635,2025-12-28,B03,I073,Prep Error,0.097,3.214,0.31
W02636,2025-12-28,B04,I028,Over-production,0.544,0.336,0.18
W02637,2025-12-28,B04,I035,Over-production,0.754,0.9642,0.73
W02638,2025-12-28,B04,I010,Over-production,0.166,6.5351,1.08
W02639,2025-12-29,B03,I031,Prep Error,2.947,0.9642,2.84
W02640,2025-12-29,B04,I008,Over-production,0.435,7.1886,3.13
W02641,2025-12-29,B04,I038,Spoilage / Expired,0.494,0.3214,0.16
W02642,2025-12-31,B01,I006,Prep Error,0.168,11.1096,1.87
W02643,2025-12-31,B02,I050,Over-production,0.392,0.8571,0.34
W02644,2025-12-31,B03,I031,Dropped / Damaged,1.05,0.9642,1.01
W02645,2025-12-31,B03,I052,Prep Error,0.903,0.4821,0.44
W02646,2025-12-31,B03,I038,Prep Error,1.743,0.3214,0.56
W02647,2025-12-31,B03,I052,Prep Error,3.502,0.4821,1.69
W02648,2025-12-31,B03,I035,Dropped / Damaged,0.175,0.9642,0.17
W02649,2025-12-31,B04,I052,Over-production,0.724,0.4821,0.35
W02650,2026-01-01,B02,I052,Dropped / Damaged,1.283,0.4835,0.62
W02651,2026-01-01,B02,I012,Over-production,0.08,13.1094,1.05
W02652,2026-01-01,B03,I031,Spoilage / Expired,1.466,0.9671,1.42
W02653,2026-01-01,B03,I031,Prep Error,2.45,0.9671,2.37
W02654,2026-01-01,B03,I031,Dropped / Damaged,1.332,0.9671,1.29
W02655,2026-01-01,B03,I031,Dropped / Damaged,1.44,0.9671,1.39
W02656,2026-01-01,B04,I050,Spoilage / Expired,0.32,0.8596,0.28
W02657,2026-01-02,B01,I035,Spoilage / Expired,0.408,0.9671,0.39
W02658,2026-01-02,B01,I052,Over-production,1.729,0.4835,0.84
W02659,2026-01-02,B02,I052,Prep Error,0.491,0.4835,0.24
W02660,2026-01-02,B02,I028,Prep Error,1.431,0.337,0.48
W02661,2026-01-02,B02,I052,Over-production,0.396,0.4835,0.19
W02662,2026-01-02,B03,I028,Over-production,2.772,0.337,0.93
W02663,2026-01-02,B03,I035,Prep Error,0.833,0.9671,0.81
W02664,2026-01-02,B03,I024,Spoilage / Expired,0.047,10.8314,0.51
W02665,2026-01-03,B01,I038,Spoilage / Expired,1.776,0.3224,0.57
W02666,2026-01-03,B01,I070,Spoilage / Expired,0.251,0.6447,0.16
W02667,2026-01-03,B03,I083,Spoilage / Expired,0.039,18.2672,0.71
W02668,2026-01-03,B03,I038,Spoilage / Expired,1.684,0.3224,0.54
W02669,2026-01-03,B03,I052,Over-production,1.752,0.4835,0.85
W02670,2026-01-03,B04,I028,Over-production,0.863,0.337,0.29
W02671,2026-01-04,B01,I016,Dropped / Damaged,0.033,17.1926,0.57
W02672,2026-01-04,B02,I052,Over-production,0.575,0.4835,0.28
W02673,2026-01-04,B02,I058,Prep Error,0.128,2.1491,0.28
W02674,2026-01-04,B03,I021,Prep Error,0.183,8.4244,1.54
W02675,2026-01-04,B04,I052,Prep Error,2.785,0.4835,1.35
W02676,2026-01-04,B04,I031,Dropped / Damaged,0.565,0.9671,0.55
W02677,2026-01-04,B04,I056,Spoilage / Expired,0.057,1.182,0.07
W02678,2026-01-05,B02,I052,Dropped / Damaged,0.352,0.4835,0.17
W02679,2026-01-05,B03,I073,Spoilage / Expired,0.554,3.2236,1.79
W02680,2026-01-05,B03,I073,Prep Error,0.383,3.2236,1.23
W02681,2026-01-05,B03,I028,Spoilage / Expired,1.233,0.337,0.42
W02682,2026-01-05,B03,I052,Over-production,2.213,0.4835,1.07
W02683,2026-01-05,B04,I030,Over-production,0.014,7.2209,0.1
W02684,2026-01-07,B01,I042,Spoilage / Expired,0.059,2.6863,0.16
W02685,2026-01-07,B04,I038,Prep Error,0.55,0.3224,0.18
W02686,2026-01-07,B04,I072,Over-production,0.304,2.5789,0.78
W02687,2026-01-08,B01,I042,Customer Return,0.667,2.6863,1.79
W02688,2026-01-08,B01,I052,Prep Error,0.794,0.4835,0.38
W02689,2026-01-08,B01,I006,Spoilage / Expired,0.137,11.143,1.53
W02690,2026-01-08,B02,I038,Over-production,1.933,0.3224,0.62
W02691,2026-01-08,B02,I058,Customer Return,0.091,2.1491,0.2
W02692,2026-01-08,B03,I034,Spoilage / Expired,0.72,2.7938,2.01
W02693,2026-01-08,B03,I078,Prep Error,0.056,8.5963,0.48
W02694,2026-01-08,B04,I031,Over-production,0.32,0.9671,0.31
W02695,2026-01-09,B03,I052,Over-production,2.01,0.4835,0.97
W02696,2026-01-09,B04,I052,Over-production,7.094,0.4835,3.43
W02697,2026-01-10,B01,I038,Over-production,1.412,0.3224,0.46
W02698,2026-01-10,B01,I016,Dropped / Damaged,0.098,17.1926,1.68
W02699,2026-01-10,B02,I050,Prep Error,0.541,0.8596,0.47
W02700,2026-01-10,B03,I028,Spoilage / Expired,1.234,0.337,0.42
W02701,2026-01-10,B03,I038,Over-production,1.705,0.3224,0.55
W02702,2026-01-10,B04,I076,Over-production,0.245,6.4472,1.58
W02703,2026-01-11,B01,I038,Dropped / Damaged,0.513,0.3224,0.17
W02704,2026-01-11,B02,I031,Dropped / Damaged,2.576,0.9671,2.49
W02705,2026-01-11,B03,I052,Prep Error,0.689,0.4835,0.33
W02706,2026-01-11,B03,I052,Over-production,0.328,0.4835,0.16
W02707,2026-01-11,B04,I052,Spoilage / Expired,0.753,0.4835,0.36
W02708,2026-01-11,B04,I079,Spoilage / Expired,0.097,10.2081,0.99
W02709,2026-01-11,B04,I031,Dropped / Damaged,0.68,0.9671,0.66
W02710,2026-01-12,B01,I052,Over-production,0.359,0.4835,0.17
W02711,2026-01-12,B01,I090,Dropped / Damaged,0.392,0.4298,0.17
W02712,2026-01-12,B01,I054,Prep Error,0.06,0.3224,0.02
W02713,2026-01-12,B01,I038,Prep Error,0.864,0.3224,0.28
W02714,2026-01-12,B03,I052,Spoilage / Expired,0.37,0.4835,0.18
W02715,2026-01-12,B04,I031,Spoilage / Expired,0.518,0.9671,0.5
W02716,2026-01-12,B04,I058,Over-production,0.034,2.1491,0.07
W02717,2026-01-12,B04,I042,Over-production,0.552,2.6863,1.48
W02718,2026-01-14,B01,I006,Prep Error,0.102,11.143,1.14
W02719,2026-01-14,B02,I028,Customer Return,1.385,0.337,0.47
W02720,2026-01-14,B02,I073,Dropped / Damaged,0.278,3.2236,0.9
W02721,2026-01-14,B03,I038,Spoilage / Expired,0.967,0.3224,0.31
W02722,2026-01-14,B03,I038,Over-production,0.764,0.3224,0.25
W02723,2026-01-14,B04,I031,Over-production,2.499,0.9671,2.42
W02724,2026-01-15,B02,I079,Dropped / Damaged,0.324,10.2081,3.31
W02725,2026-01-15,B04,I031,Over-production,2.691,0.9671,2.6
W02726,2026-01-16,B01,I032,Spoilage / Expired,0.202,1.0745,0.22
W02727,2026-01-16,B03,I075,Spoilage / Expired,0.55,2.4714,1.36
W02728,2026-01-16,B03,I028,Dropped / Damaged,0.561,0.337,0.19
W02729,2026-01-16,B03,I034,Spoilage / Expired,0.147,2.7938,0.41
W02730,2026-01-17,B02,I023,Spoilage / Expired,0.059,1.3238,0.08
W02731,2026-01-17,B03,I035,Spoilage / Expired,0.26,0.9671,0.25
W02732,2026-01-17,B03,I006,Spoilage / Expired,0.218,11.143,2.43
W02733,2026-01-17,B03,I031,Over-production,3.645,0.9671,3.53
W02734,2026-01-17,B03,I031,Spoilage / Expired,1.283,0.9671,1.24
W02735,2026-01-18,B01,I031,Over-production,4.53,0.9671,4.38
W02736,2026-01-18,B01,I050,Spoilage / Expired,0.327,0.8596,0.28
W02737,2026-01-18,B01,I032,Spoilage / Expired,0.257,1.0745,0.28
W02738,2026-01-18,B02,I050,Over-production,0.515,0.8596,0.44
W02739,2026-01-18,B02,I042,Spoilage / Expired,0.21,2.6863,0.56
W02740,2026-01-18,B03,I052,Spoilage / Expired,1.532,0.4835,0.74
W02741,2026-01-18,B03,I041,Customer Return,0.943,1.0745,1.01
W02742,2026-01-18,B04,I031,Customer Return,4.468,0.9671,4.32
W02743,2026-01-18,B04,I052,Customer Return,3.267,0.4835,1.58
W02744,2026-01-19,B02,I038,Customer Return,1.304,0.3224,0.42
W02745,2026-01-19,B03,I038,Over-production,3.651,0.3224,1.18
W02746,2026-01-19,B03,I038,Spoilage / Expired,2.76,0.3224,0.89
W02747,2026-01-19,B03,I021,Spoilage / Expired,0.045,8.4244,0.38
W02748,2026-01-21,B01,I031,Over-production,1.784,0.9671,1.73
W02749,2026-01-21,B01,I031,Spoilage / Expired,0.446,0.9671,0.43
W02750,2026-01-21,B02,I031,Prep Error,1.006,0.9671,0.97
W02751,2026-01-21,B02,I052,Dropped / Damaged,0.467,0.4835,0.23
W02752,2026-01-21,B02,I058,Spoilage / Expired,0.098,2.1491,0.21
W02753,2026-01-21,B02,I052,Spoilage / Expired,0.427,0.4835,0.21
W02754,2026-01-21,B03,I050,Prep Error,0.107,0.8596,0.09
W02755,2026-01-22,B01,I003,Spoilage / Expired,0.047,41.95,1.97
W02756,2026-01-22,B01,I052,Over-production,1.425,0.4835,0.69
W02757,2026-01-22,B01,I046,Spoilage / Expired,0.059,3.4385,0.2
W02758,2026-01-22,B03,I041,Spoilage / Expired,1.404,1.0745,1.51
W02759,2026-01-22,B03,I049,Customer Return,0.365,1.9342,0.71
W02760,2026-01-22,B04,I038,Spoilage / Expired,1.583,0.3224,0.51
W02761,2026-01-23,B01,I052,Over-production,1.451,0.4835,0.7
W02762,2026-01-23,B03,I031,Over-production,2.237,0.9671,2.16
W02763,2026-01-23,B03,I042,Over-production,0.149,2.6863,0.4
W02764,2026-01-23,B04,I038,Spoilage / Expired,1.575,0.3224,0.51
W02765,2026-01-23,B04,I039,Customer Return,0.025,0.2686,0.01
W02766,2026-01-24,B01,I052,Prep Error,0.996,0.4835,0.48
W02767,2026-01-24,B03,I028,Spoilage / Expired,5.137,0.337,1.73
W02768,2026-01-24,B04,I038,Spoilage / Expired,4.516,0.3224,1.46
W02769,2026-01-24,B04,I050,Over-production,2.537,0.8596,2.18
W02770,2026-01-25,B01,I038,Dropped / Damaged,0.759,0.3224,0.24
W02771,2026-01-25,B02,I012,Prep Error,0.06,13.1094,0.79
W02772,2026-01-25,B03,I052,Dropped / Damaged,1.024,0.4835,0.5
W02773,2026-01-25,B03,I006,Spoilage / Expired,0.392,11.143,4.37
W02774,2026-01-25,B03,I028,Spoilage / Expired,1.876,0.337,0.63
W02775,2026-01-25,B03,I016,Spoilage / Expired,0.02,17.1926,0.34
W02776,2026-01-26,B02,I042,Spoilage / Expired,0.086,2.6863,0.23
W02777,2026-01-26,B02,I021,Over-production,0.01,8.4244,0.08
W02778,2026-01-26,B04,I052,Prep Error,3.118,0.4835,1.51
W02779,2026-01-28,B01,I090,Over-production,0.375,0.4298,0.16
W02780,2026-01-28,B02,I035,Dropped / Damaged,0.297,0.9671,0.29
W02781,2026-01-28,B02,I023,Spoilage / Expired,0.088,1.3238,0.12
W02782,2026-01-28,B03,I006,Over-production,0.103,11.143,1.15
W02783,2026-01-28,B04,I035,Over-production,0.703,0.9671,0.68
W02784,2026-01-29,B02,I006,Dropped / Damaged,0.035,11.143,0.39
W02785,2026-01-29,B02,I021,Customer Return,0.226,8.4244,1.9
W02786,2026-01-29,B03,I050,Prep Error,0.017,0.8596,0.01
W02787,2026-01-30,B01,I052,Over-production,0.328,0.4835,0.16
W02788,2026-01-30,B01,I035,Customer Return,0.396,0.9671,0.38
W02789,2026-01-30,B03,I031,Spoilage / Expired,9.139,0.9671,8.84
W02790,2026-01-30,B03,I034,Customer Return,0.47,2.7938,1.31
W02791,2026-01-31,B01,I021,Spoilage / Expired,0.245,8.4244,2.06
W02792,2026-01-31,B01,I058,Spoilage / Expired,0.152,2.1491,0.33
W02793,2026-01-31,B02,I032,Spoilage / Expired,0.284,1.0745,0.31
W02794,2026-01-31,B02,I061,Spoilage / Expired,0.061,6.4472,0.39
W02795,2026-01-31,B03,I028,Spoilage / Expired,2.155,0.337,0.73
W02796,2026-01-31,B03,I034,Over-production,0.19,2.7938,0.53
W02797,2026-01-31,B03,I091,Prep Error,0.189,2.364,0.45
W02798,2026-01-31,B04,I052,Customer Return,2.38,0.4835,1.15
W02799,2026-01-31,B04,I052,Spoilage / Expired,2.216,0.4835,1.07
W02800,2026-02-01,B02,I052,Customer Return,1.122,0.485,0.54
W02801,2026-02-01,B03,I046,Dropped / Damaged,0.759,3.4488,2.62
W02802,2026-02-01,B03,I028,Over-production,1.406,0.338,0.48
W02803,2026-02-01,B03,I033,Spoilage / Expired,0.051,5.3888,0.27
W02804,2026-02-01,B03,I061,Over-production,0.2,6.4666,1.29
W02805,2026-02-02,B01,I016,Prep Error,0.037,17.2442,0.64
W02806,2026-02-02,B01,I050,Over-production,0.79,0.8622,0.68
W02807,2026-02-02,B02,I010,Prep Error,0.169,6.5744,1.11
W02808,2026-02-02,B02,I031,Spoilage / Expired,1.152,0.97,1.12
W02809,2026-02-02,B03,I052,Prep Error,1.044,0.485,0.51
W02810,2026-02-02,B03,I065,Customer Return,0.159,2.1555,0.34
W02811,2026-02-04,B01,I038,Dropped / Damaged,2.471,0.3233,0.8
W02812,2026-02-04,B02,I052,Spoilage / Expired,1.115,0.485,0.54
W02813,2026-02-04,B03,I090,Over-production,0.29,0.4311,0.13
W02814,2026-02-04,B03,I052,Spoilage / Expired,0.963,0.485,0.47
W02815,2026-02-04,B04,I028,Over-production,0.967,0.338,0.33
W02816,2026-02-04,B04,I052,Spoilage / Expired,0.896,0.485,0.43
W02817,2026-02-04,B04,I028,Over-production,0.457,0.338,0.15
W02818,2026-02-05,B01,I052,Spoilage / Expired,2.069,0.485,1.0
W02819,2026-02-05,B01,I073,Spoilage / Expired,0.42,3.2333,1.36
W02820,2026-02-05,B02,I020,Over-production,0.104,15.0887,1.57
W02821,2026-02-05,B02,I021,Over-production,0.128,8.4497,1.08
W02822,2026-02-05,B02,I035,Dropped / Damaged,0.284,0.97,0.28
W02823,2026-02-05,B03,I031,Over-production,1.521,0.97,1.48
W02824,2026-02-05,B03,I052,Over-production,3.147,0.485,1.53
W02825,2026-02-05,B03,I028,Over-production,0.37,0.338,0.13
W02826,2026-02-05,B03,I052,Prep Error,3.415,0.485,1.66
W02827,2026-02-05,B04,I001,Dropped / Damaged,0.085,18.4082,1.56
W02828,2026-02-06,B01,I050,Over-production,0.579,0.8622,0.5
W02829,2026-02-06,B01,I031,Over-production,2.488,0.97,2.41
W02830,2026-02-06,B01,I031,Customer Return,2.003,0.97,1.94
W02831,2026-02-06,B03,I052,Over-production,2.307,0.485,1.12
W02832,2026-02-06,B03,I050,Prep Error,1.016,0.8622,0.88
W02833,2026-02-06,B03,I052,Customer Return,3.948,0.485,1.91
W02834,2026-02-06,B03,I031,Spoilage / Expired,3.13,0.97,3.04
W02835,2026-02-06,B04,I031,Spoilage / Expired,3.118,0.97,3.02
W02836,2026-02-07,B01,I031,Customer Return,3.914,0.97,3.8
W02837,2026-02-07,B03,I016,Over-production,0.067,17.2442,1.16
W02838,2026-02-07,B03,I051,Over-production,0.244,3.7722,0.92
W02839,2026-02-07,B03,I031,Spoilage / Expired,4.544,0.97,4.41
W02840,2026-02-07,B03,I032,Prep Error,0.238,1.0778,0.26
W02841,2026-02-08,B01,I024,Customer Return,0.01,10.8639,0.11
W02842,2026-02-08,B01,I031,Spoilage / Expired,0.208,0.97,0.2
W02843,2026-02-08,B01,I052,Over-production,2.17,0.485,1.05
W02844,2026-02-08,B02,I031,Spoilage / Expired,0.935,0.97,0.91
W02845,2026-02-08,B03,I038,Prep Error,0.422,0.3233,0.14
W02846,2026-02-08,B03,I031,Prep Error,3.138,0.97,3.04
W02847,2026-02-08,B03,I031,Prep Error,2.99,0.97,2.9
W02848,2026-02-08,B03,I075,Prep Error,0.219,2.4789,0.54
W02849,2026-02-08,B04,I052,Spoilage / Expired,0.476,0.485,0.23
W02850,2026-02-08,B04,I052,Dropped / Damaged,1.78,0.485,0.86
W02851,2026-02-09,B02,I035,Over-production,0.374,0.97,0.36
W02852,2026-02-09,B03,I038,Over-production,0.912,0.3233,0.29
W02853,2026-02-09,B03,I035,Customer Return,0.505,0.97,0.49
W02854,2026-02-09,B03,I031,Spoilage / Expired,0.152,0.97,0.15
W02855,2026-02-09,B03,I028,Spoilage / Expired,0.281,0.338,0.09
W02856,2026-02-11,B01,I056,Over-production,0.113,1.1855,0.13
W02857,2026-02-11,B03,I052,Spoilage / Expired,0.295,0.485,0.14
W02858,2026-02-11,B03,I031,Spoilage / Expired,1.062,0.97,1.03
W02859,2026-02-11,B03,I007,Prep Error,0.123,9.8615,1.21
W02860,2026-02-11,B03,I035,Over-production,0.402,0.97,0.39
W02861,2026-02-11,B04,I072,Over-production,0.108,2.5866,0.28
W02862,2026-02-11,B04,I035,Over-production,0.129,0.97,0.13
W02863,2026-02-12,B01,I050,Dropped / Damaged,0.745,0.8622,0.64
W02864,2026-02-12,B02,I031,Spoilage / Expired,3.751,0.97,3.64
W02865,2026-02-12,B02,I023,Dropped / Damaged,0.144,1.3278,0.19
W02866,2026-02-12,B03,I045,Over-production,0.028,0.4311,0.01
W02867,2026-02-12,B03,I049,Spoilage / Expired,0.25,1.94,0.48
W02868,2026-02-12,B03,I052,Prep Error,3.846,0.485,1.87
W02869,2026-02-12,B04,I050,Over-production,0.51,0.8622,0.44
W02870,2026-02-13,B01,I051,Spoilage / Expired,0.254,3.7722,0.96
W02871,2026-02-13,B01,I035,Spoilage / Expired,0.357,0.97,0.35
W02872,2026-02-13,B02,I054,Prep Error,0.074,0.3233,0.02
W02873,2026-02-13,B02,I038,Over-production,1.482,0.3233,0.48
W02874,2026-02-13,B02,I038,Spoilage / Expired,1.169,0.3233,0.38
W02875,2026-02-13,B03,I007,Customer Return,0.238,9.8615,2.35
W02876,2026-02-13,B03,I006,Dropped / Damaged,0.402,11.1764,4.49
W02877,2026-02-13,B04,I031,Spoilage / Expired,3.286,0.97,3.19
W02878,2026-02-13,B04,I010,Over-production,0.252,6.5744,1.66
W02879,2026-02-14,B01,I052,Prep Error,0.597,0.485,0.29
W02880,2026-02-14,B02,I051,Over-production,0.276,3.7722,1.04
W02881,2026-02-14,B03,I028,Dropped / Damaged,1.006,0.338,0.34
W02882,2026-02-14,B03,I021,Over-production,0.362,8.4497,3.06
W02883,2026-02-14,B04,I035,Dropped / Damaged,1.33,0.97,1.29
W02884,2026-02-14,B04,I038,Over-production,0.477,0.3233,0.15
W02885,2026-02-15,B02,I041,Over-production,0.966,1.0778,1.04
W02886,2026-02-15,B03,I031,Prep Error,0.198,0.97,0.19
W02887,2026-02-15,B03,I031,Dropped / Damaged,0.42,0.97,0.41
W02888,2026-02-15,B03,I050,Over-production,0.049,0.8622,0.04
W02889,2026-02-15,B04,I031,Spoilage / Expired,1.068,0.97,1.04
W02890,2026-02-16,B02,I031,Over-production,0.593,0.97,0.58
W02891,2026-02-16,B02,I017,Over-production,0.052,20.4775,1.06
W02892,2026-02-16,B03,I050,Over-production,0.613,0.8622,0.53
W02893,2026-02-16,B03,I042,Over-production,0.174,2.6944,0.47
W02894,2026-02-16,B03,I074,Spoilage / Expired,0.075,3.0177,0.23
W02895,2026-02-16,B04,I038,Over-production,0.876,0.3233,0.28
W02896,2026-02-18,B02,I052,Prep Error,0.987,0.485,0.48
W02897,2026-02-18,B03,I031,Customer Return,0.918,0.97,0.89
W02898,2026-02-18,B03,I050,Customer Return,0.578,0.8622,0.5
W02899,2026-02-19,B01,I031,Spoilage / Expired,1.329,0.97,1.29
W02900,2026-02-19,B02,I021,Over-production,0.17,8.4497,1.44
W02901,2026-02-19,B02,I028,Spoilage / Expired,1.962,0.338,0.66
W02902,2026-02-19,B02,I074,Spoilage / Expired,0.438,3.0177,1.32
W02903,2026-02-19,B03,I074,Customer Return,0.272,3.0177,0.82
W02904,2026-02-19,B03,I042,Prep Error,0.379,2.6944,1.02
W02905,2026-02-19,B03,I053,Prep Error,0.472,0.3772,0.18
W02906,2026-02-19,B04,I031,Over-production,2.178,0.97,2.11
W02907,2026-02-20,B03,I038,Over-production,1.802,0.3233,0.58
W02908,2026-02-20,B03,I038,Over-production,5.203,0.3233,1.68
W02909,2026-02-20,B03,I026,Spoilage / Expired,0.027,13.278,0.36
W02910,2026-02-20,B03,I090,Customer Return,0.827,0.4311,0.36
W02911,2026-02-20,B03,I061,Spoilage / Expired,0.071,6.4666,0.46
W02912,2026-02-20,B03,I038,Spoilage / Expired,4.752,0.3233,1.54
W02913,2026-02-20,B03,I028,Prep Error,2.077,0.338,0.7
W02914,2026-02-20,B04,I052,Dropped / Damaged,7.133,0.485,3.46
W02915,2026-02-20,B04,I052,Prep Error,4.398,0.485,2.13
W02916,2026-02-21,B01,I034,Spoilage / Expired,0.034,2.8022,0.1
W02917,2026-02-21,B02,I052,Dropped / Damaged,1.76,0.485,0.85
W02918,2026-02-21,B03,I052,Dropped / Damaged,0.422,0.485,0.2
W02919,2026-02-21,B03,I058,Customer Return,0.219,2.1555,0.47
W02920,2026-02-21,B03,I048,Customer Return,0.263,2.5866,0.68
W02921,2026-02-21,B04,I017,Over-production,0.12,20.4775,2.46
W02922,2026-02-22,B02,I005,Customer Return,0.166,39.4461,6.55
W02923,2026-02-22,B02,I006,Prep Error,0.122,11.1764,1.36
W02924,2026-02-22,B03,I042,Customer Return,0.095,2.6944,0.26
W02925,2026-02-22,B03,I017,Spoilage / Expired,0.025,20.4775,0.51
W02926,2026-02-23,B01,I052,Spoilage / Expired,0.982,0.485,0.48
W02927,2026-02-23,B03,I050,Over-production,0.423,0.8622,0.36
W02928,2026-02-23,B03,I050,Customer Return,0.413,0.8622,0.36
W02929,2026-02-23,B03,I050,Customer Return,0.236,0.8622,0.2
W02930,2026-02-23,B03,I031,Over-production,1.208,0.97,1.17
W02931,2026-02-23,B03,I031,Over-production,1.068,0.97,1.04
W02932,2026-02-23,B03,I067,Spoilage / Expired,0.01,4.8499,0.05
W02933,2026-02-23,B03,I079,Spoilage / Expired,0.112,10.2387,1.15
W02934,2026-02-23,B04,I038,Spoilage / Expired,0.94,0.3233,0.3
W02935,2026-02-25,B01,I042,Prep Error,0.511,2.6944,1.38
W02936,2026-02-25,B03,I007,Spoilage / Expired,0.148,9.8615,1.46
W02937,2026-02-25,B03,I032,Prep Error,0.203,1.0778,0.22
W02938,2026-02-25,B04,I028,Spoilage / Expired,0.294,0.338,0.1
W02939,2026-02-25,B04,I052,Spoilage / Expired,2.779,0.485,1.35
W02940,2026-02-26,B03,I052,Over-production,1.14,0.485,0.55
W02941,2026-02-26,B03,I052,Spoilage / Expired,0.957,0.485,0.46
W02942,2026-02-26,B03,I078,Dropped / Damaged,0.031,8.6221,0.27
W02943,2026-02-26,B04,I053,Prep Error,0.651,0.3772,0.25
W02944,2026-02-26,B04,I010,Customer Return,0.267,6.5744,1.76
W02945,2026-02-27,B02,I031,Over-production,3.568,0.97,3.46
W02946,2026-02-27,B03,I038,Over-production,1.025,0.3233,0.33
W02947,2026-02-27,B03,I023,Dropped / Damaged,0.059,1.3278,0.08
W02948,2026-02-27,B03,I031,Spoilage / Expired,0.98,0.97,0.95
W02949,2026-02-27,B04,I041,Over-production,0.478,1.0778,0.52
W02950,2026-02-28,B02,I008,Over-production,0.281,7.2318,2.03
W02951,2026-02-28,B02,I031,Dropped / Damaged,2.772,0.97,2.69
W02952,2026-02-28,B03,I035,Spoilage / Expired,0.314,0.97,0.3
W02953,2026-02-28,B03,I035,Over-production,0.392,0.97,0.38
W02954,2026-02-28,B03,I072,Over-production,0.251,2.5866,0.65
W02955,2026-02-28,B03,I052,Dropped / Damaged,1.497,0.485,0.73
W02956,2026-02-28,B03,I031,Customer Return,0.798,0.97,0.77
W02957,2026-02-28,B03,I061,Over-production,0.025,6.4666,0.16
W02958,2026-02-28,B04,I038,Spoilage / Expired,1.574,0.3233,0.51
W02959,2026-02-28,B04,I052,Over-production,3.729,0.485,1.81
W02960,2026-03-01,B02,I001,Dropped / Damaged,0.165,18.4634,3.05
W02961,2026-03-01,B03,I035,Prep Error,0.558,0.9729,0.54
W02962,2026-03-01,B03,I052,Customer Return,1.178,0.4864,0.57
W02963,2026-03-01,B04,I050,Prep Error,1.684,0.8648,1.46
W02964,2026-03-02,B01,I038,Over-production,1.04,0.3243,0.34
W02965,2026-03-02,B02,I031,Customer Return,3.192,0.9729,3.11
W02966,2026-03-02,B02,I064,Spoilage / Expired,0.512,1.5134,0.77
W02967,2026-03-02,B02,I031,Spoilage / Expired,2.463,0.9729,2.4
W02968,2026-03-02,B03,I052,Prep Error,1.319,0.4864,0.64
W02969,2026-03-02,B03,I006,Over-production,0.105,11.2099,1.18
W02970,2026-03-04,B01,I075,Spoilage / Expired,0.249,2.4863,0.62
W02971,2026-03-04,B02,I009,Prep Error,0.074,5.9347,0.44
W02972,2026-03-04,B03,I073,Over-production,0.144,3.243,0.47
W02973,2026-03-04,B03,I021,Dropped / Damaged,0.356,8.475,3.02
W02974,2026-03-04,B03,I031,Customer Return,5.034,0.9729,4.9
W02975,2026-03-05,B03,I010,Prep Error,0.424,6.5941,2.8
W02976,2026-03-05,B03,I010,Spoilage / Expired,0.29,6.5941,1.91
W02977,2026-03-05,B03,I012,Prep Error,0.057,13.1882,0.75
W02978,2026-03-05,B03,I053,Prep Error,0.741,0.3783,0.28
W02979,2026-03-05,B04,I028,Dropped / Damaged,0.714,0.339,0.24
W02980,2026-03-05,B04,I038,Prep Error,0.439,0.3243,0.14
W02981,2026-03-05,B04,I031,Spoilage / Expired,3.777,0.9729,3.67
W02982,2026-03-06,B02,I052,Over-production,2.019,0.4864,0.98
W02983,2026-03-06,B03,I081,Spoilage / Expired,0.055,17.2959,0.95
W02984,2026-03-06,B03,I031,Over-production,3.499,0.9729,3.4
W02985,2026-03-06,B03,I070,Dropped / Damaged,1.199,0.6486,0.78
W02986,2026-03-06,B03,I052,Customer Return,0.902,0.4864,0.44
W02987,2026-03-06,B04,I028,Spoilage / Expired,2.364,0.339,0.8
W02988,2026-03-06,B04,I031,Customer Return,3.917,0.9729,3.81
W02989,2026-03-07,B03,I034,Spoilage / Expired,0.231,2.8106,0.65
W02990,2026-03-07,B03,I028,Spoilage / Expired,0.585,0.339,0.2
W02991,2026-03-08,B02,I046,Over-production,0.085,3.4592,0.29
W02992,2026-03-08,B03,I077,Prep Error,0.224,6.486,1.45
W02993,2026-03-08,B03,I022,Spoilage / Expired,0.05,4.8429,0.24
W02994,2026-03-08,B03,I081,Over-production,0.043,17.2959,0.74
W02995,2026-03-08,B03,I020,Spoilage / Expired,0.177,15.1339,2.68
W02996,2026-03-08,B03,I052,Spoilage / Expired,3.653,0.4864,1.78
W02997,2026-03-08,B03,I031,Over-production,3.156,0.9729,3.07
W02998,2026-03-08,B03,I056,Prep Error,0.021,1.1891,0.02
W02999,2026-03-08,B03,I032,Spoilage / Expired,0.25,1.081,0.27
W03000,2026-03-08,B04,I051,Spoilage / Expired,0.124,3.7835,0.47
W03001,2026-03-08,B04,I007,Over-production,0.078,9.8911,0.77
W03002,2026-03-08,B04,I050,Spoilage / Expired,0.592,0.8648,0.51
W03003,2026-03-09,B02,I021,Customer Return,0.079,8.475,0.67
W03004,2026-03-09,B02,I038,Prep Error,1.26,0.3243,0.41
W03005,2026-03-09,B03,I052,Spoilage / Expired,1.266,0.4864,0.62
W03006,2026-03-09,B03,I006,Dropped / Damaged,0.191,11.2099,2.14
W03007,2026-03-09,B03,I028,Prep Error,1.302,0.339,0.44
W03008,2026-03-09,B03,I021,Spoilage / Expired,0.043,8.475,0.36
W03009,2026-03-09,B04,I045,Prep Error,0.03,0.4324,0.01
W03010,2026-03-11,B01,I035,Prep Error,0.23,0.9729,0.22
W03011,2026-03-11,B02,I038,Over-production,2.014,0.3243,0.65
W03012,2026-03-11,B02,I038,Prep Error,1.14,0.3243,0.37
W03013,2026-03-11,B02,I038,Spoilage / Expired,3.548,0.3243,1.15
W03014,2026-03-11,B02,I051,Spoilage / Expired,0.388,3.7835,1.47
W03015,2026-03-11,B03,I007,Over-production,0.034,9.8911,0.34
W03016,2026-03-11,B03,I038,Prep Error,1.991,0.3243,0.65
W03017,2026-03-11,B04,I052,Spoilage / Expired,1.356,0.4864,0.66
W03018,2026-03-12,B01,I028,Spoilage / Expired,1.577,0.339,0.53
W03019,2026-03-12,B01,I050,Customer Return,0.579,0.8648,0.5
W03020,2026-03-12,B02,I052,Prep Error,1.224,0.4864,0.6
W03021,2026-03-12,B02,I052,Dropped / Damaged,2.166,0.4864,1.05
W03022,2026-03-12,B03,I052,Spoilage / Expired,2.599,0.4864,1.26
W03023,2026-03-12,B03,I007,Over-production,0.297,9.8911,2.94
W03024,2026-03-12,B03,I031,Over-production,2.099,0.9729,2.04
W03025,2026-03-13,B01,I021,Over-production,0.134,8.475,1.14
W03026,2026-03-13,B02,I052,Over-production,1.881,0.4864,0.91
W03027,2026-03-13,B03,I028,Over-production,1.808,0.339,0.61
W03028,2026-03-13,B03,I080,Dropped / Damaged,0.581,9.1885,5.34
W03029,2026-03-13,B03,I035,Prep Error,0.527,0.9729,0.51
W03030,2026-03-14,B01,I031,Over-production,2.238,0.9729,2.18
W03031,2026-03-14,B01,I046,Over-production,0.215,3.4592,0.74
W03032,2026-03-14,B02,I080,Over-production,0.252,9.1885,2.32
W03033,2026-03-14,B02,I038,Over-production,1.574,0.3243,0.51
W03034,2026-03-14,B03,I032,Over-production,0.107,1.081,0.12
W03035,2026-03-14,B04,I081,Prep Error,0.06,17.2959,1.04
W03036,2026-03-15,B01,I038,Prep Error,1.759,0.3243,0.57
W03037,2026-03-15,B02,I074,Over-production,0.52,3.0268,1.57
W03038,2026-03-15,B03,I022,Dropped / Damaged,0.158,4.8429,0.77
W03039,2026-03-15,B03,I052,Spoilage / Expired,2.308,0.4864,1.12
W03040,2026-03-15,B03,I052,Over-production,1.72,0.4864,0.84
W03041,2026-03-15,B03,I028,Spoilage / Expired,0.742,0.339,0.25
W03042,2026-03-15,B03,I031,Spoilage / Expired,0.396,0.9729,0.39
W03043,2026-03-15,B03,I006,Prep Error,0.165,11.2099,1.85
W03044,2026-03-16,B02,I052,Spoilage / Expired,2.697,0.4864,1.31
W03045,2026-03-16,B03,I007,Spoilage / Expired,0.106,9.8911,1.05
W03046,2026-03-16,B03,I052,Dropped / Damaged,0.449,0.4864,0.22
W03047,2026-03-16,B03,I052,Over-production,0.392,0.4864,0.19
W03048,2026-03-16,B04,I046,Over-production,0.38,3.4592,1.31
W03049,2026-03-16,B04,I031,Over-production,2.432,0.9729,2.37
W03050,2026-03-18,B03,I035,Spoilage / Expired,0.208,0.9729,0.2
W03051,2026-03-19,B02,I077,Spoilage / Expired,0.224,6.486,1.45
W03052,2026-03-19,B03,I031,Over-production,0.635,0.9729,0.62
W03053,2026-03-20,B01,I052,Spoilage / Expired,0.77,0.4864,0.37
W03054,2026-03-20,B01,I061,Prep Error,0.091,6.486,0.59
W03055,2026-03-20,B02,I052,Over-production,1.216,0.4864,0.59
W03056,2026-03-20,B02,I038,Dropped / Damaged,1.264,0.3243,0.41
W03057,2026-03-20,B03,I038,Dropped / Damaged,1.458,0.3243,0.47
W03058,2026-03-20,B03,I028,Spoilage / Expired,1.94,0.339,0.66
W03059,2026-03-21,B02,I035,Prep Error,0.512,0.9729,0.5
W03060,2026-03-21,B03,I032,Spoilage / Expired,0.209,1.081,0.23
W03061,2026-03-21,B03,I042,Spoilage / Expired,0.322,2.7025,0.87
W03062,2026-03-21,B03,I031,Spoilage / Expired,0.853,0.9729,0.83
W03063,2026-03-21,B03,I042,Spoilage / Expired,0.589,2.7025,1.59
W03064,2026-03-21,B04,I057,Prep Error,0.09,9.729,0.88
W03065,2026-03-22,B01,I009,Spoilage / Expired,0.142,5.9347,0.84
W03066,2026-03-22,B01,I038,Over-production,1.322,0.3243,0.43
W03067,2026-03-22,B02,I072,Over-production,0.831,2.5944,2.16
W03068,2026-03-22,B02,I073,Spoilage / Expired,0.486,3.243,1.58
W03069,2026-03-22,B03,I038,Spoilage / Expired,2.742,0.3243,0.89
W03070,2026-03-22,B03,I038,Prep Error,1.937,0.3243,0.63
W03071,2026-03-22,B03,I042,Spoilage / Expired,0.457,2.7025,1.24
W03072,2026-03-22,B03,I031,Spoilage / Expired,4.983,0.9729,4.85
W03073,2026-03-22,B04,I042,Dropped / Damaged,0.01,2.7025,0.03
W03074,2026-03-23,B01,I028,Spoilage / Expired,0.91,0.339,0.31
W03075,2026-03-23,B03,I028,Prep Error,0.852,0.339,0.29
W03076,2026-03-23,B03,I031,Over-production,2.562,0.9729,2.49
W03077,2026-03-23,B03,I031,Spoilage / Expired,0.917,0.9729,0.89
W03078,2026-03-23,B03,I035,Customer Return,0.857,0.9729,0.83
W03079,2026-03-25,B01,I035,Spoilage / Expired,0.095,0.9729,0.09
W03080,2026-03-25,B01,I035,Spoilage / Expired,0.094,0.9729,0.09
W03081,2026-03-25,B01,I052,Over-production,0.784,0.4864,0.38
W03082,2026-03-25,B02,I035,Spoilage / Expired,1.3,0.9729,1.26
W03083,2026-03-25,B03,I031,Dropped / Damaged,0.884,0.9729,0.86
W03084,2026-03-25,B03,I031,Spoilage / Expired,2.181,0.9729,2.12
W03085,2026-03-25,B03,I028,Over-production,1.569,0.339,0.53
W03086,2026-03-25,B04,I050,Prep Error,0.846,0.8648,0.73
W03087,2026-03-25,B04,I090,Spoilage / Expired,0.504,0.4324,0.22
W03088,2026-03-26,B02,I028,Spoilage / Expired,0.304,0.339,0.1
W03089,2026-03-26,B03,I002,Over-production,0.073,36.9268,2.7
W03090,2026-03-26,B03,I052,Spoilage / Expired,2.427,0.4864,1.18
W03091,2026-03-26,B04,I053,Spoilage / Expired,0.151,0.3783,0.06
W03092,2026-03-26,B04,I052,Spoilage / Expired,0.704,0.4864,0.34
W03093,2026-03-27,B02,I072,Over-production,1.149,2.5944,2.98
W03094,2026-03-27,B03,I038,Over-production,0.223,0.3243,0.07
W03095,2026-03-28,B01,I073,Dropped / Damaged,0.121,3.243,0.39
W03096,2026-03-28,B03,I019,Spoilage / Expired,0.074,11.891,0.88
W03097,2026-03-28,B03,I038,Over-production,1.704,0.3243,0.55
W03098,2026-03-28,B03,I090,Over-production,0.115,0.4324,0.05
W03099,2026-03-28,B03,I031,Prep Error,6.546,0.9729,6.37
W03100,2026-03-28,B03,I007,Spoilage / Expired,0.105,9.8911,1.04
W03101,2026-03-28,B03,I038,Prep Error,2.006,0.3243,0.65
W03102,2026-03-28,B03,I031,Over-production,5.068,0.9729,4.93
W03103,2026-03-28,B04,I041,Customer Return,0.706,1.081,0.76
W03104,2026-03-29,B01,I038,Spoilage / Expired,3.234,0.3243,1.05
W03105,2026-03-29,B02,I074,Spoilage / Expired,0.219,3.0268,0.66
W03106,2026-03-29,B03,I073,Spoilage / Expired,0.397,3.243,1.29
W03107,2026-03-30,B01,I038,Over-production,0.948,0.3243,0.31
W03108,2026-03-30,B02,I031,Dropped / Damaged,3.831,0.9729,3.73
W03109,2026-03-30,B04,I046,Over-production,0.147,3.4592,0.51
W03110,2026-03-30,B04,I080,Spoilage / Expired,0.204,9.1885,1.87
W03111,2026-04-01,B01,I031,Spoilage / Expired,0.546,0.9758,0.53
W03112,2026-04-01,B03,I028,Spoilage / Expired,1.753,0.34,0.6
W03113,2026-04-02,B01,I028,Prep Error,0.444,0.34,0.15
W03114,2026-04-02,B03,I063,Over-production,0.018,13.0109,0.23
W03115,2026-04-02,B03,I009,Customer Return,0.112,5.9525,0.67
W03116,2026-04-02,B03,I055,Customer Return,0.036,4.337,0.16
W03117,2026-04-02,B03,I038,Dropped / Damaged,0.386,0.3253,0.13
W03118,2026-04-03,B01,I041,Dropped / Damaged,0.983,1.0842,1.07
W03119,2026-04-03,B02,I065,Spoilage / Expired,0.066,2.1685,0.14
W03120,2026-04-03,B03,I031,Prep Error,4.459,0.9758,4.35
W03121,2026-04-03,B03,I031,Spoilage / Expired,2.884,0.9758,2.81
W03122,2026-04-04,B02,I052,Over-production,2.229,0.4879,1.09
W03123,2026-04-04,B03,I031,Customer Return,6.314,0.9758,6.16
W03124,2026-04-04,B03,I052,Spoilage / Expired,3.807,0.4879,1.86
W03125,2026-04-04,B03,I006,Prep Error,0.571,11.2436,6.42
W03126,2026-04-04,B04,I031,Spoilage / Expired,1.005,0.9758,0.98
W03127,2026-04-04,B04,I074,Spoilage / Expired,0.123,3.0359,0.37
W03128,2026-04-05,B02,I052,Prep Error,2.643,0.4879,1.29
W03129,2026-04-05,B03,I031,Over-production,1.771,0.9758,1.73
W03130,2026-04-05,B03,I048,Over-production,0.424,2.6022,1.1
W03131,2026-04-05,B03,I031,Prep Error,3.8,0.9758,3.71
W03132,2026-04-05,B04,I031,Over-production,5.117,0.9758,4.99
W03133,2026-04-05,B04,I008,Spoilage / Expired,0.412,7.2752,3.0
W03134,2026-04-06,B01,I031,Dropped / Damaged,1.351,0.9758,1.32
W03135,2026-04-06,B03,I027,Spoilage / Expired,0.22,3.8859,0.85
W03136,2026-04-06,B03,I052,Dropped / Damaged,0.858,0.4879,0.42
W03137,2026-04-06,B03,I052,Spoilage / Expired,1.04,0.4879,0.51
W03138,2026-04-06,B03,I089,Over-production,0.024,5.4212,0.13
W03139,2026-04-06,B03,I006,Over-production,0.239,11.2436,2.69
W03140,2026-04-06,B03,I052,Customer Return,0.52,0.4879,0.25
W03141,2026-04-08,B02,I021,Customer Return,0.186,8.5004,1.58
W03142,2026-04-08,B03,I028,Spoilage / Expired,7.139,0.34,2.43
W03143,2026-04-08,B04,I031,Spoilage / Expired,0.561,0.9758,0.55
W03144,2026-04-09,B01,I030,Spoilage / Expired,0.048,7.2861,0.35
W03145,2026-04-09,B02,I028,Prep Error,1.972,0.34,0.67
W03146,2026-04-09,B03,I052,Dropped / Damaged,2.027,0.4879,0.99
W03147,2026-04-09,B03,I042,Customer Return,0.159,2.7106,0.43
W03148,2026-04-09,B04,I022,Spoilage / Expired,0.098,4.8574,0.48
W03149,2026-04-09,B04,I031,Over-production,2.816,0.9758,2.75
W03150,2026-04-10,B01,I028,Spoilage / Expired,0.781,0.34,0.27
W03151,2026-04-10,B01,I002,Over-production,0.081,37.0376,3.0
W03152,2026-04-10,B01,I074,Customer Return,0.118,3.0359,0.36
W03153,2026-04-10,B02,I090,Spoilage / Expired,0.093,0.4337,0.04
W03154,2026-04-10,B03,I028,Over-production,1.269,0.34,0.43
W03155,2026-04-10,B03,I031,Over-production,3.678,0.9758,3.59
W03156,2026-04-10,B03,I038,Prep Error,3.895,0.3253,1.27
W03157,2026-04-11,B03,I031,Prep Error,4.374,0.9758,4.27
W03158,2026-04-11,B03,I052,Spoilage / Expired,1.216,0.4879,0.59
W03159,2026-04-11,B03,I053,Over-production,0.545,0.3795,0.21
W03160,2026-04-11,B03,I090,Spoilage / Expired,0.574,0.4337,0.25
W03161,2026-04-11,B04,I052,Customer Return,3.347,0.4879,1.63
W03162,2026-04-12,B02,I072,Over-production,0.577,2.6022,1.5
W03163,2026-04-12,B03,I006,Customer Return,0.136,11.2436,1.53
W03164,2026-04-12,B03,I052,Prep Error,0.59,0.4879,0.29
W03165,2026-04-12,B03,I052,Over-production,1.347,0.4879,0.66
W03166,2026-04-12,B03,I052,Spoilage / Expired,0.977,0.4879,0.48
W03167,2026-04-12,B04,I058,Prep Error,0.25,2.1685,0.54
W03168,2026-04-12,B04,I031,Over-production,1.681,0.9758,1.64
W03169,2026-04-13,B02,I052,Over-production,0.968,0.4879,0.47
W03170,2026-04-13,B03,I052,Customer Return,1.536,0.4879,0.75
W03171,2026-04-13,B03,I028,Spoilage / Expired,1.441,0.34,0.49
W03172,2026-04-13,B04,I038,Prep Error,0.43,0.3253,0.14
W03173,2026-04-13,B04,I031,Prep Error,0.55,0.9758,0.54
W03174,2026-04-13,B04,I005,Spoilage / Expired,0.049,39.6832,1.94
W03175,2026-04-15,B01,I041,Over-production,0.448,1.0842,0.49
W03176,2026-04-15,B03,I056,Prep Error,0.029,1.1927,0.03
W03177,2026-04-15,B03,I003,Spoilage / Expired,0.059,42.3287,2.5
W03178,2026-04-15,B04,I031,Spoilage / Expired,0.976,0.9758,0.95
W03179,2026-04-16,B01,I090,Spoilage / Expired,0.161,0.4337,0.07
W03180,2026-04-16,B01,I021,Over-production,0.101,8.5004,0.86
W03181,2026-04-16,B01,I050,Over-production,0.485,0.8674,0.42
W03182,2026-04-16,B01,I050,Spoilage / Expired,0.37,0.8674,0.32
W03183,2026-04-16,B01,I031,Over-production,1.713,0.9758,1.67
W03184,2026-04-16,B03,I038,Spoilage / Expired,3.279,0.3253,1.07
W03185,2026-04-16,B03,I052,Spoilage / Expired,0.73,0.4879,0.36
W03186,2026-04-16,B04,I028,Prep Error,1.096,0.34,0.37
W03187,2026-04-16,B04,I031,Prep Error,2.989,0.9758,2.92
W03188,2026-04-17,B01,I041,Spoilage / Expired,0.79,1.0842,0.86
W03189,2026-04-17,B01,I088,Spoilage / Expired,0.034,6.5054,0.22
W03190,2026-04-17,B02,I022,Spoilage / Expired,0.122,4.8574,0.59
W03191,2026-04-17,B03,I069,Customer Return,0.036,6.5054,0.23
W03192,2026-04-17,B04,I041,Customer Return,0.754,1.0842,0.82
W03193,2026-04-17,B04,I031,Prep Error,2.122,0.9758,2.07
W03194,2026-04-18,B01,I031,Over-production,0.465,0.9758,0.45
W03195,2026-04-18,B01,I038,Spoilage / Expired,0.998,0.3253,0.32
W03196,2026-04-18,B01,I008,Over-production,0.105,7.2752,0.76
W03197,2026-04-19,B02,I038,Over-production,0.489,0.3253,0.16
W03198,2026-04-19,B02,I064,Over-production,0.139,1.5179,0.21
W03199,2026-04-19,B02,I050,Prep Error,0.485,0.8674,0.42
W03200,2026-04-19,B03,I064,Spoilage / Expired,0.591,1.5179,0.9
W03201,2026-04-19,B04,I007,Over-production,0.085,9.9208,0.84
W03202,2026-04-19,B04,I031,Over-production,3.127,0.9758,3.05
W03203,2026-04-20,B02,I046,Over-production,0.053,3.4696,0.18
W03204,2026-04-20,B03,I035,Dropped / Damaged,0.386,0.9758,0.38
W03205,2026-04-20,B03,I023,Prep Error,0.106,1.3358,0.14
W03206,2026-04-20,B03,I028,Dropped / Damaged,1.976,0.34,0.67
W03207,2026-04-20,B03,I028,Spoilage / Expired,1.01,0.34,0.34
W03208,2026-04-20,B04,I008,Over-production,0.273,7.2752,1.99
W03209,2026-04-22,B01,I031,Over-production,1.28,0.9758,1.25
W03210,2026-04-22,B02,I052,Prep Error,1.33,0.4879,0.65
W03211,2026-04-22,B02,I052,Over-production,2.707,0.4879,1.32
W03212,2026-04-22,B03,I027,Prep Error,0.216,3.8859,0.84
W03213,2026-04-22,B03,I058,Prep Error,0.097,2.1685,0.21
W03214,2026-04-22,B04,I052,Over-production,0.734,0.4879,0.36
W03215,2026-04-23,B02,I001,Spoilage / Expired,0.038,18.5188,0.7
W03216,2026-04-23,B02,I035,Spoilage / Expired,0.111,0.9758,0.11
W03217,2026-04-23,B03,I031,Prep Error,4.584,0.9758,4.47
W03218,2026-04-23,B03,I028,Over-production,1.88,0.34,0.64
W03219,2026-04-23,B04,I053,Spoilage / Expired,0.38,0.3795,0.14
W03220,2026-04-24,B03,I038,Spoilage / Expired,1.938,0.3253,0.63
W03221,2026-04-24,B03,I055,Prep Error,0.042,4.337,0.18
W03222,2026-04-24,B03,I031,Spoilage / Expired,7.158,0.9758,6.98
W03223,2026-04-24,B03,I052,Spoilage / Expired,3.007,0.4879,1.47
W03224,2026-04-24,B04,I028,Spoilage / Expired,0.203,0.34,0.07
W03225,2026-04-24,B04,I034,Spoilage / Expired,0.342,2.819,0.96
W03226,2026-04-25,B01,I031,Spoilage / Expired,3.256,0.9758,3.18
W03227,2026-04-25,B01,I050,Prep Error,1.107,0.8674,0.96
W03228,2026-04-25,B03,I016,Dropped / Damaged,0.063,17.3478,1.09
W03229,2026-04-25,B03,I001,Dropped / Damaged,0.122,18.5188,2.26
W03230,2026-04-26,B01,I017,Spoilage / Expired,0.071,20.6005,1.46
W03231,2026-04-26,B02,I035,Over-production,0.683,0.9758,0.67
W03232,2026-04-26,B02,I031,Dropped / Damaged,1.456,0.9758,1.42
W03233,2026-04-26,B03,I052,Customer Return,2.953,0.4879,1.44
W03234,2026-04-26,B03,I031,Spoilage / Expired,0.872,0.9758,0.85
W03235,2026-04-26,B03,I001,Spoilage / Expired,0.096,18.5188,1.78
W03236,2026-04-26,B03,I031,Spoilage / Expired,3.121,0.9758,3.05
W03237,2026-04-26,B04,I050,Prep Error,0.32,0.8674,0.28
W03238,2026-04-27,B01,I038,Spoilage / Expired,0.338,0.3253,0.11
W03239,2026-04-27,B02,I031,Prep Error,2.267,0.9758,2.21
W03240,2026-04-27,B03,I052,Over-production,0.435,0.4879,0.21
W03241,2026-04-27,B03,I008,Over-production,0.082,7.2752,0.6
W03242,2026-04-27,B03,I075,Over-production,0.245,2.4938,0.61
W03243,2026-04-27,B04,I052,Spoilage / Expired,1.202,0.4879,0.59
W03244,2026-04-29,B01,I031,Customer Return,1.475,0.9758,1.44
W03245,2026-04-29,B01,I052,Spoilage / Expired,1.358,0.4879,0.66
W03246,2026-04-29,B01,I049,Customer Return,0.059,1.9516,0.12
W03247,2026-04-30,B01,I072,Customer Return,0.136,2.6022,0.35
W03248,2026-04-30,B03,I032,Spoilage / Expired,0.127,1.0842,0.14
W03249,2026-04-30,B03,I031,Prep Error,2.102,0.9758,2.05
W03250,2026-04-30,B03,I049,Over-production,0.057,1.9516,0.11
W03251,2026-04-30,B03,I052,Spoilage / Expired,0.758,0.4879,0.37
W03252,2026-04-30,B04,I038,Spoilage / Expired,2.299,0.3253,0.75
W03253,2026-05-01,B02,I064,Prep Error,0.449,1.5225,0.68
W03254,2026-05-01,B02,I050,Over-production,0.934,0.87,0.81
W03255,2026-05-01,B02,I038,Spoilage / Expired,1.033,0.3262,0.34
W03256,2026-05-01,B02,I052,Dropped / Damaged,1.916,0.4894,0.94
W03257,2026-05-01,B03,I066,Spoilage / Expired,0.171,5.4375,0.93
W03258,2026-05-01,B03,I031,Dropped / Damaged,1.692,0.9787,1.66
W03259,2026-05-01,B03,I031,Prep Error,3.232,0.9787,3.16
W03260,2026-05-01,B03,I051,Spoilage / Expired,0.439,3.8062,1.67
W03261,2026-05-01,B04,I064,Spoilage / Expired,0.825,1.5225,1.26
W03262,2026-05-02,B01,I028,Over-production,1.09,0.341,0.37
W03263,2026-05-02,B01,I054,Prep Error,0.036,0.3262,0.01
W03264,2026-05-02,B02,I072,Over-production,0.784,2.61,2.05
W03265,2026-05-02,B02,I031,Dropped / Damaged,6.093,0.9787,5.96
W03266,2026-05-02,B03,I031,Spoilage / Expired,1.972,0.9787,1.93
W03267,2026-05-02,B03,I031,Over-production,4.495,0.9787,4.4
W03268,2026-05-03,B02,I053,Prep Error,1.453,0.3806,0.55
W03269,2026-05-03,B02,I031,Over-production,1.203,0.9787,1.18
W03270,2026-05-03,B03,I007,Spoilage / Expired,0.221,9.9506,2.2
W03271,2026-05-03,B04,I031,Over-production,0.682,0.9787,0.67
W03272,2026-05-04,B01,I070,Spoilage / Expired,0.405,0.6525,0.26
W03273,2026-05-04,B01,I065,Spoilage / Expired,0.183,2.175,0.4
W03274,2026-05-04,B04,I055,Prep Error,0.056,4.35,0.24
W03275,2026-05-06,B01,I077,Spoilage / Expired,0.025,6.525,0.16
W03276,2026-05-06,B01,I031,Prep Error,0.625,0.9787,0.61
W03277,2026-05-06,B01,I042,Spoilage / Expired,0.101,2.7187,0.27
W03278,2026-05-06,B01,I006,Spoilage / Expired,0.066,11.2773,0.74
W03279,2026-05-06,B02,I031,Customer Return,4.055,0.9787,3.97
W03280,2026-05-06,B02,I038,Spoilage / Expired,2.358,0.3262,0.77
W03281,2026-05-06,B02,I007,Prep Error,0.032,9.9506,0.32
W03282,2026-05-06,B03,I053,Spoilage / Expired,0.656,0.3806,0.25
W03283,2026-05-06,B04,I031,Customer Return,0.941,0.9787,0.92
W03284,2026-05-06,B04,I038,Dropped / Damaged,0.14,0.3262,0.05
W03285,2026-05-07,B02,I038,Spoilage / Expired,0.586,0.3262,0.19
W03286,2026-05-07,B03,I042,Prep Error,0.053,2.7187,0.14
W03287,2026-05-07,B03,I053,Spoilage / Expired,0.41,0.3806,0.16
W03288,2026-05-07,B03,I053,Spoilage / Expired,0.736,0.3806,0.28
W03289,2026-05-07,B04,I038,Spoilage / Expired,0.783,0.3262,0.26
W03290,2026-05-07,B04,I052,Spoilage / Expired,1.523,0.4894,0.75
W03291,2026-05-08,B03,I031,Over-production,3.002,0.9787,2.94
W03292,2026-05-08,B03,I031,Spoilage / Expired,2.764,0.9787,2.71
W03293,2026-05-08,B03,I081,Spoilage / Expired,0.119,17.3999,2.07
W03294,2026-05-09,B02,I031,Spoilage / Expired,0.733,0.9787,0.72
W03295,2026-05-09,B03,I031,Prep Error,2.312,0.9787,2.26
W03296,2026-05-09,B03,I007,Prep Error,0.127,9.9506,1.26
W03297,2026-05-09,B03,I052,Prep Error,1.581,0.4894,0.77
W03298,2026-05-09,B04,I008,Spoilage / Expired,0.154,7.2971,1.12
W03299,2026-05-09,B04,I035,Customer Return,0.434,0.9787,0.42
W03300,2026-05-10,B01,I034,Customer Return,0.872,2.8275,2.47
W03301,2026-05-10,B02,I036,Prep Error,0.146,4.8937,0.71
W03302,2026-05-10,B02,I010,Customer Return,0.305,6.6337,2.02
W03303,2026-05-10,B03,I052,Over-production,2.142,0.4894,1.05
W03304,2026-05-11,B01,I031,Over-production,0.209,0.9787,0.2
W03305,2026-05-11,B01,I028,Spoilage / Expired,0.652,0.341,0.22
W03306,2026-05-11,B01,I062,Prep Error,0.01,4.8937,0.05
W03307,2026-05-11,B01,I038,Prep Error,0.46,0.3262,0.15
W03308,2026-05-11,B02,I035,Spoilage / Expired,0.302,0.9787,0.3
W03309,2026-05-11,B02,I052,Spoilage / Expired,0.399,0.4894,0.2
W03310,2026-05-11,B03,I035,Prep Error,0.331,0.9787,0.32
W03311,2026-05-11,B03,I050,Dropped / Damaged,0.396,0.87,0.34
W03312,2026-05-11,B03,I050,Over-production,0.329,0.87,0.29
W03313,2026-05-11,B03,I031,Prep Error,0.803,0.9787,0.79
W03314,2026-05-11,B03,I052,Spoilage / Expired,0.621,0.4894,0.3
W03315,2026-05-11,B03,I090,Prep Error,0.184,0.435,0.08
W03316,2026-05-13,B01,I051,Dropped / Damaged,0.035,3.8062,0.13
W03317,2026-05-13,B01,I052,Over-production,1.897,0.4894,0.93
W03318,2026-05-13,B03,I052,Prep Error,0.932,0.4894,0.46
W03319,2026-05-13,B03,I072,Prep Error,0.193,2.61,0.5
W03320,2026-05-13,B03,I052,Over-production,0.819,0.4894,0.4
W03321,2026-05-13,B04,I031,Spoilage / Expired,0.304,0.9787,0.3
W03322,2026-05-14,B01,I036,Dropped / Damaged,0.319,4.8937,1.56
W03323,2026-05-14,B01,I031,Over-production,2.508,0.9787,2.45
W03324,2026-05-14,B03,I050,Dropped / Damaged,0.648,0.87,0.56
W03325,2026-05-14,B03,I031,Over-production,2.418,0.9787,2.37
W03326,2026-05-14,B03,I031,Over-production,2.763,0.9787,2.7
W03327,2026-05-15,B01,I038,Customer Return,1.158,0.3262,0.38
W03328,2026-05-15,B02,I038,Over-production,4.925,0.3262,1.61
W03329,2026-05-15,B02,I007,Prep Error,0.433,9.9506,4.31
W03330,2026-05-15,B02,I038,Over-production,3.817,0.3262,1.25
W03331,2026-05-15,B03,I028,Over-production,0.891,0.341,0.3
W03332,2026-05-15,B03,I028,Customer Return,0.928,0.341,0.32
W03333,2026-05-15,B03,I031,Dropped / Damaged,1.37,0.9787,1.34
W03334,2026-05-15,B04,I031,Over-production,1.341,0.9787,1.31
W03335,2026-05-16,B03,I008,Spoilage / Expired,0.58,7.2971,4.23
W03336,2026-05-16,B04,I072,Over-production,0.901,2.61,2.35
W03337,2026-05-16,B04,I045,Dropped / Damaged,0.062,0.435,0.03
W03338,2026-05-17,B02,I031,Spoilage / Expired,3.675,0.9787,3.6
W03339,2026-05-17,B03,I028,Customer Return,1.808,0.341,0.62
W03340,2026-05-17,B03,I038,Customer Return,3.9,0.3262,1.27
W03341,2026-05-17,B03,I031,Over-production,2.401,0.9787,2.35
W03342,2026-05-18,B02,I032,Spoilage / Expired,0.078,1.0875,0.08
W03343,2026-05-18,B03,I038,Spoilage / Expired,2.179,0.3262,0.71
W03344,2026-05-18,B03,I052,Over-production,1.765,0.4894,0.86
W03345,2026-05-18,B03,I038,Dropped / Damaged,2.051,0.3262,0.67
W03346,2026-05-18,B04,I008,Prep Error,0.099,7.2971,0.72
W03347,2026-05-20,B01,I031,Spoilage / Expired,3.083,0.9787,3.02
W03348,2026-05-20,B02,I031,Spoilage / Expired,1.281,0.9787,1.25
W03349,2026-05-20,B03,I076,Spoilage / Expired,0.126,6.525,0.82
W03350,2026-05-20,B03,I031,Dropped / Damaged,2.854,0.9787,2.79
W03351,2026-05-20,B03,I035,Over-production,0.602,0.9787,0.59
W03352,2026-05-20,B04,I031,Spoilage / Expired,3.409,0.9787,3.34
W03353,2026-05-21,B01,I052,Spoilage / Expired,1.532,0.4894,0.75
W03354,2026-05-21,B03,I073,Over-production,0.253,3.2625,0.83
W03355,2026-05-22,B01,I072,Over-production,0.961,2.61,2.51
W03356,2026-05-22,B01,I077,Spoilage / Expired,0.165,6.525,1.08
W03357,2026-05-22,B01,I035,Over-production,0.858,0.9787,0.84
W03358,2026-05-22,B01,I036,Over-production,0.334,4.8937,1.63
W03359,2026-05-22,B03,I053,Spoilage / Expired,0.458,0.3806,0.17
W03360,2026-05-22,B04,I031,Customer Return,6.138,0.9787,6.01
W03361,2026-05-23,B01,I038,Over-production,2.015,0.3262,0.66
W03362,2026-05-23,B02,I028,Spoilage / Expired,1.217,0.341,0.41
W03363,2026-05-23,B02,I031,Over-production,2.867,0.9787,2.81
W03364,2026-05-23,B03,I090,Spoilage / Expired,0.399,0.435,0.17
W03365,2026-05-23,B03,I038,Over-production,1.416,0.3262,0.46
W03366,2026-05-23,B04,I052,Dropped / Damaged,1.013,0.4894,0.5
W03367,2026-05-24,B01,I031,Spoilage / Expired,2.331,0.9787,2.28
W03368,2026-05-24,B01,I081,Over-production,0.037,17.3999,0.64
W03369,2026-05-24,B02,I049,Dropped / Damaged,0.092,1.9575,0.18
W03370,2026-05-24,B02,I049,Spoilage / Expired,0.233,1.9575,0.46
W03371,2026-05-24,B02,I024,Prep Error,0.01,10.9619,0.11
W03372,2026-05-24,B02,I069,Over-production,0.022,6.525,0.14
W03373,2026-05-24,B03,I031,Prep Error,3.22,0.9787,3.15
W03374,2026-05-24,B03,I031,Customer Return,5.606,0.9787,5.49
W03375,2026-05-24,B03,I031,Over-production,5.858,0.9787,5.73
W03376,2026-05-25,B03,I036,Spoilage / Expired,0.034,4.8937,0.17
W03377,2026-05-25,B03,I031,Spoilage / Expired,0.326,0.9787,0.32
W03378,2026-05-25,B04,I008,Over-production,0.1,7.2971,0.73
W03379,2026-05-27,B03,I052,Over-production,1.064,0.4894,0.52
W03380,2026-05-28,B01,I038,Spoilage / Expired,1.7,0.3262,0.55
W03381,2026-05-28,B01,I028,Spoilage / Expired,1.803,0.341,0.61
W03382,2026-05-28,B03,I035,Spoilage / Expired,0.167,0.9787,0.16
W03383,2026-05-28,B04,I035,Over-production,0.25,0.9787,0.24
W03384,2026-05-29,B01,I053,Dropped / Damaged,0.195,0.3806,0.07
W03385,2026-05-29,B02,I031,Customer Return,5.375,0.9787,5.26
W03386,2026-05-29,B02,I031,Dropped / Damaged,1.731,0.9787,1.69
W03387,2026-05-29,B04,I052,Prep Error,1.435,0.4894,0.7
W03388,2026-05-30,B03,I031,Over-production,0.884,0.9787,0.87
W03389,2026-05-30,B03,I031,Spoilage / Expired,0.569,0.9787,0.56
W03390,2026-05-30,B04,I052,Prep Error,0.164,0.4894,0.08
W03391,2026-05-31,B01,I010,Over-production,0.124,6.6337,0.82
W03392,2026-05-31,B03,I031,Spoilage / Expired,3.425,0.9787,3.35
W03393,2026-05-31,B03,I075,Prep Error,0.105,2.5012,0.26
W03394,2026-05-31,B03,I021,Spoilage / Expired,0.173,8.5259,1.47
W03395,2026-05-31,B03,I073,Over-production,0.264,3.2625,0.86
W03396,2026-05-31,B03,I052,Customer Return,2.47,0.4894,1.21
W03397,2026-05-31,B04,I036,Over-production,0.165,4.8937,0.81
W03398,2026-05-31,B04,I028,Prep Error,0.7,0.341,0.24
W03399,2026-06-01,B01,I041,Spoilage / Expired,0.882,1.0908,0.96
W03400,2026-06-01,B02,I050,Over-production,1.094,0.8726,0.95
W03401,2026-06-01,B03,I052,Dropped / Damaged,0.967,0.4908,0.47
W03402,2026-06-01,B03,I031,Spoilage / Expired,2.768,0.9817,2.72
W03403,2026-06-01,B03,I031,Prep Error,1.37,0.9817,1.34
W03404,2026-06-01,B03,I031,Over-production,1.899,0.9817,1.86
W03405,2026-06-01,B03,I053,Dropped / Damaged,0.085,0.3818,0.03
W03406,2026-06-01,B03,I031,Spoilage / Expired,2.723,0.9817,2.67
W03407,2026-06-01,B03,I080,Over-production,0.19,9.2714,1.76
W03408,2026-06-01,B04,I023,Spoilage / Expired,0.015,1.3438,0.02
W03409,2026-06-01,B04,I053,Spoilage / Expired,0.19,0.3818,0.07
W03410,2026-06-01,B04,I051,Spoilage / Expired,0.059,3.8176,0.23
W03411,2026-06-01,B04,I021,Over-production,0.014,8.5515,0.12
W03412,2026-06-03,B01,I072,Spoilage / Expired,0.856,2.6178,2.24
W03413,2026-06-03,B01,I052,Spoilage / Expired,2.864,0.4908,1.41
W03414,2026-06-03,B01,I061,Customer Return,0.125,6.5445,0.82
W03415,2026-06-03,B02,I035,Dropped / Damaged,0.179,0.9817,0.18
W03416,2026-06-03,B02,I019,Dropped / Damaged,0.067,11.9983,0.8
W03417,2026-06-03,B03,I031,Prep Error,1.905,0.9817,1.87
W03418,2026-06-03,B03,I021,Spoilage / Expired,0.201,8.5515,1.72
W03419,2026-06-03,B04,I050,Dropped / Damaged,0.218,0.8726,0.19
W03420,2026-06-04,B03,I049,Dropped / Damaged,0.104,1.9634,0.2
W03421,2026-06-04,B03,I050,Over-production,0.595,0.8726,0.52
W03422,2026-06-04,B03,I046,Spoilage / Expired,0.076,3.4904,0.27
W03423,2026-06-04,B03,I052,Spoilage / Expired,0.896,0.4908,0.44
W03424,2026-06-04,B04,I032,Over-production,0.1,1.0908,0.11
W03425,2026-06-05,B01,I065,Spoilage / Expired,0.062,2.1815,0.14
W03426,2026-06-05,B02,I052,Over-production,3.256,0.4908,1.6
W03427,2026-06-05,B03,I031,Prep Error,5.61,0.9817,5.51
W03428,2026-06-05,B03,I028,Dropped / Damaged,0.299,0.3421,0.1
W03429,2026-06-05,B03,I028,Spoilage / Expired,0.517,0.3421,0.18
W03430,2026-06-05,B03,I031,Prep Error,3.599,0.9817,3.53
W03431,2026-06-06,B03,I038,Over-production,3.397,0.3272,1.11
W03432,2026-06-06,B03,I028,Spoilage / Expired,2.252,0.3421,0.77
W03433,2026-06-07,B01,I007,Dropped / Damaged,0.328,9.9804,3.27
W03434,2026-06-07,B01,I050,Spoilage / Expired,1.098,0.8726,0.96
W03435,2026-06-07,B01,I072,Over-production,0.291,2.6178,0.76
W03436,2026-06-07,B01,I079,Dropped / Damaged,0.272,10.3622,2.82
W03437,2026-06-07,B01,I031,Dropped / Damaged,6.72,0.9817,6.6
W03438,2026-06-07,B02,I042,Over-production,0.101,2.7269,0.28
W03439,2026-06-07,B03,I088,Spoilage / Expired,0.012,6.5445,0.08
W03440,2026-06-07,B03,I010,Spoilage / Expired,0.172,6.6536,1.14
W03441,2026-06-07,B04,I058,Dropped / Damaged,0.37,2.1815,0.81
W03442,2026-06-07,B04,I080,Customer Return,0.331,9.2714,3.07
W03443,2026-06-07,B04,I038,Spoilage / Expired,1.597,0.3272,0.52
W03444,2026-06-08,B01,I038,Prep Error,0.797,0.3272,0.26
W03445,2026-06-08,B02,I031,Over-production,0.589,0.9817,0.58
W03446,2026-06-08,B03,I002,Prep Error,0.061,37.2602,2.27
W03447,2026-06-10,B02,I080,Over-production,0.266,9.2714,2.47
W03448,2026-06-10,B03,I052,Spoilage / Expired,1.314,0.4908,0.64
W03449,2026-06-10,B04,I058,Spoilage / Expired,0.026,2.1815,0.06
W03450,2026-06-11,B01,I023,Spoilage / Expired,0.069,1.3438,0.09
W03451,2026-06-11,B02,I090,Prep Error,0.27,0.4363,0.12
W03452,2026-06-11,B03,I049,Customer Return,0.155,1.9634,0.3
W03453,2026-06-12,B01,I031,Over-production,0.74,0.9817,0.73
W03454,2026-06-12,B02,I038,Dropped / Damaged,1.131,0.3272,0.37
W03455,2026-06-12,B03,I088,Prep Error,0.06,6.5445,0.39
W03456,2026-06-12,B04,I074,Spoilage / Expired,0.388,3.0541,1.18
W03457,2026-06-13,B02,I031,Spoilage / Expired,3.589,0.9817,3.52
W03458,2026-06-13,B02,I074,Customer Return,0.26,3.0541,0.79
W03459,2026-06-13,B02,I035,Customer Return,1.635,0.9817,1.61
W03460,2026-06-13,B03,I091,Spoilage / Expired,0.187,2.3997,0.45
W03461,2026-06-13,B04,I052,Over-production,2.7,0.4908,1.33
W03462,2026-06-13,B04,I022,Dropped / Damaged,0.221,4.8866,1.08
W03463,2026-06-14,B02,I038,Spoilage / Expired,1.607,0.3272,0.53
W03464,2026-06-14,B03,I038,Over-production,1.197,0.3272,0.39
W03465,2026-06-14,B03,I070,Spoilage / Expired,0.728,0.6545,0.48
W03466,2026-06-14,B04,I077,Over-production,0.13,6.5445,0.85
W03467,2026-06-14,B04,I031,Spoilage / Expired,3.516,0.9817,3.45
W03468,2026-06-15,B01,I053,Spoilage / Expired,0.436,0.3818,0.17
W03469,2026-06-15,B01,I031,Spoilage / Expired,1.965,0.9817,1.93
W03470,2026-06-15,B02,I028,Over-production,0.934,0.3421,0.32
W03471,2026-06-15,B03,I053,Customer Return,1.173,0.3818,0.45
W03472,2026-06-15,B03,I065,Prep Error,0.178,2.1815,0.39
W03473,2026-06-15,B03,I053,Over-production,1.328,0.3818,0.51
W03474,2026-06-15,B03,I002,Spoilage / Expired,0.032,37.2602,1.19
W03475,2026-06-15,B03,I046,Spoilage / Expired,0.203,3.4904,0.71
W03476,2026-06-15,B04,I052,Dropped / Damaged,2.502,0.4908,1.23
W03477,2026-06-15,B04,I073,Prep Error,0.103,3.2723,0.34
W03478,2026-06-15,B04,I052,Spoilage / Expired,1.013,0.4908,0.5
W03479,2026-06-17,B01,I028,Over-production,1.118,0.3421,0.38
W03480,2026-06-17,B01,I090,Spoilage / Expired,0.449,0.4363,0.2
W03481,2026-06-17,B02,I052,Spoilage / Expired,3.39,0.4908,1.66
W03482,2026-06-17,B03,I038,Over-production,1.398,0.3272,0.46
W03483,2026-06-17,B03,I043,Customer Return,0.01,0.9817,0.01
W03484,2026-06-17,B04,I038,Over-production,0.548,0.3272,0.18
W03485,2026-06-17,B04,I042,Over-production,0.185,2.7269,0.5
W03486,2026-06-18,B01,I028,Over-production,0.723,0.3421,0.25
W03487,2026-06-18,B02,I031,Over-production,2.072,0.9817,2.03
W03488,2026-06-19,B01,I028,Spoilage / Expired,0.594,0.3421,0.2
W03489,2026-06-19,B01,I052,Spoilage / Expired,1.916,0.4908,0.94
W03490,2026-06-19,B03,I052,Dropped / Damaged,1.017,0.4908,0.5
W03491,2026-06-19,B03,I028,Prep Error,1.932,0.3421,0.66
W03492,2026-06-19,B03,I021,Customer Return,0.282,8.5515,2.41
W03493,2026-06-20,B03,I031,Over-production,1.509,0.9817,1.48
W03494,2026-06-20,B03,I038,Over-production,1.369,0.3272,0.45
W03495,2026-06-20,B03,I050,Prep Error,0.326,0.8726,0.28
W03496,2026-06-20,B03,I023,Spoilage / Expired,0.202,1.3438,0.27
W03497,2026-06-21,B01,I038,Spoilage / Expired,2.188,0.3272,0.72
W03498,2026-06-21,B01,I064,Over-production,0.475,1.5271,0.73
W03499,2026-06-21,B02,I028,Spoilage / Expired,3.058,0.3421,1.05
W03500,2026-06-21,B03,I053,Over-production,0.357,0.3818,0.14
W03501,2026-06-21,B03,I032,Over-production,1.147,1.0908,1.25
W03502,2026-06-21,B03,I031,Spoilage / Expired,5.305,0.9817,5.21
W03503,2026-06-21,B03,I052,Dropped / Damaged,2.034,0.4908,1.0
W03504,2026-06-21,B04,I075,Dropped / Damaged,0.403,2.5087,1.01
W03505,2026-06-21,B04,I072,Spoilage / Expired,0.364,2.6178,0.95
W03506,2026-06-22,B03,I038,Prep Error,0.254,0.3272,0.08
W03507,2026-06-22,B03,I038,Over-production,0.256,0.3272,0.08
W03508,2026-06-24,B01,I052,Prep Error,1.608,0.4908,0.79
W03509,2026-06-24,B02,I028,Spoilage / Expired,0.584,0.3421,0.2
W03510,2026-06-24,B02,I028,Prep Error,0.309,0.3421,0.11
W03511,2026-06-24,B02,I031,Over-production,4.113,0.9817,4.04
W03512,2026-06-25,B04,I027,Spoilage / Expired,0.047,3.9093,0.18
W03513,2026-06-25,B04,I052,Over-production,3.083,0.4908,1.51
W03514,2026-06-26,B01,I031,Over-production,2.65,0.9817,2.6
W03515,2026-06-26,B01,I032,Prep Error,0.108,1.0908,0.12
W03516,2026-06-26,B01,I050,Prep Error,0.234,0.8726,0.2
W03517,2026-06-26,B01,I073,Prep Error,0.347,3.2723,1.14
W03518,2026-06-26,B01,I076,Over-production,0.031,6.5445,0.2
W03519,2026-06-27,B01,I056,Over-production,0.066,1.1998,0.08
W03520,2026-06-27,B02,I053,Spoilage / Expired,0.816,0.3818,0.31
W03521,2026-06-27,B03,I052,Dropped / Damaged,4.432,0.4908,2.18
W03522,2026-06-27,B03,I016,Over-production,0.035,17.4521,0.61
W03523,2026-06-27,B04,I031,Over-production,3.16,0.9817,3.1
W03524,2026-06-27,B04,I053,Spoilage / Expired,0.929,0.3818,0.35
W03525,2026-06-28,B01,I031,Customer Return,2.805,0.9817,2.75
W03526,2026-06-28,B02,I006,Prep Error,0.11,11.3111,1.24
W03527,2026-06-28,B03,I031,Over-production,3.77,0.9817,3.7
W03528,2026-06-28,B04,I050,Spoilage / Expired,1.279,0.8726,1.12
W03529,2026-06-29,B01,I051,Dropped / Damaged,0.078,3.8176,0.3
W03530,2026-06-29,B01,I031,Over-production,0.915,0.9817,0.9
W03531,2026-06-29,B02,I031,Over-production,1.625,0.9817,1.6
W03532,2026-06-29,B03,I010,Over-production,0.163,6.6536,1.08
W03533,2026-06-29,B03,I038,Prep Error,1.049,0.3272,0.34
W03534,2026-06-29,B03,I042,Over-production,0.103,2.7269,0.28
W03535,2026-06-29,B03,I052,Over-production,1.621,0.4908,0.8
W03536,2026-06-29,B04,I079,Customer Return,0.262,10.3622,2.71
W03537,2026-07-01,B01,I028,Spoilage / Expired,0.287,0.3431,0.1
W03538,2026-07-01,B02,I070,Over-production,0.167,0.6564,0.11
W03539,2026-07-01,B02,I041,Over-production,1.924,1.094,2.1
W03540,2026-07-01,B02,I041,Over-production,0.777,1.094,0.85
W03541,2026-07-01,B03,I050,Over-production,0.41,0.8752,0.36
W03542,2026-07-01,B03,I090,Prep Error,0.8,0.4376,0.35
W03543,2026-07-01,B03,I021,Over-production,0.181,8.5772,1.55
W03544,2026-07-02,B02,I079,Spoilage / Expired,0.274,10.3933,2.85
W03545,2026-07-02,B03,I061,Prep Error,0.121,6.5642,0.79
W03546,2026-07-02,B03,I052,Over-production,0.931,0.4923,0.46
W03547,2026-07-02,B03,I049,Over-production,0.063,1.9692,0.12
W03548,2026-07-02,B03,I038,Spoilage / Expired,2.764,0.3282,0.91
W03549,2026-07-02,B03,I090,Over-production,0.301,0.4376,0.13
W03550,2026-07-02,B03,I031,Spoilage / Expired,1.193,0.9846,1.17
W03551,2026-07-03,B01,I053,Spoilage / Expired,0.467,0.3829,0.18
W03552,2026-07-03,B01,I031,Spoilage / Expired,3.512,0.9846,3.46
W03553,2026-07-03,B02,I052,Spoilage / Expired,3.783,0.4923,1.86
W03554,2026-07-03,B03,I031,Spoilage / Expired,4.091,0.9846,4.03
W03555,2026-07-03,B03,I058,Spoilage / Expired,0.679,2.1881,1.49
W03556,2026-07-03,B03,I074,Spoilage / Expired,0.249,3.0633,0.76
W03557,2026-07-03,B03,I038,Over-production,1.556,0.3282,0.51
W03558,2026-07-03,B04,I035,Dropped / Damaged,0.676,0.9846,0.67
W03559,2026-07-03,B04,I031,Spoilage / Expired,1.303,0.9846,1.28
W03560,2026-07-04,B01,I052,Prep Error,3.105,0.4923,1.53
W03561,2026-07-04,B01,I031,Prep Error,2.975,0.9846,2.93
W03562,2026-07-04,B04,I036,Spoilage / Expired,0.577,4.9231,2.84
W03563,2026-07-05,B01,I051,Spoilage / Expired,0.212,3.8291,0.81
W03564,2026-07-05,B02,I050,Spoilage / Expired,1.115,0.8752,0.98
W03565,2026-07-05,B03,I053,Over-production,0.604,0.3829,0.23
W03566,2026-07-06,B02,I031,Prep Error,0.198,0.9846,0.19
W03567,2026-07-06,B03,I052,Over-production,3.122,0.4923,1.54
W03568,2026-07-06,B03,I058,Spoilage / Expired,0.148,2.1881,0.32
W03569,2026-07-06,B03,I034,Prep Error,0.186,2.8445,0.53
W03570,2026-07-06,B03,I006,Spoilage / Expired,0.23,11.3451,2.61
W03571,2026-07-06,B03,I052,Prep Error,1.529,0.4923,0.75
W03572,2026-07-06,B04,I061,Over-production,0.195,6.5642,1.28
W03573,2026-07-06,B04,I008,Spoilage / Expired,0.366,7.3409,2.69
W03574,2026-07-08,B01,I052,Spoilage / Expired,0.314,0.4923,0.15
W03575,2026-07-08,B02,I052,Over-production,5.738,0.4923,2.82
W03576,2026-07-08,B02,I052,Over-production,7.132,0.4923,3.51
W03577,2026-07-08,B02,I052,Spoilage / Expired,7.516,0.4923,3.7
W03578,2026-07-08,B02,I038,Over-production,0.443,0.3282,0.15
W03579,2026-07-08,B03,I032,Prep Error,0.573,1.094,0.63
W03580,2026-07-08,B03,I038,Prep Error,0.685,0.3282,0.22
W03581,2026-07-08,B04,I031,Spoilage / Expired,0.726,0.9846,0.71
W03582,2026-07-08,B04,I056,Over-production,0.064,1.2034,0.08
W03583,2026-07-09,B02,I080,Spoilage / Expired,0.303,9.2992,2.82
W03584,2026-07-09,B02,I024,Over-production,0.01,11.0278,0.11
W03585,2026-07-09,B04,I031,Dropped / Damaged,1.383,0.9846,1.36
W03586,2026-07-10,B01,I050,Over-production,0.77,0.8752,0.67
W03587,2026-07-10,B02,I074,Spoilage / Expired,0.442,3.0633,1.35
W03588,2026-07-10,B02,I050,Spoilage / Expired,0.61,0.8752,0.53
W03589,2026-07-10,B02,I052,Spoilage / Expired,1.306,0.4923,0.64
W03590,2026-07-10,B03,I035,Spoilage / Expired,0.188,0.9846,0.19
W03591,2026-07-10,B03,I007,Spoilage / Expired,0.142,10.0103,1.42
W03592,2026-07-10,B03,I052,Over-production,1.05,0.4923,0.52
W03593,2026-07-11,B03,I006,Prep Error,0.3,11.3451,3.4
W03594,2026-07-11,B03,I052,Dropped / Damaged,3.616,0.4923,1.78
W03595,2026-07-12,B02,I070,Prep Error,0.487,0.6564,0.32
W03596,2026-07-12,B02,I006,Over-production,0.241,11.3451,2.73
W03597,2026-07-12,B03,I035,Spoilage / Expired,0.266,0.9846,0.26
W03598,2026-07-12,B03,I050,Prep Error,0.958,0.8752,0.84
W03599,2026-07-12,B04,I038,Over-production,0.758,0.3282,0.25
W03600,2026-07-13,B01,I052,Customer Return,0.365,0.4923,0.18
W03601,2026-07-13,B02,I065,Over-production,0.084,2.1881,0.18
W03602,2026-07-13,B03,I091,Over-production,0.112,2.4069,0.27
W03603,2026-07-13,B03,I058,Spoilage / Expired,0.101,2.1881,0.22
W03604,2026-07-15,B02,I038,Prep Error,0.591,0.3282,0.19
W03605,2026-07-15,B04,I038,Spoilage / Expired,0.513,0.3282,0.17
W03606,2026-07-16,B01,I031,Spoilage / Expired,1.709,0.9846,1.68
W03607,2026-07-16,B02,I038,Over-production,0.504,0.3282,0.17
W03608,2026-07-16,B03,I038,Over-production,0.331,0.3282,0.11
W03609,2026-07-16,B03,I038,Spoilage / Expired,0.325,0.3282,0.11
W03610,2026-07-17,B01,I061,Spoilage / Expired,0.204,6.5642,1.34
W03611,2026-07-17,B02,I031,Customer Return,4.192,0.9846,4.13
W03612,2026-07-17,B02,I074,Spoilage / Expired,0.219,3.0633,0.67
W03613,2026-07-17,B03,I006,Dropped / Damaged,0.298,11.3451,3.38
W03614,2026-07-17,B04,I052,Spoilage / Expired,0.777,0.4923,0.38
W03615,2026-07-17,B04,I090,Over-production,0.578,0.4376,0.25
W03616,2026-07-17,B04,I049,Dropped / Damaged,0.064,1.9692,0.13
W03617,2026-07-18,B01,I056,Dropped / Damaged,0.197,1.2034,0.24
W03618,2026-07-18,B01,I035,Customer Return,0.271,0.9846,0.27
W03619,2026-07-18,B02,I038,Spoilage / Expired,3.562,0.3282,1.17
W03620,2026-07-18,B02,I031,Over-production,2.821,0.9846,2.78
W03621,2026-07-18,B03,I090,Prep Error,0.088,0.4376,0.04
W03622,2026-07-18,B03,I053,Over-production,0.771,0.3829,0.3
W03623,2026-07-18,B03,I052,Prep Error,3.891,0.4923,1.92
W03624,2026-07-18,B04,I052,Over-production,3.774,0.4923,1.86
W03625,2026-07-19,B02,I002,Over-production,0.09,37.372,3.36
W03626,2026-07-20,B01,I050,Spoilage / Expired,0.3,0.8752,0.26
W03627,2026-07-20,B02,I031,Spoilage / Expired,1.015,0.9846,1.0
W03628,2026-07-20,B04,I031,Over-production,2.242,0.9846,2.21
W03629,2026-07-20,B04,I052,Spoilage / Expired,1.59,0.4923,0.78
W03630,2026-07-20,B04,I006,Customer Return,0.31,11.3451,3.52
W03631,2026-07-20,B04,I053,Over-production,0.445,0.3829,0.17
W03632,2026-07-22,B01,I052,Prep Error,1.382,0.4923,0.68
W03633,2026-07-22,B01,I031,Spoilage / Expired,1.733,0.9846,1.71
W03634,2026-07-22,B01,I038,Spoilage / Expired,0.762,0.3282,0.25
W03635,2026-07-22,B03,I031,Over-production,2.067,0.9846,2.04
W03636,2026-07-22,B04,I074,Prep Error,0.436,3.0633,1.34
W03637,2026-07-23,B01,I041,Customer Return,0.255,1.094,0.28
W03638,2026-07-23,B01,I035,Over-production,0.47,0.9846,0.46
W03639,2026-07-23,B02,I038,Spoilage / Expired,2.758,0.3282,0.91
W03640,2026-07-23,B02,I031,Over-production,4.396,0.9846,4.33
W03641,2026-07-23,B03,I052,Prep Error,0.668,0.4923,0.33
W03642,2026-07-23,B03,I034,Over-production,0.144,2.8445,0.41
W03643,2026-07-23,B03,I040,Over-production,0.01,0.8752,0.01
W03644,2026-07-23,B04,I021,Spoilage / Expired,0.135,8.5772,1.16
W03645,2026-07-23,B04,I028,Customer Return,4.496,0.3431,1.54
W03646,2026-07-24,B01,I038,Dropped / Damaged,0.861,0.3282,0.28
W03647,2026-07-24,B01,I031,Over-production,2.419,0.9846,2.38
W03648,2026-07-24,B02,I052,Spoilage / Expired,2.496,0.4923,1.23
W03649,2026-07-24,B03,I038,Customer Return,1.122,0.3282,0.37
W03650,2026-07-24,B03,I038,Over-production,1.018,0.3282,0.33
W03651,2026-07-24,B03,I058,Prep Error,0.332,2.1881,0.73
W03652,2026-07-24,B03,I035,Customer Return,0.16,0.9846,0.16
W03653,2026-07-25,B01,I031,Prep Error,2.604,0.9846,2.56
W03654,2026-07-25,B01,I021,Spoilage / Expired,0.574,8.5772,4.92
W03655,2026-07-25,B02,I004,Prep Error,0.014,64.0662,0.9
W03656,2026-07-25,B02,I023,Over-production,0.103,1.3478,0.14
W03657,2026-07-25,B02,I038,Prep Error,3.881,0.3282,1.27
W03658,2026-07-25,B02,I007,Over-production,0.034,10.0103,0.34
W03659,2026-07-25,B03,I006,Customer Return,0.615,11.3451,6.98
W03660,2026-07-25,B04,I073,Spoilage / Expired,0.584,3.2821,1.92
W03661,2026-07-26,B02,I038,Prep Error,0.259,0.3282,0.09
W03662,2026-07-26,B04,I052,Over-production,5.387,0.4923,2.65
W03663,2026-07-26,B04,I023,Prep Error,0.107,1.3478,0.14
W03664,2026-07-27,B01,I028,Over-production,0.391,0.3431,0.13
W03665,2026-07-27,B01,I038,Spoilage / Expired,0.934,0.3282,0.31
W03666,2026-07-27,B02,I034,Customer Return,0.051,2.8445,0.15
W03667,2026-07-27,B02,I031,Over-production,1.47,0.9846,1.45
W03668,2026-07-27,B03,I031,Spoilage / Expired,0.383,0.9846,0.38
W03669,2026-07-27,B04,I031,Over-production,3.855,0.9846,3.8
W03670,2026-07-27,B04,I031,Prep Error,5.11,0.9846,5.03
W03671,2026-07-27,B04,I038,Spoilage / Expired,1.8,0.3282,0.59
W03672,2026-07-29,B02,I010,Spoilage / Expired,0.196,6.6736,1.31
W03673,2026-07-29,B03,I050,Dropped / Damaged,1.718,0.8752,1.5
W03674,2026-07-29,B03,I091,Over-production,0.174,2.4069,0.42
W03675,2026-07-29,B04,I035,Over-production,0.36,0.9846,0.35
W03676,2026-07-29,B04,I008,Prep Error,0.197,7.3409,1.45
W03677,2026-07-30,B01,I051,Over-production,0.09,3.8291,0.34
W03678,2026-07-30,B01,I072,Over-production,0.993,2.6257,2.61
W03679,2026-07-30,B03,I050,Spoilage / Expired,0.087,0.8752,0.08
W03680,2026-07-30,B03,I075,Dropped / Damaged,0.156,2.5163,0.39
W03681,2026-07-31,B01,I050,Customer Return,0.747,0.8752,0.65
W03682,2026-07-31,B01,I080,Spoilage / Expired,0.314,9.2992,2.92
W03683,2026-07-31,B02,I006,Spoilage / Expired,1.213,11.3451,13.76
W03684,2026-07-31,B03,I010,Customer Return,0.269,6.6736,1.8
W03685,2026-07-31,B03,I016,Spoilage / Expired,0.162,17.5044,2.84
W03686,2026-07-31,B03,I050,Spoilage / Expired,1.963,0.8752,1.72
W03687,2026-07-31,B03,I091,Customer Return,0.25,2.4069,0.6
W03688,2026-07-31,B03,I088,Spoilage / Expired,0.048,6.5642,0.32
W03689,2026-07-31,B04,I028,Prep Error,0.666,0.3431,0.23
W03690,2026-07-31,B04,I077,Spoilage / Expired,0.082,6.5642,0.54
W03691,2026-08-01,B02,I016,Dropped / Damaged,0.157,17.5569,2.76
W03692,2026-08-01,B02,I036,Prep Error,0.214,4.9379,1.06
W03693,2026-08-01,B03,I038,Spoilage / Expired,0.502,0.3292,0.17
W03694,2026-08-02,B02,I038,Dropped / Damaged,2.692,0.3292,0.89
W03695,2026-08-02,B03,I031,Over-production,1.801,0.9876,1.78
W03696,2026-08-02,B03,I006,Over-production,0.3,11.3791,3.41
W03697,2026-08-03,B01,I058,Spoilage / Expired,0.067,2.1946,0.15
W03698,2026-08-03,B01,I031,Spoilage / Expired,0.31,0.9876,0.31
W03699,2026-08-03,B01,I052,Spoilage / Expired,0.255,0.4938,0.13
W03700,2026-08-03,B01,I075,Over-production,0.196,2.5238,0.49
W03701,2026-08-03,B02,I050,Prep Error,0.679,0.8778,0.6
W03702,2026-08-03,B02,I010,Spoilage / Expired,0.31,6.6936,2.08
W03703,2026-08-03,B03,I065,Spoilage / Expired,0.11,2.1946,0.24
W03704,2026-08-03,B03,I028,Over-production,0.933,0.3441,0.32
W03705,2026-08-03,B03,I028,Spoilage / Expired,1.424,0.3441,0.49
W03706,2026-08-03,B04,I031,Dropped / Damaged,0.356,0.9876,0.35
W03707,2026-08-05,B01,I052,Prep Error,1.455,0.4938,0.72
W03708,2026-08-05,B01,I091,Over-production,0.103,2.4141,0.25
W03709,2026-08-05,B01,I080,Spoilage / Expired,0.149,9.3271,1.39
W03710,2026-08-05,B01,I031,Over-production,1.352,0.9876,1.34
W03711,2026-08-05,B02,I031,Dropped / Damaged,3.686,0.9876,3.64
W03712,2026-08-05,B03,I027,Spoilage / Expired,0.075,3.9328,0.29
W03713,2026-08-05,B03,I051,Over-production,0.318,3.8406,1.22
W03714,2026-08-05,B04,I035,Dropped / Damaged,0.278,0.9876,0.27
W03715,2026-08-06,B01,I073,Dropped / Damaged,0.417,3.2919,1.37
W03716,2026-08-06,B01,I031,Customer Return,1.802,0.9876,1.78
W03717,2026-08-06,B01,I031,Over-production,2.946,0.9876,2.91
W03718,2026-08-06,B01,I072,Over-production,0.954,2.6335,2.51
W03719,2026-08-06,B03,I031,Over-production,4.268,0.9876,4.22
W03720,2026-08-06,B03,I028,Dropped / Damaged,2.169,0.3441,0.75
W03721,2026-08-06,B03,I028,Spoilage / Expired,2.009,0.3441,0.69
W03722,2026-08-06,B03,I038,Over-production,1.017,0.3292,0.33
W03723,2026-08-06,B04,I031,Customer Return,2.192,0.9876,2.16
W03724,2026-08-07,B02,I061,Prep Error,0.26,6.5839,1.71
W03725,2026-08-07,B03,I041,Spoilage / Expired,0.645,1.0973,0.71
W03726,2026-08-07,B03,I036,Over-production,0.079,4.9379,0.39
W03727,2026-08-07,B03,I041,Prep Error,0.944,1.0973,1.04
W03728,2026-08-07,B04,I051,Over-production,0.043,3.8406,0.17
W03729,2026-08-07,B04,I031,Spoilage / Expired,5.846,0.9876,5.77
W03730,2026-08-08,B03,I042,Spoilage / Expired,0.209,2.7433,0.57
W03731,2026-08-08,B03,I038,Prep Error,0.473,0.3292,0.16
W03732,2026-08-08,B03,I052,Spoilage / Expired,1.101,0.4938,0.54
W03733,2026-08-08,B03,I041,Customer Return,0.53,1.0973,0.58
W03734,2026-08-09,B01,I023,Prep Error,0.045,1.3519,0.06
W03735,2026-08-09,B01,I038,Customer Return,1.471,0.3292,0.48
W03736,2026-08-09,B03,I038,Prep Error,6.779,0.3292,2.23
W03737,2026-08-10,B01,I028,Over-production,0.693,0.3441,0.24
W03738,2026-08-10,B02,I028,Spoilage / Expired,2.71,0.3441,0.93
W03739,2026-08-10,B02,I028,Spoilage / Expired,2.623,0.3441,0.9
W03740,2026-08-10,B02,I038,Spoilage / Expired,0.733,0.3292,0.24
W03741,2026-08-10,B03,I091,Over-production,0.551,2.4141,1.33
W03742,2026-08-10,B03,I065,Spoilage / Expired,0.153,2.1946,0.34
W03743,2026-08-10,B03,I061,Spoilage / Expired,0.098,6.5839,0.65
W03744,2026-08-10,B03,I048,Prep Error,0.182,2.6335,0.48
W03745,2026-08-10,B03,I023,Prep Error,0.116,1.3519,0.16
W03746,2026-08-12,B01,I031,Over-production,2.262,0.9876,2.23
W03747,2026-08-12,B01,I041,Spoilage / Expired,0.023,1.0973,0.03
W03748,2026-08-12,B01,I031,Spoilage / Expired,2.746,0.9876,2.71
W03749,2026-08-12,B02,I052,Customer Return,2.535,0.4938,1.25
W03750,2026-08-12,B02,I052,Spoilage / Expired,2.859,0.4938,1.41
W03751,2026-08-12,B03,I075,Prep Error,0.12,2.5238,0.3
W03752,2026-08-12,B03,I053,Prep Error,1.242,0.3841,0.48
W03753,2026-08-12,B04,I028,Prep Error,0.233,0.3441,0.08
W03754,2026-08-12,B04,I038,Prep Error,1.365,0.3292,0.45
W03755,2026-08-13,B01,I050,Spoilage / Expired,0.61,0.8778,0.54
W03756,2026-08-13,B01,I067,Spoilage / Expired,0.02,4.9379,0.1
W03757,2026-08-13,B03,I052,Over-production,0.239,0.4938,0.12
W03758,2026-08-13,B03,I053,Customer Return,0.406,0.3841,0.16
W03759,2026-08-13,B04,I028,Over-production,0.775,0.3441,0.27
W03760,2026-08-13,B04,I042,Over-production,0.195,2.7433,0.53
W03761,2026-08-13,B04,I072,Over-production,0.238,2.6335,0.63
W03762,2026-08-13,B04,I038,Spoilage / Expired,6.274,0.3292,2.07
W03763,2026-08-14,B01,I031,Spoilage / Expired,0.862,0.9876,0.85
W03764,2026-08-14,B02,I031,Over-production,2.082,0.9876,2.06
W03765,2026-08-14,B02,I052,Customer Return,2.419,0.4938,1.19
W03766,2026-08-14,B03,I031,Spoilage / Expired,1.111,0.9876,1.1
W03767,2026-08-14,B04,I041,Over-production,1.281,1.0973,1.41
W03768,2026-08-14,B04,I052,Prep Error,4.378,0.4938,2.16
W03769,2026-08-14,B04,I058,Over-production,0.258,2.1946,0.57
W03770,2026-08-14,B04,I031,Over-production,9.232,0.9876,9.12
W03771,2026-08-15,B01,I038,Over-production,4.334,0.3292,1.43
W03772,2026-08-15,B01,I021,Prep Error,0.252,8.6029,2.17
W03773,2026-08-15,B02,I052,Over-production,1.178,0.4938,0.58
W03774,2026-08-15,B02,I031,Spoilage / Expired,2.963,0.9876,2.93
W03775,2026-08-15,B03,I052,Dropped / Damaged,2.279,0.4938,1.13
W03776,2026-08-15,B03,I073,Spoilage / Expired,0.073,3.2919,0.24
W03777,2026-08-16,B03,I038,Over-production,3.191,0.3292,1.05
W03778,2026-08-16,B03,I031,Dropped / Damaged,0.629,0.9876,0.62
W03779,2026-08-16,B03,I007,Spoilage / Expired,0.14,10.0404,1.41
W03780,2026-08-16,B03,I016,Spoilage / Expired,0.057,17.5569,1.0
W03781,2026-08-16,B03,I038,Prep Error,1.226,0.3292,0.4
W03782,2026-08-16,B04,I052,Over-production,4.836,0.4938,2.39
W03783,2026-08-16,B04,I024,Dropped / Damaged,0.022,11.0609,0.24
W03784,2026-08-17,B01,I052,Customer Return,0.811,0.4938,0.4
W03785,2026-08-17,B01,I072,Over-production,0.074,2.6335,0.19
W03786,2026-08-17,B02,I052,Dropped / Damaged,0.952,0.4938,0.47
W03787,2026-08-17,B02,I038,Spoilage / Expired,1.073,0.3292,0.35
W03788,2026-08-17,B02,I038,Spoilage / Expired,1.721,0.3292,0.57
W03789,2026-08-17,B03,I035,Spoilage / Expired,0.086,0.9876,0.08
W03790,2026-08-17,B03,I052,Over-production,1.414,0.4938,0.7
W03791,2026-08-17,B03,I035,Prep Error,0.161,0.9876,0.16
W03792,2026-08-17,B04,I052,Dropped / Damaged,3.104,0.4938,1.53
W03793,2026-08-17,B04,I031,Over-production,1.028,0.9876,1.02
W03794,2026-08-19,B01,I038,Customer Return,0.491,0.3292,0.16
W03795,2026-08-19,B01,I031,Dropped / Damaged,0.543,0.9876,0.54
W03796,2026-08-19,B02,I031,Spoilage / Expired,2.527,0.9876,2.5
W03797,2026-08-19,B02,I090,Customer Return,0.079,0.4389,0.03
W03798,2026-08-19,B02,I079,Prep Error,0.614,10.4244,6.4
W03799,2026-08-19,B02,I052,Over-production,3.031,0.4938,1.5
W03800,2026-08-19,B03,I017,Over-production,0.066,20.8489,1.38
W03801,2026-08-19,B03,I031,Spoilage / Expired,2.338,0.9876,2.31
W03802,2026-08-19,B03,I031,Spoilage / Expired,1.566,0.9876,1.55
W03803,2026-08-19,B03,I031,Spoilage / Expired,1.782,0.9876,1.76
W03804,2026-08-19,B03,I050,Over-production,0.558,0.8778,0.49
W03805,2026-08-19,B03,I021,Spoilage / Expired,0.185,8.6029,1.59
W03806,2026-08-20,B02,I064,Over-production,0.5,1.5362,0.77
W03807,2026-08-20,B02,I058,Spoilage / Expired,0.099,2.1946,0.22
W03808,2026-08-20,B02,I052,Over-production,1.669,0.4938,0.82
W03809,2026-08-20,B03,I052,Over-production,1.329,0.4938,0.66
W03810,2026-08-20,B03,I022,Dropped / Damaged,0.269,4.9159,1.32
W03811,2026-08-20,B03,I038,Spoilage / Expired,1.423,0.3292,0.47
W03812,2026-08-20,B03,I090,Dropped / Damaged,0.218,0.4389,0.1
W03813,2026-08-20,B04,I031,Prep Error,3.816,0.9876,3.77
W03814,2026-08-20,B04,I002,Spoilage / Expired,0.064,37.4841,2.4
W03815,2026-08-21,B02,I050,Spoilage / Expired,0.408,0.8778,0.36
W03816,2026-08-21,B02,I053,Customer Return,1.667,0.3841,0.64
W03817,2026-08-21,B03,I051,Over-production,0.106,3.8406,0.41
W03818,2026-08-21,B04,I031,Customer Return,1.085,0.9876,1.07
W03819,2026-08-22,B01,I049,Spoilage / Expired,0.273,1.9752,0.54
W03820,2026-08-22,B01,I035,Spoilage / Expired,0.274,0.9876,0.27
W03821,2026-08-22,B03,I074,Customer Return,0.501,3.0725,1.54
W03822,2026-08-22,B03,I031,Spoilage / Expired,1.162,0.9876,1.15
W03823,2026-08-22,B03,I072,Spoilage / Expired,0.392,2.6335,1.03
W03824,2026-08-22,B03,I007,Dropped / Damaged,0.162,10.0404,1.63
W03825,2026-08-22,B04,I075,Over-production,0.473,2.5238,1.19
W03826,2026-08-22,B04,I035,Spoilage / Expired,0.512,0.9876,0.51
W03827,2026-08-23,B01,I009,Spoilage / Expired,0.156,6.0242,0.94
W03828,2026-08-23,B03,I031,Spoilage / Expired,4.44,0.9876,4.38
W03829,2026-08-23,B03,I028,Spoilage / Expired,1.371,0.3441,0.47
W03830,2026-08-23,B04,I041,Over-production,2.497,1.0973,2.74
W03831,2026-08-24,B02,I052,Spoilage / Expired,2.301,0.4938,1.14
W03832,2026-08-24,B02,I089,Dropped / Damaged,0.045,5.4865,0.25
W03833,2026-08-24,B02,I079,Prep Error,0.094,10.4244,0.98
W03834,2026-08-26,B01,I050,Over-production,0.238,0.8778,0.21
W03835,2026-08-26,B03,I038,Spoilage / Expired,1.215,0.3292,0.4
W03836,2026-08-26,B03,I006,Over-production,0.251,11.3791,2.86
W03837,2026-08-26,B04,I038,Spoilage / Expired,0.411,0.3292,0.14
W03838,2026-08-27,B01,I031,Over-production,1.473,0.9876,1.45
W03839,2026-08-27,B02,I031,Prep Error,1.566,0.9876,1.55
W03840,2026-08-27,B03,I031,Prep Error,2.435,0.9876,2.4
W03841,2026-08-27,B03,I052,Spoilage / Expired,4.764,0.4938,2.35
W03842,2026-08-28,B01,I035,Dropped / Damaged,0.328,0.9876,0.32
W03843,2026-08-28,B03,I061,Spoilage / Expired,0.192,6.5839,1.26
W03844,2026-08-28,B03,I042,Over-production,1.231,2.7433,3.38
W03845,2026-08-28,B03,I028,Dropped / Damaged,0.82,0.3441,0.28
W03846,2026-08-28,B04,I052,Spoilage / Expired,4.248,0.4938,2.1
W03847,2026-08-28,B04,I053,Over-production,0.06,0.3841,0.02
W03848,2026-08-29,B01,I031,Spoilage / Expired,4.04,0.9876,3.99
W03849,2026-08-29,B02,I053,Over-production,0.707,0.3841,0.27
W03850,2026-08-29,B03,I058,Over-production,0.831,2.1946,1.82
W03851,2026-08-29,B03,I042,Over-production,0.265,2.7433,0.73
W03852,2026-08-29,B04,I010,Spoilage / Expired,0.114,6.6936,0.76
W03853,2026-08-29,B04,I028,Customer Return,5.283,0.3441,1.82
W03854,2026-08-30,B04,I052,Spoilage / Expired,0.977,0.4938,0.48
W03855,2026-08-30,B04,I031,Prep Error,2.263,0.9876,2.23
W03856,2026-08-30,B04,I038,Over-production,0.337,0.3292,0.11
W03857,2026-08-31,B01,I038,Over-production,0.842,0.3292,0.28
W03858,2026-08-31,B01,I028,Spoilage / Expired,0.238,0.3441,0.08
W03859,2026-08-31,B01,I057,Spoilage / Expired,0.028,9.8758,0.28
W03860,2026-08-31,B02,I006,Customer Return,0.079,11.3791,0.9
W03861,2026-08-31,B03,I031,Prep Error,1.754,0.9876,1.73
W03862,2026-08-31,B03,I088,Spoilage / Expired,0.01,6.5839,0.07
W03863,2026-08-31,B04,I006,Dropped / Damaged,0.042,11.3791,0.48
W03864,2026-09-02,B02,I052,Customer Return,0.752,0.4953,0.37
W03865,2026-09-02,B03,I028,Spoilage / Expired,1.235,0.3451,0.43
W03866,2026-09-02,B03,I031,Spoilage / Expired,2.577,0.9905,2.55
W03867,2026-09-03,B02,I031,Spoilage / Expired,1.352,0.9905,1.34
W03868,2026-09-03,B03,I031,Spoilage / Expired,1.395,0.9905,1.38
W03869,2026-09-03,B03,I031,Prep Error,1.366,0.9905,1.35
W03870,2026-09-03,B03,I031,Spoilage / Expired,1.083,0.9905,1.07
W03871,2026-09-03,B03,I038,Spoilage / Expired,0.485,0.3302,0.16
W03872,2026-09-03,B04,I031,Dropped / Damaged,1.807,0.9905,1.79
W03873,2026-09-04,B01,I031,Prep Error,1.844,0.9905,1.83
W03874,2026-09-04,B01,I031,Over-production,2.117,0.9905,2.1
W03875,2026-09-04,B01,I031,Customer Return,2.445,0.9905,2.42
W03876,2026-09-04,B01,I031,Customer Return,1.429,0.9905,1.42
W03877,2026-09-04,B02,I044,Over-production,0.026,6.6036,0.17
W03878,2026-09-04,B02,I031,Dropped / Damaged,3.241,0.9905,3.21
W03879,2026-09-04,B02,I053,Spoilage / Expired,0.203,0.3852,0.08
W03880,2026-09-04,B02,I031,Prep Error,3.103,0.9905,3.07
W03881,2026-09-04,B03,I038,Customer Return,0.718,0.3302,0.24
W03882,2026-09-04,B03,I031,Over-production,0.633,0.9905,0.63
W03883,2026-09-04,B03,I052,Dropped / Damaged,0.936,0.4953,0.46
W03884,2026-09-04,B03,I074,Over-production,0.171,3.0817,0.53
W03885,2026-09-04,B04,I031,Spoilage / Expired,2.659,0.9905,2.63
W03886,2026-09-05,B03,I072,Over-production,1.898,2.6414,5.01
W03887,2026-09-05,B03,I052,Over-production,6.341,0.4953,3.14
W03888,2026-09-05,B04,I052,Spoilage / Expired,4.296,0.4953,2.13
W03889,2026-09-06,B01,I035,Dropped / Damaged,0.503,0.9905,0.5
W03890,2026-09-06,B03,I041,Over-production,1.273,1.1006,1.4
W03891,2026-09-06,B03,I031,Customer Return,3.329,0.9905,3.3
W03892,2026-09-06,B04,I052,Customer Return,0.567,0.4953,0.28
W03893,2026-09-06,B04,I052,Spoilage / Expired,1.095,0.4953,0.54
W03894,2026-09-06,B04,I090,Over-production,0.496,0.4402,0.22
W03895,2026-09-06,B04,I050,Spoilage / Expired,0.506,0.8805,0.45
W03896,2026-09-07,B01,I038,Prep Error,0.67,0.3302,0.22
W03897,2026-09-07,B01,I021,Spoilage / Expired,0.151,8.6287,1.3
W03898,2026-09-07,B02,I052,Spoilage / Expired,0.496,0.4953,0.25
W03899,2026-09-07,B02,I028,Over-production,0.919,0.3451,0.32
W03900,2026-09-07,B03,I031,Customer Return,0.789,0.9905,0.78
W03901,2026-09-07,B03,I031,Spoilage / Expired,1.185,0.9905,1.17
W03902,2026-09-07,B03,I034,Prep Error,0.032,2.8616,0.09
W03903,2026-09-07,B04,I031,Spoilage / Expired,2.037,0.9905,2.02
W03904,2026-09-09,B01,I035,Over-production,0.096,0.9905,0.1
W03905,2026-09-09,B03,I061,Over-production,0.15,6.6036,0.99
W03906,2026-09-09,B03,I036,Over-production,0.338,4.9527,1.67
W03907,2026-09-09,B04,I041,Customer Return,0.628,1.1006,0.69
W03908,2026-09-09,B04,I052,Customer Return,0.911,0.4953,0.45
W03909,2026-09-10,B02,I087,Prep Error,0.01,16.509,0.17
W03910,2026-09-10,B02,I027,Prep Error,0.128,3.9446,0.5
W03911,2026-09-10,B03,I041,Over-production,1.074,1.1006,1.18
W03912,2026-09-10,B03,I031,Over-production,0.49,0.9905,0.49
W03913,2026-09-10,B03,I041,Over-production,0.946,1.1006,1.04
W03914,2026-09-11,B01,I042,Over-production,0.329,2.7515,0.91
W03915,2026-09-11,B02,I031,Spoilage / Expired,4.582,0.9905,4.54
W03916,2026-09-11,B02,I017,Over-production,0.051,20.9114,1.07
W03917,2026-09-11,B02,I049,Spoilage / Expired,0.105,1.9811,0.21
W03918,2026-09-11,B03,I031,Spoilage / Expired,0.249,0.9905,0.25
W03919,2026-09-11,B03,I089,Prep Error,0.017,5.503,0.09
W03920,2026-09-11,B03,I050,Prep Error,0.713,0.8805,0.63
W03921,2026-09-11,B03,I061,Spoilage / Expired,0.063,6.6036,0.42
W03922,2026-09-12,B01,I021,Spoilage / Expired,0.286,8.6287,2.47
W03923,2026-09-12,B01,I052,Prep Error,2.181,0.4953,1.08
W03924,2026-09-12,B02,I021,Over-production,0.17,8.6287,1.47
W03925,2026-09-12,B03,I090,Over-production,0.554,0.4402,0.24
W03926,2026-09-12,B03,I073,Over-production,0.163,3.3018,0.54
W03927,2026-09-12,B03,I058,Prep Error,0.189,2.2012,0.42
W03928,2026-09-12,B03,I028,Spoilage / Expired,2.023,0.3451,0.7
W03929,2026-09-12,B04,I038,Customer Return,2.431,0.3302,0.8
W03930,2026-09-12,B04,I065,Prep Error,0.12,2.2012,0.26
W03931,2026-09-13,B01,I050,Spoilage / Expired,0.502,0.8805,0.44
W03932,2026-09-13,B02,I031,Dropped / Damaged,0.249,0.9905,0.25
W03933,2026-09-13,B03,I006,Dropped / Damaged,0.697,11.4132,7.96
W03934,2026-09-13,B03,I038,Prep Error,1.524,0.3302,0.5
W03935,2026-09-13,B03,I038,Customer Return,4.536,0.3302,1.5
W03936,2026-09-13,B03,I035,Spoilage / Expired,2.498,0.9905,2.47
W03937,2026-09-13,B03,I081,Spoilage / Expired,0.064,17.6096,1.13
W03938,2026-09-14,B01,I008,Customer Return,0.054,7.385,0.4
W03939,2026-09-14,B01,I052,Spoilage / Expired,0.413,0.4953,0.2
W03940,2026-09-14,B02,I008,Over-production,0.032,7.385,0.24
W03941,2026-09-14,B02,I041,Customer Return,1.612,1.1006,1.77
W03942,2026-09-14,B03,I031,Dropped / Damaged,0.967,0.9905,0.96
W03943,2026-09-14,B03,I052,Prep Error,1.384,0.4953,0.69
W03944,2026-09-14,B03,I035,Customer Return,0.292,0.9905,0.29
W03945,2026-09-14,B04,I023,Prep Error,0.034,1.3559,0.05
W03946,2026-09-16,B01,I052,Spoilage / Expired,2.936,0.4953,1.45
W03947,2026-09-16,B01,I006,Over-production,0.381,11.4132,4.35
W03948,2026-09-16,B01,I053,Spoilage / Expired,0.652,0.3852,0.25
W03949,2026-09-16,B01,I072,Customer Return,0.648,2.6414,1.71
W03950,2026-09-16,B02,I029,Spoilage / Expired,0.01,6.7797,0.07
W03951,2026-09-16,B02,I064,Spoilage / Expired,0.481,1.5408,0.74
W03952,2026-09-16,B03,I031,Spoilage / Expired,0.719,0.9905,0.71
W03953,2026-09-16,B03,I031,Over-production,0.634,0.9905,0.63
W03954,2026-09-16,B04,I004,Spoilage / Expired,0.021,64.4512,1.35
W03955,2026-09-16,B04,I034,Spoilage / Expired,0.232,2.8616,0.66
W03956,2026-09-17,B01,I031,Over-production,3.557,0.9905,3.52
W03957,2026-09-17,B01,I006,Over-production,0.114,11.4132,1.3
W03958,2026-09-17,B02,I031,Prep Error,0.176,0.9905,0.17
W03959,2026-09-17,B03,I031,Over-production,1.265,0.9905,1.25
W03960,2026-09-17,B03,I038,Dropped / Damaged,0.347,0.3302,0.11
W03961,2026-09-17,B03,I050,Spoilage / Expired,0.24,0.8805,0.21
W03962,2026-09-17,B04,I028,Dropped / Damaged,1.069,0.3451,0.37
W03963,2026-09-17,B04,I031,Over-production,6.411,0.9905,6.35
W03964,2026-09-17,B04,I038,Over-production,0.61,0.3302,0.2
W03965,2026-09-18,B01,I031,Customer Return,4.845,0.9905,4.8
W03966,2026-09-18,B02,I035,Spoilage / Expired,0.663,0.9905,0.66
W03967,2026-09-18,B02,I031,Prep Error,2.914,0.9905,2.89
W03968,2026-09-18,B02,I038,Dropped / Damaged,1.278,0.3302,0.42
W03969,2026-09-18,B03,I038,Prep Error,1.145,0.3302,0.38
W03970,2026-09-18,B03,I031,Prep Error,1.562,0.9905,1.55
W03971,2026-09-18,B03,I028,Spoilage / Expired,1.824,0.3451,0.63
W03972,2026-09-18,B03,I028,Prep Error,1.327,0.3451,0.46
W03973,2026-09-19,B02,I051,Prep Error,0.187,3.8521,0.72
W03974,2026-09-19,B03,I031,Spoilage / Expired,5.281,0.9905,5.23
W03975,2026-09-19,B03,I090,Prep Error,0.31,0.4402,0.14
W03976,2026-09-19,B03,I031,Spoilage / Expired,1.778,0.9905,1.76
W03977,2026-09-19,B03,I052,Spoilage / Expired,2.979,0.4953,1.48
W03978,2026-09-19,B04,I028,Prep Error,1.444,0.3451,0.5
W03979,2026-09-20,B04,I031,Over-production,3.581,0.9905,3.55
W03980,2026-09-21,B03,I052,Prep Error,0.67,0.4953,0.33
W03981,2026-09-21,B03,I038,Spoilage / Expired,1.789,0.3302,0.59
W03982,2026-09-21,B03,I050,Over-production,0.713,0.8805,0.63
W03983,2026-09-21,B03,I089,Spoilage / Expired,0.012,5.503,0.07
W03984,2026-09-23,B01,I028,Spoilage / Expired,2.047,0.3451,0.71
W03985,2026-09-23,B02,I038,Dropped / Damaged,1.067,0.3302,0.35
W03986,2026-09-23,B02,I073,Spoilage / Expired,0.188,3.3018,0.62
W03987,2026-09-23,B02,I069,Over-production,0.014,6.6036,0.09
W03988,2026-09-23,B02,I085,Over-production,0.027,15.4084,0.42
W03989,2026-09-23,B03,I038,Spoilage / Expired,2.007,0.3302,0.66
W03990,2026-09-23,B03,I035,Over-production,0.354,0.9905,0.35
W03991,2026-09-23,B03,I031,Prep Error,4.379,0.9905,4.34
W03992,2026-09-23,B04,I016,Over-production,0.069,17.6096,1.22
W03993,2026-09-23,B04,I038,Prep Error,0.682,0.3302,0.23
W03994,2026-09-24,B01,I085,Prep Error,0.031,15.4084,0.48
W03995,2026-09-24,B01,I035,Spoilage / Expired,0.229,0.9905,0.23
W03996,2026-09-24,B03,I017,Over-production,0.149,20.9114,3.12
W03997,2026-09-24,B03,I061,Prep Error,0.286,6.6036,1.89
W03998,2026-09-24,B03,I052,Over-production,4.217,0.4953,2.09
W03999,2026-09-25,B01,I038,Dropped / Damaged,1.42,0.3302,0.47
W04000,2026-09-25,B01,I031,Spoilage / Expired,2.616,0.9905,2.59
W04001,2026-09-25,B02,I050,Dropped / Damaged,1.526,0.8805,1.34
W04002,2026-09-25,B02,I038,Customer Return,1.422,0.3302,0.47
W04003,2026-09-25,B02,I038,Over-production,3.009,0.3302,0.99
W04004,2026-09-25,B03,I064,Over-production,0.442,1.5408,0.68
W04005,2026-09-25,B03,I052,Dropped / Damaged,0.803,0.4953,0.4
W04006,2026-09-25,B03,I064,Spoilage / Expired,0.42,1.5408,0.65
W04007,2026-09-25,B03,I064,Over-production,0.405,1.5408,0.62
W04008,2026-09-25,B03,I052,Spoilage / Expired,0.656,0.4953,0.32
W04009,2026-09-25,B04,I028,Over-production,0.59,0.3451,0.2
W04010,2026-09-25,B04,I050,Prep Error,0.083,0.8805,0.07
W04011,2026-09-25,B04,I034,Spoilage / Expired,0.043,2.8616,0.12
W04012,2026-09-26,B01,I052,Over-production,0.546,0.4953,0.27
W04013,2026-09-26,B01,I038,Over-production,1.343,0.3302,0.44
W04014,2026-09-26,B02,I079,Customer Return,0.215,10.4557,2.25
W04015,2026-09-26,B03,I038,Over-production,1.001,0.3302,0.33
W04016,2026-09-26,B03,I031,Spoilage / Expired,1.568,0.9905,1.55
W04017,2026-09-27,B01,I006,Spoilage / Expired,0.072,11.4132,0.82
W04018,2026-09-27,B01,I064,Over-production,0.306,1.5408,0.47
W04019,2026-09-27,B02,I057,Prep Error,0.011,9.9054,0.11
W04020,2026-09-27,B03,I046,Prep Error,0.257,3.5219,0.91
W04021,2026-09-27,B03,I031,Dropped / Damaged,0.599,0.9905,0.59
W04022,2026-09-27,B03,I008,Over-production,0.058,7.385,0.43
W04023,2026-09-27,B04,I052,Spoilage / Expired,0.578,0.4953,0.29
W04024,2026-09-27,B04,I031,Over-production,2.412,0.9905,2.39
W04025,2026-09-28,B02,I035,Spoilage / Expired,0.664,0.9905,0.66
W04026,2026-09-28,B03,I008,Over-production,0.339,7.385,2.5
W04027,2026-09-30,B01,I072,Prep Error,0.095,2.6414,0.25
W04028,2026-09-30,B04,I053,Customer Return,0.432,0.3852,0.17
W04029,2026-09-30,B04,I072,Dropped / Damaged,0.216,2.6414,0.57
W04030,2026-09-30,B04,I053,Over-production,0.169,0.3852,0.07
W04031,2026-09-30,B04,I055,Prep Error,0.092,4.4024,0.41
W04032,2026-09-30,B04,I031,Spoilage / Expired,0.979,0.9905,0.97
