booking_id,booking_created_date,visit_date,visit_hour,branch_id,customer_id,booking_source,party_size,booking_status
BK000001,2024-01-01,2024-01-03,22,B01,C02569,Website,2,Completed
BK000002,2024-01-04,2024-01-04,14,B01,C00000,Phone,2,Completed
BK000003,2024-01-01,2024-01-05,21,B01,C00927,Phone,2,Completed
BK000004,2024-01-02,2024-01-05,21,B01,C00000,Website,2,No-show
BK000005,2024-01-05,2024-01-05,13,B01,C00000,Phone,2,Completed
BK000006,2024-01-03,2024-01-05,13,B01,C00000,Website,2,Cancelled
BK000007,2024-01-03,2024-01-05,18,B01,C00000,OpenTable,1,Completed
BK000008,2024-01-03,2024-01-06,12,B01,C00000,Website,4,Completed
BK000009,2024-01-07,2024-01-07,17,B01,C00000,Website,3,Completed
BK000010,2024-01-03,2024-01-07,21,B01,C00000,Website,2,Completed
BK000011,2024-01-01,2024-01-07,14,B01,C00000,OpenTable,4,Completed
BK000012,2024-01-06,2024-01-08,21,B01,C00000,Website,2,Completed
BK000013,2024-01-04,2024-01-08,12,B01,C00000,OpenTable,3,Completed
BK000014,2024-01-07,2024-01-08,18,B01,C02005,Website,3,Completed
BK000015,2024-01-01,2024-01-12,21,B01,C00000,Website,4,Completed
BK000016,2024-01-13,2024-01-13,19,B01,C00000,Website,2,Completed
BK000017,2024-01-01,2024-01-14,15,B01,C00000,Website,1,Completed
BK000018,2024-01-10,2024-01-15,20,B01,C00000,Website,2,Completed
BK000019,2024-01-11,2024-01-15,20,B01,C00000,Phone,6,No-show
BK000020,2024-01-18,2024-01-19,19,B01,C00000,OpenTable,5,Completed
BK000021,2024-01-20,2024-01-20,12,B01,C00000,OpenTable,4,Completed
BK000022,2024-01-14,2024-01-20,20,B01,C00000,OpenTable,4,Completed
BK000023,2024-01-19,2024-01-21,20,B01,C00000,OpenTable,3,Completed
BK000024,2024-01-21,2024-01-21,12,B01,C00000,Website,2,Completed
BK000025,2024-01-16,2024-01-21,21,B01,C00000,Instagram,1,Completed
BK000026,2024-01-11,2024-01-21,21,B01,C00000,Website,1,No-show
BK000027,2024-01-24,2024-01-26,21,B01,C00000,Website,4,Completed
BK000028,2024-01-26,2024-01-27,20,B01,C00000,OpenTable,1,Completed
BK000029,2024-01-19,2024-01-27,19,B01,C00000,Instagram,3,Completed
BK000030,2024-01-01,2024-01-28,12,B01,C00000,Phone,1,Completed
BK000031,2024-01-27,2024-01-28,13,B01,C01064,Phone,2,Completed
BK000032,2024-01-24,2024-01-28,20,B01,C02263,Website,3,Completed
BK000033,2024-01-22,2024-01-28,18,B01,C00000,OpenTable,4,Completed
BK000034,2024-01-28,2024-01-29,19,B01,C00000,OpenTable,2,Completed
BK000035,2024-01-15,2024-01-31,18,B01,C00000,OpenTable,3,Completed
BK000036,2024-02-01,2024-02-01,17,B01,C00000,OpenTable,2,Completed
BK000037,2024-01-31,2024-02-01,17,B01,C00000,Website,2,No-show
BK000038,2024-01-20,2024-02-01,18,B01,C00000,OpenTable,1,Completed
BK000039,2024-02-02,2024-02-02,20,B01,C00000,Website,2,Completed
BK000040,2024-01-24,2024-02-02,19,B01,C01268,OpenTable,6,Completed
BK000041,2024-01-31,2024-02-03,19,B01,C00000,Website,1,Completed
BK000042,2024-01-29,2024-02-03,19,B01,C00000,Phone,2,No-show
BK000043,2024-02-02,2024-02-03,19,B01,C00000,Phone,1,Completed
BK000044,2024-02-04,2024-02-04,21,B01,C02263,OpenTable,3,Completed
BK000045,2024-01-27,2024-02-04,21,B01,C00000,Website,4,No-show
BK000046,2024-01-29,2024-02-04,14,B01,C00000,Website,3,Completed
BK000047,2024-02-02,2024-02-05,21,B01,C00000,Website,3,Completed
BK000048,2024-01-12,2024-02-05,21,B01,C00000,Website,4,Cancelled
BK000049,2024-02-04,2024-02-07,18,B01,C00000,OpenTable,6,Completed
BK000050,2024-01-27,2024-02-08,17,B01,C00000,Website,2,Completed
BK000051,2024-02-06,2024-02-09,20,B01,C01939,Website,2,Completed
BK000052,2024-01-28,2024-02-09,22,B01,C00000,OpenTable,4,Completed
BK000053,2024-02-02,2024-02-09,22,B01,C00000,Website,4,Cancelled
BK000054,2024-01-29,2024-02-09,20,B01,C01190,Phone,3,Completed
BK000055,2024-02-10,2024-02-10,19,B01,C00000,Phone,2,Completed
BK000056,2024-01-25,2024-02-10,19,B01,C00000,Website,1,Cancelled
BK000057,2024-02-06,2024-02-10,20,B01,C00000,Phone,5,Completed
BK000058,2024-02-03,2024-02-10,22,B01,C00000,Website,2,Completed
BK000059,2024-02-03,2024-02-10,19,B01,C00000,Website,2,Completed
BK000060,2024-02-09,2024-02-10,19,B01,C00000,Phone,5,Cancelled
BK000061,2024-02-02,2024-02-11,18,B01,C00000,Website,8,Completed
BK000062,2024-02-10,2024-02-11,17,B01,C04393,OpenTable,1,Completed
BK000063,2024-02-11,2024-02-11,17,B01,C00000,Website,3,Cancelled
BK000064,2024-02-12,2024-02-14,20,B01,C00000,OpenTable,1,Completed
BK000065,2024-02-06,2024-02-15,13,B01,C00000,OpenTable,4,Completed
BK000066,2024-02-12,2024-02-15,13,B01,C00000,Website,3,Cancelled
BK000067,2024-02-10,2024-02-15,20,B01,C00000,Phone,2,Completed
BK000068,2024-02-06,2024-02-15,20,B01,C00000,Website,2,No-show
BK000069,2024-02-15,2024-02-16,20,B01,C01064,OpenTable,4,Completed
BK000070,2024-02-09,2024-02-16,21,B01,C00000,Website,5,Completed
BK000071,2024-02-03,2024-02-17,14,B01,C00000,Website,2,Completed
BK000072,2024-02-17,2024-02-17,20,B01,C00000,Phone,4,Completed
BK000073,2024-02-16,2024-02-18,20,B01,C00000,Website,2,Completed
BK000074,2024-02-16,2024-02-18,20,B01,C00000,OpenTable,2,No-show
BK000075,2024-02-15,2024-02-18,22,B01,C02353,Website,3,Completed
BK000076,2024-02-12,2024-02-18,19,B01,C00000,Instagram,4,Completed
BK000077,2024-02-13,2024-02-18,20,B01,C00000,OpenTable,2,Completed
BK000078,2024-02-14,2024-02-19,21,B01,C02263,Website,2,Completed
BK000079,2024-02-16,2024-02-19,15,B01,C00000,Website,4,Completed
BK000080,2024-02-12,2024-02-19,18,B01,C00000,Phone,4,Completed
BK000081,2024-02-09,2024-02-22,19,B01,C00000,OpenTable,5,Completed
BK000082,2024-02-18,2024-02-22,18,B01,C00000,Website,1,Completed
BK000083,2024-02-18,2024-02-23,17,B01,C00000,Phone,2,Completed
BK000084,2024-02-08,2024-02-24,21,B01,C00000,Website,2,Completed
BK000085,2024-02-20,2024-02-24,14,B01,C00000,OpenTable,3,Completed
BK000086,2024-02-22,2024-02-24,14,B01,C00000,Website,2,No-show
BK000087,2024-02-22,2024-02-24,20,B01,C00000,Website,4,Completed
BK000088,2024-02-24,2024-02-24,20,B01,C00000,Website,2,Cancelled
BK000089,2024-02-21,2024-02-24,18,B01,C00000,Website,1,Completed
BK000090,2024-02-20,2024-02-25,15,B01,C00506,Website,3,Completed
BK000091,2024-02-23,2024-02-29,21,B01,C00000,Website,2,Completed
BK000092,2024-02-25,2024-02-29,21,B01,C00000,Website,2,Cancelled
BK000093,2024-02-23,2024-02-29,22,B01,C02278,Phone,3,Completed
BK000094,2024-02-27,2024-03-01,21,B01,C00000,Website,2,Completed
BK000095,2024-02-29,2024-03-02,21,B01,C00000,Website,2,Completed
BK000096,2024-02-28,2024-03-02,21,B01,C01343,OpenTable,2,Completed
BK000097,2024-02-21,2024-03-02,20,B01,C00000,Website,2,Completed
BK000098,2024-02-29,2024-03-02,18,B01,C02933,OpenTable,3,Completed
BK000099,2024-02-28,2024-03-03,14,B01,C00000,OpenTable,6,Completed
BK000100,2024-02-02,2024-03-03,19,B01,C02844,Website,3,Completed
BK000101,2024-02-13,2024-03-03,19,B01,C02263,Website,1,Completed
BK000102,2024-02-29,2024-03-03,19,B01,C00000,OpenTable,2,Completed
BK000103,2024-03-01,2024-03-03,19,B01,C00000,OpenTable,1,Cancelled
BK000104,2024-03-01,2024-03-03,22,B01,C00000,Phone,2,Completed
BK000105,2024-02-27,2024-03-03,21,B01,C00000,Instagram,3,Completed
BK000106,2024-03-02,2024-03-03,18,B01,C01343,Website,2,Completed
BK000107,2024-02-17,2024-03-04,19,B01,C00000,Phone,4,Completed
BK000108,2024-02-25,2024-03-07,14,B01,C02569,Website,3,Completed
BK000109,2024-03-02,2024-03-08,13,B01,C02545,OpenTable,2,Completed
BK000110,2024-02-26,2024-03-08,20,B01,C00000,OpenTable,3,Completed
BK000111,2024-03-04,2024-03-10,22,B01,C00000,Website,6,Completed
BK000112,2024-03-05,2024-03-10,21,B01,C00000,Website,2,Completed
BK000113,2024-03-02,2024-03-11,18,B01,C00000,OpenTable,2,Completed
BK000114,2024-03-10,2024-03-11,18,B01,C00000,Website,1,Cancelled
BK000115,2024-02-26,2024-03-11,22,B01,C00000,OpenTable,4,Completed
BK000116,2024-03-07,2024-03-11,18,B01,C00000,Phone,2,Completed
BK000117,2024-03-09,2024-03-13,17,B01,C00681,OpenTable,6,Completed
BK000118,2024-03-08,2024-03-13,22,B01,C02933,OpenTable,2,Completed
BK000119,2024-02-29,2024-03-13,22,B01,C00000,Website,2,No-show
BK000120,2024-03-12,2024-03-13,22,B01,C00000,OpenTable,5,Cancelled
BK000121,2024-03-09,2024-03-14,17,B01,C00922,OpenTable,2,Completed
BK000122,2024-03-13,2024-03-14,17,B01,C00000,Phone,1,No-show
BK000123,2024-03-13,2024-03-14,21,B01,C00000,Website,2,Completed
BK000124,2024-03-10,2024-03-14,14,B01,C00000,OpenTable,2,Completed
BK000125,2024-03-12,2024-03-14,18,B01,C01554,Phone,3,Completed
BK000126,2024-02-29,2024-03-14,19,B01,C00839,Phone,4,Completed
BK000127,2024-03-15,2024-03-15,12,B01,C00000,OpenTable,1,Completed
BK000128,2024-03-15,2024-03-15,20,B01,C00000,Website,3,Completed
BK000129,2024-03-15,2024-03-15,18,B01,C00000,Website,1,Completed
BK000130,2024-03-10,2024-03-16,20,B01,C00000,Website,1,Completed
BK000131,2024-03-14,2024-03-16,20,B01,C00000,OpenTable,4,Completed
BK000132,2024-03-04,2024-03-16,19,B01,C04947,OpenTable,4,Completed
BK000133,2024-03-11,2024-03-16,19,B01,C00000,OpenTable,3,Completed
BK000134,2024-03-05,2024-03-16,19,B01,C00000,OpenTable,4,Cancelled
BK000135,2024-03-12,2024-03-16,17,B01,C00000,Phone,2,Completed
BK000136,2024-03-04,2024-03-16,17,B01,C00000,Website,2,No-show
BK000137,2024-03-09,2024-03-17,13,B01,C00000,Website,2,Completed
BK000138,2024-03-15,2024-03-17,18,B01,C02545,OpenTable,2,Completed
BK000139,2024-03-15,2024-03-17,13,B01,C02262,Phone,4,Completed
BK000140,2024-03-03,2024-03-20,21,B01,C00558,Website,4,Completed
BK000141,2024-03-18,2024-03-21,18,B01,C04532,Website,6,Completed
BK000142,2024-03-18,2024-03-22,17,B01,C00000,OpenTable,5,Completed
BK000143,2024-03-20,2024-03-23,13,B01,C02933,Phone,2,Completed
BK000144,2024-03-15,2024-03-23,13,B01,C00000,OpenTable,6,No-show
BK000145,2024-03-22,2024-03-24,12,B01,C02285,Phone,2,Completed
BK000146,2024-03-20,2024-03-24,22,B01,C02933,OpenTable,2,Completed
BK000147,2024-03-15,2024-03-24,19,B01,C02030,OpenTable,6,Completed
BK000148,2024-03-23,2024-03-25,18,B01,C00000,OpenTable,8,Completed
BK000149,2024-03-14,2024-03-25,19,B01,C00522,OpenTable,2,Completed
BK000150,2024-03-17,2024-03-28,18,B01,C04419,Website,5,Completed
BK000151,2024-03-21,2024-03-28,19,B01,C00089,Website,5,Completed
BK000152,2024-03-18,2024-03-29,22,B01,C01504,Website,3,Completed
BK000153,2024-03-25,2024-03-30,14,B01,C00000,Website,2,Completed
BK000154,2024-03-26,2024-03-30,21,B01,C00000,Phone,3,Completed
BK000155,2024-03-22,2024-03-31,18,B01,C00299,OpenTable,3,Completed
BK000156,2024-03-24,2024-03-31,15,B01,C00742,OpenTable,2,Completed
BK000157,2024-03-30,2024-03-31,21,B01,C00000,Website,6,Completed
BK000158,2024-04-01,2024-04-01,19,B01,C01960,Phone,2,Completed
BK000159,2024-04-01,2024-04-03,18,B01,C00000,Website,2,Completed
BK000160,2024-04-01,2024-04-04,20,B01,C00000,OpenTable,1,Completed
BK000161,2024-04-01,2024-04-05,18,B01,C03838,Website,1,Completed
BK000162,2024-04-02,2024-04-05,20,B01,C00000,Phone,6,Completed
BK000163,2024-04-05,2024-04-05,20,B01,C00000,Website,2,Cancelled
BK000164,2024-04-03,2024-04-06,21,B01,C00000,Instagram,2,Completed
BK000165,2024-04-06,2024-04-06,13,B01,C00000,Website,1,Completed
BK000166,2024-03-25,2024-04-06,18,B01,C00000,OpenTable,5,Completed
BK000167,2024-04-03,2024-04-07,20,B01,C00000,Website,2,Completed
BK000168,2024-03-29,2024-04-07,17,B01,C00000,Phone,4,Completed
BK000169,2024-03-31,2024-04-07,21,B01,C02263,Website,4,Completed
BK000170,2024-04-08,2024-04-08,18,B01,C01064,Phone,4,Completed
BK000171,2024-04-04,2024-04-08,18,B01,C00000,Website,1,No-show
BK000172,2024-03-26,2024-04-10,20,B01,C00000,Phone,3,Completed
BK000173,2024-04-08,2024-04-10,20,B01,C00000,OpenTable,4,Completed
BK000174,2024-04-06,2024-04-10,21,B01,C00000,Phone,7,Completed
BK000175,2024-03-18,2024-04-12,19,B01,C00000,OpenTable,5,Completed
BK000176,2024-03-18,2024-04-13,17,B01,C00000,Website,2,Completed
BK000177,2024-04-10,2024-04-13,18,B01,C00000,Phone,2,Completed
BK000178,2024-04-07,2024-04-14,21,B01,C00000,Website,2,Completed
BK000179,2024-04-02,2024-04-14,21,B01,C00299,Website,2,Completed
BK000180,2024-04-06,2024-04-14,20,B01,C00000,Website,2,Completed
BK000181,2024-04-05,2024-04-14,20,B01,C00000,Website,3,Completed
BK000182,2024-04-05,2024-04-15,20,B01,C02164,OpenTable,6,Completed
BK000183,2024-04-12,2024-04-17,14,B01,C00000,OpenTable,8,Completed
BK000184,2024-04-12,2024-04-17,19,B01,C02164,OpenTable,4,Completed
BK000185,2024-04-17,2024-04-18,21,B01,C00000,Website,2,Completed
BK000186,2024-04-17,2024-04-18,13,B01,C02263,Website,2,Completed
BK000187,2024-04-10,2024-04-19,12,B01,C00000,Website,5,Completed
BK000188,2024-04-15,2024-04-19,18,B01,C00000,OpenTable,6,Completed
BK000189,2024-04-17,2024-04-20,19,B01,C00000,Instagram,1,Completed
BK000190,2024-04-12,2024-04-21,19,B01,C00000,OpenTable,2,Completed
BK000191,2024-04-19,2024-04-21,17,B01,C03822,OpenTable,4,Completed
BK000192,2024-04-10,2024-04-21,12,B01,C00000,OpenTable,3,Completed
BK000193,2024-04-21,2024-04-21,19,B01,C02105,Website,2,Completed
BK000194,2024-04-19,2024-04-21,13,B01,C03402,Website,3,Completed
BK000195,2024-04-23,2024-04-24,20,B01,C00000,Phone,5,Completed
BK000196,2024-04-21,2024-04-25,19,B01,C00000,OpenTable,3,Completed
BK000197,2024-04-21,2024-04-26,18,B01,C00000,Website,1,Completed
BK000198,2024-04-25,2024-04-26,19,B01,C02105,Website,4,Completed
BK000199,2024-04-26,2024-04-26,18,B01,C01554,Phone,2,Completed
BK000200,2024-03-28,2024-04-27,19,B01,C00000,Website,2,Completed
BK000201,2024-04-27,2024-04-27,18,B01,C00000,Website,4,Completed
BK000202,2024-04-24,2024-04-27,18,B01,C00000,Website,3,Cancelled
BK000203,2024-04-20,2024-04-27,12,B01,C02933,Website,4,Completed
BK000204,2024-04-14,2024-04-28,20,B01,C00839,Website,3,Completed
BK000205,2024-04-24,2024-04-29,19,B01,C00000,OpenTable,4,Completed
BK000206,2024-04-22,2024-04-29,22,B01,C00000,Website,6,Completed
BK000207,2024-04-14,2024-05-01,18,B01,C02263,Website,4,Completed
BK000208,2024-04-24,2024-05-01,18,B01,C00000,OpenTable,6,Cancelled
BK000209,2024-04-13,2024-05-01,21,B01,C00000,OpenTable,1,Completed
BK000210,2024-04-30,2024-05-01,21,B01,C00000,OpenTable,2,Cancelled
BK000211,2024-04-30,2024-05-02,19,B01,C00000,Website,1,Completed
BK000212,2024-05-02,2024-05-03,19,B01,C00000,OpenTable,2,Completed
BK000213,2024-04-30,2024-05-03,19,B01,C00000,Website,1,Cancelled
BK000214,2024-05-02,2024-05-03,22,B01,C02263,Website,1,Completed
BK000215,2024-04-26,2024-05-04,19,B01,C00000,Website,3,Completed
BK000216,2024-05-04,2024-05-05,19,B01,C02919,Phone,1,Completed
BK000217,2024-05-05,2024-05-05,15,B01,C02513,OpenTable,1,Completed
BK000218,2024-05-04,2024-05-09,22,B01,C01409,Website,8,Completed
BK000219,2024-05-09,2024-05-09,21,B01,C00000,Phone,4,Completed
BK000220,2024-04-26,2024-05-10,17,B01,C01749,Website,2,Completed
BK000221,2024-05-03,2024-05-10,17,B01,C00000,Phone,4,No-show
BK000222,2024-05-08,2024-05-10,17,B01,C00000,Website,5,Cancelled
BK000223,2024-05-07,2024-05-10,19,B01,C01190,Website,4,Completed
BK000224,2024-05-02,2024-05-10,13,B01,C00839,OpenTable,4,Completed
BK000225,2024-04-27,2024-05-10,13,B01,C00000,OpenTable,2,Cancelled
BK000226,2024-05-10,2024-05-11,21,B01,C02439,Website,1,Completed
BK000227,2024-05-05,2024-05-11,20,B01,C00000,OpenTable,5,Completed
BK000228,2024-05-06,2024-05-11,20,B01,C02263,Phone,4,Completed
BK000229,2024-05-10,2024-05-11,20,B01,C00000,Website,1,Completed
BK000230,2024-05-07,2024-05-11,20,B01,C00000,Phone,2,Cancelled
BK000231,2024-05-10,2024-05-12,20,B01,C00000,OpenTable,4,Completed
BK000232,2024-05-13,2024-05-13,20,B01,C01017,Website,1,Completed
BK000233,2024-05-05,2024-05-16,19,B01,C03628,Website,2,Completed
BK000234,2024-05-16,2024-05-16,21,B01,C00000,OpenTable,2,Completed
BK000235,2024-04-28,2024-05-16,21,B01,C04705,OpenTable,2,Completed
BK000236,2024-05-17,2024-05-17,19,B01,C01749,Phone,4,Completed
BK000237,2024-05-06,2024-05-17,19,B01,C01790,Website,4,Completed
BK000238,2024-04-23,2024-05-17,15,B01,C02105,Website,2,Completed
BK000239,2024-05-02,2024-05-17,13,B01,C00000,OpenTable,1,Completed
BK000240,2024-05-13,2024-05-17,13,B01,C00000,Website,2,Cancelled
BK000241,2024-05-15,2024-05-17,19,B01,C00000,OpenTable,2,Completed
BK000242,2024-04-18,2024-05-17,21,B01,C00000,Website,2,Completed
BK000243,2024-05-17,2024-05-18,18,B01,C00000,Phone,2,Completed
BK000244,2024-05-18,2024-05-18,18,B01,C01047,OpenTable,2,Completed
BK000245,2024-05-15,2024-05-18,20,B01,C00000,Website,2,Completed
BK000246,2024-05-14,2024-05-18,20,B01,C00000,Phone,2,Completed
BK000247,2024-05-18,2024-05-19,21,B01,C00000,OpenTable,4,Completed
BK000248,2024-04-26,2024-05-19,14,B01,C00000,Website,1,Completed
BK000249,2024-05-13,2024-05-19,21,B01,C02263,Instagram,4,Completed
BK000250,2024-05-18,2024-05-20,21,B01,C01064,Phone,2,Completed
BK000251,2024-05-18,2024-05-20,21,B01,C00000,Website,2,No-show
BK000252,2024-05-13,2024-05-20,19,B01,C00824,OpenTable,4,Completed
BK000253,2024-05-18,2024-05-23,19,B01,C00000,Website,5,Completed
BK000254,2024-05-18,2024-05-23,19,B01,C00000,Website,1,No-show
BK000255,2024-05-15,2024-05-24,22,B01,C00000,OpenTable,2,Completed
BK000256,2024-05-23,2024-05-24,18,B01,C00000,Instagram,3,Completed
BK000257,2024-05-24,2024-05-24,22,B01,C00000,OpenTable,3,Completed
BK000258,2024-05-21,2024-05-24,22,B01,C00000,Website,6,Cancelled
BK000259,2024-05-23,2024-05-24,18,B01,C04541,Website,3,Completed
BK000260,2024-05-24,2024-05-24,20,B01,C00000,Website,3,Completed
BK000261,2024-05-25,2024-05-25,20,B01,C02290,Website,8,Completed
BK000262,2024-05-23,2024-05-25,18,B01,C02464,OpenTable,2,Completed
BK000263,2024-05-11,2024-05-25,20,B01,C03103,Website,3,Completed
BK000264,2024-05-21,2024-05-25,15,B01,C00000,Website,2,Completed
BK000265,2024-05-23,2024-05-26,21,B01,C00000,Website,2,Completed
BK000266,2024-05-11,2024-05-27,22,B01,C00000,Phone,2,Completed
BK000267,2024-05-24,2024-05-27,22,B01,C00000,Website,3,No-show
BK000268,2024-05-27,2024-05-29,20,B01,C00000,Phone,2,Completed
BK000269,2024-05-22,2024-05-29,19,B01,C00000,Phone,4,Completed
BK000270,2024-05-15,2024-05-29,16,B01,C00000,Website,6,Completed
BK000271,2024-05-27,2024-05-31,21,B01,C00000,Website,4,Completed
BK000272,2024-05-22,2024-05-31,14,B01,C00000,Phone,2,Completed
BK000273,2024-05-29,2024-05-31,20,B01,C00000,Instagram,6,Completed
BK000274,2024-05-24,2024-05-31,18,B01,C03822,Phone,5,Completed
BK000275,2024-05-14,2024-06-01,21,B01,C00000,OpenTable,2,Completed
BK000276,2024-05-08,2024-06-01,21,B01,C00000,Phone,4,Cancelled
BK000277,2024-05-31,2024-06-01,21,B01,C00000,Instagram,1,Completed
BK000278,2024-05-10,2024-06-02,20,B01,C00000,Website,8,Completed
BK000279,2024-06-02,2024-06-02,12,B01,C00000,Phone,2,Completed
BK000280,2024-06-05,2024-06-05,20,B01,C00000,Phone,4,Completed
BK000281,2024-06-01,2024-06-05,18,B01,C00000,Phone,2,Completed
BK000282,2024-05-24,2024-06-05,16,B01,C02005,Website,4,Completed
BK000283,2024-05-31,2024-06-05,22,B01,C00000,OpenTable,2,Completed
BK000284,2024-05-28,2024-06-05,17,B01,C00000,OpenTable,2,Completed
BK000285,2024-05-23,2024-06-05,13,B01,C00000,Website,1,Completed
BK000286,2024-06-01,2024-06-06,21,B01,C00000,OpenTable,2,Completed
BK000287,2024-06-05,2024-06-06,20,B01,C01654,Phone,1,Completed
BK000288,2024-06-04,2024-06-07,17,B01,C00000,Website,3,Completed
BK000289,2024-06-04,2024-06-07,17,B01,C00000,Instagram,2,Cancelled
BK000290,2024-06-07,2024-06-08,22,B01,C00000,OpenTable,4,Completed
BK000291,2024-06-04,2024-06-08,16,B01,C00000,Website,1,Completed
BK000292,2024-06-03,2024-06-09,13,B01,C01792,OpenTable,1,Completed
BK000293,2024-06-09,2024-06-09,22,B01,C00000,Website,3,Completed
BK000294,2024-06-04,2024-06-09,12,B01,C03300,OpenTable,8,Completed
BK000295,2024-05-15,2024-06-10,21,B01,C00000,Website,2,Completed
BK000296,2024-06-09,2024-06-10,19,B01,C00000,Website,2,Completed
BK000297,2024-06-03,2024-06-10,12,B01,C00000,OpenTable,2,Completed
BK000298,2024-06-08,2024-06-10,21,B01,C00000,Website,2,Completed
BK000299,2024-06-01,2024-06-12,19,B01,C00000,Website,4,Completed
BK000300,2024-06-14,2024-06-14,19,B01,C00000,Website,4,Completed
BK000301,2024-06-06,2024-06-14,21,B01,C00000,OpenTable,1,Completed
BK000302,2024-06-07,2024-06-15,17,B01,C00000,Phone,2,Completed
BK000303,2024-06-01,2024-06-15,17,B01,C00000,Website,1,No-show
BK000304,2024-06-12,2024-06-15,19,B01,C01064,Website,4,Completed
BK000305,2024-05-25,2024-06-15,19,B01,C00000,Website,1,Completed
BK000306,2024-06-13,2024-06-15,13,B01,C03152,OpenTable,5,Completed
BK000307,2024-06-15,2024-06-15,12,B01,C00000,Website,4,Completed
BK000308,2024-06-09,2024-06-16,20,B01,C00000,Website,6,Completed
BK000309,2024-06-12,2024-06-16,19,B01,C00000,OpenTable,3,Completed
BK000310,2024-06-15,2024-06-16,22,B01,C00000,Phone,4,Completed
BK000311,2024-06-12,2024-06-16,19,B01,C02262,Website,1,Completed
BK000312,2024-06-14,2024-06-16,22,B01,C00000,OpenTable,7,Completed
BK000313,2024-06-10,2024-06-16,17,B01,C00000,OpenTable,5,Completed
BK000314,2024-06-11,2024-06-17,18,B01,C00000,OpenTable,2,Completed
BK000315,2024-06-07,2024-06-17,18,B01,C00000,Website,8,Cancelled
BK000316,2024-06-08,2024-06-17,14,B01,C00000,Phone,2,Completed
BK000317,2024-06-02,2024-06-19,21,B01,C00000,OpenTable,3,Completed
BK000318,2024-05-30,2024-06-19,21,B01,C00000,OpenTable,3,Cancelled
BK000319,2024-06-15,2024-06-21,20,B01,C00000,OpenTable,2,Completed
BK000320,2024-06-20,2024-06-21,20,B01,C00000,OpenTable,1,Cancelled
BK000321,2024-06-21,2024-06-22,21,B01,C00000,Website,2,Completed
BK000322,2024-06-24,2024-06-26,19,B01,C00000,OpenTable,4,Completed
BK000323,2024-06-26,2024-06-27,22,B01,C00522,OpenTable,3,Completed
BK000324,2024-06-16,2024-06-27,15,B01,C00506,OpenTable,2,Completed
BK000325,2024-06-18,2024-06-28,21,B01,C01790,OpenTable,2,Completed
BK000326,2024-06-24,2024-06-28,20,B01,C00000,Website,7,Completed
BK000327,2024-06-21,2024-06-28,12,B01,C00000,Website,2,Completed
BK000328,2024-06-16,2024-06-29,22,B01,C00000,Instagram,2,Completed
BK000329,2024-06-25,2024-06-29,19,B01,C00000,OpenTable,2,Completed
BK000330,2024-06-23,2024-06-29,19,B01,C00000,Website,5,Completed
BK000331,2024-06-25,2024-06-29,19,B01,C00439,Website,5,Completed
BK000332,2024-05-30,2024-06-29,19,B01,C00000,Website,4,Completed
BK000333,2024-06-24,2024-06-29,19,B01,C00000,Website,5,Cancelled
BK000334,2024-06-26,2024-06-29,19,B01,C00000,OpenTable,2,Completed
BK000335,2024-06-25,2024-06-29,19,B01,C00000,Website,2,No-show
BK000336,2024-06-28,2024-06-30,13,B01,C00000,Website,2,Completed
BK000337,2024-06-15,2024-06-30,20,B01,C02263,Website,5,Completed
BK000338,2024-06-26,2024-06-30,22,B01,C00000,OpenTable,1,Completed
BK000339,2024-06-19,2024-06-30,17,B01,C03863,Instagram,2,Completed
BK000340,2024-06-30,2024-07-01,12,B01,C00000,OpenTable,4,Completed
BK000341,2024-07-02,2024-07-04,22,B01,C00000,Website,2,Completed
BK000342,2024-07-04,2024-07-05,20,B01,C02295,Website,6,Completed
BK000343,2024-07-03,2024-07-05,20,B01,C00000,Website,1,Completed
BK000344,2024-07-06,2024-07-06,13,B01,C00000,OpenTable,3,Completed
BK000345,2024-06-20,2024-07-06,19,B01,C00000,OpenTable,4,Completed
BK000346,2024-07-07,2024-07-07,22,B01,C02263,OpenTable,4,Completed
BK000347,2024-06-14,2024-07-07,16,B01,C00000,Phone,2,Completed
BK000348,2024-07-11,2024-07-11,21,B01,C00299,Website,2,Completed
BK000349,2024-07-04,2024-07-12,22,B01,C02214,OpenTable,2,Completed
BK000350,2024-07-08,2024-07-12,20,B01,C00000,OpenTable,3,Completed
BK000351,2024-07-11,2024-07-12,17,B01,C00000,Phone,1,Completed
BK000352,2024-07-10,2024-07-13,14,B01,C03971,Website,2,Completed
BK000353,2024-07-13,2024-07-13,13,B01,C02933,Phone,6,Completed
BK000354,2024-07-13,2024-07-13,22,B01,C00000,OpenTable,4,Completed
BK000355,2024-07-13,2024-07-13,15,B01,C00000,OpenTable,1,Completed
BK000356,2024-07-08,2024-07-14,12,B01,C02263,OpenTable,4,Completed
BK000357,2024-06-27,2024-07-14,20,B01,C02263,Website,6,Completed
BK000358,2024-07-08,2024-07-15,20,B01,C01229,OpenTable,2,Completed
BK000359,2024-07-13,2024-07-15,17,B01,C01064,Website,3,Completed
BK000360,2024-06-09,2024-07-15,16,B01,C00000,OpenTable,2,Completed
BK000361,2024-07-02,2024-07-18,22,B01,C03544,Website,2,Completed
BK000362,2024-07-18,2024-07-18,22,B01,C00000,OpenTable,3,No-show
BK000363,2024-07-16,2024-07-18,17,B01,C02263,OpenTable,2,Completed
BK000364,2024-07-18,2024-07-18,19,B01,C01229,OpenTable,2,Completed
BK000365,2024-07-15,2024-07-19,13,B01,C00000,Instagram,2,Completed
BK000366,2024-07-08,2024-07-19,20,B01,C00506,OpenTable,3,Completed
BK000367,2024-07-19,2024-07-19,17,B01,C00000,Website,1,Completed
BK000368,2024-07-14,2024-07-20,13,B01,C04393,Website,3,Completed
BK000369,2024-07-20,2024-07-20,19,B01,C04947,Website,2,Completed
BK000370,2024-07-19,2024-07-20,18,B01,C00000,OpenTable,6,Completed
BK000371,2024-06-25,2024-07-20,14,B01,C00000,Website,4,Completed
BK000372,2024-07-18,2024-07-20,17,B01,C00000,Website,2,Completed
BK000373,2024-07-07,2024-07-21,21,B01,C00000,OpenTable,2,Completed
BK000374,2024-07-06,2024-07-21,19,B01,C00000,Website,3,Completed
BK000375,2024-07-20,2024-07-21,22,B01,C00000,Website,4,Completed
BK000376,2024-07-20,2024-07-21,13,B01,C00000,Website,3,Completed
BK000377,2024-07-20,2024-07-21,19,B01,C01064,Website,6,Completed
BK000378,2024-07-19,2024-07-22,21,B01,C04028,Phone,2,Completed
BK000379,2024-07-13,2024-07-24,14,B01,C00000,Website,3,Completed
BK000380,2024-07-22,2024-07-24,14,B01,C00000,Website,2,No-show
BK000381,2024-07-19,2024-07-24,14,B01,C00000,OpenTable,1,Cancelled
BK000382,2024-07-15,2024-07-26,22,B01,C00000,OpenTable,2,Completed
BK000383,2024-07-20,2024-07-27,18,B01,C03670,OpenTable,3,Completed
BK000384,2024-07-20,2024-07-27,18,B01,C00000,OpenTable,2,Cancelled
BK000385,2024-07-12,2024-07-27,13,B01,C04894,Website,2,Completed
BK000386,2024-07-12,2024-07-27,20,B01,C00000,Website,3,Completed
BK000387,2024-07-21,2024-07-27,21,B01,C01343,Website,3,Completed
BK000388,2024-07-18,2024-07-28,16,B01,C00000,OpenTable,3,Completed
BK000389,2024-07-22,2024-07-28,16,B01,C00000,Phone,2,Cancelled
BK000390,2024-07-12,2024-07-28,19,B01,C00000,OpenTable,6,Completed
BK000391,2024-07-26,2024-07-29,19,B01,C00000,Phone,2,Completed
BK000392,2024-07-28,2024-08-01,21,B01,C00000,Instagram,1,Completed
BK000393,2024-07-31,2024-08-01,18,B01,C04822,OpenTable,1,Completed
BK000394,2024-07-27,2024-08-01,18,B01,C00000,OpenTable,2,Cancelled
BK000395,2024-07-28,2024-08-01,21,B01,C00000,Instagram,1,Completed
BK000396,2024-07-06,2024-08-01,18,B01,C01654,OpenTable,3,Completed
BK000397,2024-07-31,2024-08-01,18,B01,C00000,Phone,7,Completed
BK000398,2024-07-30,2024-08-01,19,B01,C00000,Phone,3,Completed
BK000399,2024-08-02,2024-08-02,20,B01,C02005,Website,2,Completed
BK000400,2024-08-01,2024-08-03,13,B01,C00000,OpenTable,1,Completed
BK000401,2024-07-29,2024-08-04,21,B01,C00000,Website,1,Completed
BK000402,2024-07-25,2024-08-04,21,B01,C00000,Phone,2,Cancelled
BK000403,2024-08-04,2024-08-04,21,B01,C00000,OpenTable,2,Completed
BK000404,2024-07-22,2024-08-04,22,B01,C00000,Website,2,Completed
BK000405,2024-08-05,2024-08-05,20,B01,C00000,Website,4,Completed
BK000406,2024-08-04,2024-08-05,20,B01,C00000,Website,7,No-show
BK000407,2024-07-26,2024-08-05,22,B01,C00000,Website,3,Completed
BK000408,2024-08-04,2024-08-07,14,B01,C00000,Website,1,Completed
BK000409,2024-08-03,2024-08-08,21,B01,C00000,Website,8,Completed
BK000410,2024-08-02,2024-08-08,22,B01,C00000,OpenTable,2,Completed
BK000411,2024-08-02,2024-08-08,17,B01,C03549,Instagram,1,Completed
BK000412,2024-08-08,2024-08-09,12,B01,C03896,OpenTable,2,Completed
BK000413,2024-07-18,2024-08-09,20,B01,C03402,Phone,7,Completed
BK000414,2024-08-01,2024-08-09,18,B01,C04258,Website,2,Completed
BK000415,2024-07-31,2024-08-09,17,B01,C00000,Website,4,Completed
BK000416,2024-08-07,2024-08-09,17,B01,C00000,Website,2,Cancelled
BK000417,2024-08-02,2024-08-09,21,B01,C00000,OpenTable,6,Completed
BK000418,2024-07-23,2024-08-10,18,B01,C01249,Website,4,Completed
BK000419,2024-08-07,2024-08-10,19,B01,C01064,Website,7,Completed
BK000420,2024-08-08,2024-08-10,20,B01,C00000,Website,2,Completed
BK000421,2024-07-31,2024-08-10,17,B01,C00000,Instagram,3,Completed
BK000422,2024-08-07,2024-08-11,19,B01,C00000,Website,1,Completed
BK000423,2024-07-30,2024-08-11,20,B01,C00000,OpenTable,3,Completed
BK000424,2024-08-07,2024-08-12,13,B01,C00000,Phone,4,Completed
BK000425,2024-08-10,2024-08-14,16,B01,C00000,Phone,2,Completed
BK000426,2024-08-08,2024-08-14,17,B01,C00000,Phone,5,Completed
BK000427,2024-07-29,2024-08-14,20,B01,C00000,Website,3,Completed
BK000428,2024-08-11,2024-08-14,12,B01,C00000,Phone,2,Completed
BK000429,2024-08-06,2024-08-15,17,B01,C00000,Website,1,Completed
BK000430,2024-08-04,2024-08-16,18,B01,C00000,OpenTable,2,Completed
BK000431,2024-08-06,2024-08-16,20,B01,C00000,Website,2,Completed
BK000432,2024-08-05,2024-08-17,19,B01,C00000,OpenTable,4,Completed
BK000433,2024-08-04,2024-08-17,19,B01,C00000,OpenTable,2,Cancelled
BK000434,2024-08-08,2024-08-17,14,B01,C03838,Website,4,Completed
BK000435,2024-08-12,2024-08-17,20,B01,C02030,Phone,5,Completed
BK000436,2024-08-07,2024-08-17,20,B01,C00000,Instagram,2,No-show
BK000437,2024-08-17,2024-08-18,17,B01,C02262,OpenTable,4,Completed
BK000438,2024-08-14,2024-08-18,21,B01,C02738,OpenTable,2,Completed
BK000439,2024-08-16,2024-08-18,21,B01,C00000,OpenTable,1,No-show
BK000440,2024-08-17,2024-08-18,16,B01,C00000,OpenTable,4,Completed
BK000441,2024-08-14,2024-08-19,16,B01,C03822,Website,4,Completed
BK000442,2024-08-10,2024-08-19,16,B01,C00000,Website,2,Cancelled
BK000443,2024-08-18,2024-08-19,19,B01,C00156,Website,2,Completed
BK000444,2024-08-13,2024-08-22,22,B01,C00000,Website,1,Completed
BK000445,2024-08-14,2024-08-23,12,B01,C04419,Website,8,Completed
BK000446,2024-08-17,2024-08-23,21,B01,C00000,Phone,2,Completed
BK000447,2024-08-22,2024-08-23,21,B01,C00000,Website,5,No-show
BK000448,2024-07-27,2024-08-23,18,B01,C00000,Phone,2,Completed
BK000449,2024-08-20,2024-08-24,14,B01,C01064,Website,6,Completed
BK000450,2024-08-22,2024-08-24,20,B01,C00000,Phone,6,Completed
BK000451,2024-08-22,2024-08-26,18,B01,C00000,OpenTable,2,Completed
BK000452,2024-08-14,2024-08-26,22,B01,C00000,Website,4,Completed
BK000453,2024-08-22,2024-08-26,20,B01,C00000,OpenTable,4,Completed
BK000454,2024-08-21,2024-08-29,18,B01,C00000,Website,2,Completed
BK000455,2024-08-30,2024-08-31,18,B01,C00000,Phone,6,Completed
BK000456,2024-08-30,2024-08-31,18,B01,C00000,Website,2,No-show
BK000457,2024-08-27,2024-08-31,22,B01,C00000,Phone,1,Completed
BK000458,2024-08-14,2024-09-01,19,B01,C00000,Phone,2,Completed
BK000459,2024-09-04,2024-09-04,13,B01,C00839,Website,4,Completed
BK000460,2024-08-14,2024-09-04,13,B01,C00000,Phone,2,Cancelled
BK000461,2024-08-30,2024-09-04,18,B01,C02263,Instagram,2,Completed
BK000462,2024-09-04,2024-09-04,18,B01,C00000,OpenTable,3,No-show
BK000463,2024-08-27,2024-09-04,19,B01,C01602,OpenTable,3,Completed
BK000464,2024-09-01,2024-09-04,19,B01,C02263,Website,3,Completed
BK000465,2024-08-24,2024-09-05,16,B01,C00000,Instagram,2,Completed
BK000466,2024-08-29,2024-09-05,16,B01,C00000,OpenTable,1,No-show
BK000467,2024-09-01,2024-09-05,12,B01,C03993,Phone,4,Completed
BK000468,2024-08-27,2024-09-05,18,B01,C00000,Website,2,Completed
BK000469,2024-09-03,2024-09-05,13,B01,C00299,Phone,2,Completed
BK000470,2024-09-03,2024-09-05,13,B01,C00000,Phone,6,Cancelled
BK000471,2024-09-06,2024-09-06,21,B01,C00000,OpenTable,4,Completed
BK000472,2024-08-22,2024-09-06,16,B01,C02674,OpenTable,2,Completed
BK000473,2024-08-30,2024-09-06,16,B01,C00000,OpenTable,4,Cancelled
BK000474,2024-09-08,2024-09-08,13,B01,C01229,OpenTable,2,Completed
BK000475,2024-09-03,2024-09-08,17,B01,C00000,Website,1,Completed
BK000476,2024-09-03,2024-09-09,20,B01,C01749,Website,5,Completed
BK000477,2024-09-07,2024-09-09,20,B01,C00000,OpenTable,6,Cancelled
BK000478,2024-08-23,2024-09-09,16,B01,C00000,Website,4,Completed
BK000479,2024-09-04,2024-09-09,16,B01,C00000,Website,2,Cancelled
BK000480,2024-09-09,2024-09-11,13,B01,C02955,Website,2,Completed
BK000481,2024-09-05,2024-09-11,20,B01,C03524,OpenTable,2,Completed
BK000482,2024-09-08,2024-09-12,18,B01,C00000,Website,7,Completed
BK000483,2024-09-11,2024-09-12,18,B01,C00000,Website,1,Cancelled
BK000484,2024-09-07,2024-09-12,19,B01,C00000,OpenTable,4,Completed
BK000485,2024-09-12,2024-09-13,18,B01,C00000,OpenTable,2,Completed
BK000486,2024-09-12,2024-09-13,20,B01,C04676,Website,2,Completed
BK000487,2024-09-12,2024-09-13,19,B01,C00000,Website,4,Completed
BK000488,2024-09-09,2024-09-13,17,B01,C00000,Phone,6,Completed
BK000489,2024-09-06,2024-09-14,21,B01,C00000,Phone,4,Completed
BK000490,2024-09-10,2024-09-14,14,B01,C01749,OpenTable,2,Completed
BK000491,2024-09-13,2024-09-14,18,B01,C00000,Website,3,Completed
BK000492,2024-09-14,2024-09-14,21,B01,C00000,Website,2,Completed
BK000493,2024-09-15,2024-09-15,19,B01,C00000,OpenTable,1,Completed
BK000494,2024-09-14,2024-09-19,19,B01,C00000,Website,4,Completed
BK000495,2024-09-13,2024-09-19,19,B01,C00000,Website,8,Cancelled
BK000496,2024-09-20,2024-09-20,20,B01,C00000,OpenTable,2,Completed
BK000497,2024-09-19,2024-09-21,14,B01,C00000,OpenTable,6,Completed
BK000498,2024-09-22,2024-09-22,18,B01,C00000,Phone,2,Completed
BK000499,2024-09-21,2024-09-22,20,B01,C00000,OpenTable,2,Completed
BK000500,2024-09-22,2024-09-22,18,B01,C01654,Website,4,Completed
BK000501,2024-09-21,2024-09-22,19,B01,C00000,Phone,4,Completed
BK000502,2024-09-23,2024-09-25,18,B01,C01213,OpenTable,4,Completed
BK000503,2024-09-19,2024-09-26,18,B01,C00000,Phone,4,Completed
BK000504,2024-09-27,2024-09-27,19,B01,C00000,Phone,5,Completed
BK000505,2024-09-18,2024-09-27,17,B01,C00000,OpenTable,4,Completed
BK000506,2024-09-19,2024-09-27,14,B01,C00000,OpenTable,3,Completed
BK000507,2024-09-27,2024-09-27,20,B01,C00000,OpenTable,2,Completed
BK000508,2024-09-22,2024-09-27,20,B01,C00000,OpenTable,2,Cancelled
BK000509,2024-09-22,2024-09-28,21,B01,C02513,Website,6,Completed
BK000510,2024-09-21,2024-09-28,20,B01,C00000,Website,4,Completed
BK000511,2024-09-27,2024-09-29,17,B01,C02919,Phone,3,Completed
BK000512,2024-09-29,2024-09-29,19,B01,C00000,Phone,6,Completed
BK000513,2024-09-26,2024-09-30,19,B01,C00299,OpenTable,5,Completed
BK000514,2024-09-30,2024-10-04,13,B01,C00000,OpenTable,2,Completed
BK000515,2024-09-24,2024-10-05,18,B01,C00000,Website,4,Completed
BK000516,2024-09-18,2024-10-05,20,B01,C00000,Website,1,Completed
BK000517,2024-09-29,2024-10-06,16,B01,C00000,Instagram,4,Completed
BK000518,2024-10-05,2024-10-06,16,B01,C00000,OpenTable,4,Completed
BK000519,2024-10-06,2024-10-07,20,B01,C03969,Instagram,1,Completed
BK000520,2024-10-08,2024-10-09,13,B01,C00000,OpenTable,1,Completed
BK000521,2024-10-06,2024-10-10,17,B01,C04772,Website,4,Completed
BK000522,2024-09-30,2024-10-10,20,B01,C00000,OpenTable,1,Completed
BK000523,2024-10-08,2024-10-11,20,B01,C00000,Phone,2,Completed
BK000524,2024-10-05,2024-10-11,17,B01,C00000,Website,2,Completed
BK000525,2024-10-08,2024-10-11,17,B01,C00000,Website,2,No-show
BK000526,2024-09-30,2024-10-12,18,B01,C00000,OpenTable,2,Completed
BK000527,2024-10-14,2024-10-14,17,B01,C04867,OpenTable,1,Completed
BK000528,2024-10-11,2024-10-14,18,B01,C00000,Website,4,Completed
BK000529,2024-10-09,2024-10-14,18,B01,C00000,Instagram,4,Cancelled
BK000530,2024-10-14,2024-10-16,18,B01,C00000,Website,2,Completed
BK000531,2024-10-16,2024-10-16,18,B01,C00000,OpenTable,3,No-show
BK000532,2024-10-14,2024-10-16,18,B01,C00000,Website,4,Completed
BK000533,2024-10-13,2024-10-17,14,B01,C00000,Website,1,Completed
BK000534,2024-10-18,2024-10-18,22,B01,C00200,Website,5,Completed
BK000535,2024-10-08,2024-10-18,18,B01,C00000,Website,2,Completed
BK000536,2024-10-19,2024-10-19,21,B01,C03718,OpenTable,1,Completed
BK000537,2024-10-17,2024-10-19,20,B01,C00299,Phone,5,Completed
BK000538,2024-10-15,2024-10-19,22,B01,C01011,Website,2,Completed
BK000539,2024-10-17,2024-10-19,15,B01,C00000,Website,3,Completed
BK000540,2024-10-10,2024-10-20,20,B01,C00000,Website,6,Completed
BK000541,2024-10-20,2024-10-20,18,B01,C00000,OpenTable,2,Completed
BK000542,2024-10-16,2024-10-21,20,B01,C00000,Phone,2,Completed
BK000543,2024-10-21,2024-10-21,19,B01,C02263,OpenTable,4,Completed
BK000544,2024-10-14,2024-10-21,19,B01,C03524,Website,5,Completed
BK000545,2024-10-22,2024-10-23,22,B01,C02262,Website,3,Completed
BK000546,2024-10-13,2024-10-23,22,B01,C00000,Website,2,Cancelled
BK000547,2024-10-23,2024-10-23,22,B01,C00000,Phone,2,Completed
BK000548,2024-10-21,2024-10-23,19,B01,C00000,OpenTable,6,Completed
BK000549,2024-10-24,2024-10-24,21,B01,C01912,OpenTable,1,Completed
BK000550,2024-10-06,2024-10-24,21,B01,C00000,Phone,4,Cancelled
BK000551,2024-10-23,2024-10-25,18,B01,C00000,Website,2,Completed
BK000552,2024-10-25,2024-10-25,18,B01,C00000,OpenTable,2,Cancelled
BK000553,2024-10-23,2024-10-25,20,B01,C02546,Website,1,Completed
BK000554,2024-10-20,2024-10-25,20,B01,C03103,Phone,3,Completed
BK000555,2024-10-23,2024-10-25,20,B01,C00000,Instagram,4,Cancelled
BK000556,2024-10-18,2024-10-25,22,B01,C00000,Website,5,Completed
BK000557,2024-10-23,2024-10-25,18,B01,C00000,Website,3,Completed
BK000558,2024-10-24,2024-10-25,17,B01,C00000,OpenTable,2,Completed
BK000559,2024-10-22,2024-10-25,16,B01,C03718,OpenTable,3,Completed
BK000560,2024-10-17,2024-10-27,22,B01,C00000,OpenTable,3,Completed
BK000561,2024-10-25,2024-10-28,19,B01,C00000,Phone,2,Completed
BK000562,2024-10-25,2024-10-30,22,B01,C00799,Website,7,Completed
BK000563,2024-10-30,2024-10-31,20,B01,C00000,OpenTable,2,Completed
BK000564,2024-10-28,2024-10-31,20,B01,C00000,Website,1,No-show
BK000565,2024-10-31,2024-11-01,19,B01,C00000,Website,6,Completed
BK000566,2024-10-31,2024-11-01,19,B01,C00000,Website,2,Completed
BK000567,2024-10-17,2024-11-01,19,B01,C00000,Website,3,Completed
BK000568,2024-11-01,2024-11-01,20,B01,C03831,OpenTable,4,Completed
BK000569,2024-10-17,2024-11-01,22,B01,C02147,OpenTable,1,Completed
BK000570,2024-11-02,2024-11-02,19,B01,C00000,Website,2,Completed
BK000571,2024-10-27,2024-11-02,20,B01,C00000,Instagram,1,Completed
BK000572,2024-10-23,2024-11-03,18,B01,C02492,Phone,8,Completed
BK000573,2024-11-02,2024-11-06,19,B01,C00000,Instagram,2,Completed
BK000574,2024-11-05,2024-11-06,19,B01,C00000,OpenTable,2,Cancelled
BK000575,2024-11-06,2024-11-06,19,B01,C00000,Website,4,Completed
BK000576,2024-10-25,2024-11-07,19,B01,C02054,Website,2,Completed
BK000577,2024-10-27,2024-11-08,12,B01,C00000,Phone,7,Completed
BK000578,2024-11-06,2024-11-08,21,B01,C00000,OpenTable,2,Completed
BK000579,2024-11-03,2024-11-08,20,B01,C00000,Phone,2,Completed
BK000580,2024-11-06,2024-11-09,22,B01,C00000,Phone,2,Completed
BK000581,2024-11-03,2024-11-09,19,B01,C02633,Website,3,Completed
BK000582,2024-11-05,2024-11-09,14,B01,C02468,Website,5,Completed
BK000583,2024-10-24,2024-11-09,20,B01,C00000,Phone,2,Completed
BK000584,2024-11-08,2024-11-09,13,B01,C02263,Instagram,4,Completed
BK000585,2024-11-05,2024-11-09,13,B01,C00000,Website,3,Cancelled
BK000586,2024-11-07,2024-11-09,19,B01,C00000,OpenTable,4,Completed
BK000587,2024-11-07,2024-11-09,18,B01,C00000,Instagram,6,Completed
BK000588,2024-11-01,2024-11-10,20,B01,C00000,OpenTable,1,Completed
BK000589,2024-10-30,2024-11-11,18,B01,C00000,Website,4,Completed
BK000590,2024-11-01,2024-11-11,20,B01,C01908,Website,4,Completed
BK000591,2024-11-07,2024-11-13,15,B01,C00000,OpenTable,1,Completed
BK000592,2024-11-13,2024-11-15,14,B01,C00000,Phone,6,Completed
BK000593,2024-10-27,2024-11-15,14,B01,C00068,Website,1,Completed
BK000594,2024-11-04,2024-11-15,20,B01,C02105,OpenTable,4,Completed
BK000595,2024-11-10,2024-11-16,18,B01,C00361,Website,2,Completed
BK000596,2024-11-16,2024-11-16,20,B01,C00000,Instagram,4,Completed
BK000597,2024-11-11,2024-11-16,19,B01,C02054,Website,1,Completed
BK000598,2024-11-14,2024-11-17,19,B01,C02263,Website,2,Completed
BK000599,2024-11-20,2024-11-20,18,B01,C00000,Phone,2,Completed
BK000600,2024-11-06,2024-11-20,19,B01,C00000,OpenTable,1,Completed
BK000601,2024-11-20,2024-11-20,19,B01,C00000,Phone,6,Cancelled
BK000602,2024-11-10,2024-11-21,21,B01,C02263,Instagram,2,Completed
BK000603,2024-11-17,2024-11-21,19,B01,C00000,Website,4,Completed
BK000604,2024-11-11,2024-11-21,21,B01,C00000,OpenTable,4,Completed
BK000605,2024-11-21,2024-11-21,19,B01,C00000,Website,6,Completed
BK000606,2024-11-21,2024-11-22,22,B01,C00000,Website,3,Completed
BK000607,2024-11-18,2024-11-22,22,B01,C00000,Website,2,No-show
BK000608,2024-11-16,2024-11-22,19,B01,C03239,OpenTable,1,Completed
BK000609,2024-11-22,2024-11-22,20,B01,C00000,Phone,5,Completed
BK000610,2024-11-14,2024-11-22,20,B01,C00000,Instagram,4,Completed
BK000611,2024-11-21,2024-11-23,13,B01,C00069,OpenTable,1,Completed
BK000612,2024-11-17,2024-11-23,21,B01,C00000,Website,3,Completed
BK000613,2024-11-21,2024-11-23,17,B01,C00000,Website,4,Completed
BK000614,2024-11-16,2024-11-23,20,B01,C00000,Phone,2,Completed
BK000615,2024-11-14,2024-11-23,21,B01,C04772,OpenTable,2,Completed
BK000616,2024-11-17,2024-11-23,20,B01,C04334,Phone,3,Completed
BK000617,2024-11-21,2024-11-23,18,B01,C00000,Phone,1,Completed
BK000618,2024-10-13,2024-11-24,20,B01,C04208,Phone,5,Completed
BK000619,2024-10-28,2024-11-24,20,B01,C00000,Website,2,Completed
BK000620,2024-11-17,2024-11-24,19,B01,C00000,Phone,4,Completed
BK000621,2024-11-01,2024-11-24,19,B01,C00000,Phone,6,Cancelled
BK000622,2024-11-13,2024-11-28,19,B01,C00506,OpenTable,3,Completed
BK000623,2024-11-28,2024-11-28,13,B01,C00000,Website,2,Completed
BK000624,2024-11-24,2024-11-28,20,B01,C02919,OpenTable,2,Completed
BK000625,2024-11-29,2024-11-29,20,B01,C00000,Phone,2,Completed
BK000626,2024-11-28,2024-11-29,20,B01,C00000,Website,4,Cancelled
BK000627,2024-11-23,2024-11-29,13,B01,C03306,OpenTable,3,Completed
BK000628,2024-11-28,2024-11-29,19,B01,C02077,OpenTable,2,Completed
BK000629,2024-11-28,2024-11-29,19,B01,C00000,Website,2,Cancelled
BK000630,2024-11-24,2024-11-30,17,B01,C00000,Website,2,Completed
BK000631,2024-12-01,2024-12-01,18,B01,C00000,Website,2,Completed
BK000632,2024-11-28,2024-12-01,19,B01,C00000,Website,2,Completed
BK000633,2024-11-23,2024-12-01,19,B01,C00000,OpenTable,7,No-show
BK000634,2024-12-01,2024-12-01,19,B01,C00000,OpenTable,4,Cancelled
BK000635,2024-11-30,2024-12-01,13,B01,C00068,Instagram,2,Completed
BK000636,2024-11-28,2024-12-01,13,B01,C00000,Website,1,Completed
BK000637,2024-11-30,2024-12-02,21,B01,C00000,Website,2,Completed
BK000638,2024-11-27,2024-12-02,18,B01,C01749,Phone,2,Completed
BK000639,2024-12-03,2024-12-05,21,B01,C00000,OpenTable,8,Completed
BK000640,2024-12-05,2024-12-05,21,B01,C00000,Website,4,Cancelled
BK000641,2024-12-02,2024-12-05,20,B01,C03524,Website,4,Completed
BK000642,2024-11-30,2024-12-05,20,B01,C00000,OpenTable,2,No-show
BK000643,2024-12-02,2024-12-05,20,B01,C00000,Website,4,Cancelled
BK000644,2024-11-30,2024-12-06,22,B01,C02263,OpenTable,8,Completed
BK000645,2024-12-06,2024-12-06,14,B01,C00000,Website,2,Completed
BK000646,2024-12-03,2024-12-06,14,B01,C00000,Phone,2,Completed
BK000647,2024-11-28,2024-12-06,20,B01,C00000,Website,4,Completed
BK000648,2024-11-19,2024-12-08,21,B01,C00000,Website,2,Completed
BK000649,2024-12-08,2024-12-08,21,B01,C00000,OpenTable,4,No-show
BK000650,2024-12-02,2024-12-08,17,B01,C00000,Website,1,Completed
BK000651,2024-11-29,2024-12-08,19,B01,C00000,Website,2,Completed
BK000652,2024-12-04,2024-12-08,20,B01,C02410,Instagram,2,Completed
BK000653,2024-12-08,2024-12-09,22,B01,C04958,OpenTable,2,Completed
BK000654,2024-12-09,2024-12-11,18,B01,C00000,OpenTable,1,Completed
BK000655,2024-12-05,2024-12-11,13,B01,C00000,Website,4,Completed
BK000656,2024-11-17,2024-12-11,19,B01,C04958,Phone,2,Completed
BK000657,2024-11-25,2024-12-12,19,B01,C00000,Phone,2,Completed
BK000658,2024-12-10,2024-12-12,16,B01,C00000,Website,2,Completed
BK000659,2024-12-04,2024-12-14,19,B01,C00000,Website,5,Completed
BK000660,2024-12-11,2024-12-14,19,B01,C00000,OpenTable,1,No-show
BK000661,2024-12-08,2024-12-14,14,B01,C00000,Phone,5,Completed
BK000662,2024-12-13,2024-12-15,12,B01,C00000,Instagram,4,Completed
BK000663,2024-11-28,2024-12-15,20,B01,C01083,Phone,3,Completed
BK000664,2024-12-13,2024-12-15,13,B01,C00000,Website,3,Completed
BK000665,2024-12-15,2024-12-15,19,B01,C00000,OpenTable,2,Completed
BK000666,2024-12-04,2024-12-15,20,B01,C00000,OpenTable,5,Completed
BK000667,2024-12-11,2024-12-15,20,B01,C00000,Phone,6,No-show
BK000668,2024-11-25,2024-12-15,20,B01,C00000,Website,2,Cancelled
BK000669,2024-12-11,2024-12-15,20,B01,C00000,Website,4,Completed
BK000670,2024-12-12,2024-12-15,20,B01,C00000,OpenTable,4,Cancelled
BK000671,2024-12-08,2024-12-16,22,B01,C00000,Website,2,Completed
BK000672,2024-12-15,2024-12-18,20,B01,C00000,Website,4,Completed
BK000673,2024-12-13,2024-12-19,13,B01,C02263,Website,2,Completed
BK000674,2024-12-16,2024-12-19,12,B01,C00000,Phone,2,Completed
BK000675,2024-12-13,2024-12-20,22,B01,C00000,Phone,2,Completed
BK000676,2024-12-16,2024-12-20,13,B01,C00996,Website,2,Completed
BK000677,2024-12-20,2024-12-20,20,B01,C00000,Website,3,Completed
BK000678,2024-12-17,2024-12-20,20,B01,C00000,OpenTable,1,Completed
BK000679,2024-12-19,2024-12-20,20,B01,C00000,Website,2,No-show
BK000680,2024-12-09,2024-12-20,13,B01,C00000,Phone,5,Completed
BK000681,2024-12-17,2024-12-21,21,B01,C00000,Website,2,Completed
BK000682,2024-12-07,2024-12-21,21,B01,C00000,Instagram,2,Cancelled
BK000683,2024-12-20,2024-12-21,14,B01,C02750,OpenTable,2,Completed
BK000684,2024-12-21,2024-12-23,13,B01,C00000,Website,2,Completed
BK000685,2024-12-19,2024-12-23,13,B01,C02832,OpenTable,2,Completed
BK000686,2024-12-21,2024-12-23,13,B01,C00000,OpenTable,4,Cancelled
BK000687,2024-12-15,2024-12-23,19,B01,C00000,Website,3,Completed
BK000688,2024-12-20,2024-12-23,19,B01,C00000,Website,3,Cancelled
BK000689,2024-12-24,2024-12-26,22,B01,C04958,OpenTable,4,Completed
BK000690,2024-12-20,2024-12-27,19,B01,C00000,OpenTable,4,Completed
BK000691,2024-12-26,2024-12-27,19,B01,C00000,Phone,1,No-show
BK000692,2024-12-23,2024-12-28,20,B01,C00000,Website,2,Completed
BK000693,2024-12-27,2024-12-30,21,B01,C04958,Instagram,2,Completed
BK000694,2024-12-14,2025-01-02,19,B01,C01687,Website,7,Completed
BK000695,2024-12-29,2025-01-03,19,B01,C00466,Website,2,Completed
BK000696,2024-12-30,2025-01-03,21,B01,C00000,OpenTable,3,Completed
BK000697,2025-01-03,2025-01-04,22,B01,C04958,Phone,2,Completed
BK000698,2025-01-03,2025-01-05,21,B01,C00000,Website,4,Completed
BK000699,2025-01-05,2025-01-05,17,B01,C00000,Phone,5,Completed
BK000700,2025-01-08,2025-01-08,19,B01,C00000,Website,4,Completed
BK000701,2025-01-06,2025-01-08,19,B01,C00000,Website,2,Cancelled
BK000702,2024-12-29,2025-01-09,19,B01,C00000,Phone,4,Completed
BK000703,2025-01-06,2025-01-11,13,B01,C00000,OpenTable,3,Completed
BK000704,2025-01-08,2025-01-11,18,B01,C00000,Website,3,Completed
BK000705,2024-12-31,2025-01-11,21,B01,C00000,Website,2,Completed
BK000706,2025-01-12,2025-01-12,19,B01,C00000,OpenTable,2,Completed
BK000707,2024-12-29,2025-01-13,18,B01,C01990,Website,2,Completed
BK000708,2025-01-11,2025-01-13,13,B01,C03103,Phone,7,Completed
BK000709,2025-01-16,2025-01-16,20,B01,C03306,OpenTable,4,Completed
BK000710,2025-01-08,2025-01-18,19,B01,C00000,Phone,4,Completed
BK000711,2025-01-18,2025-01-18,18,B01,C00000,Phone,6,Completed
BK000712,2025-01-12,2025-01-18,18,B01,C00000,Website,2,Cancelled
BK000713,2025-01-14,2025-01-19,17,B01,C00000,Website,2,Completed
BK000714,2025-01-13,2025-01-19,19,B01,C01064,OpenTable,1,Completed
BK000715,2025-01-05,2025-01-19,19,B01,C00000,Website,6,Completed
BK000716,2025-01-16,2025-01-19,19,B01,C00000,Website,2,No-show
BK000717,2025-01-15,2025-01-19,12,B01,C00000,Website,2,Completed
BK000718,2025-01-14,2025-01-19,12,B01,C00000,Website,1,Cancelled
BK000719,2025-01-20,2025-01-20,12,B01,C00000,Phone,3,Completed
BK000720,2025-01-22,2025-01-22,22,B01,C00000,OpenTable,3,Completed
BK000721,2025-01-20,2025-01-22,12,B01,C00000,Phone,2,Completed
BK000722,2025-01-12,2025-01-23,21,B01,C04958,OpenTable,1,Completed
BK000723,2025-01-21,2025-01-23,19,B01,C00000,OpenTable,7,Completed
BK000724,2025-01-18,2025-01-24,19,B01,C00000,Website,2,Completed
BK000725,2025-01-06,2025-01-24,21,B01,C00000,OpenTable,4,Completed
BK000726,2025-01-23,2025-01-24,21,B01,C00000,OpenTable,2,Cancelled
BK000727,2025-01-16,2025-01-24,19,B01,C00000,Website,2,Completed
BK000728,2025-01-11,2025-01-24,13,B01,C00000,OpenTable,1,Completed
BK000729,2025-01-20,2025-01-25,18,B01,C00000,OpenTable,2,Completed
BK000730,2025-01-23,2025-01-25,18,B01,C00000,Phone,1,No-show
BK000731,2025-01-20,2025-01-25,18,B01,C00000,Website,2,Completed
BK000732,2025-01-26,2025-01-26,21,B01,C00000,Website,2,Completed
BK000733,2025-01-21,2025-01-26,18,B01,C00000,Website,8,Completed
BK000734,2025-01-25,2025-01-26,19,B01,C03533,Website,5,Completed
BK000735,2025-01-25,2025-01-27,19,B01,C00000,Phone,4,Completed
BK000736,2025-01-20,2025-01-27,19,B01,C00000,Phone,6,Completed
BK000737,2025-01-29,2025-01-29,12,B01,C00000,Phone,2,Completed
BK000738,2025-01-30,2025-01-30,20,B01,C01001,Website,4,Completed
BK000739,2025-01-25,2025-01-31,20,B01,C00000,Instagram,2,Completed
BK000740,2025-01-26,2025-01-31,19,B01,C00000,OpenTable,3,Completed
BK000741,2025-01-29,2025-01-31,14,B01,C03306,OpenTable,2,Completed
BK000742,2025-01-25,2025-01-31,20,B01,C02285,Website,3,Completed
BK000743,2025-01-10,2025-01-31,18,B01,C00000,OpenTable,3,Completed
BK000744,2025-01-19,2025-02-01,22,B01,C00000,Website,3,Completed
BK000745,2025-01-30,2025-02-03,19,B01,C00117,Instagram,2,Completed
BK000746,2025-02-04,2025-02-05,15,B01,C04171,OpenTable,3,Completed
BK000747,2025-02-01,2025-02-05,22,B01,C00000,Phone,2,Completed
BK000748,2025-02-05,2025-02-05,14,B01,C00200,OpenTable,3,Completed
BK000749,2025-02-06,2025-02-06,15,B01,C00000,Website,2,Completed
BK000750,2025-02-04,2025-02-07,21,B01,C00000,Phone,1,Completed
BK000751,2025-02-04,2025-02-07,22,B01,C04958,Website,4,Completed
BK000752,2025-02-03,2025-02-07,20,B01,C00000,Website,3,Completed
BK000753,2025-01-30,2025-02-08,19,B01,C00000,OpenTable,3,Completed
BK000754,2025-01-29,2025-02-08,22,B01,C00000,OpenTable,3,Completed
BK000755,2025-01-29,2025-02-09,20,B01,C00089,Phone,2,Completed
BK000756,2025-02-05,2025-02-09,20,B01,C00000,Phone,6,No-show
BK000757,2025-02-06,2025-02-09,18,B01,C00000,Phone,2,Completed
BK000758,2025-02-09,2025-02-09,18,B01,C00000,OpenTable,1,No-show
BK000759,2025-02-03,2025-02-09,18,B01,C00000,Website,3,Cancelled
BK000760,2025-02-06,2025-02-12,22,B01,C00000,Website,3,Completed
BK000761,2025-02-10,2025-02-12,13,B01,C00000,Website,3,Completed
BK000762,2025-02-12,2025-02-12,22,B01,C00000,Phone,4,Completed
BK000763,2025-02-10,2025-02-13,18,B01,C00000,Phone,8,Completed
BK000764,2025-02-14,2025-02-15,13,B01,C00299,OpenTable,2,Completed
BK000765,2025-02-14,2025-02-15,21,B01,C04958,OpenTable,4,Completed
BK000766,2025-02-11,2025-02-16,20,B01,C00000,Website,4,Completed
BK000767,2025-02-16,2025-02-16,19,B01,C00000,Website,3,Completed
BK000768,2025-02-13,2025-02-16,19,B01,C00000,OpenTable,4,Completed
BK000769,2025-02-17,2025-02-19,22,B01,C00017,OpenTable,3,Completed
BK000770,2025-02-08,2025-02-20,12,B01,C03718,Website,2,Completed
BK000771,2025-02-22,2025-02-22,18,B01,C00000,Website,2,Completed
BK000772,2025-02-17,2025-02-22,19,B01,C00000,Website,3,Completed
BK000773,2025-02-17,2025-02-22,19,B01,C00000,Phone,2,Cancelled
BK000774,2025-02-20,2025-02-22,20,B01,C00000,Phone,2,Completed
BK000775,2025-02-21,2025-02-23,22,B01,C00000,Website,4,Completed
BK000776,2025-02-20,2025-02-23,16,B01,C00000,Website,7,Completed
BK000777,2025-02-18,2025-02-24,22,B01,C00000,Website,5,Completed
BK000778,2025-02-28,2025-02-28,20,B01,C00000,Instagram,3,Completed
BK000779,2025-02-18,2025-02-28,22,B01,C02262,Website,4,Completed
BK000780,2025-02-25,2025-02-28,21,B01,C00000,Phone,2,Completed
BK000781,2025-02-24,2025-03-01,18,B01,C04196,OpenTable,2,Completed
BK000782,2025-02-28,2025-03-01,21,B01,C02513,Phone,5,Completed
BK000783,2025-03-01,2025-03-02,18,B01,C04958,Website,8,Completed
BK000784,2025-02-28,2025-03-02,18,B01,C00000,Phone,4,No-show
BK000785,2025-03-01,2025-03-02,19,B01,C00000,OpenTable,3,Completed
BK000786,2025-02-26,2025-03-05,19,B01,C00000,OpenTable,3,Completed
BK000787,2025-03-04,2025-03-05,14,B01,C01206,OpenTable,2,Completed
BK000788,2025-03-05,2025-03-07,13,B01,C00000,Website,2,Completed
BK000789,2025-03-03,2025-03-07,17,B01,C00000,OpenTable,2,Completed
BK000790,2025-03-02,2025-03-08,19,B01,C00000,Website,5,Completed
BK000791,2025-03-01,2025-03-08,19,B01,C00000,OpenTable,4,Completed
BK000792,2025-03-07,2025-03-09,20,B01,C00000,OpenTable,5,Completed
BK000793,2025-03-08,2025-03-09,20,B01,C00000,Website,2,Cancelled
BK000794,2025-03-04,2025-03-09,14,B01,C00000,OpenTable,4,Completed
BK000795,2025-03-04,2025-03-09,16,B01,C00000,Instagram,4,Completed
BK000796,2025-03-06,2025-03-13,19,B01,C00000,Website,3,Completed
BK000797,2025-02-25,2025-03-13,12,B01,C04956,OpenTable,6,Completed
BK000798,2025-03-09,2025-03-14,18,B01,C02263,OpenTable,4,Completed
BK000799,2025-03-03,2025-03-14,22,B01,C00156,OpenTable,2,Completed
BK000800,2025-03-06,2025-03-14,20,B01,C02263,Website,8,Completed
BK000801,2025-03-10,2025-03-15,17,B01,C00000,Website,4,Completed
BK000802,2025-02-21,2025-03-15,22,B01,C02468,Website,4,Completed
BK000803,2025-03-08,2025-03-15,20,B01,C00069,Website,3,Completed
BK000804,2025-03-12,2025-03-15,19,B01,C00000,Website,3,Completed
BK000805,2025-03-12,2025-03-16,19,B01,C00000,Phone,3,Completed
BK000806,2025-03-14,2025-03-16,19,B01,C00000,Website,2,Cancelled
BK000807,2025-03-11,2025-03-16,19,B01,C00000,Website,2,Completed
BK000808,2025-03-01,2025-03-16,13,B01,C01740,Website,2,Completed
BK000809,2025-03-14,2025-03-16,13,B01,C00000,Website,4,Cancelled
BK000810,2025-03-13,2025-03-16,19,B01,C01749,Website,2,Completed
BK000811,2025-03-13,2025-03-16,19,B01,C00000,Phone,4,Cancelled
BK000812,2025-03-10,2025-03-16,20,B01,C00000,Website,4,Completed
BK000813,2025-03-14,2025-03-17,15,B01,C00000,Phone,4,Completed
BK000814,2025-03-18,2025-03-19,13,B01,C02439,Phone,2,Completed
BK000815,2025-03-18,2025-03-19,17,B01,C00000,Website,3,Completed
BK000816,2025-03-13,2025-03-20,13,B01,C02941,Website,2,Completed
BK000817,2025-03-17,2025-03-20,13,B01,C00000,Phone,2,Cancelled
BK000818,2025-03-19,2025-03-20,19,B01,C00000,Website,6,Completed
BK000819,2025-03-15,2025-03-21,17,B01,C00000,Website,2,Completed
BK000820,2025-03-13,2025-03-21,20,B01,C00000,Website,8,Completed
BK000821,2025-03-07,2025-03-21,20,B01,C00000,OpenTable,5,No-show
BK000822,2025-03-17,2025-03-22,18,B01,C04958,OpenTable,2,Completed
BK000823,2025-03-21,2025-03-22,20,B01,C00000,OpenTable,4,Completed
BK000824,2025-03-22,2025-03-22,21,B01,C00000,Phone,2,Completed
BK000825,2025-03-20,2025-03-22,22,B01,C00000,Website,1,Completed
BK000826,2025-03-22,2025-03-22,13,B01,C00000,Website,3,Completed
BK000827,2025-03-17,2025-03-23,20,B01,C00000,Website,1,Completed
BK000828,2025-03-23,2025-03-23,20,B01,C00000,Website,2,Completed
BK000829,2025-03-24,2025-03-24,15,B01,C04958,Instagram,4,Completed
BK000830,2025-03-25,2025-03-26,20,B01,C00357,Phone,2,Completed
BK000831,2025-03-24,2025-03-26,20,B01,C00000,Instagram,4,No-show
BK000832,2025-03-18,2025-03-26,12,B01,C00000,OpenTable,4,Completed
BK000833,2025-03-20,2025-03-27,20,B01,C03670,Website,2,Completed
BK000834,2025-03-28,2025-03-28,22,B01,C00000,Phone,8,Completed
BK000835,2025-03-19,2025-03-28,12,B01,C00000,OpenTable,4,Completed
BK000836,2025-03-24,2025-03-28,12,B01,C00000,Phone,1,Cancelled
BK000837,2025-03-22,2025-03-28,20,B01,C04958,Phone,6,Completed
BK000838,2025-03-20,2025-03-28,12,B01,C00000,Website,4,Completed
BK000839,2025-03-25,2025-03-28,12,B01,C00000,Instagram,1,Cancelled
BK000840,2025-03-18,2025-03-29,13,B01,C00000,Website,1,Completed
BK000841,2025-03-09,2025-03-29,21,B01,C00000,OpenTable,4,Completed
BK000842,2025-03-27,2025-03-29,21,B01,C00000,Website,3,Completed
BK000843,2025-03-28,2025-03-29,13,B01,C00000,OpenTable,2,Completed
BK000844,2025-03-26,2025-03-29,21,B01,C00000,Website,4,Completed
BK000845,2025-03-20,2025-03-29,21,B01,C00000,Website,8,Completed
BK000846,2025-03-29,2025-03-29,20,B01,C00000,Website,2,Completed
BK000847,2025-03-20,2025-03-29,20,B01,C00000,Website,2,No-show
BK000848,2025-03-21,2025-03-29,20,B01,C00000,Instagram,2,Cancelled
BK000849,2025-03-24,2025-03-30,17,B01,C00000,OpenTable,7,Completed
BK000850,2025-03-30,2025-04-02,17,B01,C00000,Website,2,Completed
BK000851,2025-03-29,2025-04-02,12,B01,C02262,OpenTable,2,Completed
BK000852,2025-03-31,2025-04-02,12,B01,C00000,Phone,4,No-show
BK000853,2025-04-02,2025-04-02,17,B01,C00000,Website,3,Completed
BK000854,2025-04-02,2025-04-02,20,B01,C00000,Website,4,Completed
BK000855,2025-03-19,2025-04-02,20,B01,C00000,Phone,2,No-show
BK000856,2025-03-24,2025-04-02,20,B01,C00000,Phone,2,Cancelled
BK000857,2025-03-22,2025-04-02,12,B01,C00000,OpenTable,2,Completed
BK000858,2025-03-30,2025-04-02,12,B01,C00000,Phone,2,Cancelled
BK000859,2025-04-02,2025-04-04,12,B01,C00000,Website,2,Completed
BK000860,2025-03-31,2025-04-04,12,B01,C02619,Phone,1,Completed
BK000861,2025-03-30,2025-04-04,12,B01,C00000,Website,2,Cancelled
BK000862,2025-03-31,2025-04-04,14,B01,C00000,Phone,2,Completed
BK000863,2025-03-27,2025-04-05,15,B01,C00000,Phone,4,Completed
BK000864,2025-04-05,2025-04-05,14,B01,C03306,Website,3,Completed
BK000865,2025-03-31,2025-04-06,20,B01,C00839,Website,2,Completed
BK000866,2025-04-06,2025-04-06,18,B01,C03306,Website,1,Completed
BK000867,2025-03-30,2025-04-10,18,B01,C00000,OpenTable,4,Completed
BK000868,2025-04-09,2025-04-10,18,B01,C00000,Instagram,5,Completed
BK000869,2025-04-08,2025-04-10,18,B01,C00000,OpenTable,3,No-show
BK000870,2025-03-24,2025-04-10,22,B01,C00000,OpenTable,8,Completed
BK000871,2025-04-10,2025-04-11,19,B01,C00000,Website,1,Completed
BK000872,2025-04-11,2025-04-11,17,B01,C00000,Website,2,Completed
BK000873,2025-04-10,2025-04-11,17,B01,C00000,Website,2,Cancelled
BK000874,2025-04-10,2025-04-11,19,B01,C00000,Phone,7,Completed
BK000875,2025-04-10,2025-04-11,14,B01,C00000,Website,2,Completed
BK000876,2025-04-12,2025-04-12,14,B01,C03822,OpenTable,7,Completed
BK000877,2025-04-11,2025-04-12,18,B01,C00000,Phone,2,Completed
BK000878,2025-04-04,2025-04-12,22,B01,C03118,Website,2,Completed
BK000879,2025-04-12,2025-04-12,18,B01,C00000,Website,8,Completed
BK000880,2025-04-06,2025-04-12,14,B01,C00000,Website,2,Completed
BK000881,2025-04-10,2025-04-12,19,B01,C00000,OpenTable,2,Completed
BK000882,2025-04-03,2025-04-12,22,B01,C00000,Phone,4,Completed
BK000883,2025-04-10,2025-04-12,13,B01,C00000,OpenTable,2,Completed
BK000884,2025-04-07,2025-04-12,20,B01,C00000,OpenTable,2,Completed
BK000885,2025-04-12,2025-04-12,19,B01,C00000,Phone,2,Completed
BK000886,2025-04-05,2025-04-13,20,B01,C02829,OpenTable,4,Completed
BK000887,2025-04-13,2025-04-13,20,B01,C00000,Website,3,Completed
BK000888,2025-04-12,2025-04-13,20,B01,C00000,Phone,4,Cancelled
BK000889,2025-04-08,2025-04-14,19,B01,C00000,Website,3,Completed
BK000890,2025-04-13,2025-04-17,19,B01,C00357,OpenTable,4,Completed
BK000891,2025-04-13,2025-04-17,21,B01,C00000,Phone,1,Completed
BK000892,2025-04-11,2025-04-17,21,B01,C00000,Website,2,Cancelled
BK000893,2025-04-09,2025-04-17,19,B01,C00000,Website,2,Completed
BK000894,2025-04-09,2025-04-17,19,B01,C00000,Website,4,No-show
BK000895,2025-04-08,2025-04-18,20,B01,C00000,OpenTable,2,Completed
BK000896,2025-04-16,2025-04-18,21,B01,C00224,Phone,1,Completed
BK000897,2025-04-17,2025-04-18,20,B01,C00000,Website,4,Completed
BK000898,2025-04-14,2025-04-18,21,B01,C00000,Phone,4,Completed
BK000899,2025-04-13,2025-04-18,19,B01,C04958,Website,4,Completed
BK000900,2025-04-18,2025-04-18,19,B01,C00000,Website,3,Cancelled
BK000901,2025-04-15,2025-04-18,15,B01,C00000,Website,4,Completed
BK000902,2025-04-19,2025-04-19,18,B01,C00000,Website,2,Completed
BK000903,2025-04-16,2025-04-19,18,B01,C00000,OpenTable,7,Completed
BK000904,2025-04-11,2025-04-19,19,B01,C00000,Website,2,Completed
BK000905,2025-04-19,2025-04-20,12,B01,C01667,Website,1,Completed
BK000906,2025-04-20,2025-04-20,14,B01,C00000,Website,2,Completed
BK000907,2025-04-20,2025-04-20,22,B01,C03822,Website,1,Completed
BK000908,2025-04-22,2025-04-24,20,B01,C02263,OpenTable,4,Completed
BK000909,2025-04-10,2025-04-24,20,B01,C00000,OpenTable,2,No-show
BK000910,2025-04-01,2025-04-24,18,B01,C00000,OpenTable,4,Completed
BK000911,2025-04-22,2025-04-24,12,B01,C00000,Website,5,Completed
BK000912,2025-04-13,2025-04-24,20,B01,C00000,OpenTable,1,Completed
BK000913,2025-04-23,2025-04-25,17,B01,C04958,OpenTable,2,Completed
BK000914,2025-04-24,2025-04-25,17,B01,C00000,Phone,1,No-show
BK000915,2025-04-18,2025-04-27,21,B01,C00910,OpenTable,3,Completed
BK000916,2025-04-25,2025-04-27,22,B01,C04244,OpenTable,6,Completed
BK000917,2025-04-23,2025-04-27,21,B01,C00765,OpenTable,4,Completed
BK000918,2025-04-26,2025-04-28,21,B01,C00000,OpenTable,2,Completed
BK000919,2025-04-10,2025-04-28,20,B01,C01990,OpenTable,4,Completed
BK000920,2025-04-25,2025-04-30,21,B01,C00000,OpenTable,6,Completed
BK000921,2025-05-01,2025-05-01,19,B01,C00000,Website,2,Completed
BK000922,2025-04-19,2025-05-01,12,B01,C00000,Website,7,Completed
BK000923,2025-04-12,2025-05-02,18,B01,C04958,Phone,3,Completed
BK000924,2025-05-02,2025-05-02,19,B01,C01914,OpenTable,2,Completed
BK000925,2025-05-02,2025-05-02,19,B01,C00000,Website,2,Completed
BK000926,2025-04-23,2025-05-02,19,B01,C00000,Website,2,Cancelled
BK000927,2025-04-29,2025-05-02,20,B01,C00000,Website,2,Completed
BK000928,2025-04-23,2025-05-02,22,B01,C04958,Website,3,Completed
BK000929,2025-05-02,2025-05-03,14,B01,C00000,Phone,5,Completed
BK000930,2025-05-01,2025-05-03,22,B01,C00000,Instagram,2,Completed
BK000931,2025-05-03,2025-05-03,13,B01,C00000,OpenTable,4,Completed
BK000932,2025-04-27,2025-05-03,21,B01,C00000,Phone,2,Completed
BK000933,2025-04-16,2025-05-04,20,B01,C02669,OpenTable,4,Completed
BK000934,2025-04-30,2025-05-04,21,B01,C00000,Website,2,Completed
BK000935,2025-05-04,2025-05-04,12,B01,C04004,OpenTable,2,Completed
BK000936,2025-05-04,2025-05-05,17,B01,C03346,Phone,2,Completed
BK000937,2025-05-06,2025-05-07,20,B01,C02351,Phone,2,Completed
BK000938,2025-04-30,2025-05-10,19,B01,C00000,Phone,3,Completed
BK000939,2025-05-06,2025-05-11,19,B01,C00000,Website,2,Completed
BK000940,2025-05-10,2025-05-15,18,B01,C03591,OpenTable,2,Completed
BK000941,2025-05-08,2025-05-15,21,B01,C00000,OpenTable,4,Completed
BK000942,2025-05-17,2025-05-17,17,B01,C00000,Phone,4,Completed
BK000943,2025-05-09,2025-05-17,21,B01,C01749,OpenTable,2,Completed
BK000944,2025-05-16,2025-05-17,21,B01,C00000,Website,2,Completed
BK000945,2025-05-12,2025-05-17,15,B01,C01179,Website,3,Completed
BK000946,2025-05-12,2025-05-17,15,B01,C00000,OpenTable,3,Cancelled
BK000947,2025-05-15,2025-05-17,19,B01,C00000,Website,4,Completed
BK000948,2025-05-17,2025-05-18,18,B01,C00000,Website,4,Completed
BK000949,2025-05-17,2025-05-18,21,B01,C00000,Website,2,Completed
BK000950,2025-05-12,2025-05-18,13,B01,C00000,Website,2,Completed
BK000951,2025-05-09,2025-05-18,17,B01,C00000,Website,2,Completed
BK000952,2025-05-08,2025-05-18,20,B01,C00000,Phone,3,Completed
BK000953,2025-05-14,2025-05-19,21,B01,C00000,Phone,4,Completed
BK000954,2025-05-11,2025-05-19,21,B01,C00000,Website,6,No-show
BK000955,2025-05-19,2025-05-19,21,B01,C00000,Website,2,Cancelled
BK000956,2025-05-16,2025-05-19,21,B01,C03023,Website,7,Completed
BK000957,2025-05-16,2025-05-19,20,B01,C00000,OpenTable,3,Completed
BK000958,2025-05-17,2025-05-21,22,B01,C00000,Website,4,Completed
BK000959,2025-05-18,2025-05-21,19,B01,C00000,Website,4,Completed
BK000960,2025-05-20,2025-05-22,20,B01,C00000,Website,4,Completed
BK000961,2025-05-14,2025-05-23,22,B01,C00299,OpenTable,4,Completed
BK000962,2025-05-20,2025-05-23,19,B01,C00000,Website,4,Completed
BK000963,2025-05-22,2025-05-23,19,B01,C00000,OpenTable,2,Cancelled
BK000964,2025-05-09,2025-05-24,17,B01,C00000,Website,1,Completed
BK000965,2025-05-24,2025-05-24,12,B01,C00820,Website,2,Completed
BK000966,2025-05-02,2025-05-24,22,B01,C00000,Website,4,Completed
BK000967,2025-05-21,2025-05-24,22,B01,C00000,Website,5,Cancelled
BK000968,2025-05-20,2025-05-24,19,B01,C00000,OpenTable,2,Completed
BK000969,2025-05-19,2025-05-24,22,B01,C00000,OpenTable,5,Completed
BK000970,2025-05-16,2025-05-25,12,B01,C00000,Phone,4,Completed
BK000971,2025-05-24,2025-05-25,12,B01,C00000,Website,1,No-show
BK000972,2025-05-23,2025-05-25,18,B01,C02105,Website,7,Completed
BK000973,2025-05-25,2025-05-25,22,B01,C00000,OpenTable,5,Completed
BK000974,2025-05-22,2025-05-26,20,B01,C03306,OpenTable,6,Completed
BK000975,2025-05-17,2025-05-26,13,B01,C00000,Website,4,Completed
BK000976,2025-05-06,2025-05-26,18,B01,C00000,Website,2,Completed
BK000977,2025-05-24,2025-05-26,20,B01,C00000,OpenTable,4,Completed
BK000978,2025-05-24,2025-05-28,18,B01,C01064,Website,4,Completed
BK000979,2025-05-28,2025-05-28,18,B01,C00000,Website,3,No-show
BK000980,2025-05-19,2025-05-29,17,B01,C00000,OpenTable,2,Completed
BK000981,2025-05-15,2025-05-30,19,B01,C00000,Phone,3,Completed
BK000982,2025-05-24,2025-05-30,12,B01,C00000,Website,3,Completed
BK000983,2025-05-19,2025-05-31,12,B01,C00000,Website,8,Completed
BK000984,2025-06-01,2025-06-01,18,B01,C00000,Website,6,Completed
BK000985,2025-05-27,2025-06-01,18,B01,C00000,Website,2,Cancelled
BK000986,2025-05-28,2025-06-01,17,B01,C00000,Website,2,Completed
BK000987,2025-05-29,2025-06-01,20,B01,C00000,OpenTable,1,Completed
BK000988,2025-05-26,2025-06-01,14,B01,C00000,Website,2,Completed
BK000989,2025-05-30,2025-06-02,12,B01,C00000,Phone,6,Completed
BK000990,2025-05-30,2025-06-04,15,B01,C00000,Website,4,Completed
BK000991,2025-05-30,2025-06-05,19,B01,C00000,Website,2,Completed
BK000992,2025-05-29,2025-06-05,22,B01,C02569,OpenTable,2,Completed
BK000993,2025-05-21,2025-06-06,14,B01,C01229,Website,4,Completed
BK000994,2025-06-06,2025-06-06,22,B01,C00000,Phone,5,Completed
BK000995,2025-05-26,2025-06-06,19,B01,C00000,Phone,2,Completed
BK000996,2025-06-05,2025-06-08,14,B01,C02899,OpenTable,2,Completed
BK000997,2025-05-26,2025-06-08,22,B01,C01468,Phone,8,Completed
BK000998,2025-06-08,2025-06-08,19,B01,C04958,Phone,2,Completed
BK000999,2025-06-06,2025-06-08,19,B01,C00000,OpenTable,1,No-show
BK001000,2025-06-09,2025-06-09,21,B01,C00000,Website,3,Completed
BK001001,2025-06-02,2025-06-11,19,B01,C00000,OpenTable,2,Completed
BK001002,2025-05-27,2025-06-11,17,B01,C00000,Website,3,Completed
BK001003,2025-06-07,2025-06-11,19,B01,C00000,OpenTable,4,Completed
BK001004,2025-06-07,2025-06-13,19,B01,C04958,OpenTable,2,Completed
BK001005,2025-06-06,2025-06-13,19,B01,C00000,Website,5,Completed
BK001006,2025-06-12,2025-06-13,15,B01,C00000,Website,2,Completed
BK001007,2025-06-11,2025-06-13,18,B01,C00000,Phone,2,Completed
BK001008,2025-06-13,2025-06-14,17,B01,C04958,OpenTable,2,Completed
BK001009,2025-05-31,2025-06-14,21,B01,C04958,Phone,2,Completed
BK001010,2025-06-14,2025-06-14,13,B01,C00000,Phone,2,Completed
BK001011,2025-06-11,2025-06-14,19,B01,C03948,Instagram,4,Completed
BK001012,2025-06-15,2025-06-15,17,B01,C00000,OpenTable,1,Completed
BK001013,2025-06-15,2025-06-15,19,B01,C00000,OpenTable,1,Completed
BK001014,2025-06-14,2025-06-15,19,B01,C00000,Phone,2,Cancelled
BK001015,2025-06-14,2025-06-15,21,B01,C02514,Website,2,Completed
BK001016,2025-05-23,2025-06-15,21,B01,C00000,OpenTable,2,No-show
BK001017,2025-06-09,2025-06-16,18,B01,C00000,OpenTable,3,Completed
BK001018,2025-06-13,2025-06-16,20,B01,C00000,Website,2,Completed
BK001019,2025-06-09,2025-06-18,22,B01,C02675,Website,3,Completed
BK001020,2025-06-09,2025-06-18,20,B01,C00000,Website,1,Completed
BK001021,2025-05-28,2025-06-18,17,B01,C00000,Phone,1,Completed
BK001022,2025-06-16,2025-06-19,21,B01,C00068,OpenTable,2,Completed
BK001023,2025-06-20,2025-06-20,22,B01,C00000,OpenTable,4,Completed
BK001024,2025-06-11,2025-06-20,22,B01,C00000,OpenTable,2,Completed
BK001025,2025-06-13,2025-06-20,18,B01,C00000,Website,1,Completed
BK001026,2025-06-16,2025-06-21,22,B01,C00000,OpenTable,4,Completed
BK001027,2025-06-18,2025-06-21,19,B01,C01167,Phone,2,Completed
BK001028,2025-06-19,2025-06-21,19,B01,C00000,OpenTable,2,No-show
BK001029,2025-06-06,2025-06-21,20,B01,C00000,Website,4,Completed
BK001030,2025-06-18,2025-06-22,20,B01,C00000,OpenTable,2,Completed
BK001031,2025-06-18,2025-06-22,22,B01,C00000,Website,4,Completed
BK001032,2025-06-12,2025-06-22,21,B01,C04850,Website,2,Completed
BK001033,2025-06-20,2025-06-23,19,B01,C00000,Website,5,Completed
BK001034,2025-06-22,2025-06-26,18,B01,C02256,OpenTable,1,Completed
BK001035,2025-06-26,2025-06-27,19,B01,C02263,Phone,8,Completed
BK001036,2025-06-13,2025-06-27,12,B01,C02263,Website,4,Completed
BK001037,2025-06-21,2025-06-27,21,B01,C00000,Website,2,Completed
BK001038,2025-06-20,2025-06-27,21,B01,C00000,OpenTable,2,Cancelled
BK001039,2025-06-25,2025-06-27,19,B01,C00000,OpenTable,2,Completed
BK001040,2025-06-26,2025-06-27,12,B01,C03916,Website,4,Completed
BK001041,2025-06-26,2025-06-28,21,B01,C01064,OpenTable,4,Completed
BK001042,2025-06-16,2025-06-28,19,B01,C00000,OpenTable,2,Completed
BK001043,2025-06-27,2025-06-28,13,B01,C03524,Website,2,Completed
BK001044,2025-06-22,2025-06-28,12,B01,C00000,Website,3,Completed
BK001045,2025-06-22,2025-06-28,21,B01,C00000,Phone,2,Completed
BK001046,2025-06-23,2025-06-29,18,B01,C02420,OpenTable,2,Completed
BK001047,2025-06-19,2025-06-29,22,B01,C00000,OpenTable,2,Completed
BK001048,2025-06-27,2025-06-29,22,B01,C00000,OpenTable,1,No-show
BK001049,2025-06-21,2025-07-03,18,B01,C00299,Website,2,Completed
BK001050,2025-06-15,2025-07-03,21,B01,C03838,OpenTable,2,Completed
BK001051,2025-06-15,2025-07-03,21,B01,C00000,Website,2,Cancelled
BK001052,2025-06-28,2025-07-03,21,B01,C00000,Phone,3,Completed
BK001053,2025-07-02,2025-07-04,19,B01,C00000,Website,4,Completed
BK001054,2025-06-30,2025-07-04,20,B01,C00000,OpenTable,8,Completed
BK001055,2025-07-02,2025-07-05,12,B01,C00000,OpenTable,4,Completed
BK001056,2025-06-30,2025-07-05,12,B01,C00000,Phone,2,Cancelled
BK001057,2025-07-05,2025-07-05,17,B01,C04958,Phone,2,Completed
BK001058,2025-07-04,2025-07-05,16,B01,C00466,Phone,2,Completed
BK001059,2025-07-05,2025-07-05,22,B01,C00000,OpenTable,2,Completed
BK001060,2025-06-26,2025-07-06,20,B01,C00000,Website,1,Completed
BK001061,2025-06-18,2025-07-06,18,B01,C00000,OpenTable,4,Completed
BK001062,2025-06-23,2025-07-06,19,B01,C00000,OpenTable,4,Completed
BK001063,2025-07-06,2025-07-07,18,B01,C00000,OpenTable,5,Completed
BK001064,2025-06-15,2025-07-07,18,B01,C00000,Website,2,Cancelled
BK001065,2025-07-04,2025-07-07,14,B01,C02569,OpenTable,2,Completed
BK001066,2025-07-05,2025-07-07,14,B01,C00000,Phone,2,No-show
BK001067,2025-06-27,2025-07-07,14,B01,C00000,Phone,2,Cancelled
BK001068,2025-07-08,2025-07-09,19,B01,C00000,Website,4,Completed
BK001069,2025-07-09,2025-07-09,21,B01,C00000,Phone,2,Completed
BK001070,2025-07-01,2025-07-09,19,B01,C00000,Website,3,Completed
BK001071,2025-06-28,2025-07-10,14,B01,C02105,Phone,2,Completed
BK001072,2025-07-09,2025-07-10,15,B01,C00000,Website,2,Completed
BK001073,2025-06-26,2025-07-10,22,B01,C00820,Website,1,Completed
BK001074,2025-07-05,2025-07-10,20,B01,C01903,Website,4,Completed
BK001075,2025-07-10,2025-07-11,19,B01,C00000,OpenTable,1,Completed
BK001076,2025-07-09,2025-07-11,22,B01,C00000,Website,3,Completed
BK001077,2025-07-09,2025-07-11,14,B01,C02105,OpenTable,2,Completed
BK001078,2025-07-11,2025-07-12,12,B01,C00820,Website,4,Completed
BK001079,2025-07-12,2025-07-12,20,B01,C00000,Website,3,Completed
BK001080,2025-07-09,2025-07-12,13,B01,C04262,Phone,2,Completed
BK001081,2025-07-03,2025-07-12,13,B01,C00000,Website,2,Cancelled
BK001082,2025-06-20,2025-07-12,19,B01,C00000,Website,2,Completed
BK001083,2025-07-10,2025-07-12,14,B01,C04958,Phone,4,Completed
BK001084,2025-07-09,2025-07-12,14,B01,C00000,OpenTable,2,No-show
BK001085,2025-07-11,2025-07-13,20,B01,C03670,Website,1,Completed
BK001086,2025-07-12,2025-07-13,21,B01,C00000,Phone,2,Completed
BK001087,2025-06-28,2025-07-13,21,B01,C00000,Phone,4,No-show
BK001088,2025-06-30,2025-07-13,19,B01,C04959,Phone,1,Completed
BK001089,2025-07-13,2025-07-13,13,B01,C00000,Website,7,Completed
BK001090,2025-07-14,2025-07-14,18,B01,C00000,Website,2,Completed
BK001091,2025-07-10,2025-07-16,14,B01,C00000,Website,8,Completed
BK001092,2025-07-13,2025-07-17,18,B01,C03306,Website,2,Completed
BK001093,2025-07-14,2025-07-18,18,B01,C00000,OpenTable,6,Completed
BK001094,2025-07-16,2025-07-18,12,B01,C00000,Phone,3,Completed
BK001095,2025-07-10,2025-07-18,22,B01,C00000,Website,3,Completed
BK001096,2025-07-18,2025-07-18,19,B01,C00463,Phone,1,Completed
BK001097,2025-07-17,2025-07-18,19,B01,C00000,Phone,3,Cancelled
BK001098,2025-07-13,2025-07-18,14,B01,C00000,Website,4,Completed
BK001099,2025-07-18,2025-07-18,21,B01,C00000,OpenTable,4,Completed
BK001100,2025-07-12,2025-07-18,21,B01,C00000,Phone,6,No-show
BK001101,2025-07-17,2025-07-18,13,B01,C03360,Website,1,Completed
BK001102,2025-07-14,2025-07-19,20,B01,C00000,Instagram,2,Completed
BK001103,2025-07-02,2025-07-19,16,B01,C00000,Website,1,Completed
BK001104,2025-07-17,2025-07-19,13,B01,C00000,Instagram,3,Completed
BK001105,2025-07-08,2025-07-19,13,B01,C00000,OpenTable,1,Cancelled
BK001106,2025-07-16,2025-07-19,19,B01,C00000,Website,2,Completed
BK001107,2025-07-19,2025-07-19,22,B01,C04959,OpenTable,3,Completed
BK001108,2025-07-14,2025-07-20,19,B01,C00000,Instagram,2,Completed
BK001109,2025-07-12,2025-07-20,18,B01,C02262,Website,2,Completed
BK001110,2025-07-13,2025-07-20,20,B01,C04533,OpenTable,5,Completed
BK001111,2025-07-20,2025-07-20,20,B01,C00000,Website,1,Completed
BK001112,2025-07-12,2025-07-21,17,B01,C00000,OpenTable,1,Completed
BK001113,2025-07-08,2025-07-23,20,B01,C02234,Website,1,Completed
BK001114,2025-07-21,2025-07-23,14,B01,C00000,OpenTable,3,Completed
BK001115,2025-07-22,2025-07-23,17,B01,C00000,Phone,2,Completed
BK001116,2025-07-19,2025-07-24,17,B01,C03080,Phone,4,Completed
BK001117,2025-07-13,2025-07-24,18,B01,C00000,Website,2,Completed
BK001118,2025-07-22,2025-07-24,22,B01,C00000,Website,4,Completed
BK001119,2025-07-21,2025-07-24,21,B01,C00000,Instagram,4,Completed
BK001120,2025-07-24,2025-07-25,21,B01,C00227,Phone,1,Completed
BK001121,2025-07-24,2025-07-25,18,B01,C03306,OpenTable,4,Completed
BK001122,2025-07-23,2025-07-26,12,B01,C00000,Website,2,Completed
BK001123,2025-07-23,2025-07-26,12,B01,C00000,OpenTable,5,Completed
BK001124,2025-07-21,2025-07-26,19,B01,C01542,Phone,3,Completed
BK001125,2025-07-25,2025-07-26,20,B01,C03670,Website,3,Completed
BK001126,2025-07-14,2025-07-26,17,B01,C00000,Website,1,Completed
BK001127,2025-07-22,2025-07-27,20,B01,C00000,Phone,1,Completed
BK001128,2025-07-20,2025-07-27,20,B01,C00000,Phone,4,No-show
BK001129,2025-07-08,2025-07-27,15,B01,C04958,OpenTable,4,Completed
BK001130,2025-07-25,2025-07-27,18,B01,C00000,Instagram,2,Completed
BK001131,2025-07-22,2025-07-27,20,B01,C00000,Website,5,Completed
BK001132,2025-07-26,2025-07-28,19,B01,C00000,Phone,1,Completed
BK001133,2025-07-16,2025-07-30,12,B01,C00000,OpenTable,4,Completed
BK001134,2025-07-21,2025-07-31,19,B01,C00820,Website,3,Completed
BK001135,2025-07-23,2025-08-01,17,B01,C03306,Website,3,Completed
BK001136,2025-07-25,2025-08-01,22,B01,C03831,OpenTable,4,Completed
BK001137,2025-07-28,2025-08-01,14,B01,C00000,OpenTable,4,Completed
BK001138,2025-07-20,2025-08-02,17,B01,C00000,OpenTable,5,Completed
BK001139,2025-07-31,2025-08-02,19,B01,C00000,Website,4,Completed
BK001140,2025-07-31,2025-08-02,19,B01,C00000,Instagram,4,No-show
BK001141,2025-08-02,2025-08-02,20,B01,C04563,Website,2,Completed
BK001142,2025-08-02,2025-08-02,20,B01,C00000,Website,4,No-show
BK001143,2025-08-01,2025-08-02,13,B01,C00000,Phone,2,Completed
BK001144,2025-07-31,2025-08-02,12,B01,C00000,OpenTable,3,Completed
BK001145,2025-08-02,2025-08-03,22,B01,C02817,OpenTable,3,Completed
BK001146,2025-07-31,2025-08-04,20,B01,C02269,Website,4,Completed
BK001147,2025-07-22,2025-08-06,14,B01,C00000,OpenTable,4,Completed
BK001148,2025-08-05,2025-08-06,18,B01,C00000,OpenTable,4,Completed
BK001149,2025-07-30,2025-08-06,18,B01,C00000,Website,2,Cancelled
BK001150,2025-07-31,2025-08-06,17,B01,C00839,Phone,5,Completed
BK001151,2025-08-05,2025-08-08,12,B01,C00076,OpenTable,8,Completed
BK001152,2025-07-23,2025-08-08,21,B01,C00000,Website,4,Completed
BK001153,2025-08-01,2025-08-08,22,B01,C00000,Phone,5,Completed
BK001154,2025-08-06,2025-08-08,13,B01,C00000,Website,6,Completed
BK001155,2025-08-04,2025-08-08,13,B01,C00000,OpenTable,3,Cancelled
BK001156,2025-08-02,2025-08-08,21,B01,C04894,OpenTable,2,Completed
BK001157,2025-07-30,2025-08-09,18,B01,C00000,OpenTable,1,Completed
BK001158,2025-08-02,2025-08-09,21,B01,C00000,OpenTable,4,Completed
BK001159,2025-08-07,2025-08-10,20,B01,C04004,Website,1,Completed
BK001160,2025-08-08,2025-08-10,18,B01,C00000,Instagram,1,Completed
BK001161,2025-07-31,2025-08-10,21,B01,C00000,Phone,1,Completed
BK001162,2025-07-25,2025-08-13,21,B01,C00000,Phone,1,Completed
BK001163,2025-08-11,2025-08-13,17,B01,C00000,OpenTable,2,Completed
BK001164,2025-08-09,2025-08-14,21,B01,C04949,Website,5,Completed
BK001165,2025-08-11,2025-08-14,13,B01,C00000,OpenTable,2,Completed
BK001166,2025-08-12,2025-08-14,18,B01,C04130,OpenTable,2,Completed
BK001167,2025-07-29,2025-08-15,20,B01,C00000,OpenTable,4,Completed
BK001168,2025-08-14,2025-08-15,17,B01,C04305,Instagram,4,Completed
BK001169,2025-08-05,2025-08-16,19,B01,C00000,OpenTable,4,Completed
BK001170,2025-07-23,2025-08-16,19,B01,C00000,Website,4,Cancelled
BK001171,2025-08-13,2025-08-16,20,B01,C01229,OpenTable,4,Completed
BK001172,2025-08-09,2025-08-16,12,B01,C00000,Phone,7,Completed
BK001173,2025-08-13,2025-08-16,20,B01,C04958,OpenTable,2,Completed
BK001174,2025-08-08,2025-08-16,16,B01,C00000,OpenTable,1,Completed
BK001175,2025-08-16,2025-08-17,14,B01,C00000,OpenTable,4,Completed
BK001176,2025-08-11,2025-08-17,12,B01,C00171,OpenTable,2,Completed
BK001177,2025-08-16,2025-08-18,19,B01,C00000,OpenTable,3,Completed
BK001178,2025-08-16,2025-08-18,19,B01,C00000,Website,7,No-show
BK001179,2025-08-18,2025-08-20,19,B01,C01520,Website,6,Completed
BK001180,2025-08-15,2025-08-20,15,B01,C00000,Website,4,Completed
BK001181,2025-08-20,2025-08-20,13,B01,C02263,Website,2,Completed
BK001182,2025-08-20,2025-08-20,19,B01,C02404,Website,4,Completed
BK001183,2025-08-17,2025-08-21,20,B01,C02251,Website,5,Completed
BK001184,2025-08-08,2025-08-22,18,B01,C00000,Instagram,2,Completed
BK001185,2025-08-22,2025-08-22,17,B01,C00000,Website,2,Completed
BK001186,2025-08-20,2025-08-22,18,B01,C02263,Phone,1,Completed
BK001187,2025-08-19,2025-08-22,18,B01,C00000,OpenTable,6,Completed
BK001188,2025-08-14,2025-08-22,18,B01,C01064,OpenTable,2,Completed
BK001189,2025-08-20,2025-08-23,20,B01,C00000,Website,3,Completed
BK001190,2025-08-15,2025-08-24,17,B01,C04894,Phone,4,Completed
BK001191,2025-08-24,2025-08-24,22,B01,C02817,OpenTable,3,Completed
BK001192,2025-08-24,2025-08-27,20,B01,C00506,OpenTable,2,Completed
BK001193,2025-08-27,2025-08-27,14,B01,C04958,Website,3,Completed
BK001194,2025-08-20,2025-08-28,18,B01,C00000,Website,3,Completed
BK001195,2025-08-25,2025-08-29,14,B01,C00163,Website,1,Completed
BK001196,2025-08-29,2025-08-29,19,B01,C00000,Phone,3,Completed
BK001197,2025-08-05,2025-08-29,14,B01,C00000,OpenTable,4,Completed
BK001198,2025-08-23,2025-08-29,14,B01,C00000,Website,2,No-show
BK001199,2025-08-24,2025-08-29,14,B01,C00000,Website,3,Completed
BK001200,2025-08-22,2025-08-29,22,B01,C04958,Phone,2,Completed
BK001201,2025-08-27,2025-08-29,16,B01,C00000,Website,6,Completed
BK001202,2025-08-25,2025-08-31,19,B01,C00000,Website,2,Completed
BK001203,2025-08-31,2025-08-31,19,B01,C00000,OpenTable,2,Cancelled
BK001204,2025-08-27,2025-09-03,13,B01,C04958,OpenTable,4,Completed
BK001205,2025-09-01,2025-09-04,18,B01,C00000,Website,2,Completed
BK001206,2025-08-25,2025-09-04,21,B01,C00000,OpenTable,1,Completed
BK001207,2025-08-24,2025-09-05,16,B01,C00000,OpenTable,2,Completed
BK001208,2025-08-31,2025-09-05,16,B01,C00000,OpenTable,6,No-show
BK001209,2025-09-06,2025-09-06,21,B01,C00000,OpenTable,6,Completed
BK001210,2025-09-05,2025-09-06,17,B01,C00125,OpenTable,2,Completed
BK001211,2025-08-28,2025-09-07,19,B01,C00000,Website,2,Completed
BK001212,2025-08-29,2025-09-08,18,B01,C00000,Website,4,Completed
BK001213,2025-09-03,2025-09-11,21,B01,C00000,Phone,4,Completed
BK001214,2025-09-11,2025-09-11,18,B01,C00000,Website,4,Completed
BK001215,2025-09-10,2025-09-11,20,B01,C00000,Website,4,Completed
BK001216,2025-09-11,2025-09-11,20,B01,C00000,Phone,2,Cancelled
BK001217,2025-09-10,2025-09-12,18,B01,C00000,Phone,2,Completed
BK001218,2025-09-08,2025-09-13,22,B01,C00839,Phone,1,Completed
BK001219,2025-09-07,2025-09-13,22,B01,C00000,Website,2,Cancelled
BK001220,2025-08-22,2025-09-13,12,B01,C00522,Website,2,Completed
BK001221,2025-09-02,2025-09-13,19,B01,C00000,OpenTable,4,Completed
BK001222,2025-09-13,2025-09-13,18,B01,C00000,Website,6,Completed
BK001223,2025-09-11,2025-09-13,19,B01,C00000,Website,5,Completed
BK001224,2025-09-03,2025-09-13,19,B01,C00000,Website,4,Completed
BK001225,2025-09-08,2025-09-13,21,B01,C01064,Website,2,Completed
BK001226,2025-08-11,2025-09-14,12,B01,C00000,Website,7,Completed
BK001227,2025-09-12,2025-09-15,13,B01,C00000,OpenTable,4,Completed
BK001228,2025-09-15,2025-09-15,17,B01,C00000,Website,2,Completed
BK001229,2025-09-18,2025-09-19,21,B01,C00000,OpenTable,1,Completed
BK001230,2025-09-12,2025-09-19,20,B01,C00000,Website,6,Completed
BK001231,2025-09-10,2025-09-19,20,B01,C00000,OpenTable,2,Completed
BK001232,2025-09-09,2025-09-20,21,B01,C00000,Phone,2,Completed
BK001233,2025-09-19,2025-09-21,14,B01,C03061,Website,2,Completed
BK001234,2025-09-20,2025-09-21,14,B01,C00000,OpenTable,1,Completed
BK001235,2025-09-05,2025-09-21,16,B01,C00000,OpenTable,1,Completed
BK001236,2025-09-07,2025-09-21,19,B01,C04958,OpenTable,2,Completed
BK001237,2025-09-11,2025-09-21,19,B01,C00001,Phone,2,Completed
BK001238,2025-09-13,2025-09-21,19,B01,C00000,Website,2,No-show
BK001239,2025-09-13,2025-09-22,21,B01,C02941,Phone,2,Completed
BK001240,2025-09-18,2025-09-22,21,B01,C00000,Website,4,Cancelled
BK001241,2025-09-02,2025-09-22,14,B01,C00765,Phone,2,Completed
BK001242,2025-09-26,2025-09-26,20,B01,C00000,Phone,2,Completed
BK001243,2025-09-26,2025-09-27,18,B01,C00000,Phone,2,Completed
BK001244,2025-09-25,2025-09-27,21,B01,C02263,Website,2,Completed
BK001245,2025-09-25,2025-09-27,17,B01,C00000,Phone,2,Completed
BK001246,2025-09-06,2025-09-27,22,B01,C00000,Phone,2,Completed
BK001247,2025-09-15,2025-09-27,13,B01,C03754,Instagram,1,Completed
BK001248,2025-09-23,2025-09-27,21,B01,C00000,OpenTable,4,Completed
BK001249,2025-09-20,2025-09-27,19,B01,C00466,Website,7,Completed
BK001250,2025-09-28,2025-09-28,19,B01,C00000,Website,1,Completed
BK001251,2025-09-27,2025-09-28,14,B01,C00000,Phone,1,Completed
BK001252,2025-09-28,2025-09-29,22,B01,C00134,Website,3,Completed
BK001253,2025-09-21,2025-09-29,18,B01,C01395,Website,1,Completed
BK001254,2025-09-24,2025-10-01,19,B01,C00000,OpenTable,2,Completed
BK001255,2025-09-24,2025-10-02,22,B01,C00000,Phone,1,Completed
BK001256,2025-10-01,2025-10-04,18,B01,C00000,Instagram,1,Completed
BK001257,2025-09-24,2025-10-04,22,B01,C00156,OpenTable,5,Completed
BK001258,2025-10-04,2025-10-06,13,B01,C00000,Website,2,Completed
BK001259,2025-09-25,2025-10-06,22,B01,C03467,Website,1,Completed
BK001260,2025-10-06,2025-10-06,22,B01,C00000,OpenTable,3,Cancelled
BK001261,2025-10-05,2025-10-08,21,B01,C00605,Website,2,Completed
BK001262,2025-10-05,2025-10-08,20,B01,C03300,Website,4,Completed
BK001263,2025-10-03,2025-10-09,18,B01,C00000,OpenTable,1,Completed
BK001264,2025-09-23,2025-10-09,14,B01,C00000,Website,4,Completed
BK001265,2025-10-09,2025-10-10,13,B01,C00000,OpenTable,2,Completed
BK001266,2025-09-19,2025-10-10,21,B01,C01017,Instagram,2,Completed
BK001267,2025-10-10,2025-10-10,21,B01,C00000,OpenTable,3,Completed
BK001268,2025-09-17,2025-10-10,21,B01,C00000,Website,2,Cancelled
BK001269,2025-09-27,2025-10-11,22,B01,C00000,Website,2,Completed
BK001270,2025-10-03,2025-10-11,12,B01,C01547,Website,2,Completed
BK001271,2025-10-06,2025-10-11,12,B01,C00000,OpenTable,3,Cancelled
BK001272,2025-10-06,2025-10-11,17,B01,C00000,OpenTable,6,Completed
BK001273,2025-10-12,2025-10-12,18,B01,C00000,OpenTable,5,Completed
BK001274,2025-10-01,2025-10-12,18,B01,C00000,OpenTable,1,No-show
BK001275,2025-10-04,2025-10-15,22,B01,C00000,Website,2,Completed
BK001276,2025-10-04,2025-10-16,21,B01,C00000,Website,4,Completed
BK001277,2025-10-15,2025-10-16,19,B01,C00000,OpenTable,3,Completed
BK001278,2025-10-13,2025-10-17,13,B01,C00000,OpenTable,5,Completed
BK001279,2025-10-16,2025-10-18,19,B01,C00000,Website,3,Completed
BK001280,2025-10-13,2025-10-18,19,B01,C00000,Website,1,Cancelled
BK001281,2025-10-15,2025-10-18,13,B01,C01011,Phone,3,Completed
BK001282,2025-10-18,2025-10-18,14,B01,C00000,Website,4,Completed
BK001283,2025-10-01,2025-10-18,22,B01,C00000,Website,2,Completed
BK001284,2025-10-14,2025-10-18,22,B01,C00000,OpenTable,2,Cancelled
BK001285,2025-10-12,2025-10-19,19,B01,C00000,Website,3,Completed
BK001286,2025-10-15,2025-10-19,21,B01,C02068,Website,5,Completed
BK001287,2025-10-19,2025-10-22,18,B01,C00000,Website,2,Completed
BK001288,2025-10-20,2025-10-22,19,B01,C00000,Phone,4,Completed
BK001289,2025-10-22,2025-10-23,21,B01,C00000,Website,2,Completed
BK001290,2025-10-17,2025-10-23,21,B01,C00000,Website,4,Completed
BK001291,2025-10-19,2025-10-24,18,B01,C00000,Phone,2,Completed
BK001292,2025-10-13,2025-10-25,20,B01,C00000,Website,8,Completed
BK001293,2025-10-18,2025-10-25,12,B01,C00000,Website,4,Completed
BK001294,2025-10-21,2025-10-25,17,B01,C01971,Phone,3,Completed
BK001295,2025-10-19,2025-10-25,22,B01,C00000,OpenTable,1,Completed
BK001296,2025-10-26,2025-10-26,18,B01,C00000,Website,2,Completed
BK001297,2025-10-21,2025-10-26,19,B01,C03757,Phone,4,Completed
BK001298,2025-10-11,2025-10-26,19,B01,C00000,Website,2,No-show
BK001299,2025-10-27,2025-10-27,17,B01,C02464,OpenTable,2,Completed
BK001300,2025-10-22,2025-10-27,17,B01,C00000,OpenTable,4,No-show
BK001301,2025-10-19,2025-10-27,20,B01,C00000,Website,2,Completed
BK001302,2025-10-24,2025-10-29,20,B01,C00000,Website,4,Completed
BK001303,2025-10-27,2025-10-29,19,B01,C01144,Phone,1,Completed
BK001304,2025-09-28,2025-10-29,20,B01,C00000,OpenTable,4,Completed
BK001305,2025-10-23,2025-10-29,20,B01,C00000,OpenTable,1,Cancelled
BK001306,2025-10-23,2025-10-30,15,B01,C00000,Website,4,Completed
BK001307,2025-10-13,2025-10-30,13,B01,C00000,Instagram,2,Completed
BK001308,2025-10-17,2025-10-31,21,B01,C01064,Website,2,Completed
BK001309,2025-10-23,2025-11-01,18,B01,C00000,OpenTable,5,Completed
BK001310,2025-10-28,2025-11-01,20,B01,C04947,Website,2,Completed
BK001311,2025-10-19,2025-11-01,22,B01,C00789,OpenTable,2,Completed
BK001312,2025-10-31,2025-11-01,22,B01,C00000,OpenTable,6,Cancelled
BK001313,2025-10-31,2025-11-03,14,B01,C00000,OpenTable,8,Completed
BK001314,2025-11-01,2025-11-03,14,B01,C00000,Website,2,No-show
BK001315,2025-10-27,2025-11-03,19,B01,C04269,OpenTable,2,Completed
BK001316,2025-11-02,2025-11-03,18,B01,C00000,OpenTable,2,Completed
BK001317,2025-11-04,2025-11-05,20,B01,C00000,OpenTable,3,Completed
BK001318,2025-11-05,2025-11-06,21,B01,C00000,OpenTable,7,Completed
BK001319,2025-11-06,2025-11-06,21,B01,C00000,OpenTable,5,Completed
BK001320,2025-11-03,2025-11-06,13,B01,C02421,Website,4,Completed
BK001321,2025-10-29,2025-11-06,19,B01,C04958,OpenTable,4,Completed
BK001322,2025-11-04,2025-11-07,18,B01,C00000,Website,6,Completed
BK001323,2025-10-26,2025-11-07,21,B01,C00000,Website,2,Completed
BK001324,2025-11-07,2025-11-07,12,B01,C02813,Phone,2,Completed
BK001325,2025-11-08,2025-11-08,19,B01,C00000,Phone,2,Completed
BK001326,2025-11-01,2025-11-08,22,B01,C00125,Website,3,Completed
BK001327,2025-11-04,2025-11-09,18,B01,C02263,Website,5,Completed
BK001328,2025-11-03,2025-11-09,18,B01,C00000,OpenTable,1,Cancelled
BK001329,2025-11-09,2025-11-09,21,B01,C00000,Website,1,Completed
BK001330,2025-11-07,2025-11-09,17,B01,C00000,Phone,3,Completed
BK001331,2025-11-05,2025-11-09,12,B01,C03139,Instagram,2,Completed
BK001332,2025-11-05,2025-11-09,19,B01,C00000,Website,3,Completed
BK001333,2025-11-01,2025-11-10,20,B01,C03306,Website,2,Completed
BK001334,2025-11-06,2025-11-12,22,B01,C04958,Phone,2,Completed
BK001335,2025-11-04,2025-11-14,14,B01,C00000,Website,2,Completed
BK001336,2025-11-11,2025-11-14,18,B01,C00863,OpenTable,1,Completed
BK001337,2025-11-10,2025-11-14,17,B01,C00000,Website,4,Completed
BK001338,2025-11-13,2025-11-14,19,B01,C00000,Website,3,Completed
BK001339,2025-11-15,2025-11-15,21,B01,C00000,Website,4,Completed
BK001340,2025-11-08,2025-11-15,22,B01,C00000,Website,2,Completed
BK001341,2025-11-15,2025-11-15,22,B01,C01064,Website,6,Completed
BK001342,2025-11-06,2025-11-15,22,B01,C04958,Phone,4,Completed
BK001343,2025-11-11,2025-11-15,13,B01,C04958,Website,4,Completed
BK001344,2025-11-03,2025-11-16,18,B01,C00000,OpenTable,2,Completed
BK001345,2025-11-15,2025-11-16,18,B01,C00000,Website,2,Cancelled
BK001346,2025-11-05,2025-11-16,20,B01,C00000,Website,2,Completed
BK001347,2025-11-14,2025-11-16,22,B01,C00000,Phone,6,Completed
BK001348,2025-11-11,2025-11-16,19,B01,C00000,Website,1,Completed
BK001349,2025-11-09,2025-11-17,17,B01,C00000,Website,8,Completed
BK001350,2025-11-09,2025-11-17,22,B01,C00000,Phone,3,Completed
BK001351,2025-11-16,2025-11-17,19,B01,C03360,OpenTable,2,Completed
BK001352,2025-11-16,2025-11-17,19,B01,C00000,Website,2,Cancelled
BK001353,2025-11-04,2025-11-19,20,B01,C02669,Website,4,Completed
BK001354,2025-11-17,2025-11-19,20,B01,C00000,Website,2,Cancelled
BK001355,2025-11-17,2025-11-19,17,B01,C00000,OpenTable,6,Completed
BK001356,2025-11-13,2025-11-20,22,B01,C00000,OpenTable,4,Completed
BK001357,2025-11-20,2025-11-20,20,B01,C00000,Phone,1,Completed
BK001358,2025-11-20,2025-11-22,18,B01,C00000,Website,5,Completed
BK001359,2025-11-22,2025-11-22,16,B01,C00000,Website,2,Completed
BK001360,2025-11-14,2025-11-22,19,B01,C00000,Website,3,Completed
BK001361,2025-11-20,2025-11-23,14,B01,C00000,Website,2,Completed
BK001362,2025-11-21,2025-11-23,21,B01,C00000,Phone,5,Completed
BK001363,2025-11-24,2025-11-24,20,B01,C00000,Phone,6,Completed
BK001364,2025-11-24,2025-11-27,12,B01,C03045,Website,2,Completed
BK001365,2025-11-17,2025-11-28,18,B01,C00000,Website,2,Completed
BK001366,2025-11-21,2025-11-28,12,B01,C04958,Website,2,Completed
BK001367,2025-11-27,2025-11-29,21,B01,C02420,OpenTable,2,Completed
BK001368,2025-11-22,2025-11-29,20,B01,C03232,Phone,3,Completed
BK001369,2025-11-20,2025-11-29,22,B01,C01064,Phone,2,Completed
BK001370,2025-11-29,2025-11-29,19,B01,C03346,Website,3,Completed
BK001371,2025-11-20,2025-11-29,12,B01,C00000,Website,1,Completed
BK001372,2025-11-29,2025-11-30,21,B01,C00000,Website,4,Completed
BK001373,2025-11-20,2025-11-30,20,B01,C03809,Website,3,Completed
BK001374,2025-11-26,2025-11-30,14,B01,C00000,Website,4,Completed
BK001375,2025-11-25,2025-12-01,19,B01,C00000,Instagram,4,Completed
BK001376,2025-11-20,2025-12-03,18,B01,C00000,Phone,3,Completed
BK001377,2025-12-01,2025-12-03,18,B01,C00000,Website,6,Cancelled
BK001378,2025-11-28,2025-12-04,19,B01,C00200,Phone,3,Completed
BK001379,2025-12-04,2025-12-05,20,B01,C00000,OpenTable,3,Completed
BK001380,2025-11-24,2025-12-05,21,B01,C00677,Phone,7,Completed
BK001381,2025-11-29,2025-12-05,17,B01,C02019,OpenTable,2,Completed
BK001382,2025-11-24,2025-12-05,12,B01,C00000,OpenTable,2,Completed
BK001383,2025-11-23,2025-12-06,17,B01,C04894,Website,2,Completed
BK001384,2025-11-22,2025-12-06,19,B01,C00000,Phone,6,Completed
BK001385,2025-12-03,2025-12-06,13,B01,C00000,OpenTable,1,Completed
BK001386,2025-11-27,2025-12-06,14,B01,C00000,Website,2,Completed
BK001387,2025-12-04,2025-12-06,19,B01,C00000,Website,2,Completed
BK001388,2025-12-04,2025-12-07,18,B01,C00820,Website,2,Completed
BK001389,2025-12-07,2025-12-08,19,B01,C02450,Website,4,Completed
BK001390,2025-12-07,2025-12-10,18,B01,C00859,Website,8,Completed
BK001391,2025-11-22,2025-12-10,18,B01,C00000,Website,2,Cancelled
BK001392,2025-11-25,2025-12-10,20,B01,C00000,Phone,3,Completed
BK001393,2025-12-07,2025-12-10,20,B01,C00000,OpenTable,3,Completed
BK001394,2025-12-07,2025-12-11,18,B01,C00000,Instagram,1,Completed
BK001395,2025-12-06,2025-12-11,18,B01,C00000,OpenTable,2,No-show
BK001396,2025-12-04,2025-12-11,17,B01,C00000,Phone,6,Completed
BK001397,2025-12-09,2025-12-11,21,B01,C03934,Phone,2,Completed
BK001398,2025-11-22,2025-12-11,19,B01,C00000,Website,2,Completed
BK001399,2025-11-26,2025-12-12,13,B01,C00000,OpenTable,2,Completed
BK001400,2025-12-11,2025-12-12,19,B01,C00051,Phone,4,Completed
BK001401,2025-12-12,2025-12-12,19,B01,C00000,Website,3,Cancelled
BK001402,2025-12-05,2025-12-12,22,B01,C00000,Phone,2,Completed
BK001403,2025-12-09,2025-12-12,20,B01,C00000,Website,1,Completed
BK001404,2025-12-09,2025-12-12,20,B01,C00000,OpenTable,2,No-show
BK001405,2025-12-05,2025-12-13,18,B01,C02407,Phone,2,Completed
BK001406,2025-12-11,2025-12-13,18,B01,C00000,Website,3,No-show
BK001407,2025-12-03,2025-12-13,21,B01,C00000,Website,2,Completed
BK001408,2025-12-02,2025-12-14,20,B01,C01343,Website,2,Completed
BK001409,2025-12-12,2025-12-14,12,B01,C02262,Website,1,Completed
BK001410,2025-12-15,2025-12-15,19,B01,C04958,Phone,1,Completed
BK001411,2025-12-09,2025-12-15,19,B01,C00000,OpenTable,4,Completed
BK001412,2025-11-26,2025-12-17,21,B01,C02481,OpenTable,2,Completed
BK001413,2025-12-16,2025-12-17,18,B01,C00000,Website,2,Completed
BK001414,2025-12-16,2025-12-17,18,B01,C00000,OpenTable,2,Cancelled
BK001415,2025-12-09,2025-12-17,21,B01,C01064,Website,2,Completed
BK001416,2025-12-08,2025-12-18,12,B01,C00000,Phone,2,Completed
BK001417,2025-12-09,2025-12-19,12,B01,C00000,Phone,8,Completed
BK001418,2025-12-13,2025-12-19,19,B01,C04035,OpenTable,1,Completed
BK001419,2025-12-14,2025-12-19,19,B01,C03300,OpenTable,6,Completed
BK001420,2025-12-17,2025-12-19,17,B01,C00000,Phone,2,Completed
BK001421,2025-12-13,2025-12-20,18,B01,C02464,Instagram,6,Completed
BK001422,2025-12-17,2025-12-20,12,B01,C04958,OpenTable,6,Completed
BK001423,2025-12-20,2025-12-20,20,B01,C01064,Website,2,Completed
BK001424,2025-12-09,2025-12-20,21,B01,C00000,Phone,2,Completed
BK001425,2025-12-17,2025-12-20,22,B01,C00000,OpenTable,3,Completed
BK001426,2025-12-08,2025-12-20,12,B01,C04958,Website,2,Completed
BK001427,2025-12-20,2025-12-20,19,B01,C00000,Website,3,Completed
BK001428,2025-12-09,2025-12-20,20,B01,C00000,Website,4,Completed
BK001429,2025-12-19,2025-12-20,20,B01,C00000,Website,4,Cancelled
BK001430,2025-12-20,2025-12-21,22,B01,C03821,Phone,3,Completed
BK001431,2025-12-20,2025-12-21,18,B01,C00000,Website,8,Completed
BK001432,2025-12-15,2025-12-21,18,B01,C00000,Phone,2,Cancelled
BK001433,2025-12-04,2025-12-21,13,B01,C03360,Website,4,Completed
BK001434,2025-12-21,2025-12-21,22,B01,C04958,Website,2,Completed
BK001435,2025-12-20,2025-12-22,13,B01,C00000,Website,4,Completed
BK001436,2025-12-21,2025-12-22,18,B01,C00000,Website,2,Completed
BK001437,2025-12-18,2025-12-22,19,B01,C00000,OpenTable,2,Completed
BK001438,2025-12-15,2025-12-22,19,B01,C00000,Website,2,No-show
BK001439,2025-12-19,2025-12-22,21,B01,C00000,OpenTable,2,Completed
BK001440,2025-12-01,2025-12-27,21,B01,C02263,OpenTable,3,Completed
BK001441,2025-12-24,2025-12-27,21,B01,C00000,Website,2,Cancelled
BK001442,2025-12-25,2025-12-28,19,B01,C01971,Website,3,Completed
BK001443,2025-12-16,2025-12-28,19,B01,C00000,Website,2,No-show
BK001444,2025-12-27,2025-12-28,20,B01,C00000,Phone,3,Completed
BK001445,2025-12-10,2025-12-28,20,B01,C00000,Website,4,Cancelled
BK001446,2025-12-26,2025-12-28,17,B01,C00000,OpenTable,5,Completed
BK001447,2025-12-23,2025-12-28,21,B01,C00000,Website,2,Completed
BK001448,2025-12-29,2025-12-31,17,B01,C00000,Website,4,Completed
BK001449,2025-12-22,2026-01-02,22,B01,C04958,Website,4,Completed
BK001450,2025-12-31,2026-01-02,18,B01,C00000,Website,7,Completed
BK001451,2025-12-27,2026-01-02,20,B01,C04958,Phone,1,Completed
BK001452,2025-12-25,2026-01-02,21,B01,C00000,Phone,4,Completed
BK001453,2026-01-02,2026-01-03,20,B01,C02941,Website,2,Completed
BK001454,2026-01-03,2026-01-05,20,B01,C00000,OpenTable,2,Completed
BK001455,2026-01-05,2026-01-05,17,B01,C00000,Phone,1,Completed
BK001456,2026-01-05,2026-01-07,13,B01,C02820,OpenTable,4,Completed
BK001457,2025-12-24,2026-01-09,13,B01,C00000,Phone,1,Completed
BK001458,2025-12-30,2026-01-09,13,B01,C02941,OpenTable,2,Completed
BK001459,2026-01-09,2026-01-09,13,B01,C00000,Website,3,Cancelled
BK001460,2026-01-04,2026-01-10,13,B01,C03346,OpenTable,2,Completed
BK001461,2026-01-10,2026-01-10,13,B01,C00000,Phone,3,Cancelled
BK001462,2026-01-06,2026-01-10,20,B01,C00000,Website,7,Completed
BK001463,2026-01-09,2026-01-10,20,B01,C00000,Phone,3,Completed
BK001464,2026-01-08,2026-01-10,17,B01,C04914,OpenTable,1,Completed
BK001465,2026-01-09,2026-01-10,21,B01,C00000,Website,4,Completed
BK001466,2026-01-11,2026-01-11,19,B01,C00986,OpenTable,6,Completed
BK001467,2026-01-11,2026-01-11,18,B01,C00000,OpenTable,8,Completed
BK001468,2026-01-09,2026-01-14,19,B01,C00000,Website,1,Completed
BK001469,2026-01-08,2026-01-15,12,B01,C00000,Website,4,Completed
BK001470,2026-01-05,2026-01-15,20,B01,C00000,OpenTable,8,Completed
BK001471,2025-12-29,2026-01-16,17,B01,C00000,OpenTable,2,Completed
BK001472,2026-01-14,2026-01-16,17,B01,C00000,Website,3,Cancelled
BK001473,2026-01-02,2026-01-16,19,B01,C00000,Website,4,Completed
BK001474,2026-01-12,2026-01-16,19,B01,C00000,Website,2,No-show
BK001475,2026-01-13,2026-01-17,22,B01,C01749,Website,2,Completed
BK001476,2026-01-14,2026-01-18,21,B01,C00000,Instagram,2,Completed
BK001477,2026-01-16,2026-01-18,21,B01,C00000,Phone,1,No-show
BK001478,2026-01-12,2026-01-18,13,B01,C00000,OpenTable,2,Completed
BK001479,2026-01-15,2026-01-19,21,B01,C00000,OpenTable,2,Completed
BK001480,2026-01-19,2026-01-19,19,B01,C03718,Website,2,Completed
BK001481,2026-01-22,2026-01-23,13,B01,C00000,Phone,4,Completed
BK001482,2026-01-19,2026-01-23,21,B01,C00000,OpenTable,2,Completed
BK001483,2026-01-24,2026-01-24,12,B01,C00000,Website,4,Completed
BK001484,2026-01-24,2026-01-24,21,B01,C03271,Phone,5,Completed
BK001485,2026-01-19,2026-01-25,20,B01,C03061,Instagram,5,Completed
BK001486,2026-01-11,2026-01-25,20,B01,C01498,Phone,2,Completed
BK001487,2026-01-28,2026-01-28,12,B01,C00506,Phone,4,Completed
BK001488,2026-01-26,2026-01-28,12,B01,C00000,OpenTable,3,No-show
BK001489,2026-01-22,2026-01-28,19,B01,C04958,Website,2,Completed
BK001490,2026-01-22,2026-01-29,21,B01,C00000,Website,4,Completed
BK001491,2026-01-29,2026-01-30,13,B01,C01297,Instagram,2,Completed
BK001492,2026-01-27,2026-01-30,21,B01,C04958,OpenTable,2,Completed
BK001493,2026-01-28,2026-01-30,22,B01,C00000,Phone,2,Completed
BK001494,2026-01-28,2026-01-30,22,B01,C00000,OpenTable,4,No-show
BK001495,2026-01-21,2026-01-30,22,B01,C00000,Website,8,Cancelled
BK001496,2026-01-31,2026-01-31,12,B01,C00000,Phone,4,Completed
BK001497,2026-01-29,2026-01-31,13,B01,C04334,Website,1,Completed
BK001498,2026-01-27,2026-01-31,15,B01,C00000,Website,2,Completed
BK001499,2026-01-25,2026-02-01,21,B01,C00000,OpenTable,2,Completed
BK001500,2026-01-31,2026-02-01,12,B01,C00000,OpenTable,2,Completed
BK001501,2026-01-31,2026-02-01,22,B01,C03278,OpenTable,3,Completed
BK001502,2026-02-02,2026-02-02,18,B01,C00820,Instagram,6,Completed
BK001503,2026-02-02,2026-02-02,20,B01,C00000,Phone,2,Completed
BK001504,2026-01-22,2026-02-02,20,B01,C00000,OpenTable,2,No-show
BK001505,2026-02-03,2026-02-05,13,B01,C00222,Website,1,Completed
BK001506,2026-02-05,2026-02-05,21,B01,C00000,Website,8,Completed
BK001507,2026-01-11,2026-02-06,14,B01,C01226,Phone,1,Completed
BK001508,2026-01-25,2026-02-07,22,B01,C00000,Website,2,Completed
BK001509,2026-02-05,2026-02-07,12,B01,C00000,Website,6,Completed
BK001510,2026-02-08,2026-02-08,21,B01,C03877,OpenTable,1,Completed
BK001511,2026-02-09,2026-02-11,18,B01,C00000,Instagram,5,Completed
BK001512,2026-02-06,2026-02-11,19,B01,C00000,OpenTable,7,Completed
BK001513,2026-02-07,2026-02-11,13,B01,C00000,Website,2,Completed
BK001514,2026-02-02,2026-02-11,19,B01,C02263,OpenTable,3,Completed
BK001515,2026-02-06,2026-02-13,12,B01,C02846,Website,5,Completed
BK001516,2026-01-27,2026-02-13,12,B01,C00000,OpenTable,2,No-show
BK001517,2026-02-12,2026-02-13,22,B01,C02941,Website,4,Completed
BK001518,2026-02-05,2026-02-13,22,B01,C00000,Phone,4,Completed
BK001519,2026-02-14,2026-02-14,19,B01,C00467,OpenTable,2,Completed
BK001520,2026-01-27,2026-02-15,17,B01,C00000,Instagram,2,Completed
BK001521,2026-02-18,2026-02-18,21,B01,C00717,Phone,2,Completed
BK001522,2026-02-16,2026-02-18,21,B01,C00000,OpenTable,2,Cancelled
BK001523,2026-02-05,2026-02-18,14,B01,C04937,Website,2,Completed
BK001524,2026-01-23,2026-02-18,14,B01,C00000,Website,2,No-show
BK001525,2026-02-02,2026-02-19,20,B01,C04958,Phone,2,Completed
BK001526,2026-01-14,2026-02-20,21,B01,C01749,Phone,3,Completed
BK001527,2026-02-18,2026-02-20,21,B01,C00000,Website,7,Cancelled
BK001528,2026-02-13,2026-02-20,18,B01,C03360,Website,2,Completed
BK001529,2026-01-29,2026-02-20,22,B01,C00000,OpenTable,3,Completed
BK001530,2026-02-18,2026-02-21,15,B01,C00000,OpenTable,2,Completed
BK001531,2026-02-20,2026-02-21,15,B01,C00000,OpenTable,4,No-show
BK001532,2026-02-18,2026-02-22,16,B01,C01156,Website,1,Completed
BK001533,2026-02-19,2026-02-22,21,B01,C00000,OpenTable,2,Completed
BK001534,2026-02-20,2026-02-25,12,B01,C00000,Website,1,Completed
BK001535,2026-02-23,2026-02-25,18,B01,C00000,OpenTable,2,Completed
BK001536,2026-02-16,2026-02-25,14,B01,C00000,Website,2,Completed
BK001537,2026-02-19,2026-02-26,19,B01,C00000,Phone,2,Completed
BK001538,2026-02-27,2026-02-27,18,B01,C00000,Website,1,Completed
BK001539,2026-02-22,2026-02-27,19,B01,C03708,OpenTable,2,Completed
BK001540,2026-02-27,2026-02-27,15,B01,C00000,Website,2,Completed
BK001541,2026-02-25,2026-02-28,21,B01,C00000,Phone,2,Completed
BK001542,2026-02-22,2026-02-28,22,B01,C00000,Website,2,Completed
BK001543,2026-02-28,2026-03-01,12,B01,C00000,OpenTable,7,Completed
BK001544,2026-03-01,2026-03-01,13,B01,C01554,OpenTable,4,Completed
BK001545,2026-02-25,2026-03-02,19,B01,C04958,Instagram,1,Completed
BK001546,2026-03-04,2026-03-04,21,B01,C00000,Website,2,Completed
BK001547,2026-03-04,2026-03-04,21,B01,C00000,OpenTable,4,Completed
BK001548,2026-03-04,2026-03-04,22,B01,C02421,Phone,4,Completed
BK001549,2026-03-03,2026-03-05,18,B01,C00000,Website,2,Completed
BK001550,2026-03-05,2026-03-06,13,B01,C02919,Website,4,Completed
BK001551,2026-03-05,2026-03-06,20,B01,C00000,Instagram,2,Completed
BK001552,2026-03-04,2026-03-07,19,B01,C00000,Website,2,Completed
BK001553,2026-03-06,2026-03-07,18,B01,C00000,Website,2,Completed
BK001554,2026-02-19,2026-03-07,16,B01,C00000,Website,2,Completed
BK001555,2026-03-04,2026-03-07,16,B01,C00000,Instagram,5,Cancelled
BK001556,2026-03-02,2026-03-07,19,B01,C00000,OpenTable,4,Completed
BK001557,2026-03-07,2026-03-07,19,B01,C00000,OpenTable,1,Completed
BK001558,2026-03-02,2026-03-07,15,B01,C00000,Website,2,Completed
BK001559,2026-02-27,2026-03-08,15,B01,C00000,OpenTable,2,Completed
BK001560,2026-03-07,2026-03-08,20,B01,C00000,Website,2,Completed
BK001561,2026-02-26,2026-03-11,17,B01,C03165,Instagram,2,Completed
BK001562,2026-03-10,2026-03-12,22,B01,C00000,Phone,4,Completed
BK001563,2026-02-17,2026-03-13,13,B01,C00000,Website,2,Completed
BK001564,2026-03-06,2026-03-16,13,B01,C00000,OpenTable,3,Completed
BK001565,2026-03-15,2026-03-16,19,B01,C00000,Website,4,Completed
BK001566,2026-03-05,2026-03-18,20,B01,C00068,Website,4,Completed
BK001567,2026-03-14,2026-03-19,22,B01,C04958,OpenTable,2,Completed
BK001568,2026-03-18,2026-03-20,22,B01,C00000,Phone,4,Completed
BK001569,2026-03-10,2026-03-20,19,B01,C02047,Website,3,Completed
BK001570,2026-03-20,2026-03-20,19,B01,C00000,Website,2,Completed
BK001571,2026-03-12,2026-03-21,19,B01,C00000,Website,2,Completed
BK001572,2026-03-18,2026-03-21,21,B01,C03826,Phone,1,Completed
BK001573,2026-03-21,2026-03-23,22,B01,C00000,Website,4,Completed
BK001574,2026-03-18,2026-03-26,21,B01,C02230,Website,2,Completed
BK001575,2026-03-24,2026-03-27,20,B01,C00000,Website,7,Completed
BK001576,2026-03-25,2026-03-27,20,B01,C00000,Website,8,Completed
BK001577,2026-03-27,2026-03-27,21,B01,C00000,Website,2,Completed
BK001578,2026-02-12,2026-03-29,15,B01,C00717,Phone,4,Completed
BK001579,2026-03-28,2026-03-30,19,B01,C00000,OpenTable,7,Completed
BK001580,2026-03-29,2026-04-03,13,B01,C00000,Website,1,Completed
BK001581,2026-03-21,2026-04-03,21,B01,C01017,Website,2,Completed
BK001582,2026-03-18,2026-04-03,21,B01,C00000,Phone,3,No-show
BK001583,2026-04-04,2026-04-04,13,B01,C03729,Website,1,Completed
BK001584,2026-04-04,2026-04-04,14,B01,C00000,Website,7,Completed
BK001585,2026-03-28,2026-04-04,14,B01,C00000,Website,2,Completed
BK001586,2026-03-25,2026-04-04,14,B01,C00000,Phone,5,No-show
BK001587,2026-04-02,2026-04-05,14,B01,C00000,Phone,1,Completed
BK001588,2026-03-15,2026-04-05,22,B01,C03271,OpenTable,7,Completed
BK001589,2026-04-05,2026-04-05,19,B01,C00000,Instagram,3,Completed
BK001590,2026-04-05,2026-04-06,21,B01,C02994,OpenTable,4,Completed
BK001591,2026-04-03,2026-04-06,12,B01,C02464,Website,2,Completed
BK001592,2026-04-02,2026-04-06,12,B01,C00000,Phone,4,Cancelled
BK001593,2026-04-08,2026-04-08,17,B01,C00000,Website,4,Completed
BK001594,2026-04-06,2026-04-08,13,B01,C00000,Website,6,Completed
BK001595,2026-03-27,2026-04-08,20,B01,C00000,Phone,1,Completed
BK001596,2026-04-01,2026-04-10,14,B01,C00000,Website,4,Completed
BK001597,2026-04-08,2026-04-10,20,B01,C00000,Instagram,3,Completed
BK001598,2026-04-08,2026-04-10,14,B01,C00227,Website,6,Completed
BK001599,2026-04-10,2026-04-10,21,B01,C00000,Website,2,Completed
BK001600,2026-04-04,2026-04-10,21,B01,C00000,Phone,1,No-show
BK001601,2026-04-10,2026-04-11,19,B01,C00000,Website,3,Completed
BK001602,2026-04-08,2026-04-11,16,B01,C04958,Phone,1,Completed
BK001603,2026-04-10,2026-04-12,19,B01,C02838,Instagram,3,Completed
BK001604,2026-04-06,2026-04-12,14,B01,C00000,OpenTable,2,Completed
BK001605,2026-04-10,2026-04-12,14,B01,C00000,Phone,2,Cancelled
BK001606,2026-03-24,2026-04-13,22,B01,C00000,Website,2,Completed
BK001607,2026-04-13,2026-04-15,20,B01,C00000,Website,2,Completed
BK001608,2026-04-15,2026-04-16,14,B01,C00000,Website,3,Completed
BK001609,2026-04-13,2026-04-16,14,B01,C02609,Website,4,Completed
BK001610,2026-04-12,2026-04-16,14,B01,C00000,Website,8,Cancelled
BK001611,2026-04-16,2026-04-17,15,B01,C00000,Website,2,Completed
BK001612,2026-04-17,2026-04-17,19,B01,C04958,Website,4,Completed
BK001613,2026-04-17,2026-04-17,19,B01,C00000,Phone,4,Cancelled
BK001614,2026-04-17,2026-04-18,19,B01,C00000,Instagram,3,Completed
BK001615,2026-04-09,2026-04-18,14,B01,C00000,Website,3,Completed
BK001616,2026-04-07,2026-04-19,20,B01,C00000,OpenTable,4,Completed
BK001617,2026-04-18,2026-04-20,13,B01,C02263,OpenTable,7,Completed
BK001618,2026-04-22,2026-04-22,12,B01,C00000,Website,6,Completed
BK001619,2026-04-19,2026-04-23,22,B01,C00000,Phone,2,Completed
BK001620,2026-04-22,2026-04-23,19,B01,C04958,Phone,8,Completed
BK001621,2026-04-22,2026-04-24,21,B01,C00000,OpenTable,3,Completed
BK001622,2026-04-13,2026-04-24,19,B01,C00000,OpenTable,4,Completed
BK001623,2026-04-19,2026-04-24,13,B01,C00000,Website,6,Completed
BK001624,2026-03-18,2026-04-24,22,B01,C00000,OpenTable,2,Completed
BK001625,2026-04-17,2026-04-24,13,B01,C04958,Website,4,Completed
BK001626,2026-04-06,2026-04-24,13,B01,C00000,Phone,3,No-show
BK001627,2026-04-17,2026-04-24,13,B01,C00000,Instagram,4,Cancelled
BK001628,2026-04-14,2026-04-25,19,B01,C00000,Phone,2,Completed
BK001629,2026-03-17,2026-04-25,15,B01,C00000,OpenTable,4,Completed
BK001630,2026-04-24,2026-04-25,18,B01,C03306,Website,2,Completed
BK001631,2026-03-14,2026-04-25,21,B01,C00000,OpenTable,2,Completed
BK001632,2026-04-20,2026-04-26,13,B01,C00000,OpenTable,2,Completed
BK001633,2026-04-18,2026-04-26,13,B01,C00000,Website,2,No-show
BK001634,2026-04-26,2026-04-26,20,B01,C00000,Phone,3,Completed
BK001635,2026-04-25,2026-04-27,21,B01,C00000,Website,4,Completed
BK001636,2026-04-28,2026-04-29,20,B01,C00000,Website,2,Completed
BK001637,2026-04-20,2026-04-29,20,B01,C00000,OpenTable,4,Completed
BK001638,2026-04-24,2026-04-29,20,B01,C00000,OpenTable,1,Completed
BK001639,2026-04-30,2026-05-01,20,B01,C00000,Website,2,Completed
BK001640,2026-05-01,2026-05-01,13,B01,C00000,Website,2,Completed
BK001641,2026-04-30,2026-05-01,12,B01,C00000,Phone,2,Completed
BK001642,2026-04-24,2026-05-01,22,B01,C00000,Website,4,Completed
BK001643,2026-04-28,2026-05-01,19,B01,C00000,OpenTable,2,Completed
BK001644,2026-04-17,2026-05-02,20,B01,C00000,Website,1,Completed
BK001645,2026-04-22,2026-05-02,13,B01,C00000,Website,3,Completed
BK001646,2026-05-01,2026-05-02,13,B01,C00000,Website,3,Cancelled
BK001647,2026-05-01,2026-05-03,22,B01,C00000,Instagram,8,Completed
BK001648,2026-04-26,2026-05-03,22,B01,C00000,Phone,4,No-show
BK001649,2026-04-15,2026-05-03,19,B01,C03356,OpenTable,3,Completed
BK001650,2026-04-21,2026-05-03,21,B01,C00000,Phone,2,Completed
BK001651,2026-04-28,2026-05-03,21,B01,C00000,Website,2,Cancelled
BK001652,2026-05-08,2026-05-08,21,B01,C00000,OpenTable,2,Completed
BK001653,2026-05-07,2026-05-08,19,B01,C00000,Website,2,Completed
BK001654,2026-05-02,2026-05-08,15,B01,C00000,Phone,1,Completed
BK001655,2026-05-08,2026-05-08,20,B01,C00000,OpenTable,1,Completed
BK001656,2026-05-08,2026-05-09,13,B01,C04122,Phone,5,Completed
BK001657,2026-05-08,2026-05-09,21,B01,C00000,Phone,4,Completed
BK001658,2026-05-08,2026-05-09,22,B01,C00000,Website,2,Completed
BK001659,2026-05-08,2026-05-09,22,B01,C00000,Website,8,Cancelled
BK001660,2026-05-07,2026-05-10,19,B01,C00000,Website,4,Completed
BK001661,2026-05-02,2026-05-10,20,B01,C00000,OpenTable,3,Completed
BK001662,2026-05-10,2026-05-10,18,B01,C00000,Website,2,Completed
BK001663,2026-05-04,2026-05-10,20,B01,C04958,Instagram,2,Completed
BK001664,2026-05-09,2026-05-10,18,B01,C00000,Phone,2,Completed
BK001665,2026-05-10,2026-05-11,17,B01,C02263,Phone,2,Completed
BK001666,2026-04-27,2026-05-13,22,B01,C02285,Website,2,Completed
BK001667,2026-05-13,2026-05-14,18,B01,C02933,Website,7,Completed
BK001668,2026-05-14,2026-05-14,18,B01,C00000,OpenTable,2,Cancelled
BK001669,2026-05-03,2026-05-14,20,B01,C00765,Website,4,Completed
BK001670,2026-05-06,2026-05-14,13,B01,C04958,Phone,2,Completed
BK001671,2026-05-07,2026-05-15,20,B01,C00000,Instagram,1,Completed
BK001672,2026-05-04,2026-05-15,19,B01,C00000,Website,4,Completed
BK001673,2026-04-11,2026-05-15,12,B01,C03306,Phone,6,Completed
BK001674,2026-04-23,2026-05-15,13,B01,C00000,OpenTable,4,Completed
BK001675,2026-05-16,2026-05-16,19,B01,C03545,Website,5,Completed
BK001676,2026-05-14,2026-05-16,18,B01,C00000,Website,2,Completed
BK001677,2026-05-08,2026-05-16,13,B01,C01415,Phone,2,Completed
BK001678,2026-05-15,2026-05-16,13,B01,C00000,Website,2,Cancelled
BK001679,2026-05-09,2026-05-16,18,B01,C01057,Website,1,Completed
BK001680,2026-05-13,2026-05-17,16,B01,C00820,Website,2,Completed
BK001681,2026-05-14,2026-05-17,12,B01,C03300,Website,3,Completed
BK001682,2026-05-05,2026-05-17,19,B01,C00000,OpenTable,4,Completed
BK001683,2026-05-14,2026-05-18,22,B01,C01211,Website,2,Completed
BK001684,2026-05-15,2026-05-20,22,B01,C03061,OpenTable,2,Completed
BK001685,2026-05-20,2026-05-20,22,B01,C00000,OpenTable,4,Cancelled
BK001686,2026-05-14,2026-05-21,13,B01,C00000,Instagram,4,Completed
BK001687,2026-05-20,2026-05-21,13,B01,C00000,Website,2,No-show
BK001688,2026-05-20,2026-05-21,22,B01,C00000,Website,3,Completed
BK001689,2026-05-20,2026-05-21,18,B01,C00227,Phone,8,Completed
BK001690,2026-05-21,2026-05-21,16,B01,C00000,Website,2,Completed
BK001691,2026-05-12,2026-05-21,16,B01,C00000,Website,4,No-show
BK001692,2026-05-12,2026-05-21,18,B01,C00000,Phone,5,Completed
BK001693,2026-05-18,2026-05-22,20,B01,C00000,OpenTable,1,Completed
BK001694,2026-05-16,2026-05-22,21,B01,C00000,Website,1,Completed
BK001695,2026-05-19,2026-05-22,21,B01,C00000,Website,4,No-show
BK001696,2026-05-10,2026-05-22,21,B01,C00000,Phone,2,Cancelled
BK001697,2026-05-10,2026-05-22,21,B01,C00000,Phone,2,Completed
BK001698,2026-05-15,2026-05-22,21,B01,C00000,Phone,1,Cancelled
BK001699,2026-05-14,2026-05-22,17,B01,C00000,Website,4,Completed
BK001700,2026-05-13,2026-05-22,17,B01,C00000,OpenTable,3,No-show
BK001701,2026-05-21,2026-05-22,21,B01,C01812,OpenTable,2,Completed
BK001702,2026-05-18,2026-05-23,17,B01,C04958,OpenTable,6,Completed
BK001703,2026-05-20,2026-05-23,12,B01,C02835,Phone,6,Completed
BK001704,2026-05-13,2026-05-23,12,B01,C00000,OpenTable,4,No-show
BK001705,2026-05-21,2026-05-23,12,B01,C00000,Phone,1,Cancelled
BK001706,2026-04-24,2026-05-23,20,B01,C03422,Website,1,Completed
BK001707,2026-05-17,2026-05-24,18,B01,C00000,Website,2,Completed
BK001708,2026-05-21,2026-05-25,19,B01,C00000,Website,4,Completed
BK001709,2026-05-28,2026-05-28,22,B01,C04958,Website,1,Completed
BK001710,2026-05-25,2026-05-28,22,B01,C00000,Instagram,5,No-show
BK001711,2026-05-10,2026-05-28,22,B01,C00000,Website,6,Completed
BK001712,2026-05-28,2026-05-28,13,B01,C02263,OpenTable,3,Completed
BK001713,2026-05-26,2026-05-28,19,B01,C02284,Website,1,Completed
BK001714,2026-05-11,2026-05-29,19,B01,C00000,Website,4,Completed
BK001715,2026-05-16,2026-05-29,20,B01,C00000,OpenTable,2,Completed
BK001716,2026-05-27,2026-05-30,22,B01,C00765,Website,1,Completed
BK001717,2026-05-28,2026-05-30,15,B01,C00000,Phone,7,Completed
BK001718,2026-05-29,2026-05-30,19,B01,C00000,OpenTable,8,Completed
BK001719,2026-05-25,2026-05-30,13,B01,C00000,Phone,1,Completed
BK001720,2026-05-19,2026-05-30,13,B01,C00000,OpenTable,5,Cancelled
BK001721,2026-05-15,2026-05-30,19,B01,C00000,Website,2,Completed
BK001722,2026-05-03,2026-05-30,14,B01,C04958,Phone,6,Completed
BK001723,2026-06-03,2026-06-03,21,B01,C00000,Website,5,Completed
BK001724,2026-06-05,2026-06-05,12,B01,C00000,Website,2,Completed
BK001725,2026-06-04,2026-06-05,12,B01,C00000,OpenTable,3,Cancelled
BK001726,2026-05-25,2026-06-05,19,B01,C00000,Website,2,Completed
BK001727,2026-05-25,2026-06-05,14,B01,C02064,OpenTable,2,Completed
BK001728,2026-05-23,2026-06-05,14,B01,C02030,Phone,2,Completed
BK001729,2026-06-04,2026-06-06,21,B01,C00227,Phone,4,Completed
BK001730,2026-06-01,2026-06-06,21,B01,C00000,Website,2,No-show
BK001731,2026-05-21,2026-06-06,22,B01,C03306,Phone,4,Completed
BK001732,2026-05-26,2026-06-06,22,B01,C00000,Instagram,2,Cancelled
BK001733,2026-05-21,2026-06-06,22,B01,C00000,Phone,2,Completed
BK001734,2026-06-01,2026-06-06,20,B01,C00000,Phone,2,Completed
BK001735,2026-06-06,2026-06-06,20,B01,C00000,OpenTable,1,Completed
BK001736,2026-06-04,2026-06-07,18,B01,C00000,Website,4,Completed
BK001737,2026-06-04,2026-06-07,20,B01,C04958,OpenTable,4,Completed
BK001738,2026-05-26,2026-06-07,21,B01,C00000,OpenTable,5,Completed
BK001739,2026-05-26,2026-06-07,17,B01,C00000,Website,3,Completed
BK001740,2026-06-03,2026-06-07,15,B01,C04958,OpenTable,2,Completed
BK001741,2026-05-19,2026-06-07,20,B01,C00000,Website,2,Completed
BK001742,2026-05-26,2026-06-10,14,B01,C00000,Instagram,4,Completed
BK001743,2026-06-09,2026-06-11,21,B01,C02263,Website,2,Completed
BK001744,2026-06-12,2026-06-12,19,B01,C00000,OpenTable,4,Completed
BK001745,2026-06-06,2026-06-12,19,B01,C03838,Website,4,Completed
BK001746,2026-06-10,2026-06-13,22,B01,C00000,Website,4,Completed
BK001747,2026-06-13,2026-06-13,21,B01,C04958,Website,5,Completed
BK001748,2026-06-09,2026-06-13,22,B01,C00000,OpenTable,4,Completed
BK001749,2026-06-08,2026-06-13,19,B01,C00000,Website,2,Completed
BK001750,2026-06-14,2026-06-14,20,B01,C00000,Phone,1,Completed
BK001751,2026-06-14,2026-06-15,12,B01,C00000,OpenTable,2,Completed
BK001752,2026-06-13,2026-06-15,22,B01,C00000,Phone,3,Completed
BK001753,2026-06-15,2026-06-15,21,B01,C00000,Website,2,Completed
BK001754,2026-06-15,2026-06-15,21,B01,C00000,Phone,1,Completed
BK001755,2026-06-10,2026-06-17,22,B01,C00000,Website,4,Completed
BK001756,2026-06-12,2026-06-17,17,B01,C00000,Website,4,Completed
BK001757,2026-06-15,2026-06-17,14,B01,C00000,OpenTable,2,Completed
BK001758,2026-06-13,2026-06-17,17,B01,C00000,OpenTable,2,Completed
BK001759,2026-06-12,2026-06-17,20,B01,C00000,OpenTable,4,Completed
BK001760,2026-06-14,2026-06-18,22,B01,C02941,Instagram,6,Completed
BK001761,2026-06-17,2026-06-18,19,B01,C00000,OpenTable,4,Completed
BK001762,2026-06-08,2026-06-19,21,B01,C02263,OpenTable,4,Completed
BK001763,2026-06-11,2026-06-20,19,B01,C00000,OpenTable,1,Completed
BK001764,2026-06-19,2026-06-21,12,B01,C00820,Website,6,Completed
BK001765,2026-06-12,2026-06-21,17,B01,C00000,Website,1,Completed
BK001766,2026-06-15,2026-06-21,17,B01,C00000,OpenTable,2,No-show
BK001767,2026-06-21,2026-06-21,20,B01,C00000,OpenTable,4,Completed
BK001768,2026-06-19,2026-06-21,13,B01,C00000,Phone,2,Completed
BK001769,2026-06-21,2026-06-22,21,B01,C00000,OpenTable,1,Completed
BK001770,2026-06-19,2026-06-22,16,B01,C00000,OpenTable,2,Completed
BK001771,2026-06-21,2026-06-24,19,B01,C02817,Website,8,Completed
BK001772,2026-06-16,2026-06-24,19,B01,C00000,OpenTable,3,Cancelled
BK001773,2026-06-21,2026-06-25,14,B01,C00522,OpenTable,4,Completed
BK001774,2026-06-19,2026-06-25,14,B01,C00000,OpenTable,3,Cancelled
BK001775,2026-06-26,2026-06-26,17,B01,C00000,OpenTable,4,Completed
BK001776,2026-06-25,2026-06-26,17,B01,C00000,Website,2,Cancelled
BK001777,2026-06-25,2026-06-27,18,B01,C00000,Website,3,Completed
BK001778,2026-06-25,2026-06-27,18,B01,C00000,OpenTable,2,Cancelled
BK001779,2026-06-26,2026-06-27,21,B01,C02817,Phone,1,Completed
BK001780,2026-06-15,2026-06-27,18,B01,C00000,OpenTable,2,Completed
BK001781,2026-06-26,2026-06-27,18,B01,C00000,Website,2,Cancelled
BK001782,2026-06-24,2026-06-27,19,B01,C00000,Website,1,Completed
BK001783,2026-06-19,2026-06-28,17,B01,C00000,Website,2,Completed
BK001784,2026-06-19,2026-06-28,21,B01,C00000,Website,3,Completed
BK001785,2026-06-22,2026-06-29,12,B01,C00000,Website,1,Completed
BK001786,2026-06-22,2026-07-03,12,B01,C03360,OpenTable,2,Completed
BK001787,2026-07-03,2026-07-03,13,B01,C00000,Phone,8,Completed
BK001788,2026-06-27,2026-07-04,12,B01,C02428,Website,2,Completed
BK001789,2026-06-27,2026-07-04,12,B01,C00000,Website,4,Completed
BK001790,2026-06-28,2026-07-04,12,B01,C00000,Website,4,No-show
BK001791,2026-07-01,2026-07-04,12,B01,C00000,Website,1,Cancelled
BK001792,2026-07-03,2026-07-04,13,B01,C00000,Website,2,Completed
BK001793,2026-07-04,2026-07-04,17,B01,C00000,Website,5,Completed
BK001794,2026-07-03,2026-07-05,19,B01,C00000,OpenTable,2,Completed
BK001795,2026-07-05,2026-07-05,21,B01,C01790,Website,4,Completed
BK001796,2026-07-05,2026-07-05,21,B01,C00000,Phone,4,Completed
BK001797,2026-07-05,2026-07-08,19,B01,C03549,Website,3,Completed
BK001798,2026-07-02,2026-07-10,13,B01,C00000,Website,3,Completed
BK001799,2026-06-21,2026-07-11,19,B01,C00000,OpenTable,4,Completed
BK001800,2026-07-01,2026-07-11,19,B01,C00000,Website,4,Cancelled
BK001801,2026-07-10,2026-07-11,18,B01,C03863,Phone,4,Completed
BK001802,2026-07-08,2026-07-11,21,B01,C02263,Website,5,Completed
BK001803,2026-07-10,2026-07-11,21,B01,C00000,Phone,7,No-show
BK001804,2026-07-06,2026-07-11,19,B01,C01198,Website,1,Completed
BK001805,2026-07-03,2026-07-12,19,B01,C03993,Website,4,Completed
BK001806,2026-07-12,2026-07-12,19,B01,C00000,Website,1,No-show
BK001807,2026-07-05,2026-07-12,19,B01,C00000,Website,2,Completed
BK001808,2026-07-10,2026-07-13,20,B01,C00000,OpenTable,1,Completed
BK001809,2026-07-14,2026-07-16,14,B01,C00000,Website,7,Completed
BK001810,2026-07-16,2026-07-16,20,B01,C00000,Website,2,Completed
BK001811,2026-07-12,2026-07-17,17,B01,C00000,Website,1,Completed
BK001812,2026-07-12,2026-07-17,17,B01,C01757,OpenTable,2,Completed
BK001813,2026-07-16,2026-07-18,14,B01,C00000,OpenTable,3,Completed
BK001814,2026-07-10,2026-07-18,20,B01,C01749,Website,1,Completed
BK001815,2026-07-19,2026-07-19,13,B01,C01064,Website,5,Completed
BK001816,2026-07-16,2026-07-19,20,B01,C00000,OpenTable,1,Completed
BK001817,2026-07-15,2026-07-19,18,B01,C00000,Website,7,Completed
BK001818,2026-07-16,2026-07-19,17,B01,C00986,Website,4,Completed
BK001819,2026-07-13,2026-07-20,22,B01,C00000,Website,2,Completed
BK001820,2026-07-20,2026-07-22,22,B01,C00000,Website,2,Completed
BK001821,2026-07-21,2026-07-22,22,B01,C00000,OpenTable,4,No-show
BK001822,2026-07-03,2026-07-22,21,B01,C04745,OpenTable,1,Completed
BK001823,2026-07-07,2026-07-23,19,B01,C00000,OpenTable,8,Completed
BK001824,2026-07-22,2026-07-25,21,B01,C00000,Website,2,Completed
BK001825,2026-07-12,2026-07-25,18,B01,C00000,Website,5,Completed
BK001826,2026-07-23,2026-07-25,18,B01,C00000,Phone,3,No-show
BK001827,2026-07-21,2026-07-25,14,B01,C00000,Website,1,Completed
BK001828,2026-07-22,2026-07-25,13,B01,C00000,OpenTable,5,Completed
BK001829,2026-07-23,2026-07-25,13,B01,C00000,Website,2,Cancelled
BK001830,2026-07-04,2026-07-26,21,B01,C00000,Website,2,Completed
BK001831,2026-07-25,2026-07-26,12,B01,C04958,Phone,2,Completed
BK001832,2026-07-26,2026-07-26,19,B01,C04958,Instagram,2,Completed
BK001833,2026-07-15,2026-07-26,14,B01,C03533,Website,2,Completed
BK001834,2026-07-25,2026-07-27,17,B01,C00000,OpenTable,3,Completed
BK001835,2026-07-07,2026-07-30,19,B01,C00000,Website,2,Completed
BK001836,2026-07-28,2026-07-30,17,B01,C00000,Phone,4,Completed
BK001837,2026-07-24,2026-07-30,22,B01,C00000,Website,2,Completed
BK001838,2026-07-19,2026-07-31,19,B01,C03061,Website,4,Completed
BK001839,2026-07-25,2026-07-31,17,B01,C02941,Instagram,5,Completed
BK001840,2026-07-31,2026-07-31,17,B01,C00000,OpenTable,1,Cancelled
BK001841,2026-07-23,2026-08-01,20,B01,C00000,OpenTable,2,Completed
BK001842,2026-07-29,2026-08-01,20,B01,C01064,OpenTable,2,Completed
BK001843,2026-07-30,2026-08-01,20,B01,C00000,Phone,3,No-show
BK001844,2026-07-08,2026-08-01,18,B01,C00000,OpenTable,3,Completed
BK001845,2026-08-01,2026-08-01,18,B01,C00000,OpenTable,2,No-show
BK001846,2026-06-28,2026-08-01,17,B01,C00000,Phone,3,Completed
BK001847,2026-08-02,2026-08-02,13,B01,C00000,Website,1,Completed
BK001848,2026-07-27,2026-08-02,18,B01,C00000,Phone,4,Completed
BK001849,2026-07-30,2026-08-02,18,B01,C00000,OpenTable,1,Completed
BK001850,2026-07-24,2026-08-02,21,B01,C00000,OpenTable,1,Completed
BK001851,2026-08-01,2026-08-03,20,B01,C00000,Website,2,Completed
BK001852,2026-08-05,2026-08-06,21,B01,C00000,OpenTable,3,Completed
BK001853,2026-07-24,2026-08-06,21,B01,C00000,Website,2,Cancelled
BK001854,2026-08-02,2026-08-06,18,B01,C00000,Website,6,Completed
BK001855,2026-07-30,2026-08-07,22,B01,C02421,OpenTable,8,Completed
BK001856,2026-07-31,2026-08-07,22,B01,C00000,Instagram,5,Cancelled
BK001857,2026-08-05,2026-08-07,19,B01,C00000,Website,6,Completed
BK001858,2026-08-07,2026-08-07,22,B01,C00000,Phone,2,Completed
BK001859,2026-08-01,2026-08-07,14,B01,C00000,OpenTable,2,Completed
BK001860,2026-08-05,2026-08-08,22,B01,C00000,Phone,3,Completed
BK001861,2026-08-04,2026-08-08,13,B01,C03360,Website,2,Completed
BK001862,2026-08-03,2026-08-08,18,B01,C03454,Website,2,Completed
BK001863,2026-08-06,2026-08-08,12,B01,C02263,Website,2,Completed
BK001864,2026-08-07,2026-08-08,12,B01,C00000,OpenTable,2,No-show
BK001865,2026-07-26,2026-08-08,20,B01,C00000,Website,2,Completed
BK001866,2026-08-12,2026-08-12,18,B01,C00000,OpenTable,2,Completed
BK001867,2026-08-08,2026-08-12,18,B01,C00000,Phone,3,Cancelled
BK001868,2026-08-08,2026-08-13,21,B01,C00000,Website,2,Completed
BK001869,2026-08-12,2026-08-13,20,B01,C00000,Website,2,Completed
BK001870,2026-08-13,2026-08-13,21,B01,C00000,Website,2,Completed
BK001871,2026-08-12,2026-08-14,18,B01,C03716,Instagram,1,Completed
BK001872,2026-07-13,2026-08-14,20,B01,C00000,Website,5,Completed
BK001873,2026-08-13,2026-08-14,18,B01,C00000,Website,3,Completed
BK001874,2026-07-31,2026-08-14,18,B01,C00000,Website,4,Cancelled
BK001875,2026-08-15,2026-08-15,20,B01,C00000,Website,8,Completed
BK001876,2026-08-09,2026-08-15,20,B01,C00000,Website,4,Completed
BK001877,2026-08-14,2026-08-15,20,B01,C00000,Website,4,No-show
BK001878,2026-08-11,2026-08-15,20,B01,C00000,Website,3,Cancelled
BK001879,2026-08-16,2026-08-16,19,B01,C00000,OpenTable,4,Completed
BK001880,2026-08-14,2026-08-17,19,B01,C00000,OpenTable,2,Completed
BK001881,2026-08-19,2026-08-19,21,B01,C02011,OpenTable,2,Completed
BK001882,2026-08-10,2026-08-20,14,B01,C04393,Website,1,Completed
BK001883,2026-08-06,2026-08-20,22,B01,C01064,OpenTable,1,Completed
BK001884,2026-08-17,2026-08-21,19,B01,C00000,Phone,1,Completed
BK001885,2026-08-19,2026-08-21,19,B01,C00000,OpenTable,2,No-show
BK001886,2026-08-12,2026-08-21,18,B01,C04958,Website,3,Completed
BK001887,2026-08-19,2026-08-21,14,B01,C00000,OpenTable,4,Completed
BK001888,2026-08-15,2026-08-22,15,B01,C04987,Website,6,Completed
BK001889,2026-08-18,2026-08-22,15,B01,C00000,Phone,3,Completed
BK001890,2026-08-20,2026-08-23,17,B01,C00000,Website,2,Completed
BK001891,2026-08-23,2026-08-23,21,B01,C00000,Phone,3,Completed
BK001892,2026-08-24,2026-08-24,19,B01,C00000,Phone,2,Completed
BK001893,2026-08-23,2026-08-24,20,B01,C01740,Phone,3,Completed
BK001894,2026-08-22,2026-08-24,22,B01,C00000,Phone,1,Completed
BK001895,2026-08-28,2026-08-28,13,B01,C00000,OpenTable,1,Completed
BK001896,2026-08-28,2026-08-28,21,B01,C00000,Website,4,Completed
BK001897,2026-08-27,2026-08-28,21,B01,C00000,Website,2,Completed
BK001898,2026-08-17,2026-08-28,19,B01,C02054,Phone,4,Completed
BK001899,2026-08-29,2026-08-29,20,B01,C00000,Website,4,Completed
BK001900,2026-08-21,2026-08-29,22,B01,C00000,Website,2,Completed
BK001901,2026-08-26,2026-08-29,13,B01,C00000,Instagram,2,Completed
BK001902,2026-08-26,2026-08-29,17,B01,C00000,Website,3,Completed
BK001903,2026-08-26,2026-08-30,18,B01,C04950,OpenTable,2,Completed
BK001904,2026-08-29,2026-08-30,19,B01,C00000,Phone,2,Completed
BK001905,2026-08-06,2026-08-31,12,B01,C00000,OpenTable,2,Completed
BK001906,2026-08-31,2026-08-31,20,B01,C00000,Website,2,Completed
BK001907,2026-09-02,2026-09-02,12,B01,C02668,Website,1,Completed
BK001908,2026-08-28,2026-09-02,21,B01,C00000,Phone,2,Completed
BK001909,2026-08-29,2026-09-02,12,B01,C00000,Website,2,Completed
BK001910,2026-09-02,2026-09-03,20,B01,C03648,Phone,2,Completed
BK001911,2026-09-02,2026-09-03,22,B01,C00000,OpenTable,2,Completed
BK001912,2026-09-01,2026-09-03,22,B01,C00000,OpenTable,3,Cancelled
BK001913,2026-08-27,2026-09-03,18,B01,C00000,Website,3,Completed
BK001914,2026-09-02,2026-09-04,12,B01,C00299,OpenTable,2,Completed
BK001915,2026-09-03,2026-09-05,19,B01,C00820,Website,1,Completed
BK001916,2026-08-29,2026-09-05,19,B01,C00000,Website,5,Cancelled
BK001917,2026-08-29,2026-09-05,12,B01,C00000,Phone,4,Completed
BK001918,2026-08-28,2026-09-06,22,B01,C00267,OpenTable,1,Completed
BK001919,2026-08-25,2026-09-06,18,B01,C00000,OpenTable,6,Completed
BK001920,2026-09-03,2026-09-06,19,B01,C01052,Phone,2,Completed
BK001921,2026-09-04,2026-09-07,21,B01,C00000,Website,2,Completed
BK001922,2026-09-11,2026-09-11,21,B01,C02941,Website,4,Completed
BK001923,2026-09-06,2026-09-11,17,B01,C00839,Website,3,Completed
BK001924,2026-09-10,2026-09-11,21,B01,C00466,Phone,3,Completed
BK001925,2026-08-29,2026-09-12,21,B01,C00000,OpenTable,2,Completed
BK001926,2026-09-10,2026-09-12,13,B01,C02569,Website,2,Completed
BK001927,2026-09-08,2026-09-12,16,B01,C00000,OpenTable,4,Completed
BK001928,2026-09-11,2026-09-12,16,B01,C00000,OpenTable,1,Cancelled
BK001929,2026-09-11,2026-09-12,19,B01,C00000,OpenTable,3,Completed
BK001930,2026-09-10,2026-09-12,19,B01,C00000,OpenTable,4,Cancelled
BK001931,2026-09-03,2026-09-12,17,B01,C02941,OpenTable,3,Completed
BK001932,2026-09-06,2026-09-12,17,B01,C00000,OpenTable,2,No-show
BK001933,2026-09-05,2026-09-13,22,B01,C00000,OpenTable,2,Completed
BK001934,2026-09-09,2026-09-13,21,B01,C00000,Website,2,Completed
BK001935,2026-09-08,2026-09-13,19,B01,C00000,OpenTable,2,Completed
BK001936,2026-09-10,2026-09-13,22,B01,C00558,Website,4,Completed
BK001937,2026-09-10,2026-09-13,21,B01,C01654,Phone,4,Completed
BK001938,2026-09-12,2026-09-13,21,B01,C00000,OpenTable,1,Cancelled
BK001939,2026-09-10,2026-09-14,21,B01,C00000,Phone,3,Completed
BK001940,2026-09-16,2026-09-16,22,B01,C00000,OpenTable,4,Completed
BK001941,2026-09-08,2026-09-16,17,B01,C00000,Phone,4,Completed
BK001942,2026-09-06,2026-09-16,20,B01,C04004,Website,4,Completed
BK001943,2026-09-03,2026-09-16,20,B01,C00000,Phone,2,Cancelled
BK001944,2026-09-07,2026-09-16,21,B01,C00000,Website,3,Completed
BK001945,2026-09-15,2026-09-17,22,B01,C00000,Phone,4,Completed
BK001946,2026-09-07,2026-09-18,19,B01,C00000,Website,5,Completed
BK001947,2026-09-14,2026-09-18,19,B01,C00000,OpenTable,2,Completed
BK001948,2026-09-20,2026-09-20,22,B01,C00000,Phone,2,Completed
BK001949,2026-09-13,2026-09-20,18,B01,C04767,OpenTable,3,Completed
BK001950,2026-09-20,2026-09-24,19,B01,C00000,Website,2,Completed
BK001951,2026-09-09,2026-09-24,18,B01,C00000,OpenTable,4,Completed
BK001952,2026-09-25,2026-09-26,17,B01,C00000,OpenTable,1,Completed
BK001953,2026-09-25,2026-09-26,20,B01,C00000,Phone,5,Completed
BK001954,2026-09-22,2026-09-26,17,B01,C00000,OpenTable,2,Completed
BK001955,2026-09-26,2026-09-26,20,B01,C00000,OpenTable,1,Completed
BK001956,2026-08-25,2026-09-26,20,B01,C00000,OpenTable,6,Cancelled
BK001957,2026-09-18,2026-09-27,20,B01,C04199,OpenTable,2,Completed
BK001958,2026-09-25,2026-09-27,22,B01,C00000,Website,2,Completed
BK001959,2026-09-16,2026-09-27,21,B01,C00000,Instagram,6,Completed
BK001960,2026-09-27,2026-09-27,13,B01,C03023,Website,4,Completed
BK001961,2026-09-28,2026-09-28,17,B01,C03969,Website,6,Completed
BK001962,2026-09-26,2026-09-28,16,B01,C00000,Phone,4,Completed
BK001963,2024-01-01,2024-01-01,12,B02,C03040,OpenTable,4,Completed
BK001964,2024-01-01,2024-01-01,18,B02,C04096,OpenTable,2,Completed
BK001965,2024-01-03,2024-01-05,20,B02,C00000,Website,6,Completed
BK001966,2024-01-04,2024-01-06,19,B02,C00000,OpenTable,2,Completed
BK001967,2024-01-06,2024-01-06,22,B02,C00000,Website,4,Completed
BK001968,2024-01-03,2024-01-06,20,B02,C00000,OpenTable,3,Completed
BK001969,2024-01-06,2024-01-06,20,B02,C00000,Phone,2,Cancelled
BK001970,2024-01-01,2024-01-06,17,B02,C00000,Website,2,Completed
BK001971,2024-01-04,2024-01-06,22,B02,C00000,Website,3,Completed
BK001972,2024-01-01,2024-01-06,21,B02,C03389,Phone,1,Completed
BK001973,2024-01-01,2024-01-07,22,B02,C00000,Phone,2,Completed
BK001974,2024-01-01,2024-01-07,20,B02,C04105,Website,3,Completed
BK001975,2024-01-01,2024-01-07,21,B02,C01486,OpenTable,2,Completed
BK001976,2024-01-01,2024-01-08,21,B02,C00000,OpenTable,2,Completed
BK001977,2024-01-04,2024-01-08,13,B02,C00000,Website,1,Completed
BK001978,2024-01-08,2024-01-08,19,B02,C03389,Instagram,4,Completed
BK001979,2024-01-01,2024-01-10,13,B02,C00000,OpenTable,2,Completed
BK001980,2024-01-09,2024-01-11,18,B02,C00000,Website,3,Completed
BK001981,2024-01-09,2024-01-11,22,B02,C04096,Website,1,Completed
BK001982,2024-01-05,2024-01-11,13,B02,C00000,Website,2,Completed
BK001983,2024-01-11,2024-01-11,13,B02,C00000,Phone,6,Cancelled
BK001984,2024-01-10,2024-01-12,19,B02,C02486,Phone,5,Completed
BK001985,2024-01-04,2024-01-12,19,B02,C00000,OpenTable,1,No-show
BK001986,2024-01-10,2024-01-12,21,B02,C03530,Website,2,Completed
BK001987,2024-01-01,2024-01-12,20,B02,C00000,Website,2,Completed
BK001988,2024-01-03,2024-01-13,21,B02,C00169,OpenTable,1,Completed
BK001989,2024-01-11,2024-01-13,17,B02,C00523,Phone,2,Completed
BK001990,2024-01-08,2024-01-13,18,B02,C04096,OpenTable,4,Completed
BK001991,2024-01-15,2024-01-15,13,B02,C04778,Website,4,Completed
BK001992,2024-01-17,2024-01-17,20,B02,C03690,OpenTable,2,Completed
BK001993,2024-01-03,2024-01-17,20,B02,C00000,OpenTable,3,No-show
BK001994,2024-01-15,2024-01-19,21,B02,C02135,Phone,2,Completed
BK001995,2024-01-14,2024-01-19,21,B02,C00000,OpenTable,4,No-show
BK001996,2024-01-19,2024-01-19,14,B02,C04644,Website,2,Completed
BK001997,2024-01-14,2024-01-19,19,B02,C00000,Phone,2,Completed
BK001998,2024-01-18,2024-01-19,12,B02,C00000,Website,2,Completed
BK001999,2024-01-19,2024-01-20,19,B02,C04064,Instagram,6,Completed
BK002000,2024-01-10,2024-01-22,17,B02,C00000,Phone,7,Completed
BK002001,2024-01-19,2024-01-22,17,B02,C00000,OpenTable,2,Cancelled
BK002002,2024-01-18,2024-01-22,12,B02,C03577,OpenTable,2,Completed
BK002003,2024-01-19,2024-01-24,14,B02,C00000,OpenTable,6,Completed
BK002004,2024-01-17,2024-01-24,21,B02,C04778,Website,2,Completed
BK002005,2024-01-20,2024-01-25,18,B02,C02929,Website,7,Completed
BK002006,2024-01-26,2024-01-26,19,B02,C01259,OpenTable,2,Completed
BK002007,2024-01-24,2024-01-26,20,B02,C03867,Website,1,Completed
BK002008,2024-01-17,2024-01-26,19,B02,C00000,Website,6,Completed
BK002009,2024-01-23,2024-01-26,21,B02,C02973,Website,8,Completed
BK002010,2024-01-26,2024-01-27,20,B02,C00000,Website,3,Completed
BK002011,2024-01-25,2024-01-27,20,B02,C00000,OpenTable,2,No-show
BK002012,2024-01-21,2024-01-27,19,B02,C04096,Instagram,3,Completed
BK002013,2024-01-22,2024-01-28,20,B02,C03463,OpenTable,2,Completed
BK002014,2024-01-27,2024-01-28,20,B02,C00000,Website,2,Completed
BK002015,2024-01-01,2024-01-29,15,B02,C00000,Phone,4,Completed
BK002016,2024-01-26,2024-01-29,18,B02,C00000,OpenTable,3,Completed
BK002017,2024-01-25,2024-01-31,22,B02,C00000,OpenTable,6,Completed
BK002018,2024-01-29,2024-01-31,17,B02,C00000,Website,5,Completed
BK002019,2024-01-27,2024-01-31,20,B02,C00539,Instagram,2,Completed
BK002020,2024-01-31,2024-02-01,19,B02,C00000,Instagram,2,Completed
BK002021,2024-01-21,2024-02-02,19,B02,C00000,OpenTable,1,Completed
BK002022,2024-01-23,2024-02-02,20,B02,C00000,Website,6,Completed
BK002023,2024-01-23,2024-02-02,18,B02,C00000,Website,2,Completed
BK002024,2024-02-03,2024-02-03,20,B02,C04778,OpenTable,2,Completed
BK002025,2024-01-21,2024-02-05,20,B02,C00000,Website,2,Completed
BK002026,2024-01-27,2024-02-05,19,B02,C04096,OpenTable,1,Completed
BK002027,2024-02-05,2024-02-05,21,B02,C00000,Website,1,Completed
BK002028,2024-02-06,2024-02-07,18,B02,C03885,Phone,2,Completed
BK002029,2024-02-01,2024-02-07,18,B02,C00000,OpenTable,2,Cancelled
BK002030,2024-01-28,2024-02-07,18,B02,C02753,Phone,3,Completed
BK002031,2024-02-06,2024-02-09,20,B02,C00000,OpenTable,2,Completed
BK002032,2024-02-08,2024-02-09,19,B02,C00000,OpenTable,2,Completed
BK002033,2024-01-30,2024-02-09,19,B02,C00000,Website,2,Completed
BK002034,2024-02-09,2024-02-09,20,B02,C02802,Website,2,Completed
BK002035,2024-01-31,2024-02-09,20,B02,C00000,Phone,3,Completed
BK002036,2024-02-06,2024-02-10,19,B02,C00000,Instagram,4,Completed
BK002037,2024-02-06,2024-02-11,12,B02,C00000,Website,2,Completed
BK002038,2024-02-12,2024-02-12,20,B02,C01135,Phone,4,Completed
BK002039,2024-01-24,2024-02-12,20,B02,C02929,Phone,2,Completed
BK002040,2024-02-12,2024-02-12,21,B02,C00000,Phone,4,Completed
BK002041,2024-01-29,2024-02-12,21,B02,C00000,OpenTable,2,Cancelled
BK002042,2024-02-10,2024-02-15,20,B02,C01259,Phone,4,Completed
BK002043,2024-02-04,2024-02-16,17,B02,C04023,Phone,2,Completed
BK002044,2024-02-16,2024-02-16,19,B02,C01252,OpenTable,2,Completed
BK002045,2024-02-11,2024-02-16,17,B02,C00000,OpenTable,1,Completed
BK002046,2024-01-15,2024-02-17,13,B02,C04096,Phone,3,Completed
BK002047,2024-02-14,2024-02-18,19,B02,C00000,OpenTable,3,Completed
BK002048,2024-02-17,2024-02-18,19,B02,C00000,OpenTable,2,Completed
BK002049,2024-02-11,2024-02-18,19,B02,C00000,Website,2,Completed
BK002050,2024-02-19,2024-02-19,19,B02,C00000,Website,5,Completed
BK002051,2024-02-17,2024-02-19,19,B02,C00000,OpenTable,3,Cancelled
BK002052,2024-02-19,2024-02-21,20,B02,C00000,OpenTable,4,Completed
BK002053,2024-02-21,2024-02-22,17,B02,C04005,OpenTable,2,Completed
BK002054,2024-02-23,2024-02-23,19,B02,C04296,OpenTable,2,Completed
BK002055,2024-02-24,2024-02-24,19,B02,C04604,OpenTable,1,Completed
BK002056,2024-02-04,2024-02-24,19,B02,C00000,Website,1,Completed
BK002057,2024-02-23,2024-02-24,17,B02,C00000,Website,1,Completed
BK002058,2024-02-19,2024-02-25,20,B02,C00000,Website,2,Completed
BK002059,2024-02-23,2024-02-25,12,B02,C00000,Phone,2,Completed
BK002060,2024-02-23,2024-02-25,18,B02,C00000,Website,3,Completed
BK002061,2024-02-15,2024-02-26,19,B02,C00000,Website,3,Completed
BK002062,2024-02-20,2024-02-26,18,B02,C00000,Website,2,Completed
BK002063,2024-02-26,2024-02-26,17,B02,C00000,Website,2,Completed
BK002064,2024-02-23,2024-02-28,20,B02,C00573,Website,4,Completed
BK002065,2024-03-01,2024-03-03,22,B02,C00000,Website,4,Completed
BK002066,2024-02-28,2024-03-03,12,B02,C00000,OpenTable,5,Completed
BK002067,2024-02-27,2024-03-04,18,B02,C02957,Instagram,2,Completed
BK002068,2024-02-26,2024-03-06,21,B02,C04778,OpenTable,4,Completed
BK002069,2024-02-25,2024-03-07,19,B02,C02866,Website,2,Completed
BK002070,2024-03-04,2024-03-07,22,B02,C00000,OpenTable,4,Completed
BK002071,2024-03-05,2024-03-08,13,B02,C00000,Website,2,Completed
BK002072,2024-03-08,2024-03-08,19,B02,C00000,Website,1,Completed
BK002073,2024-03-07,2024-03-08,15,B02,C00000,Website,4,Completed
BK002074,2024-03-01,2024-03-08,20,B02,C00000,Website,2,Completed
BK002075,2024-03-08,2024-03-09,12,B02,C00000,Website,2,Completed
BK002076,2024-03-03,2024-03-09,19,B02,C00970,OpenTable,4,Completed
BK002077,2024-03-09,2024-03-09,20,B02,C00000,OpenTable,2,Completed
BK002078,2024-03-04,2024-03-10,20,B02,C00000,Instagram,3,Completed
BK002079,2024-03-10,2024-03-10,20,B02,C00000,Phone,4,Completed
BK002080,2024-03-05,2024-03-10,18,B02,C00000,OpenTable,2,Completed
BK002081,2024-02-22,2024-03-11,13,B02,C02957,Website,4,Completed
BK002082,2024-03-10,2024-03-11,13,B02,C00000,Phone,7,Cancelled
BK002083,2024-03-11,2024-03-13,19,B02,C00000,OpenTable,3,Completed
BK002084,2024-03-09,2024-03-13,19,B02,C00000,OpenTable,2,Completed
BK002085,2024-03-10,2024-03-13,19,B02,C00000,Phone,2,Completed
BK002086,2024-03-11,2024-03-14,17,B02,C04604,Instagram,5,Completed
BK002087,2024-02-24,2024-03-14,20,B02,C00000,Website,3,Completed
BK002088,2024-03-03,2024-03-14,14,B02,C04096,Website,3,Completed
BK002089,2024-03-13,2024-03-15,19,B02,C01497,OpenTable,3,Completed
BK002090,2024-03-04,2024-03-15,19,B02,C00000,Website,4,Completed
BK002091,2024-03-10,2024-03-15,15,B02,C01696,Website,3,Completed
BK002092,2024-03-14,2024-03-15,15,B02,C00000,OpenTable,4,No-show
BK002093,2024-02-16,2024-03-15,21,B02,C00000,Instagram,2,Completed
BK002094,2024-03-14,2024-03-15,21,B02,C00000,OpenTable,3,No-show
BK002095,2024-02-17,2024-03-15,19,B02,C00000,Instagram,1,Completed
BK002096,2024-03-12,2024-03-15,19,B02,C00000,Website,2,Cancelled
BK002097,2024-03-16,2024-03-16,14,B02,C00000,Website,2,Completed
BK002098,2024-03-15,2024-03-17,18,B02,C00000,Website,2,Completed
BK002099,2024-02-25,2024-03-17,14,B02,C01678,Phone,3,Completed
BK002100,2024-03-16,2024-03-17,19,B02,C00000,Instagram,2,Completed
BK002101,2024-02-26,2024-03-18,15,B02,C04096,Website,4,Completed
BK002102,2024-03-20,2024-03-20,19,B02,C00000,Website,4,Completed
BK002103,2024-03-17,2024-03-20,18,B02,C00000,OpenTable,2,Completed
BK002104,2024-03-16,2024-03-22,18,B02,C00000,Website,2,Completed
BK002105,2024-03-21,2024-03-23,13,B02,C00000,Website,2,Completed
BK002106,2024-03-08,2024-03-23,20,B02,C03700,Website,3,Completed
BK002107,2024-03-22,2024-03-23,19,B02,C00000,Phone,2,Completed
BK002108,2024-03-20,2024-03-23,12,B02,C03164,Phone,2,Completed
BK002109,2024-03-10,2024-03-23,17,B02,C00000,Website,2,Completed
BK002110,2024-02-25,2024-03-24,21,B02,C00000,OpenTable,3,Completed
BK002111,2024-03-21,2024-03-24,21,B02,C00000,Website,2,Cancelled
BK002112,2024-03-14,2024-03-25,19,B02,C00000,OpenTable,1,Completed
BK002113,2024-03-27,2024-03-27,18,B02,C00000,Website,2,Completed
BK002114,2024-03-20,2024-03-27,21,B02,C01115,Website,1,Completed
BK002115,2024-03-26,2024-03-28,13,B02,C03923,Website,3,Completed
BK002116,2024-03-17,2024-03-28,21,B02,C01150,Website,1,Completed
BK002117,2024-03-27,2024-03-28,21,B02,C00000,Website,2,No-show
BK002118,2024-03-25,2024-03-28,14,B02,C00000,Website,3,Completed
BK002119,2024-03-28,2024-03-28,14,B02,C00000,OpenTable,6,Completed
BK002120,2024-03-29,2024-03-29,18,B02,C00900,Website,2,Completed
BK002121,2024-03-26,2024-03-29,19,B02,C00000,Phone,2,Completed
BK002122,2024-03-21,2024-03-29,18,B02,C00000,Website,2,Completed
BK002123,2024-03-27,2024-03-29,20,B02,C00000,Website,4,Completed
BK002124,2024-03-30,2024-03-30,19,B02,C03883,Phone,4,Completed
BK002125,2024-03-30,2024-03-30,16,B02,C00169,Phone,1,Completed
BK002126,2024-03-27,2024-03-31,22,B02,C00000,Website,3,Completed
BK002127,2024-03-26,2024-03-31,21,B02,C00000,OpenTable,4,Completed
BK002128,2024-03-29,2024-03-31,21,B02,C00000,Website,2,Cancelled
BK002129,2024-04-01,2024-04-01,20,B02,C00000,OpenTable,3,Completed
BK002130,2024-03-30,2024-04-01,20,B02,C00000,Website,1,No-show
BK002131,2024-03-30,2024-04-03,19,B02,C00000,Phone,1,Completed
BK002132,2024-03-31,2024-04-04,21,B02,C00000,Website,4,Completed
BK002133,2024-03-19,2024-04-04,17,B02,C00000,Website,3,Completed
BK002134,2024-04-01,2024-04-04,22,B02,C00000,Phone,1,Completed
BK002135,2024-04-02,2024-04-05,22,B02,C00000,Phone,2,Completed
BK002136,2024-04-01,2024-04-05,22,B02,C00000,Website,2,Cancelled
BK002137,2024-04-03,2024-04-05,21,B02,C00000,OpenTable,8,Completed
BK002138,2024-03-19,2024-04-05,19,B02,C04778,OpenTable,2,Completed
BK002139,2024-04-01,2024-04-05,12,B02,C04778,Phone,4,Completed
BK002140,2024-04-05,2024-04-05,17,B02,C00000,Website,3,Completed
BK002141,2024-03-31,2024-04-05,18,B02,C00000,Phone,1,Completed
BK002142,2024-04-02,2024-04-05,20,B02,C00000,Website,1,Completed
BK002143,2024-03-16,2024-04-06,19,B02,C02783,Website,1,Completed
BK002144,2024-04-04,2024-04-06,20,B02,C00000,Phone,2,Completed
BK002145,2024-04-05,2024-04-06,19,B02,C02196,OpenTable,3,Completed
BK002146,2024-03-27,2024-04-07,19,B02,C00000,Website,3,Completed
BK002147,2024-04-05,2024-04-07,18,B02,C00000,Website,3,Completed
BK002148,2024-04-04,2024-04-07,20,B02,C00000,Website,2,Completed
BK002149,2024-04-07,2024-04-07,21,B02,C00000,Website,3,Completed
BK002150,2024-03-30,2024-04-10,19,B02,C00000,Phone,4,Completed
BK002151,2024-03-22,2024-04-10,14,B02,C00000,Website,2,Completed
BK002152,2024-04-08,2024-04-10,21,B02,C00000,OpenTable,5,Completed
BK002153,2024-04-01,2024-04-11,12,B02,C00000,OpenTable,2,Completed
BK002154,2024-03-30,2024-04-11,19,B02,C00000,Website,5,Completed
BK002155,2024-04-06,2024-04-12,19,B02,C00000,OpenTable,2,Completed
BK002156,2024-04-01,2024-04-12,15,B02,C00000,OpenTable,4,Completed
BK002157,2024-04-11,2024-04-12,21,B02,C00897,Phone,4,Completed
BK002158,2024-04-13,2024-04-13,15,B02,C00000,Website,2,Completed
BK002159,2024-04-09,2024-04-13,12,B02,C00000,OpenTable,2,Completed
BK002160,2024-04-04,2024-04-13,15,B02,C00000,Phone,2,Completed
BK002161,2024-04-12,2024-04-14,20,B02,C00000,OpenTable,2,Completed
BK002162,2024-03-30,2024-04-14,20,B02,C00000,OpenTable,1,Completed
BK002163,2024-04-14,2024-04-15,14,B02,C04778,OpenTable,2,Completed
BK002164,2024-04-11,2024-04-15,15,B02,C00000,Phone,1,Completed
BK002165,2024-04-14,2024-04-15,12,B02,C00000,Website,4,Completed
BK002166,2024-04-14,2024-04-17,17,B02,C00000,Phone,2,Completed
BK002167,2024-04-15,2024-04-17,15,B02,C00000,OpenTable,2,Completed
BK002168,2024-04-08,2024-04-18,17,B02,C00000,OpenTable,1,Completed
BK002169,2024-04-17,2024-04-19,13,B02,C04778,Website,2,Completed
BK002170,2024-04-19,2024-04-19,19,B02,C00000,Website,4,Completed
BK002171,2024-04-19,2024-04-19,19,B02,C00000,OpenTable,7,No-show
BK002172,2024-04-17,2024-04-19,20,B02,C00000,OpenTable,1,Completed
BK002173,2024-04-15,2024-04-19,20,B02,C00000,Phone,2,No-show
BK002174,2024-04-20,2024-04-20,22,B02,C00000,Instagram,2,Completed
BK002175,2024-04-16,2024-04-20,22,B02,C00000,OpenTable,6,Cancelled
BK002176,2024-04-09,2024-04-20,13,B02,C00000,OpenTable,3,Completed
BK002177,2024-04-17,2024-04-20,12,B02,C00000,OpenTable,2,Completed
BK002178,2024-04-12,2024-04-20,12,B02,C01696,Website,2,Completed
BK002179,2024-04-20,2024-04-20,12,B02,C00000,OpenTable,3,Completed
BK002180,2024-04-14,2024-04-21,12,B02,C00000,OpenTable,4,Completed
BK002181,2024-04-08,2024-04-21,12,B02,C00000,Phone,1,Cancelled
BK002182,2024-04-17,2024-04-25,22,B02,C00000,OpenTable,4,Completed
BK002183,2024-04-19,2024-04-25,22,B02,C00000,OpenTable,3,Completed
BK002184,2024-04-20,2024-04-26,20,B02,C01164,Website,8,Completed
BK002185,2024-04-25,2024-04-26,21,B02,C00027,Website,2,Completed
BK002186,2024-04-26,2024-04-27,21,B02,C00000,Phone,3,Completed
BK002187,2024-04-20,2024-04-27,18,B02,C00000,OpenTable,2,Completed
BK002188,2024-04-04,2024-04-27,18,B02,C00000,Phone,2,Cancelled
BK002189,2024-04-12,2024-04-27,18,B02,C00000,OpenTable,4,Completed
BK002190,2024-04-25,2024-04-27,12,B02,C00000,Website,2,Completed
BK002191,2024-04-15,2024-04-27,12,B02,C04731,Phone,2,Completed
BK002192,2024-04-07,2024-04-28,20,B02,C00000,OpenTable,2,Completed
BK002193,2024-04-28,2024-04-29,13,B02,C00000,Instagram,4,Completed
BK002194,2024-04-23,2024-04-29,13,B02,C00000,Phone,2,No-show
BK002195,2024-04-25,2024-05-01,21,B02,C00000,Website,2,Completed
BK002196,2024-05-01,2024-05-01,21,B02,C00829,Website,2,Completed
BK002197,2024-04-06,2024-05-01,21,B02,C00000,Website,4,Completed
BK002198,2024-04-26,2024-05-01,21,B02,C00000,Website,6,Cancelled
BK002199,2024-04-28,2024-05-02,20,B02,C02606,OpenTable,4,Completed
BK002200,2024-04-29,2024-05-02,20,B02,C00000,Website,2,Cancelled
BK002201,2024-04-30,2024-05-02,22,B02,C04096,OpenTable,1,Completed
BK002202,2024-05-03,2024-05-03,22,B02,C00000,Website,6,Completed
BK002203,2024-05-02,2024-05-03,21,B02,C00000,Instagram,2,Completed
BK002204,2024-05-03,2024-05-03,19,B02,C00000,Phone,2,Completed
BK002205,2024-04-29,2024-05-03,14,B02,C03565,OpenTable,8,Completed
BK002206,2024-04-30,2024-05-03,14,B02,C00000,OpenTable,4,No-show
BK002207,2024-05-04,2024-05-04,12,B02,C00869,OpenTable,2,Completed
BK002208,2024-04-20,2024-05-04,22,B02,C00000,Website,2,Completed
BK002209,2024-05-01,2024-05-04,20,B02,C00000,OpenTable,3,Completed
BK002210,2024-04-25,2024-05-04,20,B02,C00000,Website,2,Completed
BK002211,2024-04-16,2024-05-04,21,B02,C00000,OpenTable,3,Completed
BK002212,2024-05-04,2024-05-04,17,B02,C01904,Website,2,Completed
BK002213,2024-04-30,2024-05-04,14,B02,C00000,OpenTable,1,Completed
BK002214,2024-04-30,2024-05-05,22,B02,C00829,Website,2,Completed
BK002215,2024-04-28,2024-05-05,20,B02,C02561,Website,1,Completed
BK002216,2024-04-28,2024-05-05,19,B02,C04778,Website,4,Completed
BK002217,2024-04-23,2024-05-05,20,B02,C02866,Phone,2,Completed
BK002218,2024-04-23,2024-05-06,19,B02,C03194,Instagram,3,Completed
BK002219,2024-04-26,2024-05-06,18,B02,C00000,OpenTable,2,Completed
BK002220,2024-04-19,2024-05-06,18,B02,C00000,Phone,2,Cancelled
BK002221,2024-04-29,2024-05-08,18,B02,C00000,OpenTable,3,Completed
BK002222,2024-05-03,2024-05-09,20,B02,C00000,OpenTable,1,Completed
BK002223,2024-04-30,2024-05-09,12,B02,C00000,Phone,1,Completed
BK002224,2024-05-01,2024-05-10,20,B02,C03516,OpenTable,2,Completed
BK002225,2024-04-30,2024-05-10,21,B02,C04778,Website,4,Completed
BK002226,2024-05-10,2024-05-10,21,B02,C01968,Website,7,Completed
BK002227,2024-05-10,2024-05-10,19,B02,C04096,Phone,2,Completed
BK002228,2024-05-09,2024-05-11,15,B02,C00000,Phone,3,Completed
BK002229,2024-04-26,2024-05-11,20,B02,C00000,Website,5,Completed
BK002230,2024-05-01,2024-05-11,19,B02,C01870,Website,2,Completed
BK002231,2024-05-04,2024-05-11,20,B02,C01696,Phone,2,Completed
BK002232,2024-05-04,2024-05-11,20,B02,C00000,Phone,4,Completed
BK002233,2024-05-11,2024-05-12,18,B02,C00000,Phone,4,Completed
BK002234,2024-04-29,2024-05-12,19,B02,C01972,Website,2,Completed
BK002235,2024-05-11,2024-05-13,18,B02,C00000,OpenTable,4,Completed
BK002236,2024-04-20,2024-05-13,18,B02,C00000,Website,3,Cancelled
BK002237,2024-05-12,2024-05-13,21,B02,C00000,Phone,3,Completed
BK002238,2024-05-10,2024-05-13,20,B02,C01904,OpenTable,2,Completed
BK002239,2024-05-11,2024-05-15,20,B02,C00000,Website,4,Completed
BK002240,2024-05-15,2024-05-15,22,B02,C00000,Website,7,Completed
BK002241,2024-05-11,2024-05-15,17,B02,C00000,Website,3,Completed
BK002242,2024-05-09,2024-05-15,13,B02,C00000,Website,4,Completed
BK002243,2024-05-14,2024-05-15,13,B02,C00000,Website,2,No-show
BK002244,2024-05-11,2024-05-15,19,B02,C00000,OpenTable,4,Completed
BK002245,2024-05-08,2024-05-15,19,B02,C00000,Phone,5,Cancelled
BK002246,2024-05-12,2024-05-16,22,B02,C00000,OpenTable,5,Completed
BK002247,2024-05-10,2024-05-16,22,B02,C00000,OpenTable,5,Cancelled
BK002248,2024-05-15,2024-05-16,18,B02,C00578,OpenTable,7,Completed
BK002249,2024-05-02,2024-05-17,16,B02,C00000,Phone,4,Completed
BK002250,2024-05-06,2024-05-17,18,B02,C00000,OpenTable,1,Completed
BK002251,2024-05-17,2024-05-17,22,B02,C00000,Website,1,Completed
BK002252,2024-05-10,2024-05-17,22,B02,C00000,OpenTable,7,Completed
BK002253,2024-05-15,2024-05-17,14,B02,C00000,OpenTable,5,Completed
BK002254,2024-05-16,2024-05-17,13,B02,C00000,Phone,3,Completed
BK002255,2024-05-14,2024-05-17,22,B02,C00000,Website,3,Completed
BK002256,2024-05-17,2024-05-17,22,B02,C00000,OpenTable,1,Cancelled
BK002257,2024-05-12,2024-05-18,15,B02,C00827,Website,2,Completed
BK002258,2024-05-12,2024-05-18,15,B02,C00000,Phone,3,Cancelled
BK002259,2024-05-16,2024-05-18,20,B02,C00000,Website,3,Completed
BK002260,2024-05-09,2024-05-18,21,B02,C00000,OpenTable,2,Completed
BK002261,2024-05-07,2024-05-18,18,B02,C00000,OpenTable,5,Completed
BK002262,2024-05-19,2024-05-19,20,B02,C00000,Phone,1,Completed
BK002263,2024-05-17,2024-05-19,12,B02,C00000,Website,6,Completed
BK002264,2024-05-15,2024-05-19,20,B02,C02486,Phone,2,Completed
BK002265,2024-05-18,2024-05-19,20,B02,C00000,Website,1,No-show
BK002266,2024-05-18,2024-05-19,13,B02,C02374,Website,2,Completed
BK002267,2024-05-19,2024-05-20,22,B02,C00000,Website,2,Completed
BK002268,2024-05-16,2024-05-20,18,B02,C01678,Phone,6,Completed
BK002269,2024-05-12,2024-05-23,14,B02,C02865,Phone,2,Completed
BK002270,2024-05-19,2024-05-23,18,B02,C00000,OpenTable,2,Completed
BK002271,2024-05-23,2024-05-24,14,B02,C00000,OpenTable,2,Completed
BK002272,2024-05-15,2024-05-24,14,B02,C00000,OpenTable,5,No-show
BK002273,2024-05-23,2024-05-24,20,B02,C00000,Website,2,Completed
BK002274,2024-05-23,2024-05-25,12,B02,C04921,Website,2,Completed
BK002275,2024-05-15,2024-05-25,12,B02,C00000,Phone,4,No-show
BK002276,2024-05-24,2024-05-25,13,B02,C00000,Website,1,Completed
BK002277,2024-05-23,2024-05-26,17,B02,C00000,Website,2,Completed
BK002278,2024-05-25,2024-05-27,20,B02,C02310,Website,4,Completed
BK002279,2024-05-25,2024-05-27,19,B02,C04407,OpenTable,3,Completed
BK002280,2024-05-28,2024-05-29,18,B02,C00000,OpenTable,1,Completed
BK002281,2024-05-18,2024-05-29,19,B02,C00000,Website,4,Completed
BK002282,2024-05-24,2024-05-29,18,B02,C00000,Website,4,Completed
BK002283,2024-05-21,2024-05-30,18,B02,C03923,Phone,2,Completed
BK002284,2024-05-27,2024-05-31,18,B02,C00000,Website,4,Completed
BK002285,2024-05-19,2024-05-31,18,B02,C00000,Website,2,No-show
BK002286,2024-05-26,2024-05-31,12,B02,C00000,Website,2,Completed
BK002287,2024-06-01,2024-06-01,20,B02,C03586,Website,2,Completed
BK002288,2024-05-25,2024-06-01,14,B02,C00000,OpenTable,2,Completed
BK002289,2024-05-28,2024-06-01,20,B02,C01271,OpenTable,1,Completed
BK002290,2024-05-21,2024-06-01,12,B02,C00000,Phone,1,Completed
BK002291,2024-05-27,2024-06-01,17,B02,C01819,Instagram,2,Completed
BK002292,2024-05-30,2024-06-01,21,B02,C04096,Website,2,Completed
BK002293,2024-05-27,2024-06-01,21,B02,C00000,Website,4,No-show
BK002294,2024-05-30,2024-06-02,18,B02,C04697,OpenTable,2,Completed
BK002295,2024-06-01,2024-06-02,19,B02,C00000,Website,4,Completed
BK002296,2024-05-28,2024-06-02,22,B02,C00027,OpenTable,4,Completed
BK002297,2024-06-03,2024-06-03,17,B02,C00000,Phone,2,Completed
BK002298,2024-06-01,2024-06-03,17,B02,C01361,Phone,3,Completed
BK002299,2024-05-30,2024-06-03,20,B02,C02621,Website,1,Completed
BK002300,2024-06-02,2024-06-03,20,B02,C00000,Website,5,No-show
BK002301,2024-06-02,2024-06-03,20,B02,C00000,OpenTable,3,Cancelled
BK002302,2024-06-04,2024-06-06,17,B02,C04820,OpenTable,6,Completed
BK002303,2024-06-04,2024-06-07,19,B02,C00000,Phone,3,Completed
BK002304,2024-06-04,2024-06-07,19,B02,C00000,Website,1,Completed
BK002305,2024-06-06,2024-06-07,22,B02,C00000,Website,4,Completed
BK002306,2024-06-07,2024-06-07,17,B02,C00000,Instagram,7,Completed
BK002307,2024-05-27,2024-06-08,19,B02,C00000,Website,2,Completed
BK002308,2024-06-08,2024-06-08,20,B02,C00000,Website,4,Completed
BK002309,2024-06-07,2024-06-08,19,B02,C00000,OpenTable,2,Completed
BK002310,2024-06-09,2024-06-09,13,B02,C00827,Instagram,4,Completed
BK002311,2024-06-05,2024-06-09,13,B02,C00000,Phone,2,Completed
BK002312,2024-05-27,2024-06-09,19,B02,C00000,Phone,2,Completed
BK002313,2024-06-02,2024-06-10,22,B02,C04096,Website,1,Completed
BK002314,2024-06-12,2024-06-12,13,B02,C01558,Instagram,3,Completed
BK002315,2024-06-07,2024-06-12,19,B02,C00000,Phone,4,Completed
BK002316,2024-06-01,2024-06-13,13,B02,C00000,OpenTable,7,Completed
BK002317,2024-05-25,2024-06-15,17,B02,C00000,Website,2,Completed
BK002318,2024-06-07,2024-06-15,19,B02,C00000,Phone,4,Completed
BK002319,2024-06-09,2024-06-15,20,B02,C00000,Website,2,Completed
BK002320,2024-06-07,2024-06-15,19,B02,C00000,OpenTable,2,Completed
BK002321,2024-06-11,2024-06-15,16,B02,C04161,Website,4,Completed
BK002322,2024-05-24,2024-06-16,13,B02,C01150,OpenTable,4,Completed
BK002323,2024-06-07,2024-06-16,12,B02,C02731,Website,2,Completed
BK002324,2024-06-07,2024-06-16,18,B02,C00000,Website,7,Completed
BK002325,2024-06-12,2024-06-16,22,B02,C03040,OpenTable,1,Completed
BK002326,2024-06-09,2024-06-17,13,B02,C00000,Website,6,Completed
BK002327,2024-06-15,2024-06-17,13,B02,C00000,Phone,2,Cancelled
BK002328,2024-06-10,2024-06-17,19,B02,C00000,Website,4,Completed
BK002329,2024-06-06,2024-06-17,14,B02,C00000,Website,4,Completed
BK002330,2024-06-12,2024-06-19,22,B02,C04356,Website,4,Completed
BK002331,2024-06-19,2024-06-20,20,B02,C00000,Website,1,Completed
BK002332,2024-06-05,2024-06-20,18,B02,C00000,Website,4,Completed
BK002333,2024-06-17,2024-06-21,19,B02,C00000,Website,2,Completed
BK002334,2024-06-21,2024-06-21,17,B02,C00000,Instagram,2,Completed
BK002335,2024-06-20,2024-06-21,22,B02,C00000,Website,2,Completed
BK002336,2024-06-20,2024-06-21,17,B02,C04778,OpenTable,2,Completed
BK002337,2024-05-29,2024-06-22,19,B02,C03115,Phone,4,Completed
BK002338,2024-06-19,2024-06-22,21,B02,C00000,Website,2,Completed
BK002339,2024-06-18,2024-06-22,18,B02,C00000,Website,1,Completed
BK002340,2024-06-19,2024-06-22,19,B02,C00000,Website,5,Completed
BK002341,2024-06-18,2024-06-22,13,B02,C00810,OpenTable,2,Completed
BK002342,2024-06-15,2024-06-23,21,B02,C00000,Website,2,Completed
BK002343,2024-06-23,2024-06-23,19,B02,C00000,OpenTable,2,Completed
BK002344,2024-06-16,2024-06-23,19,B02,C00000,OpenTable,6,Completed
BK002345,2024-06-11,2024-06-24,19,B02,C04557,OpenTable,4,Completed
BK002346,2024-06-22,2024-06-26,20,B02,C04652,Website,4,Completed
BK002347,2024-06-27,2024-06-27,18,B02,C00000,Instagram,4,Completed
BK002348,2024-06-22,2024-06-28,22,B02,C01150,Phone,6,Completed
BK002349,2024-06-28,2024-06-28,19,B02,C00000,OpenTable,4,Completed
BK002350,2024-06-27,2024-06-29,22,B02,C00000,OpenTable,2,Completed
BK002351,2024-06-28,2024-06-29,13,B02,C00523,Website,2,Completed
BK002352,2024-06-25,2024-06-29,22,B02,C00000,Website,1,Completed
BK002353,2024-06-13,2024-06-29,13,B02,C00000,Phone,2,Completed
BK002354,2024-06-21,2024-06-30,19,B02,C00000,Website,4,Completed
BK002355,2024-07-01,2024-07-03,18,B02,C00000,Phone,3,Completed
BK002356,2024-06-14,2024-07-03,14,B02,C03194,Website,3,Completed
BK002357,2024-07-01,2024-07-03,14,B02,C00000,OpenTable,6,Cancelled
BK002358,2024-06-29,2024-07-04,19,B02,C00048,Phone,2,Completed
BK002359,2024-07-04,2024-07-04,20,B02,C00000,OpenTable,6,Completed
BK002360,2024-07-05,2024-07-05,17,B02,C00000,Website,2,Completed
BK002361,2024-07-05,2024-07-05,14,B02,C02957,Phone,4,Completed
BK002362,2024-07-02,2024-07-05,14,B02,C00000,OpenTable,2,No-show
BK002363,2024-06-24,2024-07-05,17,B02,C00000,OpenTable,3,Completed
BK002364,2024-06-29,2024-07-06,19,B02,C04356,Website,3,Completed
BK002365,2024-06-17,2024-07-06,20,B02,C01590,Website,1,Completed
BK002366,2024-07-01,2024-07-06,18,B02,C00000,OpenTable,2,Completed
BK002367,2024-06-28,2024-07-06,18,B02,C00000,Website,3,Cancelled
BK002368,2024-07-02,2024-07-06,19,B02,C00000,Website,1,Completed
BK002369,2024-07-06,2024-07-06,18,B02,C03888,OpenTable,2,Completed
BK002370,2024-07-06,2024-07-07,22,B02,C04778,Website,1,Completed
BK002371,2024-07-06,2024-07-07,21,B02,C00000,OpenTable,4,Completed
BK002372,2024-06-25,2024-07-07,12,B02,C00000,Website,4,Completed
BK002373,2024-06-22,2024-07-08,20,B02,C00000,Website,4,Completed
BK002374,2024-07-07,2024-07-08,18,B02,C00000,Website,4,Completed
BK002375,2024-07-08,2024-07-08,21,B02,C00000,Website,6,Completed
BK002376,2024-07-06,2024-07-08,19,B02,C00000,Phone,2,Completed
BK002377,2024-07-06,2024-07-08,18,B02,C00000,Website,4,Completed
BK002378,2024-07-08,2024-07-10,20,B02,C00000,Website,1,Completed
BK002379,2024-07-07,2024-07-10,12,B02,C00000,Instagram,2,Completed
BK002380,2024-07-11,2024-07-11,22,B02,C00000,Website,2,Completed
BK002381,2024-07-10,2024-07-11,12,B02,C00000,Website,2,Completed
BK002382,2024-07-01,2024-07-12,22,B02,C01696,Website,4,Completed
BK002383,2024-07-10,2024-07-12,16,B02,C00000,Phone,2,Completed
BK002384,2024-06-30,2024-07-12,14,B02,C00000,Website,2,Completed
BK002385,2024-07-05,2024-07-12,13,B02,C00000,Website,2,Completed
BK002386,2024-07-11,2024-07-13,20,B02,C02327,Website,4,Completed
BK002387,2024-07-14,2024-07-14,22,B02,C00000,OpenTable,4,Completed
BK002388,2024-07-05,2024-07-14,22,B02,C00000,OpenTable,1,Cancelled
BK002389,2024-07-10,2024-07-14,18,B02,C01486,Phone,1,Completed
BK002390,2024-07-10,2024-07-14,18,B02,C00000,Website,4,No-show
BK002391,2024-07-08,2024-07-14,19,B02,C00000,Phone,2,Completed
BK002392,2024-07-13,2024-07-14,19,B02,C00000,OpenTable,3,Cancelled
BK002393,2024-07-11,2024-07-14,17,B02,C00000,OpenTable,2,Completed
BK002394,2024-07-06,2024-07-15,19,B02,C00000,Website,2,Completed
BK002395,2024-07-02,2024-07-15,19,B02,C02192,Website,3,Completed
BK002396,2024-07-18,2024-07-18,20,B02,C00000,OpenTable,2,Completed
BK002397,2024-07-14,2024-07-18,18,B02,C00000,OpenTable,2,Completed
BK002398,2024-07-18,2024-07-18,19,B02,C02724,Phone,2,Completed
BK002399,2024-06-21,2024-07-19,22,B02,C04044,Website,4,Completed
BK002400,2024-07-14,2024-07-19,22,B02,C00000,OpenTable,3,No-show
BK002401,2024-07-08,2024-07-19,20,B02,C04778,Instagram,2,Completed
BK002402,2024-07-17,2024-07-19,18,B02,C00000,Website,3,Completed
BK002403,2024-07-05,2024-07-19,18,B02,C03040,OpenTable,7,Completed
BK002404,2024-07-17,2024-07-19,18,B02,C00000,Phone,2,No-show
BK002405,2024-07-18,2024-07-19,22,B02,C00000,Website,2,Completed
BK002406,2024-07-17,2024-07-19,22,B02,C00000,OpenTable,4,No-show
BK002407,2024-07-16,2024-07-20,18,B02,C00000,OpenTable,1,Completed
BK002408,2024-07-12,2024-07-20,19,B02,C04356,OpenTable,5,Completed
BK002409,2024-07-10,2024-07-21,19,B02,C03885,OpenTable,4,Completed
BK002410,2024-07-13,2024-07-21,19,B02,C00000,Website,2,No-show
BK002411,2024-07-03,2024-07-21,21,B02,C00000,OpenTable,4,Completed
BK002412,2024-07-21,2024-07-21,18,B02,C00000,OpenTable,3,Completed
BK002413,2024-07-09,2024-07-21,19,B02,C01508,Website,3,Completed
BK002414,2024-07-17,2024-07-21,21,B02,C00000,Website,2,Completed
BK002415,2024-07-21,2024-07-22,13,B02,C04588,Website,2,Completed
BK002416,2024-07-23,2024-07-24,13,B02,C03690,OpenTable,3,Completed
BK002417,2024-07-24,2024-07-24,18,B02,C00000,OpenTable,1,Completed
BK002418,2024-07-22,2024-07-24,20,B02,C00000,OpenTable,3,Completed
BK002419,2024-07-25,2024-07-25,22,B02,C03040,Phone,4,Completed
BK002420,2024-07-19,2024-07-25,17,B02,C03867,Phone,2,Completed
BK002421,2024-07-16,2024-07-25,17,B02,C00000,Instagram,6,No-show
BK002422,2024-07-25,2024-07-26,17,B02,C01164,OpenTable,3,Completed
BK002423,2024-07-26,2024-07-26,19,B02,C00000,OpenTable,2,Completed
BK002424,2024-07-09,2024-07-26,21,B02,C00000,Website,3,Completed
BK002425,2024-07-21,2024-07-26,21,B02,C01088,Website,1,Completed
BK002426,2024-07-22,2024-07-26,18,B02,C00000,Phone,3,Completed
BK002427,2024-07-21,2024-07-26,19,B02,C00000,Phone,2,Completed
BK002428,2024-07-23,2024-07-27,22,B02,C03662,Website,2,Completed
BK002429,2024-07-26,2024-07-27,16,B02,C00000,Website,4,Completed
BK002430,2024-07-11,2024-07-27,16,B02,C00000,OpenTable,2,Cancelled
BK002431,2024-07-27,2024-07-28,20,B02,C00000,Website,6,Completed
BK002432,2024-07-10,2024-07-28,19,B02,C00000,Phone,3,Completed
BK002433,2024-07-26,2024-07-28,22,B02,C02141,OpenTable,2,Completed
BK002434,2024-07-26,2024-07-28,20,B02,C00000,Website,2,Completed
BK002435,2024-07-25,2024-07-28,21,B02,C00000,Website,5,Completed
BK002436,2024-07-24,2024-07-28,21,B02,C00000,Website,1,Completed
BK002437,2024-07-12,2024-07-28,21,B02,C00000,Website,3,No-show
BK002438,2024-07-22,2024-07-28,19,B02,C00000,Website,2,Completed
BK002439,2024-07-24,2024-07-28,19,B02,C00000,OpenTable,4,No-show
BK002440,2024-07-22,2024-07-31,17,B02,C00000,Phone,5,Completed
BK002441,2024-07-25,2024-08-01,19,B02,C01259,Instagram,4,Completed
BK002442,2024-08-01,2024-08-01,21,B02,C00000,Phone,2,Completed
BK002443,2024-07-28,2024-08-01,21,B02,C00000,Phone,1,Completed
BK002444,2024-08-02,2024-08-02,12,B02,C00000,Phone,2,Completed
BK002445,2024-07-27,2024-08-02,13,B02,C03516,Website,6,Completed
BK002446,2024-07-28,2024-08-03,21,B02,C03726,OpenTable,6,Completed
BK002447,2024-08-03,2024-08-03,22,B02,C00000,Website,2,Completed
BK002448,2024-08-02,2024-08-04,21,B02,C00000,Website,3,Completed
BK002449,2024-07-24,2024-08-04,13,B02,C00000,Phone,3,Completed
BK002450,2024-08-01,2024-08-04,13,B02,C00000,OpenTable,2,Completed
BK002451,2024-08-05,2024-08-05,19,B02,C00000,OpenTable,2,Completed
BK002452,2024-07-28,2024-08-05,18,B02,C00000,Phone,2,Completed
BK002453,2024-08-01,2024-08-05,18,B02,C00000,Website,4,Cancelled
BK002454,2024-08-04,2024-08-07,21,B02,C00000,OpenTable,4,Completed
BK002455,2024-08-07,2024-08-07,18,B02,C03933,OpenTable,2,Completed
BK002456,2024-08-02,2024-08-08,22,B02,C00000,Website,3,Completed
BK002457,2024-07-29,2024-08-08,22,B02,C00000,Instagram,3,Cancelled
BK002458,2024-07-31,2024-08-09,17,B02,C03867,Website,2,Completed
BK002459,2024-08-05,2024-08-09,17,B02,C00000,Phone,2,Cancelled
BK002460,2024-08-07,2024-08-09,13,B02,C00000,Website,4,Completed
BK002461,2024-08-05,2024-08-09,14,B02,C00000,Phone,2,Completed
BK002462,2024-08-09,2024-08-09,13,B02,C00000,Website,2,Completed
BK002463,2024-07-26,2024-08-10,22,B02,C01968,Website,3,Completed
BK002464,2024-07-31,2024-08-10,22,B02,C00000,Instagram,4,No-show
BK002465,2024-08-08,2024-08-10,21,B02,C00000,OpenTable,2,Completed
BK002466,2024-08-08,2024-08-10,20,B02,C03661,Phone,3,Completed
BK002467,2024-07-31,2024-08-10,18,B02,C00000,Phone,4,Completed
BK002468,2024-08-10,2024-08-11,21,B02,C00000,Instagram,2,Completed
BK002469,2024-08-08,2024-08-11,17,B02,C00000,Website,3,Completed
BK002470,2024-08-12,2024-08-12,19,B02,C00000,Website,2,Completed
BK002471,2024-07-25,2024-08-12,19,B02,C00000,OpenTable,5,Cancelled
BK002472,2024-08-08,2024-08-12,20,B02,C04096,OpenTable,5,Completed
BK002473,2024-08-05,2024-08-12,20,B02,C00000,Phone,2,Completed
BK002474,2024-08-10,2024-08-15,13,B02,C00000,Website,3,Completed
BK002475,2024-08-12,2024-08-15,13,B02,C00000,OpenTable,1,No-show
BK002476,2024-08-14,2024-08-15,21,B02,C00000,Website,2,Completed
BK002477,2024-08-05,2024-08-15,21,B02,C00000,Website,1,Cancelled
BK002478,2024-08-05,2024-08-15,13,B02,C00000,OpenTable,4,Completed
BK002479,2024-07-27,2024-08-15,13,B02,C04431,Phone,7,Completed
BK002480,2024-08-14,2024-08-16,19,B02,C00000,OpenTable,3,Completed
BK002481,2024-08-03,2024-08-16,18,B02,C00000,OpenTable,4,Completed
BK002482,2024-08-16,2024-08-16,21,B02,C01361,Phone,3,Completed
BK002483,2024-08-01,2024-08-17,19,B02,C00000,OpenTable,2,Completed
BK002484,2024-08-06,2024-08-17,22,B02,C00000,Phone,4,Completed
BK002485,2024-07-31,2024-08-17,21,B02,C02308,Phone,2,Completed
BK002486,2024-08-14,2024-08-18,19,B02,C00000,OpenTable,6,Completed
BK002487,2024-08-18,2024-08-18,19,B02,C00000,Website,4,No-show
BK002488,2024-08-15,2024-08-18,19,B02,C00000,Website,2,Completed
BK002489,2024-08-14,2024-08-18,19,B02,C00000,OpenTable,2,Cancelled
BK002490,2024-08-16,2024-08-19,19,B02,C00000,Website,2,Completed
BK002491,2024-08-19,2024-08-19,19,B02,C00000,OpenTable,6,No-show
BK002492,2024-08-12,2024-08-19,18,B02,C01164,OpenTable,6,Completed
BK002493,2024-08-13,2024-08-21,19,B02,C00000,Website,2,Completed
BK002494,2024-08-20,2024-08-22,18,B02,C00000,OpenTable,1,Completed
BK002495,2024-08-19,2024-08-22,16,B02,C00000,OpenTable,4,Completed
BK002496,2024-08-23,2024-08-23,21,B02,C00000,Website,2,Completed
BK002497,2024-08-23,2024-08-23,17,B02,C00000,Website,3,Completed
BK002498,2024-08-21,2024-08-23,20,B02,C02561,Website,8,Completed
BK002499,2024-08-16,2024-08-23,13,B02,C01164,Website,4,Completed
BK002500,2024-08-22,2024-08-23,13,B02,C00000,OpenTable,1,No-show
BK002501,2024-08-23,2024-08-24,14,B02,C00000,OpenTable,5,Completed
BK002502,2024-08-20,2024-08-24,18,B02,C03288,Website,4,Completed
BK002503,2024-08-20,2024-08-24,16,B02,C00866,Website,1,Completed
BK002504,2024-08-21,2024-08-25,20,B02,C01079,Website,5,Completed
BK002505,2024-08-13,2024-08-25,20,B02,C00007,Website,2,Completed
BK002506,2024-08-24,2024-08-26,18,B02,C00000,OpenTable,1,Completed
BK002507,2024-08-13,2024-08-26,18,B02,C00523,OpenTable,4,Completed
BK002508,2024-08-14,2024-08-28,19,B02,C00970,OpenTable,6,Completed
BK002509,2024-08-28,2024-08-28,17,B02,C00000,Instagram,2,Completed
BK002510,2024-08-19,2024-08-29,19,B02,C00000,Phone,1,Completed
BK002511,2024-08-22,2024-08-29,18,B02,C00000,Website,3,Completed
BK002512,2024-08-25,2024-08-30,19,B02,C00970,Phone,2,Completed
BK002513,2024-08-10,2024-08-30,13,B02,C00000,Website,4,Completed
BK002514,2024-08-29,2024-08-31,20,B02,C00581,OpenTable,1,Completed
BK002515,2024-07-26,2024-08-31,18,B02,C00000,Website,4,Completed
BK002516,2024-08-11,2024-08-31,21,B02,C00000,OpenTable,2,Completed
BK002517,2024-08-30,2024-08-31,21,B02,C00000,OpenTable,3,Completed
BK002518,2024-08-29,2024-08-31,18,B02,C00000,OpenTable,2,Completed
BK002519,2024-08-31,2024-09-01,19,B02,C02561,Website,7,Completed
BK002520,2024-08-24,2024-09-01,20,B02,C04096,Phone,2,Completed
BK002521,2024-08-30,2024-09-01,21,B02,C00000,Website,1,Completed
BK002522,2024-08-21,2024-09-01,21,B02,C00000,OpenTable,4,No-show
BK002523,2024-09-01,2024-09-04,19,B02,C00000,OpenTable,4,Completed
BK002524,2024-09-02,2024-09-05,15,B02,C00000,Website,1,Completed
BK002525,2024-08-26,2024-09-06,19,B02,C00000,Website,1,Completed
BK002526,2024-09-04,2024-09-06,18,B02,C00000,Website,2,Completed
BK002527,2024-08-23,2024-09-06,18,B02,C00000,OpenTable,2,Cancelled
BK002528,2024-08-22,2024-09-06,20,B02,C02893,Website,4,Completed
BK002529,2024-09-05,2024-09-06,22,B02,C00000,OpenTable,5,Completed
BK002530,2024-08-20,2024-09-07,22,B02,C00000,Website,4,Completed
BK002531,2024-09-06,2024-09-08,18,B02,C00000,OpenTable,3,Completed
BK002532,2024-09-08,2024-09-08,13,B02,C00388,Instagram,2,Completed
BK002533,2024-08-18,2024-09-08,21,B02,C00000,Website,2,Completed
BK002534,2024-08-30,2024-09-08,19,B02,C00000,Website,2,Completed
BK002535,2024-09-06,2024-09-08,14,B02,C00000,Website,2,Completed
BK002536,2024-09-04,2024-09-09,17,B02,C00000,OpenTable,2,Completed
BK002537,2024-09-03,2024-09-13,17,B02,C02809,Website,3,Completed
BK002538,2024-09-12,2024-09-13,19,B02,C00000,Website,4,Completed
BK002539,2024-09-12,2024-09-13,17,B02,C02375,OpenTable,5,Completed
BK002540,2024-09-10,2024-09-13,22,B02,C01400,Website,2,Completed
BK002541,2024-09-13,2024-09-13,18,B02,C00000,Website,3,Completed
BK002542,2024-09-05,2024-09-13,21,B02,C00000,Phone,5,Completed
BK002543,2024-09-09,2024-09-14,13,B02,C00000,OpenTable,4,Completed
BK002544,2024-09-09,2024-09-14,21,B02,C00000,Phone,3,Completed
BK002545,2024-09-12,2024-09-14,21,B02,C00000,OpenTable,2,Completed
BK002546,2024-09-05,2024-09-14,22,B02,C00000,OpenTable,1,Completed
BK002547,2024-09-10,2024-09-14,22,B02,C00000,Website,4,Completed
BK002548,2024-09-05,2024-09-14,20,B02,C04697,OpenTable,3,Completed
BK002549,2024-08-21,2024-09-15,19,B02,C00000,OpenTable,2,Completed
BK002550,2024-09-15,2024-09-15,22,B02,C00000,OpenTable,1,Completed
BK002551,2024-09-13,2024-09-15,19,B02,C00000,OpenTable,2,Completed
BK002552,2024-08-27,2024-09-15,16,B02,C03726,Website,4,Completed
BK002553,2024-09-12,2024-09-15,18,B02,C00000,Instagram,1,Completed
BK002554,2024-09-14,2024-09-16,13,B02,C00000,Instagram,1,Completed
BK002555,2024-08-30,2024-09-16,17,B02,C00000,OpenTable,5,Completed
BK002556,2024-09-08,2024-09-16,19,B02,C00000,OpenTable,4,Completed
BK002557,2024-09-16,2024-09-16,19,B02,C00829,Website,2,Completed
BK002558,2024-09-16,2024-09-16,19,B02,C00000,Phone,4,Completed
BK002559,2024-09-15,2024-09-18,18,B02,C00000,OpenTable,3,Completed
BK002560,2024-09-13,2024-09-20,21,B02,C00000,Website,3,Completed
BK002561,2024-09-01,2024-09-20,21,B02,C00000,OpenTable,6,Cancelled
BK002562,2024-08-28,2024-09-20,17,B02,C00000,Phone,2,Completed
BK002563,2024-09-20,2024-09-20,13,B02,C04008,Website,2,Completed
BK002564,2024-09-17,2024-09-20,13,B02,C00000,OpenTable,1,No-show
BK002565,2024-09-20,2024-09-21,19,B02,C00000,Website,1,Completed
BK002566,2024-09-12,2024-09-21,20,B02,C00000,OpenTable,1,Completed
BK002567,2024-09-20,2024-09-22,14,B02,C00000,Instagram,4,Completed
BK002568,2024-09-09,2024-09-22,18,B02,C00000,OpenTable,4,Completed
BK002569,2024-09-21,2024-09-22,18,B02,C00000,Website,1,No-show
BK002570,2024-09-20,2024-09-22,18,B02,C00000,Website,2,Cancelled
BK002571,2024-09-16,2024-09-25,17,B02,C00000,OpenTable,3,Completed
BK002572,2024-09-23,2024-09-25,17,B02,C00000,Website,2,No-show
BK002573,2024-09-21,2024-09-25,21,B02,C00000,Phone,3,Completed
BK002574,2024-09-16,2024-09-26,20,B02,C00000,Website,2,Completed
BK002575,2024-09-26,2024-09-26,20,B02,C00000,OpenTable,2,Completed
BK002576,2024-09-17,2024-09-26,20,B02,C00000,Phone,2,Cancelled
BK002577,2024-09-27,2024-09-27,20,B02,C00000,Website,2,Completed
BK002578,2024-09-19,2024-09-27,17,B02,C00000,Website,2,Completed
BK002579,2024-09-21,2024-09-27,20,B02,C00000,OpenTable,6,Completed
BK002580,2024-09-12,2024-09-27,20,B02,C00000,Website,4,No-show
BK002581,2024-09-23,2024-09-27,22,B02,C03685,Instagram,2,Completed
BK002582,2024-09-14,2024-09-28,21,B02,C00000,Phone,3,Completed
BK002583,2024-09-27,2024-09-28,19,B02,C00000,Website,2,Completed
BK002584,2024-09-28,2024-09-28,17,B02,C00000,OpenTable,4,Completed
BK002585,2024-09-27,2024-09-28,12,B02,C00034,Website,4,Completed
BK002586,2024-09-27,2024-09-28,12,B02,C00000,Website,2,No-show
BK002587,2024-09-23,2024-09-29,19,B02,C00000,Website,2,Completed
BK002588,2024-09-28,2024-09-29,18,B02,C02397,Phone,4,Completed
BK002589,2024-09-28,2024-09-29,14,B02,C00751,Website,1,Completed
BK002590,2024-09-28,2024-09-29,18,B02,C00000,Website,2,Completed
BK002591,2024-09-25,2024-09-30,18,B02,C00000,Website,2,Completed
BK002592,2024-09-30,2024-10-02,21,B02,C03726,Phone,4,Completed
BK002593,2024-09-29,2024-10-02,21,B02,C00000,Instagram,4,No-show
BK002594,2024-10-02,2024-10-02,21,B02,C00000,OpenTable,4,Completed
BK002595,2024-09-29,2024-10-02,13,B02,C00000,Website,8,Completed
BK002596,2024-10-02,2024-10-03,13,B02,C00887,Website,2,Completed
BK002597,2024-09-21,2024-10-03,13,B02,C00000,Website,2,No-show
BK002598,2024-09-26,2024-10-03,21,B02,C00000,OpenTable,2,Completed
BK002599,2024-10-03,2024-10-03,21,B02,C00000,OpenTable,1,No-show
BK002600,2024-09-26,2024-10-03,13,B02,C03726,Phone,3,Completed
BK002601,2024-09-17,2024-10-04,13,B02,C00000,OpenTable,4,Completed
BK002602,2024-09-29,2024-10-05,17,B02,C00000,Website,1,Completed
BK002603,2024-10-06,2024-10-06,14,B02,C00000,OpenTable,3,Completed
BK002604,2024-09-27,2024-10-06,14,B02,C00000,OpenTable,6,No-show
BK002605,2024-10-03,2024-10-06,14,B02,C00000,OpenTable,7,Cancelled
BK002606,2024-10-04,2024-10-06,21,B02,C00000,OpenTable,2,Completed
BK002607,2024-09-28,2024-10-06,20,B02,C00000,Phone,4,Completed
BK002608,2024-09-09,2024-10-06,19,B02,C00000,Instagram,4,Completed
BK002609,2024-10-06,2024-10-06,19,B02,C00000,Website,6,Cancelled
BK002610,2024-09-27,2024-10-06,19,B02,C01164,OpenTable,4,Completed
BK002611,2024-10-05,2024-10-06,19,B02,C00000,Website,2,No-show
BK002612,2024-10-02,2024-10-07,21,B02,C00000,OpenTable,3,Completed
BK002613,2024-09-30,2024-10-07,21,B02,C04778,Website,2,Completed
BK002614,2024-09-26,2024-10-07,20,B02,C00000,Website,5,Completed
BK002615,2024-10-02,2024-10-07,17,B02,C00000,Website,7,Completed
BK002616,2024-09-29,2024-10-07,17,B02,C00000,Phone,1,Cancelled
BK002617,2024-10-02,2024-10-09,14,B02,C00000,OpenTable,1,Completed
BK002618,2024-10-06,2024-10-09,19,B02,C00000,Website,2,Completed
BK002619,2024-10-06,2024-10-09,20,B02,C00000,Website,8,Completed
BK002620,2024-10-04,2024-10-09,18,B02,C02639,OpenTable,2,Completed
BK002621,2024-10-05,2024-10-10,12,B02,C02866,OpenTable,1,Completed
BK002622,2024-10-10,2024-10-10,22,B02,C04778,Website,2,Completed
BK002623,2024-09-26,2024-10-11,20,B02,C04921,Website,4,Completed
BK002624,2024-10-11,2024-10-11,22,B02,C00000,OpenTable,4,Completed
BK002625,2024-10-08,2024-10-11,12,B02,C00000,OpenTable,2,Completed
BK002626,2024-10-10,2024-10-11,20,B02,C00000,OpenTable,6,Completed
BK002627,2024-09-28,2024-10-12,20,B02,C00000,Website,4,Completed
BK002628,2024-10-11,2024-10-12,19,B02,C00000,OpenTable,4,Completed
BK002629,2024-10-11,2024-10-12,21,B02,C00000,Website,4,Completed
BK002630,2024-10-10,2024-10-12,21,B02,C00000,Website,3,No-show
BK002631,2024-10-09,2024-10-12,20,B02,C00000,OpenTable,1,Completed
BK002632,2024-10-01,2024-10-12,19,B02,C00000,Phone,2,Completed
BK002633,2024-10-04,2024-10-13,20,B02,C00000,Website,2,Completed
BK002634,2024-10-13,2024-10-13,22,B02,C00000,Website,2,Completed
BK002635,2024-10-05,2024-10-13,22,B02,C00000,OpenTable,3,Cancelled
BK002636,2024-10-06,2024-10-13,20,B02,C00000,Phone,4,Completed
BK002637,2024-10-14,2024-10-14,21,B02,C00000,Website,2,Completed
BK002638,2024-09-26,2024-10-14,17,B02,C00000,Instagram,3,Completed
BK002639,2024-10-14,2024-10-14,17,B02,C00000,Website,2,Cancelled
BK002640,2024-10-13,2024-10-16,22,B02,C00000,OpenTable,4,Completed
BK002641,2024-10-07,2024-10-17,19,B02,C00000,Website,2,Completed
BK002642,2024-10-02,2024-10-17,17,B02,C01968,Website,4,Completed
BK002643,2024-10-13,2024-10-17,21,B02,C00000,OpenTable,4,Completed
BK002644,2024-10-10,2024-10-17,21,B02,C00000,Website,2,No-show
BK002645,2024-10-14,2024-10-17,19,B02,C00782,OpenTable,2,Completed
BK002646,2024-10-16,2024-10-18,21,B02,C00000,Website,6,Completed
BK002647,2024-10-17,2024-10-18,21,B02,C00000,Website,1,Completed
BK002648,2024-10-09,2024-10-18,19,B02,C03726,Phone,2,Completed
BK002649,2024-10-17,2024-10-18,18,B02,C02582,OpenTable,4,Completed
BK002650,2024-10-15,2024-10-18,20,B02,C03867,Website,1,Completed
BK002651,2024-10-07,2024-10-18,20,B02,C00000,Website,1,No-show
BK002652,2024-09-24,2024-10-18,19,B02,C04778,Website,2,Completed
BK002653,2024-10-17,2024-10-18,19,B02,C00000,OpenTable,3,Cancelled
BK002654,2024-10-14,2024-10-18,19,B02,C00162,Website,4,Completed
BK002655,2024-10-17,2024-10-19,22,B02,C00000,Website,2,Completed
BK002656,2024-10-12,2024-10-19,22,B02,C00000,Website,6,Cancelled
BK002657,2024-10-09,2024-10-19,20,B02,C00000,OpenTable,8,Completed
BK002658,2024-10-20,2024-10-20,13,B02,C00000,Website,3,Completed
BK002659,2024-10-16,2024-10-20,19,B02,C01219,OpenTable,7,Completed
BK002660,2024-10-24,2024-10-25,22,B02,C03497,Phone,2,Completed
BK002661,2024-10-18,2024-10-25,21,B02,C00000,Website,3,Completed
BK002662,2024-10-12,2024-10-25,18,B02,C00000,Website,6,Completed
BK002663,2024-10-18,2024-10-25,20,B02,C00000,OpenTable,3,Completed
BK002664,2024-10-19,2024-10-26,21,B02,C00000,OpenTable,4,Completed
BK002665,2024-10-18,2024-10-27,19,B02,C00000,Website,4,Completed
BK002666,2024-10-29,2024-10-30,20,B02,C00000,Phone,1,Completed
BK002667,2024-10-25,2024-10-30,15,B02,C00000,Website,1,Completed
BK002668,2024-10-30,2024-10-31,19,B02,C04719,Website,2,Completed
BK002669,2024-10-19,2024-10-31,17,B02,C00000,Phone,2,Completed
BK002670,2024-10-22,2024-10-31,18,B02,C04983,Phone,2,Completed
BK002671,2024-10-31,2024-10-31,15,B02,C00000,Website,6,Completed
BK002672,2024-11-01,2024-11-01,17,B02,C04356,Website,4,Completed
BK002673,2024-11-01,2024-11-01,12,B02,C04652,Phone,8,Completed
BK002674,2024-10-29,2024-11-02,19,B02,C03115,Website,2,Completed
BK002675,2024-10-31,2024-11-02,19,B02,C00000,Website,3,Cancelled
BK002676,2024-11-02,2024-11-02,21,B02,C01165,Phone,2,Completed
BK002677,2024-10-31,2024-11-02,20,B02,C00000,OpenTable,4,Completed
BK002678,2024-11-01,2024-11-02,22,B02,C00000,OpenTable,4,Completed
BK002679,2024-10-21,2024-11-02,22,B02,C00000,Instagram,6,Completed
BK002680,2024-10-26,2024-11-03,20,B02,C00000,Website,4,Completed
BK002681,2024-11-04,2024-11-04,13,B02,C03115,Website,3,Completed
BK002682,2024-11-06,2024-11-06,17,B02,C00000,Website,2,Completed
BK002683,2024-10-27,2024-11-06,22,B02,C02371,OpenTable,2,Completed
BK002684,2024-11-03,2024-11-06,19,B02,C00000,OpenTable,2,Completed
BK002685,2024-11-02,2024-11-07,15,B02,C03824,Phone,2,Completed
BK002686,2024-11-06,2024-11-07,19,B02,C00000,OpenTable,1,Completed
BK002687,2024-11-03,2024-11-07,21,B02,C00000,OpenTable,2,Completed
BK002688,2024-11-07,2024-11-08,13,B02,C02560,OpenTable,8,Completed
BK002689,2024-11-01,2024-11-08,14,B02,C02252,OpenTable,3,Completed
BK002690,2024-10-22,2024-11-08,20,B02,C01142,Website,8,Completed
BK002691,2024-11-04,2024-11-08,14,B02,C00000,Phone,4,Completed
BK002692,2024-11-05,2024-11-08,14,B02,C00000,Website,2,Cancelled
BK002693,2024-11-08,2024-11-08,21,B02,C00000,OpenTable,2,Completed
BK002694,2024-11-03,2024-11-08,13,B02,C00000,Website,4,Completed
BK002695,2024-11-05,2024-11-08,13,B02,C00000,Website,3,Cancelled
BK002696,2024-10-24,2024-11-09,19,B02,C04356,Website,6,Completed
BK002697,2024-11-09,2024-11-10,20,B02,C00000,OpenTable,2,Completed
BK002698,2024-11-10,2024-11-10,14,B02,C00000,Website,4,Completed
BK002699,2024-11-11,2024-11-11,20,B02,C00000,Phone,1,Completed
BK002700,2024-11-07,2024-11-11,12,B02,C00345,Phone,6,Completed
BK002701,2024-11-06,2024-11-13,21,B02,C03726,Website,6,Completed
BK002702,2024-11-07,2024-11-13,17,B02,C01696,OpenTable,1,Completed
BK002703,2024-11-14,2024-11-14,20,B02,C00000,Website,1,Completed
BK002704,2024-11-16,2024-11-16,19,B02,C00000,Website,1,Completed
BK002705,2024-11-15,2024-11-16,19,B02,C00000,OpenTable,7,No-show
BK002706,2024-11-11,2024-11-16,21,B02,C00000,Website,1,Completed
BK002707,2024-11-16,2024-11-16,20,B02,C00000,OpenTable,4,Completed
BK002708,2024-11-14,2024-11-16,20,B02,C00000,Instagram,4,Cancelled
BK002709,2024-11-13,2024-11-16,16,B02,C00000,Phone,4,Completed
BK002710,2024-11-09,2024-11-16,20,B02,C00000,Website,2,Completed
BK002711,2024-11-04,2024-11-17,17,B02,C00000,Website,6,Completed
BK002712,2024-11-13,2024-11-17,17,B02,C00000,Phone,2,No-show
BK002713,2024-11-10,2024-11-18,13,B02,C00000,Phone,7,Completed
BK002714,2024-11-13,2024-11-18,13,B02,C00000,Website,5,Completed
BK002715,2024-11-18,2024-11-18,14,B02,C00000,OpenTable,1,Completed
BK002716,2024-11-18,2024-11-18,19,B02,C00000,Website,2,Completed
BK002717,2024-11-17,2024-11-18,22,B02,C00000,Website,4,Completed
BK002718,2024-11-07,2024-11-20,18,B02,C00000,Website,1,Completed
BK002719,2024-11-20,2024-11-20,22,B02,C03726,OpenTable,1,Completed
BK002720,2024-11-17,2024-11-21,12,B02,C00000,Website,6,Completed
BK002721,2024-11-12,2024-11-21,19,B02,C00000,Website,7,Completed
BK002722,2024-11-21,2024-11-21,20,B02,C04032,OpenTable,2,Completed
BK002723,2024-11-21,2024-11-22,19,B02,C00000,Website,4,Completed
BK002724,2024-11-21,2024-11-22,17,B02,C00000,Phone,2,Completed
BK002725,2024-11-19,2024-11-22,21,B02,C00000,Phone,3,Completed
BK002726,2024-11-18,2024-11-23,12,B02,C00000,Website,2,Completed
BK002727,2024-11-22,2024-11-23,18,B02,C00000,Website,4,Completed
BK002728,2024-11-21,2024-11-23,16,B02,C00000,Phone,2,Completed
BK002729,2024-11-19,2024-11-23,16,B02,C00000,Phone,2,Cancelled
BK002730,2024-11-23,2024-11-24,13,B02,C00000,Website,3,Completed
BK002731,2024-11-23,2024-11-24,13,B02,C00000,OpenTable,1,Cancelled
BK002732,2024-11-14,2024-11-24,21,B02,C03795,OpenTable,3,Completed
BK002733,2024-11-19,2024-11-25,19,B02,C00000,OpenTable,3,Completed
BK002734,2024-11-14,2024-11-25,21,B02,C01164,Website,6,Completed
BK002735,2024-11-25,2024-11-27,20,B02,C00000,Website,5,Completed
BK002736,2024-11-15,2024-11-27,20,B02,C00000,Website,6,Cancelled
BK002737,2024-11-26,2024-11-27,17,B02,C04978,OpenTable,2,Completed
BK002738,2024-11-25,2024-11-27,21,B02,C02670,Website,3,Completed
BK002739,2024-11-10,2024-11-27,21,B02,C00000,Phone,1,No-show
BK002740,2024-11-27,2024-11-28,20,B02,C00000,Website,2,Completed
BK002741,2024-11-21,2024-11-28,20,B02,C00000,OpenTable,8,Completed
BK002742,2024-11-25,2024-11-29,20,B02,C00000,OpenTable,1,Completed
BK002743,2024-10-24,2024-11-29,20,B02,C00000,Phone,4,Cancelled
BK002744,2024-11-26,2024-11-29,21,B02,C04096,Phone,2,Completed
BK002745,2024-11-22,2024-11-29,19,B02,C00000,Website,4,Completed
BK002746,2024-11-26,2024-11-29,13,B02,C00000,Phone,4,Completed
BK002747,2024-11-24,2024-11-29,13,B02,C00000,Website,4,Completed
BK002748,2024-11-30,2024-11-30,20,B02,C00000,Phone,3,Completed
BK002749,2024-11-20,2024-11-30,20,B02,C00000,OpenTable,4,Cancelled
BK002750,2024-11-15,2024-11-30,14,B02,C00000,OpenTable,2,Completed
BK002751,2024-11-25,2024-11-30,14,B02,C00000,OpenTable,2,Cancelled
BK002752,2024-11-27,2024-11-30,17,B02,C00000,Instagram,2,Completed
BK002753,2024-11-30,2024-11-30,13,B02,C00000,Phone,6,Completed
BK002754,2024-11-24,2024-11-30,14,B02,C03047,Phone,2,Completed
BK002755,2024-11-28,2024-12-01,13,B02,C03047,Website,3,Completed
BK002756,2024-11-06,2024-12-01,21,B02,C00000,Website,2,Completed
BK002757,2024-11-11,2024-12-01,21,B02,C00000,Website,6,No-show
BK002758,2024-11-26,2024-12-02,12,B02,C00000,OpenTable,8,Completed
BK002759,2024-12-01,2024-12-02,20,B02,C03726,Website,1,Completed
BK002760,2024-11-29,2024-12-02,20,B02,C00000,OpenTable,3,Cancelled
BK002761,2024-11-24,2024-12-02,22,B02,C01632,OpenTable,1,Completed
BK002762,2024-12-01,2024-12-02,19,B02,C00000,OpenTable,5,Completed
BK002763,2024-11-22,2024-12-02,12,B02,C01359,Phone,2,Completed
BK002764,2024-11-30,2024-12-02,19,B02,C04778,Website,2,Completed
BK002765,2024-11-28,2024-12-02,19,B02,C00000,OpenTable,4,No-show
BK002766,2024-11-29,2024-12-02,19,B02,C00000,Website,1,Cancelled
BK002767,2024-11-21,2024-12-02,13,B02,C00000,Phone,2,Completed
BK002768,2024-12-02,2024-12-02,13,B02,C00000,OpenTable,4,No-show
BK002769,2024-10-26,2024-12-04,20,B02,C00000,Website,2,Completed
BK002770,2024-12-01,2024-12-05,21,B02,C04778,Website,8,Completed
BK002771,2024-11-16,2024-12-05,21,B02,C00000,Website,2,No-show
BK002772,2024-12-01,2024-12-05,21,B02,C00000,Website,2,Cancelled
BK002773,2024-12-05,2024-12-05,12,B02,C00000,Website,2,Completed
BK002774,2024-11-29,2024-12-05,20,B02,C00000,OpenTable,2,Completed
BK002775,2024-12-05,2024-12-05,19,B02,C00000,Website,2,Completed
BK002776,2024-11-30,2024-12-05,18,B02,C00000,OpenTable,2,Completed
BK002777,2024-12-04,2024-12-05,18,B02,C03489,Website,4,Completed
BK002778,2024-11-17,2024-12-05,20,B02,C03726,Website,4,Completed
BK002779,2024-12-06,2024-12-06,17,B02,C00000,Phone,3,Completed
BK002780,2024-11-22,2024-12-06,19,B02,C00000,OpenTable,4,Completed
BK002781,2024-12-04,2024-12-06,22,B02,C00000,OpenTable,4,Completed
BK002782,2024-12-02,2024-12-07,20,B02,C00000,Instagram,4,Completed
BK002783,2024-11-26,2024-12-07,20,B02,C00000,Website,3,Cancelled
BK002784,2024-12-02,2024-12-07,16,B02,C01454,Phone,4,Completed
BK002785,2024-11-30,2024-12-07,17,B02,C04096,Phone,2,Completed
BK002786,2024-12-03,2024-12-07,19,B02,C00000,Phone,1,Completed
BK002787,2024-12-02,2024-12-07,19,B02,C00000,OpenTable,2,No-show
BK002788,2024-11-24,2024-12-07,19,B02,C00000,OpenTable,1,Cancelled
BK002789,2024-11-22,2024-12-07,21,B02,C03726,Website,3,Completed
BK002790,2024-12-07,2024-12-07,15,B02,C00000,Website,2,Completed
BK002791,2024-11-25,2024-12-07,20,B02,C00000,Phone,1,Completed
BK002792,2024-12-03,2024-12-07,20,B02,C03115,Phone,6,Completed
BK002793,2024-11-30,2024-12-08,19,B02,C04542,Website,3,Completed
BK002794,2024-11-28,2024-12-08,21,B02,C01770,Phone,4,Completed
BK002795,2024-12-01,2024-12-09,13,B02,C00000,OpenTable,2,Completed
BK002796,2024-11-22,2024-12-09,18,B02,C00000,Phone,1,Completed
BK002797,2024-11-27,2024-12-09,20,B02,C00000,OpenTable,2,Completed
BK002798,2024-12-07,2024-12-09,21,B02,C00000,Website,3,Completed
BK002799,2024-11-22,2024-12-11,19,B02,C01219,Instagram,2,Completed
BK002800,2024-11-22,2024-12-11,19,B02,C00000,OpenTable,3,Cancelled
BK002801,2024-12-11,2024-12-11,18,B02,C00000,Website,6,Completed
BK002802,2024-12-06,2024-12-12,14,B02,C00000,Website,3,Completed
BK002803,2024-12-05,2024-12-12,18,B02,C04778,Phone,1,Completed
BK002804,2024-12-07,2024-12-12,18,B02,C00000,Website,2,Cancelled
BK002805,2024-12-11,2024-12-12,22,B02,C04652,Website,2,Completed
BK002806,2024-11-30,2024-12-13,13,B02,C04778,Website,3,Completed
BK002807,2024-11-30,2024-12-13,13,B02,C00000,Website,6,Cancelled
BK002808,2024-11-06,2024-12-13,17,B02,C01219,Instagram,2,Completed
BK002809,2024-12-12,2024-12-13,17,B02,C00000,Website,2,Completed
BK002810,2024-12-13,2024-12-13,20,B02,C00000,Phone,2,Completed
BK002811,2024-12-08,2024-12-13,20,B02,C00000,Website,4,Completed
BK002812,2024-12-13,2024-12-13,20,B02,C00000,Phone,4,No-show
BK002813,2024-11-29,2024-12-13,19,B02,C04349,OpenTable,4,Completed
BK002814,2024-11-26,2024-12-13,18,B02,C00000,OpenTable,2,Completed
BK002815,2024-12-11,2024-12-14,12,B02,C00000,Website,3,Completed
BK002816,2024-12-12,2024-12-14,20,B02,C00000,Website,1,Completed
BK002817,2024-12-14,2024-12-14,12,B02,C00000,Website,4,Completed
BK002818,2024-12-13,2024-12-14,18,B02,C00000,Website,4,Completed
BK002819,2024-12-13,2024-12-14,21,B02,C00000,Website,6,Completed
BK002820,2024-12-12,2024-12-14,21,B02,C00000,OpenTable,4,No-show
BK002821,2024-12-12,2024-12-14,13,B02,C00000,Instagram,2,Completed
BK002822,2024-12-12,2024-12-14,18,B02,C00000,Website,1,Completed
BK002823,2024-12-10,2024-12-14,20,B02,C03726,Website,4,Completed
BK002824,2024-12-14,2024-12-15,18,B02,C01904,Website,2,Completed
BK002825,2024-11-15,2024-12-15,18,B02,C01937,Website,1,Completed
BK002826,2024-12-12,2024-12-16,18,B02,C02412,OpenTable,2,Completed
BK002827,2024-12-14,2024-12-16,20,B02,C00000,Website,2,Completed
BK002828,2024-12-15,2024-12-16,20,B02,C00000,Website,2,Completed
BK002829,2024-12-07,2024-12-16,20,B02,C00000,OpenTable,4,Completed
BK002830,2024-12-08,2024-12-16,17,B02,C04356,OpenTable,5,Completed
BK002831,2024-12-08,2024-12-16,17,B02,C00000,OpenTable,4,Cancelled
BK002832,2024-12-15,2024-12-18,17,B02,C00483,Website,2,Completed
BK002833,2024-12-18,2024-12-18,20,B02,C00000,Website,3,Completed
BK002834,2024-12-14,2024-12-18,16,B02,C00000,OpenTable,4,Completed
BK002835,2024-12-18,2024-12-19,21,B02,C00000,Instagram,2,Completed
BK002836,2024-12-19,2024-12-20,20,B02,C00000,Phone,4,Completed
BK002837,2024-12-16,2024-12-20,14,B02,C00000,OpenTable,1,Completed
BK002838,2024-12-10,2024-12-20,20,B02,C00000,OpenTable,1,Completed
BK002839,2024-12-17,2024-12-20,21,B02,C02873,Website,2,Completed
BK002840,2024-12-18,2024-12-20,21,B02,C00000,Website,2,No-show
BK002841,2024-12-20,2024-12-20,20,B02,C03735,Instagram,1,Completed
BK002842,2024-12-12,2024-12-20,19,B02,C00000,OpenTable,2,Completed
BK002843,2024-12-20,2024-12-20,22,B02,C00000,OpenTable,4,Completed
BK002844,2024-11-30,2024-12-21,21,B02,C00000,Phone,6,Completed
BK002845,2024-12-14,2024-12-21,19,B02,C00000,Website,1,Completed
BK002846,2024-12-21,2024-12-21,19,B02,C00000,Website,2,Cancelled
BK002847,2024-12-20,2024-12-21,18,B02,C00000,Website,6,Completed
BK002848,2024-12-18,2024-12-21,17,B02,C00000,Website,4,Completed
BK002849,2024-12-14,2024-12-21,21,B02,C02561,Website,2,Completed
BK002850,2024-12-16,2024-12-21,12,B02,C00000,OpenTable,3,Completed
BK002851,2024-12-20,2024-12-21,21,B02,C00000,Website,2,Completed
BK002852,2024-12-19,2024-12-21,21,B02,C03307,OpenTable,3,Completed
BK002853,2024-12-18,2024-12-21,21,B02,C00000,Instagram,1,No-show
BK002854,2024-12-21,2024-12-22,19,B02,C00000,OpenTable,3,Completed
BK002855,2024-12-20,2024-12-22,19,B02,C00000,Website,4,No-show
BK002856,2024-12-07,2024-12-22,22,B02,C03726,Instagram,4,Completed
BK002857,2024-12-18,2024-12-22,19,B02,C03236,Website,4,Completed
BK002858,2024-11-29,2024-12-22,18,B02,C00000,Website,7,Completed
BK002859,2024-12-21,2024-12-22,18,B02,C00000,Website,2,Cancelled
BK002860,2024-12-21,2024-12-22,18,B02,C00000,OpenTable,3,Completed
BK002861,2024-12-23,2024-12-23,21,B02,C01150,Phone,2,Completed
BK002862,2024-12-20,2024-12-26,18,B02,C00000,Website,3,Completed
BK002863,2024-12-26,2024-12-27,18,B02,C00000,Website,2,Completed
BK002864,2024-12-26,2024-12-27,13,B02,C02281,Website,5,Completed
BK002865,2024-12-24,2024-12-27,20,B02,C00000,Website,5,Completed
BK002866,2024-12-27,2024-12-27,19,B02,C00000,OpenTable,3,Completed
BK002867,2024-12-21,2024-12-28,21,B02,C00000,Phone,4,Completed
BK002868,2024-12-16,2024-12-28,20,B02,C00000,OpenTable,4,Completed
BK002869,2024-12-06,2024-12-29,21,B02,C01676,Website,4,Completed
BK002870,2024-12-28,2024-12-29,19,B02,C01596,Phone,5,Completed
BK002871,2024-12-27,2024-12-29,22,B02,C00000,Website,4,Completed
BK002872,2024-12-11,2024-12-30,20,B02,C00000,Website,3,Completed
BK002873,2024-12-23,2025-01-01,22,B02,C00000,Website,3,Completed
BK002874,2024-12-31,2025-01-02,19,B02,C00000,OpenTable,7,Completed
BK002875,2024-12-25,2025-01-02,19,B02,C00000,OpenTable,4,No-show
BK002876,2024-12-31,2025-01-02,20,B02,C04851,OpenTable,2,Completed
BK002877,2024-12-15,2025-01-03,18,B02,C00063,Website,2,Completed
BK002878,2025-01-01,2025-01-03,21,B02,C02192,OpenTable,3,Completed
BK002879,2025-01-02,2025-01-03,13,B02,C03606,Instagram,2,Completed
BK002880,2025-01-01,2025-01-03,13,B02,C00000,Website,4,Cancelled
BK002881,2024-12-24,2025-01-04,18,B02,C00000,Website,2,Completed
BK002882,2025-01-04,2025-01-04,19,B02,C00000,Website,5,Completed
BK002883,2025-01-04,2025-01-05,19,B02,C00000,Website,3,Completed
BK002884,2024-12-27,2025-01-05,19,B02,C00000,Phone,2,Cancelled
BK002885,2025-01-02,2025-01-05,22,B02,C00000,Website,1,Completed
BK002886,2025-01-05,2025-01-06,17,B02,C04945,Website,4,Completed
BK002887,2025-01-05,2025-01-06,20,B02,C00000,Instagram,2,Completed
BK002888,2025-01-05,2025-01-06,18,B02,C00000,Phone,4,Completed
BK002889,2025-01-03,2025-01-06,18,B02,C00000,Website,2,No-show
BK002890,2025-01-06,2025-01-08,13,B02,C00000,Website,3,Completed
BK002891,2024-12-26,2025-01-08,20,B02,C04652,Phone,3,Completed
BK002892,2025-01-04,2025-01-09,19,B02,C00000,OpenTable,3,Completed
BK002893,2025-01-09,2025-01-09,12,B02,C00000,OpenTable,7,Completed
BK002894,2025-01-04,2025-01-09,20,B02,C00000,OpenTable,2,Completed
BK002895,2024-12-14,2025-01-09,13,B02,C04096,Phone,2,Completed
BK002896,2025-01-08,2025-01-09,18,B02,C00000,OpenTable,6,Completed
BK002897,2025-01-06,2025-01-10,16,B02,C00000,Website,2,Completed
BK002898,2025-01-04,2025-01-10,18,B02,C00000,OpenTable,1,Completed
BK002899,2025-01-10,2025-01-10,12,B02,C00000,Website,3,Completed
BK002900,2025-01-08,2025-01-11,17,B02,C00000,Phone,2,Completed
BK002901,2025-01-11,2025-01-11,14,B02,C00000,Website,5,Completed
BK002902,2025-01-09,2025-01-11,18,B02,C00000,OpenTable,2,Completed
BK002903,2025-01-04,2025-01-11,21,B02,C00000,Website,2,Completed
BK002904,2025-01-03,2025-01-11,19,B02,C00405,OpenTable,3,Completed
BK002905,2025-01-11,2025-01-12,21,B02,C00000,Website,2,Completed
BK002906,2024-12-10,2025-01-12,18,B02,C01152,Website,3,Completed
BK002907,2025-01-06,2025-01-12,20,B02,C00000,Website,2,Completed
BK002908,2025-01-13,2025-01-15,19,B02,C00000,OpenTable,6,Completed
BK002909,2025-01-11,2025-01-15,13,B02,C00000,Phone,3,Completed
BK002910,2025-01-13,2025-01-15,12,B02,C00000,Website,1,Completed
BK002911,2025-01-15,2025-01-15,19,B02,C00000,Website,1,Completed
BK002912,2025-01-03,2025-01-16,22,B02,C00000,Website,3,Completed
BK002913,2025-01-04,2025-01-16,22,B02,C04348,Website,2,Completed
BK002914,2025-01-10,2025-01-17,18,B02,C00000,OpenTable,5,Completed
BK002915,2024-12-07,2025-01-17,18,B02,C00000,OpenTable,2,Completed
BK002916,2025-01-13,2025-01-17,22,B02,C04356,OpenTable,4,Completed
BK002917,2025-01-07,2025-01-17,22,B02,C00000,Website,3,No-show
BK002918,2024-12-30,2025-01-18,21,B02,C04851,OpenTable,2,Completed
BK002919,2025-01-10,2025-01-18,18,B02,C03463,Website,2,Completed
BK002920,2025-01-17,2025-01-18,18,B02,C00000,Website,3,Completed
BK002921,2025-01-15,2025-01-18,18,B02,C00000,OpenTable,1,No-show
BK002922,2025-01-18,2025-01-18,18,B02,C04476,Phone,1,Completed
BK002923,2025-01-15,2025-01-19,22,B02,C01910,Website,2,Completed
BK002924,2025-01-16,2025-01-19,17,B02,C01678,Website,3,Completed
BK002925,2025-01-16,2025-01-20,20,B02,C03726,Instagram,3,Completed
BK002926,2025-01-09,2025-01-22,20,B02,C00000,Website,2,Completed
BK002927,2025-01-14,2025-01-22,18,B02,C00000,Phone,4,Completed
BK002928,2025-01-19,2025-01-23,17,B02,C03236,OpenTable,3,Completed
BK002929,2025-01-09,2025-01-23,17,B02,C00000,OpenTable,3,No-show
BK002930,2025-01-20,2025-01-23,21,B02,C00000,Website,4,Completed
BK002931,2025-01-19,2025-01-23,18,B02,C00000,Website,2,Completed
BK002932,2025-01-20,2025-01-23,17,B02,C04356,Website,2,Completed
BK002933,2025-01-19,2025-01-23,19,B02,C03447,Website,1,Completed
BK002934,2025-01-20,2025-01-24,14,B02,C00000,Website,2,Completed
BK002935,2025-01-24,2025-01-24,22,B02,C00000,OpenTable,2,Completed
BK002936,2025-01-14,2025-01-24,21,B02,C00000,Website,2,Completed
BK002937,2025-01-15,2025-01-24,21,B02,C00000,Website,4,Completed
BK002938,2025-01-22,2025-01-25,18,B02,C03047,OpenTable,7,Completed
BK002939,2025-01-13,2025-01-25,18,B02,C04096,OpenTable,3,Completed
BK002940,2025-01-23,2025-01-25,20,B02,C00000,Phone,4,Completed
BK002941,2025-01-20,2025-01-26,13,B02,C00000,Website,1,Completed
BK002942,2025-01-23,2025-01-26,22,B02,C00000,Website,1,Completed
BK002943,2025-01-22,2025-01-26,19,B02,C04978,Website,5,Completed
BK002944,2025-01-26,2025-01-27,13,B02,C00000,Phone,4,Completed
BK002945,2025-01-24,2025-01-27,20,B02,C01150,Phone,5,Completed
BK002946,2025-01-22,2025-01-29,13,B02,C00000,OpenTable,2,Completed
BK002947,2025-01-23,2025-01-29,17,B02,C00000,Instagram,2,Completed
BK002948,2025-01-14,2025-01-31,19,B02,C00000,OpenTable,4,Completed
BK002949,2025-01-31,2025-01-31,21,B02,C03047,OpenTable,5,Completed
BK002950,2025-01-26,2025-01-31,22,B02,C00000,Website,2,Completed
BK002951,2025-01-31,2025-01-31,22,B02,C00000,OpenTable,2,Cancelled
BK002952,2025-01-29,2025-01-31,20,B02,C00000,Instagram,1,Completed
BK002953,2025-01-22,2025-01-31,20,B02,C01104,OpenTable,4,Completed
BK002954,2025-02-01,2025-02-01,18,B02,C00000,OpenTable,3,Completed
BK002955,2025-01-29,2025-02-01,12,B02,C00000,OpenTable,5,Completed
BK002956,2025-02-01,2025-02-01,21,B02,C00000,Website,4,Completed
BK002957,2025-01-08,2025-02-01,12,B02,C00000,OpenTable,2,Completed
BK002958,2025-01-25,2025-02-01,20,B02,C00000,OpenTable,4,Completed
BK002959,2025-02-01,2025-02-02,21,B02,C04008,OpenTable,2,Completed
BK002960,2025-01-15,2025-02-02,14,B02,C00000,OpenTable,2,Completed
BK002961,2025-01-31,2025-02-02,18,B02,C00000,Website,2,Completed
BK002962,2025-02-01,2025-02-02,22,B02,C04096,Phone,8,Completed
BK002963,2025-01-31,2025-02-02,20,B02,C00000,Phone,2,Completed
BK002964,2025-02-05,2025-02-05,16,B02,C00000,OpenTable,2,Completed
BK002965,2025-02-01,2025-02-06,14,B02,C01981,Website,2,Completed
BK002966,2025-01-27,2025-02-06,20,B02,C00000,OpenTable,1,Completed
BK002967,2025-02-04,2025-02-06,21,B02,C00000,OpenTable,4,Completed
BK002968,2025-02-04,2025-02-07,13,B02,C00000,Website,4,Completed
BK002969,2025-01-26,2025-02-07,13,B02,C00000,Phone,2,Cancelled
BK002970,2025-02-03,2025-02-07,21,B02,C00000,OpenTable,7,Completed
BK002971,2025-02-05,2025-02-08,18,B02,C00000,OpenTable,4,Completed
BK002972,2025-02-02,2025-02-08,19,B02,C00000,Phone,5,Completed
BK002973,2025-02-06,2025-02-08,12,B02,C01079,Website,6,Completed
BK002974,2025-01-31,2025-02-09,18,B02,C00000,OpenTable,3,Completed
BK002975,2025-02-08,2025-02-09,15,B02,C00000,OpenTable,2,Completed
BK002976,2025-02-08,2025-02-09,13,B02,C00000,Website,1,Completed
BK002977,2025-02-06,2025-02-12,19,B02,C00000,Website,6,Completed
BK002978,2025-02-11,2025-02-13,20,B02,C00000,Website,1,Completed
BK002979,2025-02-08,2025-02-14,20,B02,C00000,OpenTable,5,Completed
BK002980,2025-02-13,2025-02-14,19,B02,C00000,OpenTable,2,Completed
BK002981,2025-02-04,2025-02-15,19,B02,C00000,OpenTable,2,Completed
BK002982,2025-02-15,2025-02-15,19,B02,C01101,Website,5,Completed
BK002983,2025-02-10,2025-02-15,21,B02,C00000,OpenTable,6,Completed
BK002984,2025-01-30,2025-02-15,19,B02,C00000,Phone,5,Completed
BK002985,2025-02-15,2025-02-15,18,B02,C00000,Website,1,Completed
BK002986,2025-02-09,2025-02-16,18,B02,C00000,Website,2,Completed
BK002987,2025-02-02,2025-02-16,13,B02,C00000,Website,7,Completed
BK002988,2025-02-14,2025-02-16,15,B02,C00000,OpenTable,2,Completed
BK002989,2025-02-15,2025-02-16,22,B02,C00000,Phone,4,Completed
BK002990,2025-01-30,2025-02-16,22,B02,C00000,Website,4,Cancelled
BK002991,2025-02-07,2025-02-17,18,B02,C00000,Phone,2,Completed
BK002992,2025-02-19,2025-02-20,13,B02,C00000,OpenTable,2,Completed
BK002993,2025-02-17,2025-02-21,21,B02,C00000,OpenTable,1,Completed
BK002994,2025-02-19,2025-02-21,18,B02,C03726,Website,2,Completed
BK002995,2025-02-18,2025-02-21,18,B02,C00000,Website,2,Cancelled
BK002996,2025-02-05,2025-02-22,18,B02,C03885,Website,4,Completed
BK002997,2025-02-18,2025-02-22,18,B02,C00000,Phone,4,Cancelled
BK002998,2025-02-18,2025-02-22,20,B02,C00000,OpenTable,6,Completed
BK002999,2025-02-21,2025-02-22,20,B02,C00000,Website,2,Cancelled
BK003000,2025-02-20,2025-02-23,19,B02,C01696,Phone,5,Completed
BK003001,2025-02-11,2025-02-23,13,B02,C00000,OpenTable,2,Completed
BK003002,2025-02-22,2025-02-23,13,B02,C00000,OpenTable,4,No-show
BK003003,2025-02-06,2025-02-23,19,B02,C00000,Phone,3,Completed
BK003004,2025-02-22,2025-02-23,19,B02,C00000,Website,4,Completed
BK003005,2025-02-23,2025-02-24,14,B02,C03353,OpenTable,2,Completed
BK003006,2025-02-24,2025-02-26,21,B02,C03223,Website,2,Completed
BK003007,2025-02-22,2025-02-27,20,B02,C00000,Phone,1,Completed
BK003008,2025-02-25,2025-02-27,20,B02,C00000,OpenTable,2,Cancelled
BK003009,2025-02-26,2025-02-28,22,B02,C00000,Website,2,Completed
BK003010,2025-02-21,2025-02-28,22,B02,C00000,Website,4,No-show
BK003011,2025-02-23,2025-02-28,21,B02,C04778,OpenTable,2,Completed
BK003012,2025-02-13,2025-03-01,22,B02,C03236,Website,1,Completed
BK003013,2025-03-01,2025-03-01,22,B02,C00000,Website,7,No-show
BK003014,2025-02-08,2025-03-01,22,B02,C00000,Website,2,Cancelled
BK003015,2025-02-25,2025-03-01,20,B02,C00000,Phone,2,Completed
BK003016,2025-02-27,2025-03-01,20,B02,C00000,Website,7,No-show
BK003017,2025-02-06,2025-03-01,15,B02,C00000,Website,1,Completed
BK003018,2025-03-01,2025-03-01,15,B02,C00000,Website,1,Cancelled
BK003019,2025-03-01,2025-03-02,15,B02,C00000,OpenTable,2,Completed
BK003020,2025-02-22,2025-03-02,18,B02,C00000,Phone,1,Completed
BK003021,2025-02-17,2025-03-02,12,B02,C00000,OpenTable,3,Completed
BK003022,2025-02-28,2025-03-03,18,B02,C00000,Website,6,Completed
BK003023,2025-03-02,2025-03-03,19,B02,C04096,Instagram,5,Completed
BK003024,2025-02-27,2025-03-06,20,B02,C00000,OpenTable,2,Completed
BK003025,2025-02-28,2025-03-07,14,B02,C00819,Website,1,Completed
BK003026,2025-03-07,2025-03-07,18,B02,C00000,OpenTable,2,Completed
BK003027,2025-03-02,2025-03-07,20,B02,C00000,OpenTable,2,Completed
BK003028,2025-03-01,2025-03-07,20,B02,C00000,Website,2,Completed
BK003029,2025-03-01,2025-03-07,20,B02,C00000,Website,3,No-show
BK003030,2025-03-06,2025-03-07,15,B02,C00000,Phone,2,Completed
BK003031,2025-03-08,2025-03-08,19,B02,C00000,Website,2,Completed
BK003032,2025-03-08,2025-03-08,19,B02,C00000,Website,2,Cancelled
BK003033,2025-02-28,2025-03-08,21,B02,C03847,Website,4,Completed
BK003034,2025-03-05,2025-03-08,20,B02,C00000,OpenTable,6,Completed
BK003035,2025-03-09,2025-03-09,22,B02,C00000,Phone,3,Completed
BK003036,2025-03-05,2025-03-09,19,B02,C00000,OpenTable,2,Completed
BK003037,2025-02-27,2025-03-09,18,B02,C00000,Website,2,Completed
BK003038,2025-03-08,2025-03-10,14,B02,C00000,Website,2,Completed
BK003039,2025-03-09,2025-03-12,19,B02,C04978,OpenTable,4,Completed
BK003040,2025-03-14,2025-03-14,18,B02,C00000,OpenTable,6,Completed
BK003041,2025-03-10,2025-03-15,15,B02,C04778,Phone,2,Completed
BK003042,2025-03-14,2025-03-15,17,B02,C00000,OpenTable,2,Completed
BK003043,2025-03-11,2025-03-15,19,B02,C00000,Instagram,2,Completed
BK003044,2025-03-15,2025-03-15,17,B02,C00000,OpenTable,3,Completed
BK003045,2025-03-13,2025-03-15,17,B02,C00000,Website,4,Cancelled
BK003046,2025-03-07,2025-03-16,19,B02,C01088,OpenTable,6,Completed
BK003047,2025-03-13,2025-03-16,18,B02,C00000,Website,6,Completed
BK003048,2025-03-12,2025-03-16,13,B02,C00000,OpenTable,1,Completed
BK003049,2025-03-10,2025-03-16,20,B02,C00008,Phone,2,Completed
BK003050,2025-03-14,2025-03-16,20,B02,C00000,Phone,2,No-show
BK003051,2025-03-11,2025-03-17,20,B02,C00000,OpenTable,5,Completed
BK003052,2025-03-17,2025-03-17,20,B02,C00000,Website,3,Completed
BK003053,2025-03-08,2025-03-17,14,B02,C00000,Website,2,Completed
BK003054,2025-03-16,2025-03-20,17,B02,C02493,Website,4,Completed
BK003055,2025-03-22,2025-03-22,19,B02,C00000,Website,2,Completed
BK003056,2025-03-21,2025-03-22,19,B02,C00000,Phone,6,No-show
BK003057,2025-03-21,2025-03-22,19,B02,C04777,Phone,2,Completed
BK003058,2025-03-16,2025-03-22,19,B02,C00000,Website,2,Cancelled
BK003059,2025-03-15,2025-03-22,13,B02,C00000,Instagram,6,Completed
BK003060,2025-02-21,2025-03-22,20,B02,C03573,Phone,3,Completed
BK003061,2025-03-12,2025-03-22,13,B02,C00000,OpenTable,4,Completed
BK003062,2025-03-18,2025-03-22,13,B02,C00000,Phone,3,No-show
BK003063,2025-03-23,2025-03-23,22,B02,C00000,Website,7,Completed
BK003064,2025-03-05,2025-03-23,21,B02,C00000,OpenTable,4,Completed
BK003065,2025-03-19,2025-03-23,21,B02,C00000,Instagram,4,Completed
BK003066,2025-03-09,2025-03-24,17,B02,C00000,Phone,4,Completed
BK003067,2025-03-24,2025-03-24,17,B02,C03427,Website,3,Completed
BK003068,2025-03-16,2025-03-26,12,B02,C00000,Phone,2,Completed
BK003069,2025-03-12,2025-03-26,16,B02,C00000,Website,2,Completed
BK003070,2025-03-27,2025-03-28,18,B02,C00000,OpenTable,2,Completed
BK003071,2025-03-22,2025-03-28,13,B02,C01427,OpenTable,6,Completed
BK003072,2025-03-21,2025-03-29,18,B02,C00063,Website,3,Completed
BK003073,2025-03-22,2025-03-29,12,B02,C00000,Website,2,Completed
BK003074,2025-03-28,2025-03-29,19,B02,C00000,Phone,6,Completed
BK003075,2025-03-25,2025-03-29,19,B02,C00000,Phone,2,Completed
BK003076,2025-03-21,2025-03-29,21,B02,C00000,OpenTable,2,Completed
BK003077,2025-03-27,2025-03-29,22,B02,C00000,Instagram,2,Completed
BK003078,2025-03-29,2025-03-30,21,B02,C04775,Phone,1,Completed
BK003079,2025-03-29,2025-03-30,19,B02,C04686,OpenTable,4,Completed
BK003080,2025-03-30,2025-03-30,20,B02,C00000,Phone,2,Completed
BK003081,2025-03-21,2025-03-30,13,B02,C00000,Website,4,Completed
BK003082,2025-03-22,2025-04-02,21,B02,C00000,OpenTable,1,Completed
BK003083,2025-03-31,2025-04-02,21,B02,C00000,Instagram,6,Cancelled
BK003084,2025-03-27,2025-04-03,22,B02,C00000,Phone,5,Completed
BK003085,2025-03-30,2025-04-04,17,B02,C00000,Phone,4,Completed
BK003086,2025-03-31,2025-04-04,12,B02,C00000,Website,2,Completed
BK003087,2025-03-31,2025-04-04,12,B02,C00000,Phone,2,No-show
BK003088,2025-03-28,2025-04-04,19,B02,C00000,OpenTable,2,Completed
BK003089,2025-04-04,2025-04-04,19,B02,C00000,Website,2,Completed
BK003090,2025-04-05,2025-04-05,19,B02,C00000,Website,2,Completed
BK003091,2025-04-01,2025-04-05,14,B02,C00000,OpenTable,4,Completed
BK003092,2025-03-23,2025-04-05,13,B02,C01444,Website,2,Completed
BK003093,2025-03-15,2025-04-05,14,B02,C00000,OpenTable,2,Completed
BK003094,2025-04-04,2025-04-06,14,B02,C01150,Website,7,Completed
BK003095,2025-04-03,2025-04-09,20,B02,C00000,OpenTable,5,Completed
BK003096,2025-04-01,2025-04-10,19,B02,C03223,OpenTable,8,Completed
BK003097,2025-04-02,2025-04-10,16,B02,C00000,Website,2,Completed
BK003098,2025-04-09,2025-04-11,20,B02,C00000,Website,3,Completed
BK003099,2025-03-28,2025-04-11,20,B02,C00000,OpenTable,2,Completed
BK003100,2025-04-02,2025-04-12,18,B02,C00000,OpenTable,7,Completed
BK003101,2025-04-12,2025-04-12,13,B02,C00027,OpenTable,2,Completed
BK003102,2025-04-09,2025-04-12,13,B02,C00000,Website,4,Cancelled
BK003103,2025-04-12,2025-04-12,20,B02,C00086,OpenTable,6,Completed
BK003104,2025-03-22,2025-04-12,20,B02,C00000,Website,1,Cancelled
BK003105,2025-04-10,2025-04-12,18,B02,C00000,Website,1,Completed
BK003106,2025-04-12,2025-04-12,19,B02,C00000,Website,2,Completed
BK003107,2025-04-12,2025-04-12,12,B02,C00000,Website,4,Completed
BK003108,2025-04-06,2025-04-12,16,B02,C00000,Website,4,Completed
BK003109,2025-04-12,2025-04-12,20,B02,C00000,Phone,3,Completed
BK003110,2025-04-08,2025-04-12,20,B02,C00000,OpenTable,3,No-show
BK003111,2025-04-10,2025-04-13,13,B02,C03867,OpenTable,2,Completed
BK003112,2025-04-02,2025-04-14,14,B02,C00000,Website,2,Completed
BK003113,2025-04-07,2025-04-14,17,B02,C03213,Phone,4,Completed
BK003114,2025-04-04,2025-04-16,18,B02,C02533,Phone,2,Completed
BK003115,2025-04-15,2025-04-16,19,B02,C00000,OpenTable,2,Completed
BK003116,2025-04-10,2025-04-16,13,B02,C00000,Phone,3,Completed
BK003117,2025-04-16,2025-04-16,20,B02,C00182,Phone,4,Completed
BK003118,2025-04-15,2025-04-16,15,B02,C04652,Website,2,Completed
BK003119,2025-04-16,2025-04-17,21,B02,C00000,Website,5,Completed
BK003120,2025-04-11,2025-04-18,13,B02,C00000,Website,1,Completed
BK003121,2025-03-22,2025-04-18,19,B02,C00000,Phone,2,Completed
BK003122,2025-04-13,2025-04-18,19,B02,C03190,Phone,2,Completed
BK003123,2025-04-17,2025-04-18,21,B02,C03565,Website,2,Completed
BK003124,2025-04-15,2025-04-18,12,B02,C00000,Phone,1,Completed
BK003125,2025-04-17,2025-04-19,13,B02,C04851,Website,4,Completed
BK003126,2025-04-13,2025-04-20,17,B02,C00000,Website,2,Completed
BK003127,2025-04-16,2025-04-20,17,B02,C00000,Phone,2,No-show
BK003128,2025-04-20,2025-04-20,12,B02,C00000,Phone,5,Completed
BK003129,2025-04-15,2025-04-20,20,B02,C01870,Phone,2,Completed
BK003130,2025-04-09,2025-04-25,17,B02,C04348,OpenTable,2,Completed
BK003131,2025-04-23,2025-04-25,17,B02,C00000,Website,4,Cancelled
BK003132,2025-04-25,2025-04-26,12,B02,C00000,Website,2,Completed
BK003133,2025-04-15,2025-04-26,21,B02,C00000,Phone,2,Completed
BK003134,2025-04-14,2025-04-26,18,B02,C01150,Website,2,Completed
BK003135,2025-04-23,2025-04-28,18,B02,C00000,OpenTable,2,Completed
BK003136,2025-04-20,2025-04-30,19,B02,C00186,OpenTable,2,Completed
BK003137,2025-04-28,2025-04-30,20,B02,C01897,Phone,3,Completed
BK003138,2025-04-30,2025-05-01,21,B02,C00000,Instagram,4,Completed
BK003139,2025-04-30,2025-05-01,19,B02,C01664,OpenTable,2,Completed
BK003140,2025-04-29,2025-05-01,20,B02,C00000,Phone,5,Completed
BK003141,2025-04-17,2025-05-01,22,B02,C03509,Website,1,Completed
BK003142,2025-04-12,2025-05-01,22,B02,C00000,Website,2,Completed
BK003143,2025-04-27,2025-05-01,22,B02,C03574,Phone,4,Completed
BK003144,2025-05-02,2025-05-02,15,B02,C00000,Website,2,Completed
BK003145,2025-04-30,2025-05-02,19,B02,C04778,Phone,5,Completed
BK003146,2025-05-03,2025-05-03,22,B02,C00000,Website,2,Completed
BK003147,2025-05-03,2025-05-03,22,B02,C00000,OpenTable,6,Cancelled
BK003148,2025-04-28,2025-05-03,19,B02,C01897,Phone,5,Completed
BK003149,2025-04-08,2025-05-03,19,B02,C00000,Website,2,Cancelled
BK003150,2025-05-04,2025-05-04,18,B02,C00000,Website,6,Completed
BK003151,2025-05-02,2025-05-04,21,B02,C03194,Website,2,Completed
BK003152,2025-05-02,2025-05-05,19,B02,C00000,OpenTable,5,Completed
BK003153,2025-04-28,2025-05-05,19,B02,C00000,Website,2,Cancelled
BK003154,2025-04-28,2025-05-05,19,B02,C04945,Website,3,Completed
BK003155,2025-05-02,2025-05-05,17,B02,C00000,Instagram,2,Completed
BK003156,2025-05-01,2025-05-07,22,B02,C00000,OpenTable,2,Completed
BK003157,2025-04-29,2025-05-07,14,B02,C00000,Website,2,Completed
BK003158,2025-05-07,2025-05-07,18,B02,C00000,Instagram,2,Completed
BK003159,2025-05-07,2025-05-07,22,B02,C00000,Website,4,Completed
BK003160,2025-04-29,2025-05-07,18,B02,C00000,OpenTable,1,Completed
BK003161,2025-05-04,2025-05-08,22,B02,C03223,Website,4,Completed
BK003162,2025-05-08,2025-05-08,19,B02,C00000,Website,4,Completed
BK003163,2025-05-08,2025-05-08,16,B02,C04978,Instagram,3,Completed
BK003164,2025-05-05,2025-05-08,18,B02,C03509,Phone,3,Completed
BK003165,2025-05-09,2025-05-09,12,B02,C01876,OpenTable,3,Completed
BK003166,2025-05-01,2025-05-09,18,B02,C00939,OpenTable,4,Completed
BK003167,2025-04-27,2025-05-10,17,B02,C00000,OpenTable,5,Completed
BK003168,2025-05-05,2025-05-10,18,B02,C00000,Instagram,4,Completed
BK003169,2025-05-09,2025-05-11,13,B02,C00000,Website,6,Completed
BK003170,2025-05-11,2025-05-14,13,B02,C01150,Website,1,Completed
BK003171,2025-05-04,2025-05-14,13,B02,C00000,Website,2,Completed
BK003172,2025-05-12,2025-05-14,16,B02,C00000,Phone,4,Completed
BK003173,2025-05-07,2025-05-15,21,B02,C00000,OpenTable,5,Completed
BK003174,2025-05-01,2025-05-15,17,B02,C04620,OpenTable,1,Completed
BK003175,2025-05-06,2025-05-16,19,B02,C00000,Website,3,Completed
BK003176,2025-05-16,2025-05-16,20,B02,C02308,OpenTable,2,Completed
BK003177,2025-04-28,2025-05-16,20,B02,C00000,OpenTable,1,Cancelled
BK003178,2025-05-10,2025-05-16,15,B02,C00000,Website,3,Completed
BK003179,2025-05-12,2025-05-18,12,B02,C00000,Website,2,Completed
BK003180,2025-05-18,2025-05-18,12,B02,C00000,Website,5,No-show
BK003181,2025-05-16,2025-05-18,18,B02,C00000,Website,6,Completed
BK003182,2025-05-18,2025-05-18,14,B02,C00000,Website,7,Completed
BK003183,2025-05-11,2025-05-18,20,B02,C00000,Phone,2,Completed
BK003184,2025-05-02,2025-05-18,20,B02,C00000,Website,1,Cancelled
BK003185,2025-05-19,2025-05-19,13,B02,C00000,Phone,3,Completed
BK003186,2025-05-15,2025-05-19,20,B02,C00000,OpenTable,2,Completed
BK003187,2025-05-18,2025-05-19,18,B02,C00000,OpenTable,4,Completed
BK003188,2025-05-09,2025-05-21,20,B02,C04978,OpenTable,2,Completed
BK003189,2025-05-16,2025-05-22,20,B02,C02621,OpenTable,2,Completed
BK003190,2025-05-21,2025-05-23,21,B02,C02704,Phone,4,Completed
BK003191,2025-05-15,2025-05-23,18,B02,C04331,OpenTable,1,Completed
BK003192,2025-05-23,2025-05-23,19,B02,C00294,Phone,1,Completed
BK003193,2025-05-18,2025-05-23,18,B02,C00000,Website,5,Completed
BK003194,2025-05-23,2025-05-23,21,B02,C00000,Website,1,Completed
BK003195,2025-04-23,2025-05-24,14,B02,C00000,OpenTable,5,Completed
BK003196,2025-05-22,2025-05-24,17,B02,C00000,OpenTable,2,Completed
BK003197,2025-05-09,2025-05-24,17,B02,C00000,Phone,1,No-show
BK003198,2025-05-11,2025-05-24,20,B02,C00000,Website,2,Completed
BK003199,2025-05-24,2025-05-24,12,B02,C00000,Phone,2,Completed
BK003200,2025-05-14,2025-05-24,12,B02,C00000,OpenTable,2,Cancelled
BK003201,2025-05-24,2025-05-24,19,B02,C00000,Website,8,Completed
BK003202,2025-05-14,2025-05-24,18,B02,C00000,Phone,4,Completed
BK003203,2025-05-23,2025-05-24,17,B02,C00000,Website,6,Completed
BK003204,2025-05-24,2025-05-24,19,B02,C00000,OpenTable,4,Completed
BK003205,2025-05-23,2025-05-25,15,B02,C00000,OpenTable,5,Completed
BK003206,2025-05-21,2025-05-26,18,B02,C04296,Phone,6,Completed
BK003207,2025-05-09,2025-05-28,21,B02,C00000,Website,4,Completed
BK003208,2025-05-24,2025-05-28,20,B02,C00000,OpenTable,5,Completed
BK003209,2025-05-30,2025-05-30,22,B02,C00000,Website,7,Completed
BK003210,2025-05-27,2025-05-30,15,B02,C00000,Website,2,Completed
BK003211,2025-05-27,2025-05-31,19,B02,C03115,Website,3,Completed
BK003212,2025-05-27,2025-05-31,15,B02,C00000,Phone,4,Completed
BK003213,2025-05-28,2025-05-31,20,B02,C00000,Website,6,Completed
BK003214,2025-05-27,2025-05-31,20,B02,C00000,OpenTable,2,Completed
BK003215,2025-05-31,2025-05-31,17,B02,C03726,Phone,6,Completed
BK003216,2025-05-29,2025-05-31,17,B02,C00000,Website,2,Cancelled
BK003217,2025-05-24,2025-05-31,22,B02,C00000,Phone,4,Completed
BK003218,2025-05-26,2025-05-31,13,B02,C00000,OpenTable,2,Completed
BK003219,2025-06-01,2025-06-01,19,B02,C00000,Website,2,Completed
BK003220,2025-05-31,2025-06-01,19,B02,C00000,Website,3,Completed
BK003221,2025-06-03,2025-06-04,19,B02,C00000,Phone,2,Completed
BK003222,2025-05-16,2025-06-04,21,B02,C03726,Website,6,Completed
BK003223,2025-06-03,2025-06-05,17,B02,C00000,Phone,1,Completed
BK003224,2025-06-02,2025-06-06,22,B02,C02480,Instagram,5,Completed
BK003225,2025-05-25,2025-06-06,20,B02,C00000,Phone,2,Completed
BK003226,2025-05-23,2025-06-06,19,B02,C00000,Website,3,Completed
BK003227,2025-05-25,2025-06-06,20,B02,C00000,OpenTable,2,Completed
BK003228,2025-05-11,2025-06-06,20,B02,C00000,OpenTable,2,Cancelled
BK003229,2025-06-01,2025-06-07,20,B02,C03223,Phone,4,Completed
BK003230,2025-05-31,2025-06-07,18,B02,C00000,Website,2,Completed
BK003231,2025-06-01,2025-06-07,20,B02,C00000,Website,2,Completed
BK003232,2025-06-06,2025-06-08,18,B02,C03209,Website,5,Completed
BK003233,2025-06-04,2025-06-08,18,B02,C00000,Phone,1,Completed
BK003234,2025-05-30,2025-06-08,18,B02,C00000,Website,4,No-show
BK003235,2025-06-11,2025-06-12,13,B02,C01632,Website,2,Completed
BK003236,2025-06-12,2025-06-13,17,B02,C00000,OpenTable,2,Completed
BK003237,2025-06-08,2025-06-13,17,B02,C04096,Phone,2,Completed
BK003238,2025-06-13,2025-06-13,19,B02,C00063,OpenTable,2,Completed
BK003239,2025-06-09,2025-06-14,18,B02,C00000,OpenTable,4,Completed
BK003240,2025-06-06,2025-06-14,19,B02,C00000,Website,1,Completed
BK003241,2025-06-03,2025-06-14,19,B02,C02656,Phone,2,Completed
BK003242,2025-06-10,2025-06-15,20,B02,C00000,Website,8,Completed
BK003243,2025-05-30,2025-06-15,15,B02,C00000,Website,2,Completed
BK003244,2025-05-27,2025-06-15,21,B02,C00000,Phone,2,Completed
BK003245,2025-06-06,2025-06-15,14,B02,C00000,Phone,4,Completed
BK003246,2025-06-15,2025-06-15,12,B02,C00000,OpenTable,3,Completed
BK003247,2025-06-15,2025-06-16,21,B02,C03726,OpenTable,2,Completed
BK003248,2025-05-27,2025-06-16,21,B02,C00000,OpenTable,4,Cancelled
BK003249,2025-06-09,2025-06-18,18,B02,C00000,Phone,4,Completed
BK003250,2025-06-19,2025-06-19,16,B02,C00000,Phone,3,Completed
BK003251,2025-06-19,2025-06-19,16,B02,C00000,Website,2,Cancelled
BK003252,2025-05-31,2025-06-19,18,B02,C00000,OpenTable,1,Completed
BK003253,2025-06-14,2025-06-19,13,B02,C00000,Website,8,Completed
BK003254,2025-06-18,2025-06-20,14,B02,C03509,OpenTable,1,Completed
BK003255,2025-06-20,2025-06-20,18,B02,C03115,Website,2,Completed
BK003256,2025-06-15,2025-06-20,19,B02,C00000,OpenTable,2,Completed
BK003257,2025-06-20,2025-06-20,19,B02,C00000,Website,4,Completed
BK003258,2025-06-06,2025-06-20,19,B02,C00000,Website,4,No-show
BK003259,2025-06-14,2025-06-21,21,B02,C00000,Website,2,Completed
BK003260,2025-06-16,2025-06-21,22,B02,C00000,Phone,2,Completed
BK003261,2025-06-07,2025-06-21,18,B02,C00706,Phone,5,Completed
BK003262,2025-06-18,2025-06-22,19,B02,C03509,OpenTable,2,Completed
BK003263,2025-06-20,2025-06-22,19,B02,C00000,OpenTable,4,Cancelled
BK003264,2025-06-22,2025-06-22,17,B02,C00000,Website,4,Completed
BK003265,2025-06-18,2025-06-22,12,B02,C01868,Website,3,Completed
BK003266,2025-06-21,2025-06-22,21,B02,C00000,Website,2,Completed
BK003267,2025-06-17,2025-06-22,12,B02,C03450,Phone,8,Completed
BK003268,2025-06-19,2025-06-23,19,B02,C04105,Instagram,5,Completed
BK003269,2025-06-21,2025-06-23,20,B02,C00000,Website,4,Completed
BK003270,2025-06-06,2025-06-25,20,B02,C00000,OpenTable,4,Completed
BK003271,2025-06-21,2025-06-26,17,B02,C00000,OpenTable,2,Completed
BK003272,2025-06-26,2025-06-26,18,B02,C03340,OpenTable,1,Completed
BK003273,2025-06-13,2025-06-27,18,B02,C02753,Website,3,Completed
BK003274,2025-06-16,2025-06-28,19,B02,C00000,Website,2,Completed
BK003275,2025-06-20,2025-06-28,14,B02,C03223,Phone,4,Completed
BK003276,2025-06-21,2025-06-28,12,B02,C00000,Phone,4,Completed
BK003277,2025-06-27,2025-06-28,19,B02,C00000,Website,3,Completed
BK003278,2025-06-28,2025-06-29,21,B02,C00000,Instagram,2,Completed
BK003279,2025-06-29,2025-06-29,21,B02,C00000,Phone,4,Cancelled
BK003280,2025-06-28,2025-06-29,16,B02,C00000,OpenTable,6,Completed
BK003281,2025-06-26,2025-06-30,13,B02,C00000,OpenTable,2,Completed
BK003282,2025-06-24,2025-06-30,17,B02,C00000,OpenTable,2,Completed
BK003283,2025-06-16,2025-06-30,20,B02,C00000,Website,2,Completed
BK003284,2025-06-30,2025-06-30,14,B02,C03509,Website,4,Completed
BK003285,2025-06-26,2025-06-30,17,B02,C03509,Website,2,Completed
BK003286,2025-07-02,2025-07-02,19,B02,C00000,Website,1,Completed
BK003287,2025-06-29,2025-07-02,17,B02,C04356,OpenTable,5,Completed
BK003288,2025-06-19,2025-07-02,17,B02,C00000,Phone,4,No-show
BK003289,2025-06-21,2025-07-02,12,B02,C00000,Website,2,Completed
BK003290,2025-06-30,2025-07-02,19,B02,C03726,Instagram,4,Completed
BK003291,2025-06-30,2025-07-02,19,B02,C00000,Instagram,2,No-show
BK003292,2025-06-25,2025-07-02,12,B02,C04557,OpenTable,1,Completed
BK003293,2025-06-21,2025-07-03,12,B02,C00000,OpenTable,2,Completed
BK003294,2025-06-30,2025-07-04,18,B02,C00000,Website,2,Completed
BK003295,2025-07-02,2025-07-04,18,B02,C03509,Website,2,Completed
BK003296,2025-06-30,2025-07-04,18,B02,C00000,Website,4,No-show
BK003297,2025-06-22,2025-07-04,12,B02,C00000,OpenTable,1,Completed
BK003298,2025-06-24,2025-07-04,19,B02,C00000,OpenTable,7,Completed
BK003299,2025-06-26,2025-07-05,19,B02,C00000,Website,4,Completed
BK003300,2025-07-04,2025-07-05,17,B02,C00000,OpenTable,6,Completed
BK003301,2025-07-03,2025-07-05,12,B02,C00000,OpenTable,3,Completed
BK003302,2025-07-05,2025-07-06,14,B02,C01696,OpenTable,1,Completed
BK003303,2025-06-28,2025-07-06,21,B02,C03240,Website,8,Completed
BK003304,2025-07-03,2025-07-06,18,B02,C00000,Website,1,Completed
BK003305,2025-07-07,2025-07-07,21,B02,C01897,Phone,8,Completed
BK003306,2025-07-07,2025-07-09,18,B02,C04159,Website,2,Completed
BK003307,2025-07-04,2025-07-09,13,B02,C00000,Website,4,Completed
BK003308,2025-07-04,2025-07-10,19,B02,C00000,Phone,2,Completed
BK003309,2025-06-26,2025-07-10,22,B02,C00000,Website,2,Completed
BK003310,2025-07-08,2025-07-11,22,B02,C03726,Website,1,Completed
BK003311,2025-06-08,2025-07-11,21,B02,C02929,Website,7,Completed
BK003312,2025-07-11,2025-07-11,18,B02,C03565,OpenTable,4,Completed
BK003313,2025-07-11,2025-07-11,18,B02,C00000,Website,4,Cancelled
BK003314,2025-07-09,2025-07-11,19,B02,C03509,Phone,2,Completed
BK003315,2025-07-07,2025-07-11,18,B02,C00000,OpenTable,2,Completed
BK003316,2025-07-09,2025-07-12,21,B02,C00000,Phone,4,Completed
BK003317,2025-06-13,2025-07-12,21,B02,C00000,Phone,2,No-show
BK003318,2025-05-31,2025-07-12,21,B02,C00000,OpenTable,1,Completed
BK003319,2025-07-05,2025-07-12,21,B02,C00000,OpenTable,2,Cancelled
BK003320,2025-07-11,2025-07-12,21,B02,C00000,Instagram,2,Completed
BK003321,2025-07-06,2025-07-12,13,B02,C00000,Phone,5,Completed
BK003322,2025-07-10,2025-07-12,21,B02,C04403,Website,5,Completed
BK003323,2025-07-09,2025-07-12,21,B02,C00000,Website,1,No-show
BK003324,2025-07-07,2025-07-12,13,B02,C00000,Website,5,Completed
BK003325,2025-07-02,2025-07-12,13,B02,C00000,OpenTable,2,Cancelled
BK003326,2025-07-05,2025-07-12,14,B02,C04825,OpenTable,2,Completed
BK003327,2025-07-05,2025-07-12,14,B02,C00000,OpenTable,1,No-show
BK003328,2025-07-01,2025-07-12,17,B02,C00917,OpenTable,2,Completed
BK003329,2025-07-11,2025-07-12,17,B02,C00000,Phone,7,No-show
BK003330,2025-06-20,2025-07-13,21,B02,C03509,OpenTable,2,Completed
BK003331,2025-07-07,2025-07-13,20,B02,C00000,OpenTable,3,Completed
BK003332,2025-07-11,2025-07-13,21,B02,C00000,Instagram,8,Completed
BK003333,2025-07-13,2025-07-14,18,B02,C03726,Website,4,Completed
BK003334,2025-06-25,2025-07-16,22,B02,C00000,OpenTable,6,Completed
BK003335,2025-07-15,2025-07-17,19,B02,C01241,OpenTable,3,Completed
BK003336,2025-07-07,2025-07-17,12,B02,C00000,Instagram,8,Completed
BK003337,2025-07-16,2025-07-18,20,B02,C00000,Website,1,Completed
BK003338,2025-07-03,2025-07-18,20,B02,C00000,OpenTable,7,No-show
BK003339,2025-07-12,2025-07-18,19,B02,C00000,Website,2,Completed
BK003340,2025-07-18,2025-07-18,20,B02,C03509,OpenTable,5,Completed
BK003341,2025-07-13,2025-07-18,13,B02,C00000,OpenTable,5,Completed
BK003342,2025-07-18,2025-07-18,15,B02,C00000,Website,3,Completed
BK003343,2025-07-04,2025-07-18,15,B02,C00000,OpenTable,7,No-show
BK003344,2025-07-12,2025-07-18,21,B02,C00000,Website,3,Completed
BK003345,2025-07-11,2025-07-19,19,B02,C00000,Website,2,Completed
BK003346,2025-07-19,2025-07-19,18,B02,C00000,Website,4,Completed
BK003347,2025-07-12,2025-07-19,18,B02,C00000,Phone,4,Cancelled
BK003348,2025-07-17,2025-07-19,22,B02,C00000,Website,4,Completed
BK003349,2025-07-04,2025-07-19,22,B02,C01599,OpenTable,2,Completed
BK003350,2025-07-20,2025-07-20,13,B02,C00000,Phone,5,Completed
BK003351,2025-07-20,2025-07-20,13,B02,C00000,OpenTable,1,Cancelled
BK003352,2025-07-13,2025-07-20,18,B02,C04778,Website,1,Completed
BK003353,2025-07-20,2025-07-20,20,B02,C03223,OpenTable,2,Completed
BK003354,2025-07-18,2025-07-20,22,B02,C00000,Website,2,Completed
BK003355,2025-06-13,2025-07-20,19,B02,C00000,Website,4,Completed
BK003356,2025-07-19,2025-07-21,22,B02,C00000,OpenTable,2,Completed
BK003357,2025-07-21,2025-07-24,18,B02,C00000,Phone,4,Completed
BK003358,2025-07-24,2025-07-25,17,B02,C00000,OpenTable,2,Completed
BK003359,2025-07-18,2025-07-25,21,B02,C03691,Instagram,5,Completed
BK003360,2025-07-23,2025-07-25,19,B02,C03509,Phone,2,Completed
BK003361,2025-07-20,2025-07-25,13,B02,C03873,Website,2,Completed
BK003362,2025-07-21,2025-07-25,17,B02,C01259,Website,2,Completed
BK003363,2025-07-18,2025-07-25,17,B02,C00000,Website,2,No-show
BK003364,2025-07-26,2025-07-26,17,B02,C00000,Website,1,Completed
BK003365,2025-07-26,2025-07-26,19,B02,C00000,OpenTable,2,Completed
BK003366,2025-07-23,2025-07-26,12,B02,C03509,Phone,1,Completed
BK003367,2025-07-23,2025-07-26,19,B02,C01354,Website,1,Completed
BK003368,2025-07-26,2025-07-27,21,B02,C00000,OpenTable,2,Completed
BK003369,2025-07-15,2025-07-27,14,B02,C00000,Instagram,4,Completed
BK003370,2025-07-09,2025-07-27,14,B02,C00000,OpenTable,4,Completed
BK003371,2025-07-19,2025-07-28,22,B02,C00897,Phone,2,Completed
BK003372,2025-07-26,2025-07-28,22,B02,C00000,Website,8,No-show
BK003373,2025-07-22,2025-07-28,14,B02,C00000,OpenTable,4,Completed
BK003374,2025-07-20,2025-07-30,22,B02,C00000,Website,2,Completed
BK003375,2025-07-29,2025-07-30,12,B02,C01163,Website,2,Completed
BK003376,2025-07-27,2025-07-31,21,B02,C00000,Phone,3,Completed
BK003377,2025-07-23,2025-07-31,17,B02,C00000,Website,2,Completed
BK003378,2025-07-25,2025-07-31,12,B02,C00000,Website,8,Completed
BK003379,2025-07-27,2025-07-31,12,B02,C00000,Website,4,Cancelled
BK003380,2025-07-29,2025-07-31,20,B02,C03405,Website,3,Completed
BK003381,2025-08-01,2025-08-01,19,B02,C00000,OpenTable,4,Completed
BK003382,2025-08-01,2025-08-01,19,B02,C00000,Phone,4,Completed
BK003383,2025-07-23,2025-08-01,17,B02,C03509,OpenTable,2,Completed
BK003384,2025-08-01,2025-08-01,17,B02,C03115,Website,2,Completed
BK003385,2025-07-29,2025-08-01,18,B02,C00000,OpenTable,2,Completed
BK003386,2025-07-28,2025-08-02,12,B02,C01897,Website,5,Completed
BK003387,2025-08-01,2025-08-02,12,B02,C00000,Website,4,No-show
BK003388,2025-07-31,2025-08-02,20,B02,C03817,Instagram,6,Completed
BK003389,2025-07-19,2025-08-02,21,B02,C02499,Website,6,Completed
BK003390,2025-07-16,2025-08-02,20,B02,C00000,Website,4,Completed
BK003391,2025-07-31,2025-08-02,20,B02,C00000,Website,4,No-show
BK003392,2025-07-31,2025-08-02,20,B02,C00000,Phone,6,Cancelled
BK003393,2025-07-31,2025-08-02,17,B02,C00000,Phone,3,Completed
BK003394,2025-07-30,2025-08-02,19,B02,C00000,Phone,1,Completed
BK003395,2025-07-19,2025-08-02,19,B02,C00000,Website,5,No-show
BK003396,2025-08-02,2025-08-02,12,B02,C03509,Website,3,Completed
BK003397,2025-07-25,2025-08-02,12,B02,C00000,Website,5,Cancelled
BK003398,2025-07-29,2025-08-03,22,B02,C00000,Website,4,Completed
BK003399,2025-07-20,2025-08-03,19,B02,C03726,Website,2,Completed
BK003400,2025-07-27,2025-08-03,19,B02,C00000,OpenTable,2,Completed
BK003401,2025-07-31,2025-08-03,17,B02,C00000,OpenTable,2,Completed
BK003402,2025-08-02,2025-08-03,17,B02,C00000,Website,3,Cancelled
BK003403,2025-08-03,2025-08-03,20,B02,C00000,Website,2,Completed
BK003404,2025-07-31,2025-08-04,13,B02,C00000,Website,2,Completed
BK003405,2025-08-04,2025-08-04,13,B02,C00000,Website,5,No-show
BK003406,2025-07-27,2025-08-04,19,B02,C00000,Website,5,Completed
BK003407,2025-08-04,2025-08-06,19,B02,C00447,OpenTable,2,Completed
BK003408,2025-08-07,2025-08-07,19,B02,C00000,OpenTable,4,Completed
BK003409,2025-08-06,2025-08-07,20,B02,C00928,Website,2,Completed
BK003410,2025-06-30,2025-08-07,19,B02,C00000,OpenTable,2,Completed
BK003411,2025-08-07,2025-08-07,20,B02,C00000,Phone,6,Completed
BK003412,2025-08-07,2025-08-07,21,B02,C00000,OpenTable,2,Completed
BK003413,2025-08-05,2025-08-07,17,B02,C00000,Phone,2,Completed
BK003414,2025-08-06,2025-08-07,13,B02,C00000,Website,5,Completed
BK003415,2025-08-02,2025-08-08,13,B02,C03509,Website,2,Completed
BK003416,2025-08-03,2025-08-08,17,B02,C00000,Phone,4,Completed
BK003417,2025-08-06,2025-08-08,15,B02,C00000,Phone,1,Completed
BK003418,2025-08-08,2025-08-08,21,B02,C00000,Website,3,Completed
BK003419,2025-08-01,2025-08-09,21,B02,C00000,Website,1,Completed
BK003420,2025-07-31,2025-08-09,20,B02,C00000,Website,2,Completed
BK003421,2025-08-08,2025-08-09,20,B02,C00000,Website,3,No-show
BK003422,2025-08-08,2025-08-09,20,B02,C00000,Website,7,Completed
BK003423,2025-08-10,2025-08-10,21,B02,C00000,Website,4,Completed
BK003424,2025-08-07,2025-08-10,15,B02,C01486,OpenTable,3,Completed
BK003425,2025-08-08,2025-08-10,15,B02,C00000,Website,2,No-show
BK003426,2025-08-10,2025-08-11,20,B02,C03223,Website,4,Completed
BK003427,2025-08-11,2025-08-14,18,B02,C01897,OpenTable,3,Completed
BK003428,2025-08-08,2025-08-14,20,B02,C00000,Phone,3,Completed
BK003429,2025-08-08,2025-08-14,22,B02,C00000,Website,2,Completed
BK003430,2025-08-14,2025-08-14,17,B02,C01016,Phone,2,Completed
BK003431,2025-08-08,2025-08-15,17,B02,C00000,Website,3,Completed
BK003432,2025-08-13,2025-08-15,19,B02,C01674,OpenTable,2,Completed
BK003433,2025-08-02,2025-08-16,18,B02,C03115,Instagram,1,Completed
BK003434,2025-07-18,2025-08-16,18,B02,C00000,OpenTable,5,Cancelled
BK003435,2025-08-11,2025-08-16,20,B02,C00000,Phone,2,Completed
BK003436,2025-08-14,2025-08-16,13,B02,C00000,Website,2,Completed
BK003437,2025-08-10,2025-08-17,14,B02,C00000,OpenTable,4,Completed
BK003438,2025-08-13,2025-08-17,19,B02,C00000,OpenTable,4,Completed
BK003439,2025-08-12,2025-08-17,19,B02,C00000,OpenTable,3,Completed
BK003440,2025-08-14,2025-08-17,14,B02,C02957,OpenTable,7,Completed
BK003441,2025-08-18,2025-08-18,20,B02,C03509,OpenTable,2,Completed
BK003442,2025-08-13,2025-08-18,20,B02,C00000,OpenTable,1,Cancelled
BK003443,2025-08-17,2025-08-18,13,B02,C00000,Instagram,1,Completed
BK003444,2025-08-14,2025-08-20,21,B02,C00000,Website,4,Completed
BK003445,2025-08-14,2025-08-20,22,B02,C01646,OpenTable,2,Completed
BK003446,2025-08-16,2025-08-20,19,B02,C00000,Phone,6,Completed
BK003447,2025-08-14,2025-08-20,19,B02,C00000,OpenTable,2,No-show
BK003448,2025-08-12,2025-08-20,22,B02,C00000,Website,3,Completed
BK003449,2025-08-20,2025-08-21,19,B02,C00000,Website,5,Completed
BK003450,2025-08-15,2025-08-21,12,B02,C00000,Website,1,Completed
BK003451,2025-08-12,2025-08-21,19,B02,C01897,OpenTable,4,Completed
BK003452,2025-08-15,2025-08-21,13,B02,C00000,Website,2,Completed
BK003453,2025-08-16,2025-08-21,12,B02,C03509,Phone,4,Completed
BK003454,2025-08-18,2025-08-21,12,B02,C00000,OpenTable,7,No-show
BK003455,2025-08-21,2025-08-22,17,B02,C02308,Website,4,Completed
BK003456,2025-08-21,2025-08-22,22,B02,C03223,Website,1,Completed
BK003457,2025-08-18,2025-08-23,19,B02,C00000,Website,8,Completed
BK003458,2025-08-22,2025-08-23,19,B02,C00000,Website,2,Completed
BK003459,2025-08-22,2025-08-23,19,B02,C02408,OpenTable,2,Completed
BK003460,2025-08-19,2025-08-23,19,B02,C00000,Website,2,Completed
BK003461,2025-08-22,2025-08-23,14,B02,C00000,Website,3,Completed
BK003462,2025-08-17,2025-08-23,14,B02,C00000,Website,2,No-show
BK003463,2025-08-17,2025-08-23,14,B02,C00000,Phone,2,Cancelled
BK003464,2025-08-16,2025-08-23,21,B02,C03726,OpenTable,3,Completed
BK003465,2025-08-23,2025-08-23,21,B02,C00000,Website,2,No-show
BK003466,2025-08-23,2025-08-23,13,B02,C00000,OpenTable,2,Completed
BK003467,2025-08-19,2025-08-24,19,B02,C00000,OpenTable,1,Completed
BK003468,2025-08-17,2025-08-24,20,B02,C00000,Phone,2,Completed
BK003469,2025-08-24,2025-08-24,20,B02,C00000,OpenTable,2,Completed
BK003470,2025-08-16,2025-08-25,18,B02,C00000,Phone,3,Completed
BK003471,2025-08-15,2025-08-25,18,B02,C00000,Instagram,5,Cancelled
BK003472,2025-08-25,2025-08-25,20,B02,C00000,Website,3,Completed
BK003473,2025-08-26,2025-08-27,20,B02,C00000,OpenTable,1,Completed
BK003474,2025-08-22,2025-08-27,18,B02,C03509,OpenTable,2,Completed
BK003475,2025-08-25,2025-08-28,20,B02,C00000,Phone,4,Completed
BK003476,2025-08-26,2025-08-29,19,B02,C04217,Website,2,Completed
BK003477,2025-08-22,2025-08-29,18,B02,C00000,Website,1,Completed
BK003478,2025-08-15,2025-08-29,18,B02,C03620,Phone,8,Completed
BK003479,2025-08-24,2025-08-30,19,B02,C02408,Website,3,Completed
BK003480,2025-08-18,2025-08-30,19,B02,C04096,Website,1,Completed
BK003481,2025-08-23,2025-08-30,16,B02,C04106,Phone,4,Completed
BK003482,2025-08-15,2025-08-30,16,B02,C00000,OpenTable,2,Cancelled
BK003483,2025-08-30,2025-08-30,13,B02,C00000,OpenTable,2,Completed
BK003484,2025-08-12,2025-08-30,13,B02,C00000,OpenTable,2,Completed
BK003485,2025-08-22,2025-08-30,21,B02,C00000,Website,2,Completed
BK003486,2025-08-31,2025-08-31,22,B02,C00182,Phone,6,Completed
BK003487,2025-08-27,2025-08-31,17,B02,C00000,Website,1,Completed
BK003488,2025-08-29,2025-08-31,17,B02,C00000,OpenTable,6,Completed
BK003489,2025-08-28,2025-08-31,19,B02,C00000,OpenTable,2,Completed
BK003490,2025-08-30,2025-09-03,22,B02,C04585,OpenTable,2,Completed
BK003491,2025-09-02,2025-09-03,16,B02,C00000,Phone,1,Completed
BK003492,2025-08-29,2025-09-03,21,B02,C04005,Website,2,Completed
BK003493,2025-08-28,2025-09-03,12,B02,C00000,Website,2,Completed
BK003494,2025-08-21,2025-09-03,18,B02,C00000,Instagram,2,Completed
BK003495,2025-08-21,2025-09-04,19,B02,C00000,Website,8,Completed
BK003496,2025-09-05,2025-09-05,20,B02,C00000,Website,2,Completed
BK003497,2025-09-05,2025-09-05,20,B02,C00000,OpenTable,4,Completed
BK003498,2025-08-22,2025-09-05,18,B02,C00000,Website,2,Completed
BK003499,2025-09-01,2025-09-05,14,B02,C04778,Website,4,Completed
BK003500,2025-09-06,2025-09-06,15,B02,C00000,Website,3,Completed
BK003501,2025-09-01,2025-09-06,17,B02,C00000,Instagram,3,Completed
BK003502,2025-09-02,2025-09-06,19,B02,C00000,OpenTable,3,Completed
BK003503,2025-09-07,2025-09-07,21,B02,C00000,OpenTable,4,Completed
BK003504,2025-08-28,2025-09-07,21,B02,C00000,Website,3,Cancelled
BK003505,2025-08-26,2025-09-08,20,B02,C00000,Website,3,Completed
BK003506,2025-09-09,2025-09-10,12,B02,C00000,Phone,5,Completed
BK003507,2025-09-10,2025-09-10,19,B02,C00000,OpenTable,4,Completed
BK003508,2025-08-30,2025-09-10,20,B02,C00000,Phone,2,Completed
BK003509,2025-08-31,2025-09-10,18,B02,C00000,OpenTable,4,Completed
BK003510,2025-09-09,2025-09-10,21,B02,C01897,Website,1,Completed
BK003511,2025-09-09,2025-09-11,20,B02,C00000,OpenTable,3,Completed
BK003512,2025-09-12,2025-09-12,22,B02,C00000,Phone,2,Completed
BK003513,2025-09-10,2025-09-12,22,B02,C00000,Phone,4,Completed
BK003514,2025-09-13,2025-09-13,17,B02,C04348,Website,4,Completed
BK003515,2025-09-09,2025-09-13,17,B02,C00000,OpenTable,2,No-show
BK003516,2025-09-08,2025-09-13,19,B02,C00000,Website,8,Completed
BK003517,2025-09-12,2025-09-13,20,B02,C00000,Website,7,Completed
BK003518,2025-09-14,2025-09-14,13,B02,C00000,Phone,2,Completed
BK003519,2025-09-06,2025-09-14,18,B02,C00000,Website,2,Completed
BK003520,2025-09-03,2025-09-14,18,B02,C00000,Website,4,Cancelled
BK003521,2025-09-14,2025-09-14,19,B02,C03223,Website,2,Completed
BK003522,2025-09-08,2025-09-14,18,B02,C00000,Website,4,Completed
BK003523,2025-09-17,2025-09-17,18,B02,C00000,OpenTable,5,Completed
BK003524,2025-09-12,2025-09-17,20,B02,C00007,Website,4,Completed
BK003525,2025-09-16,2025-09-17,19,B02,C04778,Website,2,Completed
BK003526,2025-09-15,2025-09-18,21,B02,C00000,Instagram,6,Completed
BK003527,2025-09-17,2025-09-18,21,B02,C00000,OpenTable,4,Cancelled
BK003528,2025-09-13,2025-09-18,20,B02,C03726,Website,2,Completed
BK003529,2025-09-14,2025-09-18,20,B02,C00000,OpenTable,5,Completed
BK003530,2025-09-14,2025-09-18,19,B02,C01885,Phone,2,Completed
BK003531,2025-09-16,2025-09-18,22,B02,C00000,Website,3,Completed
BK003532,2025-09-14,2025-09-18,22,B02,C00000,Website,2,No-show
BK003533,2025-09-19,2025-09-19,20,B02,C04115,Phone,3,Completed
BK003534,2025-09-19,2025-09-19,13,B02,C00000,Website,2,Completed
BK003535,2025-09-14,2025-09-19,18,B02,C00000,Website,6,Completed
BK003536,2025-09-18,2025-09-19,18,B02,C00000,Phone,2,Cancelled
BK003537,2025-09-10,2025-09-19,18,B02,C00000,OpenTable,6,Completed
BK003538,2025-09-19,2025-09-19,18,B02,C00000,Website,4,Cancelled
BK003539,2025-09-14,2025-09-20,13,B02,C04348,Phone,5,Completed
BK003540,2025-09-20,2025-09-20,18,B02,C01115,OpenTable,6,Completed
BK003541,2025-09-16,2025-09-20,19,B02,C00000,OpenTable,8,Completed
BK003542,2025-09-16,2025-09-21,20,B02,C00000,Website,1,Completed
BK003543,2025-09-12,2025-09-22,22,B02,C01897,OpenTable,3,Completed
BK003544,2025-09-20,2025-09-22,22,B02,C00000,Website,4,Cancelled
BK003545,2025-09-23,2025-09-24,20,B02,C00000,Phone,2,Completed
BK003546,2025-09-09,2025-09-24,20,B02,C00000,Phone,4,Cancelled
BK003547,2025-09-25,2025-09-25,14,B02,C02408,OpenTable,1,Completed
BK003548,2025-09-07,2025-09-26,21,B02,C03509,Website,6,Completed
BK003549,2025-09-25,2025-09-27,18,B02,C02221,Website,3,Completed
BK003550,2025-09-22,2025-09-27,18,B02,C00000,Website,6,No-show
BK003551,2025-09-14,2025-09-27,13,B02,C00000,Instagram,3,Completed
BK003552,2025-09-21,2025-09-28,20,B02,C02374,OpenTable,6,Completed
BK003553,2025-09-28,2025-09-29,20,B02,C03511,OpenTable,5,Completed
BK003554,2025-09-27,2025-09-29,19,B02,C01400,OpenTable,2,Completed
BK003555,2025-09-28,2025-10-01,18,B02,C00000,Website,6,Completed
BK003556,2025-09-27,2025-10-01,20,B02,C02929,OpenTable,4,Completed
BK003557,2025-10-01,2025-10-02,19,B02,C00000,OpenTable,2,Completed
BK003558,2025-10-01,2025-10-02,19,B02,C00000,OpenTable,3,Cancelled
BK003559,2025-09-19,2025-10-03,17,B02,C00000,Website,4,Completed
BK003560,2025-09-30,2025-10-03,13,B02,C00000,Website,4,Completed
BK003561,2025-09-23,2025-10-04,12,B02,C00000,Website,3,Completed
BK003562,2025-09-26,2025-10-04,20,B02,C00000,OpenTable,2,Completed
BK003563,2025-10-04,2025-10-04,20,B02,C00000,Phone,3,Cancelled
BK003564,2025-10-03,2025-10-04,15,B02,C03509,Phone,2,Completed
BK003565,2025-10-05,2025-10-05,20,B02,C00000,Website,4,Completed
BK003566,2025-09-26,2025-10-05,18,B02,C00000,Website,3,Completed
BK003567,2025-10-02,2025-10-05,20,B02,C00000,Website,4,Completed
BK003568,2025-09-30,2025-10-05,18,B02,C03509,OpenTable,2,Completed
BK003569,2025-10-04,2025-10-05,20,B02,C00000,Website,2,Completed
BK003570,2025-10-04,2025-10-06,13,B02,C00840,Website,2,Completed
BK003571,2025-09-27,2025-10-06,19,B02,C02375,Website,2,Completed
BK003572,2025-10-08,2025-10-08,14,B02,C03223,Website,6,Completed
BK003573,2025-10-08,2025-10-09,20,B02,C00000,Phone,6,Completed
BK003574,2025-10-04,2025-10-10,19,B02,C00000,Phone,4,Completed
BK003575,2025-09-27,2025-10-10,18,B02,C00000,Website,7,Completed
BK003576,2025-10-04,2025-10-10,20,B02,C00000,Website,1,Completed
BK003577,2025-10-05,2025-10-10,14,B02,C00000,Phone,3,Completed
BK003578,2025-10-09,2025-10-11,22,B02,C01885,OpenTable,1,Completed
BK003579,2025-10-07,2025-10-11,20,B02,C00000,Website,7,Completed
BK003580,2025-10-09,2025-10-11,18,B02,C00000,Website,4,Completed
BK003581,2025-10-04,2025-10-11,18,B02,C00000,Phone,2,No-show
BK003582,2025-10-07,2025-10-11,20,B02,C00000,Instagram,2,Completed
BK003583,2025-09-29,2025-10-11,19,B02,C03873,Phone,3,Completed
BK003584,2025-10-08,2025-10-11,19,B02,C00000,Website,2,Cancelled
BK003585,2025-09-23,2025-10-11,20,B02,C00000,Website,4,Completed
BK003586,2025-09-29,2025-10-12,22,B02,C04652,OpenTable,4,Completed
BK003587,2025-10-01,2025-10-12,22,B02,C00000,Website,2,Cancelled
BK003588,2025-10-11,2025-10-12,19,B02,C00000,Website,2,Completed
BK003589,2025-10-08,2025-10-15,14,B02,C00000,OpenTable,4,Completed
BK003590,2025-10-06,2025-10-15,17,B02,C00000,Phone,5,Completed
BK003591,2025-10-14,2025-10-16,13,B02,C00000,OpenTable,4,Completed
BK003592,2025-10-15,2025-10-16,20,B02,C00000,Phone,3,Completed
BK003593,2025-10-15,2025-10-17,20,B02,C04096,Phone,3,Completed
BK003594,2025-10-12,2025-10-17,20,B02,C00000,Phone,5,No-show
BK003595,2025-10-16,2025-10-17,18,B02,C00000,OpenTable,3,Completed
BK003596,2025-10-11,2025-10-18,13,B02,C02408,OpenTable,2,Completed
BK003597,2025-10-09,2025-10-18,22,B02,C00000,Website,2,Completed
BK003598,2025-10-06,2025-10-19,21,B02,C00000,OpenTable,1,Completed
BK003599,2025-10-15,2025-10-19,19,B02,C04895,OpenTable,4,Completed
BK003600,2025-10-15,2025-10-19,13,B02,C00000,Website,3,Completed
BK003601,2025-10-10,2025-10-19,20,B02,C03509,Website,1,Completed
BK003602,2025-10-08,2025-10-19,20,B02,C00000,OpenTable,7,No-show
BK003603,2025-10-15,2025-10-19,20,B02,C00000,Website,5,Completed
BK003604,2025-10-17,2025-10-23,20,B02,C00000,Website,2,Completed
BK003605,2025-10-17,2025-10-23,19,B02,C00000,Phone,5,Completed
BK003606,2025-10-11,2025-10-23,16,B02,C00000,Website,3,Completed
BK003607,2025-10-22,2025-10-24,12,B02,C00000,Website,4,Completed
BK003608,2025-10-24,2025-10-24,18,B02,C00447,OpenTable,3,Completed
BK003609,2025-10-21,2025-10-24,15,B02,C04652,Website,2,Completed
BK003610,2025-10-21,2025-10-24,13,B02,C00000,Website,3,Completed
BK003611,2025-10-04,2025-10-24,13,B02,C00000,Phone,4,Cancelled
BK003612,2025-10-21,2025-10-24,20,B02,C03223,OpenTable,4,Completed
BK003613,2025-10-21,2025-10-24,18,B02,C00000,Phone,2,Completed
BK003614,2025-10-23,2025-10-25,21,B02,C00000,Instagram,2,Completed
BK003615,2025-10-21,2025-10-25,21,B02,C00000,OpenTable,1,Cancelled
BK003616,2025-10-19,2025-10-25,20,B02,C03509,OpenTable,2,Completed
BK003617,2025-10-23,2025-10-25,19,B02,C00000,Website,5,Completed
BK003618,2025-10-20,2025-10-26,19,B02,C03726,OpenTable,4,Completed
BK003619,2025-10-21,2025-10-27,14,B02,C00000,Website,2,Completed
BK003620,2025-10-26,2025-10-29,19,B02,C00000,OpenTable,2,Completed
BK003621,2025-10-26,2025-10-31,19,B02,C03046,Website,7,Completed
BK003622,2025-10-25,2025-10-31,12,B02,C00000,OpenTable,5,Completed
BK003623,2025-10-29,2025-10-31,14,B02,C00000,Website,6,Completed
BK003624,2025-10-30,2025-10-31,19,B02,C00000,Website,2,Completed
BK003625,2025-10-16,2025-10-31,21,B02,C03223,OpenTable,2,Completed
BK003626,2025-10-24,2025-10-31,21,B02,C01152,OpenTable,3,Completed
BK003627,2025-10-22,2025-10-31,12,B02,C00000,Phone,1,Completed
BK003628,2025-10-25,2025-11-01,12,B02,C00000,OpenTable,3,Completed
BK003629,2025-10-24,2025-11-01,12,B02,C00000,Website,2,Cancelled
BK003630,2025-10-26,2025-11-01,21,B02,C00000,OpenTable,4,Completed
BK003631,2025-11-01,2025-11-01,22,B02,C03115,Phone,1,Completed
BK003632,2025-10-30,2025-11-03,21,B02,C00000,Website,1,Completed
BK003633,2025-11-02,2025-11-03,22,B02,C01870,OpenTable,2,Completed
BK003634,2025-11-06,2025-11-06,21,B02,C00000,OpenTable,4,Completed
BK003635,2025-11-05,2025-11-06,21,B02,C00000,Website,1,Cancelled
BK003636,2025-11-01,2025-11-07,19,B02,C01150,Instagram,3,Completed
BK003637,2025-11-05,2025-11-07,20,B02,C00000,OpenTable,5,Completed
BK003638,2025-11-06,2025-11-08,14,B02,C00829,Phone,2,Completed
BK003639,2025-11-07,2025-11-09,18,B02,C03047,Website,4,Completed
BK003640,2025-11-04,2025-11-09,19,B02,C01400,OpenTable,2,Completed
BK003641,2025-11-03,2025-11-09,20,B02,C00000,Website,3,Completed
BK003642,2025-11-05,2025-11-09,20,B02,C00000,OpenTable,4,Cancelled
BK003643,2025-11-07,2025-11-09,20,B02,C00000,Website,3,Completed
BK003644,2025-11-06,2025-11-09,20,B02,C00000,Phone,4,No-show
BK003645,2025-11-03,2025-11-09,19,B02,C00000,OpenTable,7,Completed
BK003646,2025-11-04,2025-11-10,12,B02,C00840,OpenTable,5,Completed
BK003647,2025-10-16,2025-11-12,20,B02,C00000,Phone,8,Completed
BK003648,2025-11-04,2025-11-12,20,B02,C00000,OpenTable,2,Completed
BK003649,2025-11-08,2025-11-12,21,B02,C03828,Phone,2,Completed
BK003650,2025-11-11,2025-11-12,18,B02,C04804,Phone,4,Completed
BK003651,2025-11-10,2025-11-12,18,B02,C00000,OpenTable,4,No-show
BK003652,2025-11-13,2025-11-13,13,B02,C00000,OpenTable,8,Completed
BK003653,2025-11-12,2025-11-14,19,B02,C00000,Website,2,Completed
BK003654,2025-11-14,2025-11-14,12,B02,C00000,Website,6,Completed
BK003655,2025-11-09,2025-11-14,16,B02,C00000,OpenTable,3,Completed
BK003656,2025-11-13,2025-11-14,19,B02,C00000,Website,4,Completed
BK003657,2025-11-14,2025-11-14,19,B02,C00000,Website,6,Cancelled
BK003658,2025-11-06,2025-11-14,20,B02,C00000,Phone,4,Completed
BK003659,2025-10-30,2025-11-15,20,B02,C00000,Phone,2,Completed
BK003660,2025-11-15,2025-11-15,18,B02,C00000,OpenTable,4,Completed
BK003661,2025-11-11,2025-11-15,19,B02,C00000,OpenTable,6,Completed
BK003662,2025-11-10,2025-11-16,22,B02,C00000,Website,3,Completed
BK003663,2025-11-13,2025-11-17,20,B02,C00000,Website,1,Completed
BK003664,2025-11-17,2025-11-17,18,B02,C00000,OpenTable,4,Completed
BK003665,2025-11-14,2025-11-19,14,B02,C00000,Website,3,Completed
BK003666,2025-11-20,2025-11-20,21,B02,C00000,Phone,8,Completed
BK003667,2025-10-29,2025-11-20,22,B02,C00000,Website,8,Completed
BK003668,2025-11-13,2025-11-20,22,B02,C00000,Website,4,Cancelled
BK003669,2025-11-20,2025-11-20,13,B02,C00000,Phone,5,Completed
BK003670,2025-11-21,2025-11-21,20,B02,C00000,Website,3,Completed
BK003671,2025-11-20,2025-11-21,20,B02,C00000,Website,4,Cancelled
BK003672,2025-11-14,2025-11-21,18,B02,C03509,Website,2,Completed
BK003673,2025-11-18,2025-11-21,20,B02,C00000,Phone,4,Completed
BK003674,2025-11-20,2025-11-21,13,B02,C00000,Website,8,Completed
BK003675,2025-11-19,2025-11-22,20,B02,C00000,Phone,2,Completed
BK003676,2025-11-20,2025-11-22,18,B02,C01080,Website,2,Completed
BK003677,2025-11-13,2025-11-22,19,B02,C00000,OpenTable,3,Completed
BK003678,2025-11-22,2025-11-22,21,B02,C00000,Website,4,Completed
BK003679,2025-11-22,2025-11-22,18,B02,C02929,Website,1,Completed
BK003680,2025-11-20,2025-11-22,19,B02,C04652,Website,1,Completed
BK003681,2025-11-22,2025-11-23,20,B02,C00000,OpenTable,1,Completed
BK003682,2025-11-22,2025-11-23,14,B02,C00000,Phone,3,Completed
BK003683,2025-11-19,2025-11-23,14,B02,C00000,Website,2,Cancelled
BK003684,2025-11-23,2025-11-23,13,B02,C04557,Website,2,Completed
BK003685,2025-11-21,2025-11-23,18,B02,C00000,Website,3,Completed
BK003686,2025-11-23,2025-11-23,19,B02,C00000,Website,7,Completed
BK003687,2025-11-19,2025-11-23,20,B02,C00000,Website,2,Completed
BK003688,2025-11-22,2025-11-23,20,B02,C00000,Website,2,Cancelled
BK003689,2025-11-21,2025-11-24,12,B02,C00000,OpenTable,2,Completed
BK003690,2025-11-23,2025-11-24,20,B02,C00000,Website,1,Completed
BK003691,2025-11-20,2025-11-24,17,B02,C04187,Website,1,Completed
BK003692,2025-10-26,2025-11-24,17,B02,C00000,Website,3,Completed
BK003693,2025-11-12,2025-11-26,13,B02,C00000,Phone,4,Completed
BK003694,2025-11-19,2025-11-28,21,B02,C00000,Phone,2,Completed
BK003695,2025-11-29,2025-11-29,20,B02,C00016,Website,2,Completed
BK003696,2025-11-25,2025-11-29,19,B02,C03509,OpenTable,4,Completed
BK003697,2025-11-22,2025-11-29,19,B02,C00000,Phone,4,Cancelled
BK003698,2025-11-15,2025-11-29,18,B02,C00000,Website,3,Completed
BK003699,2025-11-23,2025-11-29,18,B02,C00000,Instagram,4,Cancelled
BK003700,2025-11-24,2025-11-29,21,B02,C00000,OpenTable,8,Completed
BK003701,2025-11-13,2025-11-29,21,B02,C00000,Phone,2,No-show
BK003702,2025-11-28,2025-11-29,21,B02,C00000,Website,5,Completed
BK003703,2025-11-29,2025-11-29,21,B02,C00000,Website,4,Completed
BK003704,2025-11-23,2025-11-29,20,B02,C00000,Phone,4,Completed
BK003705,2025-11-25,2025-11-29,22,B02,C00000,Website,2,Completed
BK003706,2025-11-26,2025-11-29,17,B02,C00000,OpenTable,2,Completed
BK003707,2025-11-27,2025-11-29,17,B02,C00000,Website,8,No-show
BK003708,2025-11-24,2025-11-29,17,B02,C00000,Phone,8,Cancelled
BK003709,2025-11-29,2025-11-29,17,B02,C03223,Website,2,Completed
BK003710,2025-11-25,2025-11-29,20,B02,C00000,Phone,1,Completed
BK003711,2025-11-29,2025-11-29,13,B02,C02364,Instagram,2,Completed
BK003712,2025-11-16,2025-11-29,17,B02,C00000,Website,2,Completed
BK003713,2025-11-24,2025-11-30,14,B02,C02886,Phone,3,Completed
BK003714,2025-11-24,2025-11-30,14,B02,C00000,Phone,1,Completed
BK003715,2025-11-28,2025-11-30,21,B02,C00000,Website,4,Completed
BK003716,2025-11-28,2025-11-30,18,B02,C00000,OpenTable,4,Completed
BK003717,2025-11-29,2025-11-30,18,B02,C00000,OpenTable,2,Cancelled
BK003718,2025-11-30,2025-11-30,22,B02,C03236,Website,2,Completed
BK003719,2025-11-16,2025-11-30,19,B02,C00000,Phone,4,Completed
BK003720,2025-11-25,2025-11-30,22,B02,C04096,OpenTable,3,Completed
BK003721,2025-11-09,2025-12-01,12,B02,C02595,Phone,2,Completed
BK003722,2025-11-14,2025-12-03,14,B02,C00000,Phone,3,Completed
BK003723,2025-11-30,2025-12-03,12,B02,C00000,OpenTable,3,Completed
BK003724,2025-11-30,2025-12-03,13,B02,C00000,OpenTable,4,Completed
BK003725,2025-12-03,2025-12-03,18,B02,C00000,Website,6,Completed
BK003726,2025-11-26,2025-12-04,13,B02,C03509,Website,3,Completed
BK003727,2025-12-01,2025-12-04,17,B02,C00000,Website,4,Completed
BK003728,2025-11-28,2025-12-04,21,B02,C02753,OpenTable,4,Completed
BK003729,2025-11-30,2025-12-05,19,B02,C03190,Website,4,Completed
BK003730,2025-12-03,2025-12-05,14,B02,C04005,OpenTable,1,Completed
BK003731,2025-11-27,2025-12-05,19,B02,C00000,Website,4,Completed
BK003732,2025-12-02,2025-12-05,19,B02,C00000,OpenTable,4,Completed
BK003733,2025-12-05,2025-12-06,18,B02,C00000,OpenTable,1,Completed
BK003734,2025-12-04,2025-12-06,22,B02,C00000,Website,2,Completed
BK003735,2025-12-06,2025-12-06,17,B02,C04096,Phone,5,Completed
BK003736,2025-12-06,2025-12-06,21,B02,C00000,Phone,1,Completed
BK003737,2025-11-24,2025-12-06,20,B02,C04096,Website,2,Completed
BK003738,2025-12-06,2025-12-06,12,B02,C00000,OpenTable,4,Completed
BK003739,2025-11-25,2025-12-06,20,B02,C00000,Phone,4,Completed
BK003740,2025-12-04,2025-12-07,19,B02,C03223,Website,3,Completed
BK003741,2025-12-03,2025-12-07,17,B02,C03223,OpenTable,4,Completed
BK003742,2025-12-07,2025-12-07,17,B02,C00000,Website,2,Cancelled
BK003743,2025-11-30,2025-12-07,18,B02,C00000,OpenTable,2,Completed
BK003744,2025-11-30,2025-12-07,12,B02,C00000,Website,5,Completed
BK003745,2025-12-07,2025-12-07,22,B02,C00901,Website,1,Completed
BK003746,2025-12-03,2025-12-07,22,B02,C00000,Phone,4,No-show
BK003747,2025-12-05,2025-12-07,21,B02,C00000,Phone,2,Completed
BK003748,2025-12-05,2025-12-08,15,B02,C00000,Website,1,Completed
BK003749,2025-12-03,2025-12-08,20,B02,C00000,Instagram,5,Completed
BK003750,2025-12-04,2025-12-08,12,B02,C00000,Website,3,Completed
BK003751,2025-12-07,2025-12-08,12,B02,C00000,Website,2,No-show
BK003752,2025-12-10,2025-12-10,20,B02,C03509,Phone,3,Completed
BK003753,2025-12-09,2025-12-10,20,B02,C00000,Website,5,Completed
BK003754,2025-12-07,2025-12-10,20,B02,C00000,Website,2,Completed
BK003755,2025-12-10,2025-12-10,19,B02,C00000,Website,2,Completed
BK003756,2025-12-10,2025-12-10,18,B02,C00000,OpenTable,3,Completed
BK003757,2025-12-09,2025-12-11,22,B02,C00000,OpenTable,7,Completed
BK003758,2025-12-11,2025-12-11,22,B02,C00000,Phone,3,Completed
BK003759,2025-12-09,2025-12-11,13,B02,C00000,Instagram,1,Completed
BK003760,2025-12-11,2025-12-12,12,B02,C01400,Website,3,Completed
BK003761,2025-12-10,2025-12-12,12,B02,C00000,OpenTable,2,No-show
BK003762,2025-12-08,2025-12-12,19,B02,C03223,Instagram,7,Completed
BK003763,2025-12-10,2025-12-12,21,B02,C04292,OpenTable,5,Completed
BK003764,2025-11-27,2025-12-12,13,B02,C00000,Phone,4,Completed
BK003765,2025-12-05,2025-12-12,19,B02,C00000,Website,2,Completed
BK003766,2025-11-25,2025-12-13,17,B02,C00000,Website,2,Completed
BK003767,2025-12-06,2025-12-13,18,B02,C00000,Website,2,Completed
BK003768,2025-12-04,2025-12-13,18,B02,C00000,Website,2,Completed
BK003769,2025-12-11,2025-12-13,13,B02,C03223,Website,2,Completed
BK003770,2025-12-08,2025-12-13,21,B02,C00000,Website,2,Completed
BK003771,2025-12-05,2025-12-14,19,B02,C00000,Phone,2,Completed
BK003772,2025-12-04,2025-12-14,17,B02,C00000,Website,1,Completed
BK003773,2025-12-11,2025-12-14,20,B02,C00632,OpenTable,3,Completed
BK003774,2025-12-10,2025-12-14,21,B02,C00000,OpenTable,6,Completed
BK003775,2025-12-12,2025-12-15,13,B02,C00000,Website,2,Completed
BK003776,2025-12-14,2025-12-15,19,B02,C03919,Website,2,Completed
BK003777,2025-12-07,2025-12-19,19,B02,C03115,Website,2,Completed
BK003778,2025-12-13,2025-12-19,19,B02,C00000,Phone,2,Completed
BK003779,2025-11-29,2025-12-19,19,B02,C00000,OpenTable,4,Cancelled
BK003780,2025-12-17,2025-12-20,18,B02,C00594,OpenTable,2,Completed
BK003781,2025-12-19,2025-12-20,21,B02,C00000,OpenTable,2,Completed
BK003782,2025-12-16,2025-12-21,20,B02,C03726,Phone,2,Completed
BK003783,2025-11-28,2025-12-21,20,B02,C00000,Website,5,Completed
BK003784,2025-12-17,2025-12-21,19,B02,C00000,Phone,2,Completed
BK003785,2025-12-13,2025-12-21,19,B02,C00000,OpenTable,4,Cancelled
BK003786,2025-12-20,2025-12-21,21,B02,C00265,OpenTable,2,Completed
BK003787,2025-12-20,2025-12-21,20,B02,C00000,OpenTable,2,Completed
BK003788,2025-12-15,2025-12-21,21,B02,C00000,Website,4,Completed
BK003789,2025-12-21,2025-12-21,22,B02,C00000,Website,3,Completed
BK003790,2025-12-20,2025-12-21,22,B02,C00000,Website,1,Cancelled
BK003791,2025-12-21,2025-12-21,12,B02,C00000,Website,4,Completed
BK003792,2025-11-22,2025-12-22,19,B02,C00000,Website,4,Completed
BK003793,2025-12-25,2025-12-27,19,B02,C03223,Phone,2,Completed
BK003794,2025-12-27,2025-12-27,19,B02,C00000,Phone,2,Cancelled
BK003795,2025-12-20,2025-12-27,13,B02,C00000,Website,7,Completed
BK003796,2025-12-28,2025-12-28,15,B02,C00000,Website,1,Completed
BK003797,2025-12-25,2025-12-28,21,B02,C00000,OpenTable,4,Completed
BK003798,2025-12-27,2025-12-28,21,B02,C00000,OpenTable,2,No-show
BK003799,2025-12-27,2026-01-01,22,B02,C00000,Website,2,Completed
BK003800,2025-12-30,2026-01-01,22,B02,C00475,Phone,5,Completed
BK003801,2026-01-02,2026-01-02,21,B02,C00000,Website,2,Completed
BK003802,2026-01-01,2026-01-03,19,B02,C03509,OpenTable,4,Completed
BK003803,2025-12-20,2026-01-03,12,B02,C00000,Instagram,1,Completed
BK003804,2025-12-31,2026-01-03,12,B02,C00000,Phone,3,No-show
BK003805,2025-12-23,2026-01-03,15,B02,C00000,Phone,2,Completed
BK003806,2025-12-27,2026-01-04,20,B02,C00000,Website,3,Completed
BK003807,2026-01-02,2026-01-07,21,B02,C00265,Website,6,Completed
BK003808,2026-01-05,2026-01-07,21,B02,C00000,Phone,5,Completed
BK003809,2026-01-07,2026-01-07,19,B02,C03223,OpenTable,6,Completed
BK003810,2026-01-05,2026-01-07,19,B02,C03223,OpenTable,4,Completed
BK003811,2026-01-05,2026-01-07,19,B02,C00000,Instagram,2,Completed
BK003812,2026-01-07,2026-01-08,17,B02,C02193,OpenTable,4,Completed
BK003813,2025-12-28,2026-01-08,21,B02,C00000,Website,2,Completed
BK003814,2026-01-08,2026-01-09,17,B02,C02928,OpenTable,2,Completed
BK003815,2026-01-06,2026-01-09,19,B02,C00000,Website,3,Completed
BK003816,2026-01-06,2026-01-10,22,B02,C00000,Website,1,Completed
BK003817,2026-01-05,2026-01-10,15,B02,C01219,OpenTable,6,Completed
BK003818,2026-01-11,2026-01-11,12,B02,C03574,OpenTable,1,Completed
BK003819,2026-01-10,2026-01-11,22,B02,C00000,Website,2,Completed
BK003820,2026-01-11,2026-01-11,21,B02,C00000,Phone,4,Completed
BK003821,2025-12-29,2026-01-12,13,B02,C00000,Instagram,2,Completed
BK003822,2026-01-13,2026-01-14,20,B02,C00000,Website,7,Completed
BK003823,2026-01-15,2026-01-16,18,B02,C03055,Phone,2,Completed
BK003824,2026-01-15,2026-01-16,21,B02,C04096,OpenTable,1,Completed
BK003825,2026-01-10,2026-01-16,21,B02,C00000,OpenTable,2,Completed
BK003826,2026-01-14,2026-01-16,21,B02,C00000,OpenTable,2,Completed
BK003827,2026-01-16,2026-01-17,19,B02,C00000,Website,1,Completed
BK003828,2026-01-15,2026-01-17,21,B02,C01897,Phone,5,Completed
BK003829,2026-01-02,2026-01-17,17,B02,C03223,Website,2,Completed
BK003830,2026-01-15,2026-01-17,18,B02,C00000,OpenTable,2,Completed
BK003831,2026-01-10,2026-01-17,18,B02,C00000,Website,3,No-show
BK003832,2026-01-10,2026-01-17,21,B02,C03509,Website,1,Completed
BK003833,2026-01-18,2026-01-18,21,B02,C00000,Phone,2,Completed
BK003834,2026-01-09,2026-01-18,12,B02,C03685,Phone,3,Completed
BK003835,2026-01-13,2026-01-18,19,B02,C00000,Website,4,Completed
BK003836,2026-01-13,2026-01-19,21,B02,C00000,Phone,2,Completed
BK003837,2026-01-21,2026-01-21,20,B02,C01696,OpenTable,3,Completed
BK003838,2026-01-21,2026-01-23,21,B02,C00000,Website,2,Completed
BK003839,2026-01-24,2026-01-24,22,B02,C03389,Instagram,1,Completed
BK003840,2026-01-24,2026-01-24,19,B02,C00000,Phone,2,Completed
BK003841,2026-01-22,2026-01-24,18,B02,C01533,OpenTable,1,Completed
BK003842,2026-01-15,2026-01-24,18,B02,C00000,Website,4,Cancelled
BK003843,2026-01-19,2026-01-24,19,B02,C00000,Website,3,Completed
BK003844,2026-01-19,2026-01-25,19,B02,C03126,OpenTable,4,Completed
BK003845,2026-01-14,2026-01-25,19,B02,C02701,Website,3,Completed
BK003846,2026-01-23,2026-01-28,22,B02,C00000,Phone,2,Completed
BK003847,2026-01-24,2026-01-28,17,B02,C00000,OpenTable,2,Completed
BK003848,2026-01-10,2026-01-29,19,B02,C00000,Phone,2,Completed
BK003849,2026-01-25,2026-01-29,21,B02,C00000,Website,6,Completed
BK003850,2026-01-26,2026-01-29,19,B02,C01135,Phone,2,Completed
BK003851,2026-01-19,2026-01-29,12,B02,C00000,Website,3,Completed
BK003852,2026-01-24,2026-01-30,13,B02,C03229,Website,2,Completed
BK003853,2026-01-28,2026-01-30,13,B02,C03509,OpenTable,1,Completed
BK003854,2026-01-21,2026-01-30,12,B02,C00000,Phone,2,Completed
BK003855,2026-01-30,2026-01-31,18,B02,C00000,Instagram,1,Completed
BK003856,2026-01-31,2026-01-31,19,B02,C00000,Website,4,Completed
BK003857,2026-01-19,2026-01-31,18,B02,C03509,Website,2,Completed
BK003858,2026-01-29,2026-01-31,19,B02,C00000,Website,6,Completed
BK003859,2026-01-23,2026-01-31,19,B02,C00000,Website,2,Cancelled
BK003860,2026-01-25,2026-01-31,22,B02,C00000,Website,2,Completed
BK003861,2026-01-29,2026-01-31,22,B02,C00000,Website,7,Cancelled
BK003862,2026-01-27,2026-02-01,22,B02,C00000,Website,4,Completed
BK003863,2026-02-01,2026-02-01,19,B02,C00086,OpenTable,2,Completed
BK003864,2026-01-27,2026-02-02,22,B02,C00000,Website,2,Completed
BK003865,2026-02-04,2026-02-04,12,B02,C00000,Website,5,Completed
BK003866,2026-01-23,2026-02-05,21,B02,C03888,Website,2,Completed
BK003867,2026-02-04,2026-02-05,21,B02,C00000,OpenTable,4,No-show
BK003868,2026-01-31,2026-02-05,21,B02,C00000,Website,4,Cancelled
BK003869,2026-02-05,2026-02-11,12,B02,C00000,Website,2,Completed
BK003870,2026-02-12,2026-02-12,20,B02,C03223,Website,3,Completed
BK003871,2026-02-09,2026-02-12,19,B02,C00000,Website,4,Completed
BK003872,2026-02-12,2026-02-12,22,B02,C00226,Website,6,Completed
BK003873,2026-02-05,2026-02-12,22,B02,C00000,Phone,3,Cancelled
BK003874,2026-02-10,2026-02-12,18,B02,C00000,OpenTable,3,Completed
BK003875,2026-02-01,2026-02-13,22,B02,C03059,Phone,5,Completed
BK003876,2026-02-13,2026-02-13,22,B02,C00000,Phone,2,Completed
BK003877,2026-02-13,2026-02-14,19,B02,C02408,Phone,4,Completed
BK003878,2026-02-06,2026-02-14,19,B02,C00000,OpenTable,2,No-show
BK003879,2026-02-13,2026-02-14,21,B02,C00000,OpenTable,2,Completed
BK003880,2026-02-10,2026-02-14,21,B02,C01634,Phone,2,Completed
BK003881,2026-01-10,2026-02-14,21,B02,C00000,Phone,2,Cancelled
BK003882,2026-02-06,2026-02-14,22,B02,C00000,OpenTable,2,Completed
BK003883,2026-02-15,2026-02-15,12,B02,C00000,Website,2,Completed
BK003884,2026-02-01,2026-02-15,21,B02,C03726,Phone,4,Completed
BK003885,2026-02-14,2026-02-15,22,B02,C02839,Phone,3,Completed
BK003886,2026-02-12,2026-02-16,21,B02,C00000,Website,2,Completed
BK003887,2026-02-07,2026-02-18,18,B02,C03774,Website,3,Completed
BK003888,2026-02-17,2026-02-19,21,B02,C00000,Instagram,2,Completed
BK003889,2026-02-01,2026-02-19,19,B02,C00405,Website,1,Completed
BK003890,2026-02-18,2026-02-19,17,B02,C00000,Phone,1,Completed
BK003891,2026-02-15,2026-02-19,15,B02,C00000,Website,5,Completed
BK003892,2026-02-13,2026-02-20,22,B02,C00000,Website,5,Completed
BK003893,2026-02-16,2026-02-20,22,B02,C00000,OpenTable,2,Cancelled
BK003894,2026-02-19,2026-02-21,21,B02,C00000,OpenTable,1,Completed
BK003895,2026-02-19,2026-02-21,18,B02,C03509,Website,1,Completed
BK003896,2026-02-15,2026-02-22,18,B02,C00000,Website,2,Completed
BK003897,2026-02-22,2026-02-22,19,B02,C00000,Website,2,Completed
BK003898,2026-02-13,2026-02-22,19,B02,C00000,OpenTable,3,Completed
BK003899,2026-02-14,2026-02-23,16,B02,C00000,OpenTable,2,Completed
BK003900,2026-02-22,2026-02-23,21,B02,C00000,Phone,2,Completed
BK003901,2026-02-23,2026-02-25,20,B02,C00000,OpenTable,5,Completed
BK003902,2026-02-22,2026-02-25,18,B02,C03223,OpenTable,4,Completed
BK003903,2026-02-23,2026-02-26,18,B02,C01941,Website,4,Completed
BK003904,2026-02-19,2026-02-26,22,B02,C00000,OpenTable,2,Completed
BK003905,2026-02-25,2026-02-28,19,B02,C00000,Website,2,Completed
BK003906,2026-02-22,2026-02-28,20,B02,C00000,Website,3,Completed
BK003907,2026-02-05,2026-03-02,19,B02,C00000,Website,5,Completed
BK003908,2026-03-03,2026-03-04,20,B02,C04113,Website,4,Completed
BK003909,2026-02-24,2026-03-04,20,B02,C00000,OpenTable,3,No-show
BK003910,2026-02-28,2026-03-04,18,B02,C03661,Website,7,Completed
BK003911,2026-02-23,2026-03-04,18,B02,C00000,Website,2,No-show
BK003912,2026-02-26,2026-03-06,21,B02,C04677,Website,3,Completed
BK003913,2026-02-19,2026-03-06,17,B02,C00000,Phone,2,Completed
BK003914,2026-02-26,2026-03-06,22,B02,C00000,Website,8,Completed
BK003915,2026-03-06,2026-03-06,20,B02,C00000,Website,6,Completed
BK003916,2026-02-25,2026-03-06,20,B02,C00000,OpenTable,4,No-show
BK003917,2026-02-22,2026-03-07,18,B02,C00000,Phone,4,Completed
BK003918,2026-03-03,2026-03-07,20,B02,C02116,Website,1,Completed
BK003919,2026-02-26,2026-03-07,20,B02,C00000,Website,3,Cancelled
BK003920,2026-03-07,2026-03-07,17,B02,C00000,Website,1,Completed
BK003921,2026-03-06,2026-03-08,17,B02,C01696,Instagram,8,Completed
BK003922,2026-03-07,2026-03-08,17,B02,C00000,Instagram,2,Cancelled
BK003923,2026-03-04,2026-03-08,18,B02,C00000,Instagram,4,Completed
BK003924,2026-03-05,2026-03-08,18,B02,C03667,OpenTable,3,Completed
BK003925,2026-03-03,2026-03-08,18,B02,C00000,OpenTable,1,No-show
BK003926,2026-02-25,2026-03-08,13,B02,C00000,Website,2,Completed
BK003927,2026-03-07,2026-03-11,18,B02,C00000,OpenTable,1,Completed
BK003928,2026-03-09,2026-03-11,18,B02,C00000,Phone,4,Completed
BK003929,2026-03-06,2026-03-11,18,B02,C00000,Website,2,Completed
BK003930,2026-03-10,2026-03-12,20,B02,C00000,Website,2,Completed
BK003931,2026-03-13,2026-03-13,17,B02,C04096,OpenTable,2,Completed
BK003932,2026-03-02,2026-03-13,17,B02,C00000,Instagram,2,Cancelled
BK003933,2026-03-05,2026-03-14,21,B02,C00000,Instagram,2,Completed
BK003934,2026-03-14,2026-03-14,22,B02,C03509,Phone,6,Completed
BK003935,2026-03-15,2026-03-15,22,B02,C00000,Website,2,Completed
BK003936,2026-03-14,2026-03-15,21,B02,C00000,Website,6,Completed
BK003937,2026-03-15,2026-03-15,19,B02,C00000,Website,4,Completed
BK003938,2026-03-15,2026-03-15,22,B02,C00000,Instagram,2,Completed
BK003939,2026-03-15,2026-03-15,21,B02,C03509,Phone,3,Completed
BK003940,2026-03-18,2026-03-18,19,B02,C00000,Website,2,Completed
BK003941,2026-03-16,2026-03-18,13,B02,C03509,Website,2,Completed
BK003942,2026-03-17,2026-03-18,13,B02,C00000,Website,4,Cancelled
BK003943,2026-03-14,2026-03-18,21,B02,C01696,Website,2,Completed
BK003944,2026-03-17,2026-03-18,13,B02,C00000,Website,2,Completed
BK003945,2026-03-17,2026-03-18,13,B02,C00000,OpenTable,4,Cancelled
BK003946,2026-03-19,2026-03-19,15,B02,C03509,Website,4,Completed
BK003947,2026-03-17,2026-03-19,15,B02,C00000,Website,2,No-show
BK003948,2026-03-18,2026-03-19,22,B02,C03509,OpenTable,6,Completed
BK003949,2026-03-18,2026-03-20,20,B02,C00000,Website,2,Completed
BK003950,2026-02-25,2026-03-20,17,B02,C00000,Website,8,Completed
BK003951,2026-03-18,2026-03-21,17,B02,C00594,Website,2,Completed
BK003952,2026-03-15,2026-03-21,17,B02,C00000,Website,6,Cancelled
BK003953,2026-03-18,2026-03-21,18,B02,C00000,Website,1,Completed
BK003954,2026-03-18,2026-03-21,18,B02,C00000,Website,6,Completed
BK003955,2026-03-11,2026-03-21,20,B02,C00000,Website,4,Completed
BK003956,2026-03-20,2026-03-21,20,B02,C00000,OpenTable,2,No-show
BK003957,2026-03-18,2026-03-21,20,B02,C00000,Website,6,Cancelled
BK003958,2026-03-15,2026-03-22,18,B02,C03888,Website,4,Completed
BK003959,2026-03-09,2026-03-22,18,B02,C00000,OpenTable,2,Cancelled
BK003960,2026-03-18,2026-03-22,21,B02,C03223,OpenTable,5,Completed
BK003961,2026-03-14,2026-03-22,21,B02,C00000,Phone,3,Cancelled
BK003962,2026-03-20,2026-03-22,19,B02,C00000,Website,3,Completed
BK003963,2026-03-19,2026-03-23,21,B02,C00000,OpenTable,8,Completed
BK003964,2026-03-21,2026-03-25,19,B02,C04246,Phone,2,Completed
BK003965,2026-03-20,2026-03-26,19,B02,C00000,Instagram,5,Completed
BK003966,2026-03-19,2026-03-26,12,B02,C00000,Website,1,Completed
BK003967,2026-02-24,2026-03-26,20,B02,C04957,Website,3,Completed
BK003968,2026-03-25,2026-03-27,20,B02,C00063,OpenTable,5,Completed
BK003969,2026-03-26,2026-03-29,18,B02,C00000,OpenTable,1,Completed
BK003970,2026-03-26,2026-03-29,20,B02,C01112,OpenTable,4,Completed
BK003971,2026-03-27,2026-03-29,20,B02,C00000,Website,4,Cancelled
BK003972,2026-03-11,2026-03-30,22,B02,C00000,Website,2,Completed
BK003973,2026-03-29,2026-03-30,19,B02,C04356,Website,2,Completed
BK003974,2026-03-20,2026-04-01,14,B02,C03726,OpenTable,6,Completed
BK003975,2026-03-27,2026-04-02,21,B02,C00000,Website,5,Completed
BK003976,2026-04-02,2026-04-02,13,B02,C00000,Website,2,Completed
BK003977,2026-03-31,2026-04-03,20,B02,C00000,Website,2,Completed
BK003978,2026-03-19,2026-04-03,20,B02,C00000,Website,5,Cancelled
BK003979,2026-03-25,2026-04-03,17,B02,C00000,Website,2,Completed
BK003980,2026-03-28,2026-04-03,20,B02,C00000,Website,1,Completed
BK003981,2026-03-26,2026-04-03,20,B02,C00000,OpenTable,2,Cancelled
BK003982,2026-04-01,2026-04-04,17,B02,C00000,OpenTable,6,Completed
BK003983,2026-04-01,2026-04-04,20,B02,C02983,Instagram,2,Completed
BK003984,2026-04-04,2026-04-04,17,B02,C01696,OpenTable,1,Completed
BK003985,2026-04-03,2026-04-05,19,B02,C00000,Website,5,Completed
BK003986,2026-03-31,2026-04-05,19,B02,C00000,Instagram,8,Cancelled
BK003987,2026-04-05,2026-04-05,15,B02,C00000,Website,5,Completed
BK003988,2026-03-29,2026-04-05,20,B02,C00000,OpenTable,2,Completed
BK003989,2026-03-23,2026-04-06,19,B02,C00000,Instagram,5,Completed
BK003990,2026-04-04,2026-04-08,19,B02,C00000,Website,1,Completed
BK003991,2026-04-01,2026-04-08,19,B02,C00000,OpenTable,4,Completed
BK003992,2026-04-08,2026-04-08,19,B02,C00000,OpenTable,2,Completed
BK003993,2026-04-08,2026-04-09,21,B02,C00119,Website,1,Completed
BK003994,2026-04-08,2026-04-09,21,B02,C00000,Website,4,Cancelled
BK003995,2026-04-08,2026-04-10,19,B02,C00000,Website,2,Completed
BK003996,2026-04-07,2026-04-10,19,B02,C00000,OpenTable,1,Cancelled
BK003997,2026-04-10,2026-04-10,21,B02,C00000,Website,4,Completed
BK003998,2026-04-09,2026-04-10,21,B02,C01674,Phone,2,Completed
BK003999,2026-04-11,2026-04-11,21,B02,C00000,OpenTable,2,Completed
BK004000,2026-04-03,2026-04-11,22,B02,C01411,Instagram,2,Completed
BK004001,2026-04-09,2026-04-11,22,B02,C00000,Website,2,No-show
BK004002,2026-04-06,2026-04-11,22,B02,C00000,Phone,5,Cancelled
BK004003,2026-04-10,2026-04-11,13,B02,C01344,Website,2,Completed
BK004004,2026-04-02,2026-04-12,19,B02,C02999,Website,3,Completed
BK004005,2026-03-25,2026-04-13,18,B02,C00000,Website,1,Completed
BK004006,2026-04-10,2026-04-15,20,B02,C00000,Website,2,Completed
BK004007,2026-03-28,2026-04-15,20,B02,C00000,Website,2,Cancelled
BK004008,2026-04-09,2026-04-16,21,B02,C00000,Website,2,Completed
BK004009,2026-04-16,2026-04-16,13,B02,C00000,Website,4,Completed
BK004010,2026-04-09,2026-04-16,17,B02,C04978,Phone,1,Completed
BK004011,2026-04-07,2026-04-16,17,B02,C00000,OpenTable,2,No-show
BK004012,2026-04-16,2026-04-16,12,B02,C00000,Website,8,Completed
BK004013,2026-04-06,2026-04-16,12,B02,C00000,Instagram,4,Cancelled
BK004014,2026-04-08,2026-04-16,22,B02,C00000,Website,2,Completed
BK004015,2026-04-04,2026-04-17,20,B02,C00000,Website,3,Completed
BK004016,2026-04-06,2026-04-17,12,B02,C03223,Website,1,Completed
BK004017,2026-04-17,2026-04-18,19,B02,C00000,Website,2,Completed
BK004018,2026-04-05,2026-04-18,21,B02,C00000,Phone,5,Completed
BK004019,2026-03-14,2026-04-18,22,B02,C00000,Phone,3,Completed
BK004020,2026-04-17,2026-04-18,22,B02,C00000,Phone,2,Cancelled
BK004021,2026-04-14,2026-04-18,13,B02,C00000,Instagram,2,Completed
BK004022,2026-04-18,2026-04-19,22,B02,C00000,Website,4,Completed
BK004023,2026-03-25,2026-04-22,14,B02,C01137,Phone,6,Completed
BK004024,2026-04-19,2026-04-22,18,B02,C01469,OpenTable,1,Completed
BK004025,2026-04-15,2026-04-22,18,B02,C00000,Instagram,2,Cancelled
BK004026,2026-04-22,2026-04-23,19,B02,C04825,Website,2,Completed
BK004027,2026-04-22,2026-04-23,19,B02,C00000,Instagram,2,No-show
BK004028,2026-04-23,2026-04-24,21,B02,C03511,OpenTable,4,Completed
BK004029,2026-04-20,2026-04-24,17,B02,C03509,Website,3,Completed
BK004030,2026-04-21,2026-04-24,15,B02,C00000,Phone,5,Completed
BK004031,2026-04-21,2026-04-24,15,B02,C00000,Website,2,Completed
BK004032,2026-04-23,2026-04-24,15,B02,C00000,Website,2,No-show
BK004033,2026-04-11,2026-04-24,13,B02,C00000,Phone,4,Completed
BK004034,2026-04-21,2026-04-24,13,B02,C00000,Phone,2,No-show
BK004035,2026-04-17,2026-04-25,17,B02,C00000,Phone,4,Completed
BK004036,2026-04-17,2026-04-25,17,B02,C00000,Website,2,No-show
BK004037,2026-04-23,2026-04-26,20,B02,C00000,Website,2,Completed
BK004038,2026-03-26,2026-04-27,22,B02,C00119,Website,4,Completed
BK004039,2026-04-27,2026-04-27,21,B02,C00000,OpenTable,1,Completed
BK004040,2026-04-25,2026-04-29,21,B02,C03328,Website,1,Completed
BK004041,2026-04-25,2026-04-29,19,B02,C00000,Website,2,Completed
BK004042,2026-04-18,2026-04-30,22,B02,C00000,Website,2,Completed
BK004043,2026-04-27,2026-05-01,14,B02,C03774,Instagram,2,Completed
BK004044,2026-04-30,2026-05-01,21,B02,C02227,Website,2,Completed
BK004045,2026-05-01,2026-05-02,19,B02,C00000,Website,6,Completed
BK004046,2026-04-01,2026-05-02,18,B02,C04778,Website,3,Completed
BK004047,2026-04-21,2026-05-03,13,B02,C00000,Website,3,Completed
BK004048,2026-05-01,2026-05-04,17,B02,C00000,OpenTable,1,Completed
BK004049,2026-05-02,2026-05-04,20,B02,C00000,Phone,1,Completed
BK004050,2026-05-06,2026-05-06,18,B02,C01848,Phone,4,Completed
BK004051,2026-05-03,2026-05-06,18,B02,C00000,Website,3,No-show
BK004052,2026-05-06,2026-05-06,18,B02,C00000,Website,2,Cancelled
BK004053,2026-05-02,2026-05-07,17,B02,C00000,OpenTable,3,Completed
BK004054,2026-05-07,2026-05-08,17,B02,C00000,Website,7,Completed
BK004055,2026-04-21,2026-05-08,18,B02,C03509,OpenTable,2,Completed
BK004056,2026-05-05,2026-05-08,17,B02,C00000,Website,2,Completed
BK004057,2026-05-04,2026-05-08,18,B02,C02771,Website,4,Completed
BK004058,2026-05-07,2026-05-08,20,B02,C00000,Phone,4,Completed
BK004059,2026-05-09,2026-05-09,18,B02,C00000,Phone,6,Completed
BK004060,2026-05-06,2026-05-09,15,B02,C03509,OpenTable,2,Completed
BK004061,2026-05-04,2026-05-10,13,B02,C00000,Website,4,Completed
BK004062,2026-05-10,2026-05-10,18,B02,C00000,OpenTable,4,Completed
BK004063,2026-05-06,2026-05-10,19,B02,C00000,Phone,3,Completed
BK004064,2026-05-07,2026-05-10,19,B02,C00000,Website,1,No-show
BK004065,2026-05-12,2026-05-15,20,B02,C00000,OpenTable,2,Completed
BK004066,2026-05-09,2026-05-15,18,B02,C00000,Website,2,Completed
BK004067,2026-05-09,2026-05-15,19,B02,C02873,Website,7,Completed
BK004068,2026-05-15,2026-05-15,19,B02,C00000,Phone,3,Completed
BK004069,2026-05-02,2026-05-15,19,B02,C00000,Website,4,Cancelled
BK004070,2026-05-13,2026-05-15,22,B02,C00000,Website,4,Completed
BK004071,2026-05-03,2026-05-16,20,B02,C04476,Website,4,Completed
BK004072,2026-05-13,2026-05-16,12,B02,C00000,OpenTable,3,Completed
BK004073,2026-05-14,2026-05-16,13,B02,C00000,Website,5,Completed
BK004074,2026-05-02,2026-05-17,18,B02,C00000,Website,1,Completed
BK004075,2026-05-15,2026-05-17,18,B02,C00000,Website,2,Cancelled
BK004076,2026-05-08,2026-05-17,17,B02,C00000,Website,3,Completed
BK004077,2026-05-11,2026-05-17,17,B02,C00000,OpenTable,1,Completed
BK004078,2026-05-20,2026-05-20,20,B02,C00000,Website,3,Completed
BK004079,2026-05-19,2026-05-20,19,B02,C00000,Phone,3,Completed
BK004080,2026-04-29,2026-05-21,21,B02,C01358,Website,3,Completed
BK004081,2026-05-16,2026-05-21,20,B02,C00000,Phone,2,Completed
BK004082,2026-05-12,2026-05-21,20,B02,C00000,OpenTable,3,Completed
BK004083,2026-05-16,2026-05-21,22,B02,C00000,OpenTable,2,Completed
BK004084,2026-05-22,2026-05-22,20,B02,C00000,OpenTable,1,Completed
BK004085,2026-05-18,2026-05-22,21,B02,C04420,Website,2,Completed
BK004086,2026-04-19,2026-05-22,19,B02,C04782,Website,2,Completed
BK004087,2026-05-13,2026-05-22,17,B02,C00000,Website,7,Completed
BK004088,2026-05-06,2026-05-23,20,B02,C02795,Website,4,Completed
BK004089,2026-05-22,2026-05-23,19,B02,C00000,OpenTable,4,Completed
BK004090,2026-05-17,2026-05-24,20,B02,C02704,Website,2,Completed
BK004091,2026-05-21,2026-05-24,19,B02,C00000,OpenTable,6,Completed
BK004092,2026-05-24,2026-05-24,20,B02,C02242,Website,2,Completed
BK004093,2026-05-24,2026-05-25,22,B02,C00000,Phone,3,Completed
BK004094,2026-05-22,2026-05-25,19,B02,C00000,Website,2,Completed
BK004095,2026-05-22,2026-05-25,19,B02,C01696,OpenTable,3,Completed
BK004096,2026-05-27,2026-05-27,19,B02,C00000,OpenTable,2,Completed
BK004097,2026-05-24,2026-05-27,19,B02,C00000,OpenTable,4,Cancelled
BK004098,2026-05-25,2026-05-27,19,B02,C04096,Website,4,Completed
BK004099,2026-05-26,2026-05-28,20,B02,C00000,Website,6,Completed
BK004100,2026-05-26,2026-05-28,20,B02,C00000,OpenTable,5,No-show
BK004101,2026-05-27,2026-05-28,20,B02,C00000,Website,3,Completed
BK004102,2026-05-25,2026-05-28,21,B02,C00000,OpenTable,2,Completed
BK004103,2026-05-25,2026-05-28,19,B02,C00000,Website,2,Completed
BK004104,2026-05-25,2026-05-28,19,B02,C00000,Website,3,Cancelled
BK004105,2026-05-21,2026-05-28,14,B02,C00000,Website,2,Completed
BK004106,2026-05-25,2026-05-29,20,B02,C00000,OpenTable,2,Completed
BK004107,2026-05-29,2026-05-29,22,B02,C00000,OpenTable,2,Completed
BK004108,2026-05-17,2026-05-29,22,B02,C00000,Website,6,Cancelled
BK004109,2026-05-29,2026-05-29,20,B02,C00000,Phone,2,Completed
BK004110,2026-05-22,2026-05-29,20,B02,C00000,OpenTable,4,Cancelled
BK004111,2026-05-25,2026-05-29,17,B02,C00000,Website,5,Completed
BK004112,2026-05-28,2026-05-29,18,B02,C00751,Phone,5,Completed
BK004113,2026-05-23,2026-05-30,20,B02,C00000,Website,3,Completed
BK004114,2026-05-26,2026-05-30,17,B02,C00119,Website,6,Completed
BK004115,2026-05-27,2026-05-31,20,B02,C00000,Website,2,Completed
BK004116,2026-05-28,2026-05-31,20,B02,C00000,Website,2,Completed
BK004117,2026-05-18,2026-05-31,14,B02,C00000,OpenTable,4,Completed
BK004118,2026-05-29,2026-05-31,21,B02,C00000,Phone,4,Completed
BK004119,2026-05-27,2026-06-01,17,B02,C00000,Phone,4,Completed
BK004120,2026-05-28,2026-06-03,12,B02,C03846,Website,1,Completed
BK004121,2026-05-26,2026-06-04,17,B02,C00000,OpenTable,4,Completed
BK004122,2026-06-03,2026-06-04,17,B02,C00000,OpenTable,4,No-show
BK004123,2026-05-29,2026-06-04,20,B02,C00000,Website,2,Completed
BK004124,2026-05-24,2026-06-04,18,B02,C00000,Phone,3,Completed
BK004125,2026-05-26,2026-06-05,18,B02,C03463,OpenTable,6,Completed
BK004126,2026-05-31,2026-06-05,19,B02,C00013,OpenTable,2,Completed
BK004127,2026-06-05,2026-06-05,19,B02,C00000,Website,2,Completed
BK004128,2026-06-02,2026-06-05,19,B02,C00000,OpenTable,1,Cancelled
BK004129,2026-06-02,2026-06-05,12,B02,C00230,OpenTable,4,Completed
BK004130,2026-06-05,2026-06-06,19,B02,C00000,OpenTable,4,Completed
BK004131,2026-06-04,2026-06-06,18,B02,C00119,OpenTable,3,Completed
BK004132,2026-05-14,2026-06-06,22,B02,C03774,OpenTable,2,Completed
BK004133,2026-06-01,2026-06-07,12,B02,C00000,OpenTable,6,Completed
BK004134,2026-06-05,2026-06-07,12,B02,C00000,Website,2,No-show
BK004135,2026-06-07,2026-06-07,21,B02,C00000,OpenTable,6,Completed
BK004136,2026-05-30,2026-06-08,18,B02,C00000,Website,2,Completed
BK004137,2026-05-30,2026-06-08,18,B02,C03223,Website,1,Completed
BK004138,2026-06-05,2026-06-08,18,B02,C00000,OpenTable,6,Completed
BK004139,2026-06-10,2026-06-13,19,B02,C00000,Website,2,Completed
BK004140,2026-06-12,2026-06-13,20,B02,C02795,OpenTable,4,Completed
BK004141,2026-06-03,2026-06-13,19,B02,C00000,Website,1,Completed
BK004142,2026-06-11,2026-06-13,18,B02,C00000,OpenTable,4,Completed
BK004143,2026-06-13,2026-06-14,19,B02,C00000,Website,8,Completed
BK004144,2026-06-10,2026-06-14,14,B02,C00000,OpenTable,3,Completed
BK004145,2026-05-27,2026-06-14,17,B02,C00000,Phone,1,Completed
BK004146,2026-06-15,2026-06-15,20,B02,C00000,OpenTable,3,Completed
BK004147,2026-06-12,2026-06-15,20,B02,C00000,OpenTable,2,Cancelled
BK004148,2026-06-15,2026-06-15,22,B02,C02086,Website,2,Completed
BK004149,2026-06-09,2026-06-15,14,B02,C02929,Website,6,Completed
BK004150,2026-06-08,2026-06-15,17,B02,C01649,OpenTable,4,Completed
BK004151,2026-06-04,2026-06-15,17,B02,C00000,Website,2,No-show
BK004152,2026-06-15,2026-06-17,15,B02,C03509,Website,1,Completed
BK004153,2026-06-16,2026-06-17,19,B02,C00000,Website,2,Completed
BK004154,2026-06-17,2026-06-17,12,B02,C02789,Phone,7,Completed
BK004155,2026-06-15,2026-06-17,21,B02,C00000,Phone,3,Completed
BK004156,2026-06-08,2026-06-18,18,B02,C00000,OpenTable,2,Completed
BK004157,2026-05-31,2026-06-18,20,B02,C00000,OpenTable,2,Completed
BK004158,2026-06-18,2026-06-18,20,B02,C00000,Website,1,No-show
BK004159,2026-06-14,2026-06-19,21,B02,C00000,Phone,3,Completed
BK004160,2026-06-17,2026-06-19,21,B02,C00000,OpenTable,2,Completed
BK004161,2026-06-06,2026-06-19,21,B02,C03856,OpenTable,4,Completed
BK004162,2026-06-15,2026-06-20,16,B02,C00000,Website,2,Completed
BK004163,2026-06-12,2026-06-20,21,B02,C03116,Website,1,Completed
BK004164,2026-06-20,2026-06-20,19,B02,C00000,OpenTable,4,Completed
BK004165,2026-06-19,2026-06-20,19,B02,C00000,Website,1,Cancelled
BK004166,2026-06-16,2026-06-22,15,B02,C00000,Website,3,Completed
BK004167,2026-06-17,2026-06-22,15,B02,C00000,Website,4,Cancelled
BK004168,2026-06-24,2026-06-24,13,B02,C04348,Phone,3,Completed
BK004169,2026-06-02,2026-06-24,13,B02,C00000,OpenTable,2,No-show
BK004170,2026-06-17,2026-06-24,13,B02,C00000,OpenTable,4,Cancelled
BK004171,2026-06-15,2026-06-25,18,B02,C04974,OpenTable,8,Completed
BK004172,2026-06-17,2026-06-25,17,B02,C00000,OpenTable,5,Completed
BK004173,2026-06-20,2026-06-26,14,B02,C00000,OpenTable,3,Completed
BK004174,2026-06-12,2026-06-26,19,B02,C03509,Website,2,Completed
BK004175,2026-06-22,2026-06-26,19,B02,C00000,Website,1,No-show
BK004176,2026-06-26,2026-06-26,20,B02,C01284,Website,1,Completed
BK004177,2026-06-19,2026-06-27,21,B02,C00000,Phone,4,Completed
BK004178,2026-06-27,2026-06-27,12,B02,C00958,OpenTable,2,Completed
BK004179,2026-06-23,2026-06-27,17,B02,C00000,Website,2,Completed
BK004180,2026-06-21,2026-06-27,20,B02,C03509,Phone,2,Completed
BK004181,2026-06-26,2026-06-27,18,B02,C00000,Website,2,Completed
BK004182,2026-06-26,2026-06-27,13,B02,C00000,Website,2,Completed
BK004183,2026-06-20,2026-06-28,12,B02,C00000,OpenTable,2,Completed
BK004184,2026-06-29,2026-06-29,21,B02,C00000,OpenTable,5,Completed
BK004185,2026-06-25,2026-06-29,20,B02,C03223,Website,2,Completed
BK004186,2026-06-24,2026-07-02,19,B02,C00000,Website,2,Completed
BK004187,2026-06-21,2026-07-02,18,B02,C00000,Phone,2,Completed
BK004188,2026-07-02,2026-07-03,14,B02,C00000,Website,1,Completed
BK004189,2026-06-25,2026-07-03,21,B02,C00000,Website,7,Completed
BK004190,2026-06-30,2026-07-04,14,B02,C00000,Website,4,Completed
BK004191,2026-07-04,2026-07-04,14,B02,C00000,Instagram,1,Cancelled
BK004192,2026-06-23,2026-07-04,16,B02,C00000,Phone,2,Completed
BK004193,2026-07-03,2026-07-04,19,B02,C00000,Website,4,Completed
BK004194,2026-07-04,2026-07-04,13,B02,C00000,Website,4,Completed
BK004195,2026-06-30,2026-07-04,13,B02,C00000,OpenTable,2,Cancelled
BK004196,2026-06-29,2026-07-05,20,B02,C00000,Instagram,1,Completed
BK004197,2026-07-04,2026-07-05,13,B02,C03667,Phone,4,Completed
BK004198,2026-06-28,2026-07-05,18,B02,C00000,OpenTable,6,Completed
BK004199,2026-07-04,2026-07-05,21,B02,C03726,Website,4,Completed
BK004200,2026-07-06,2026-07-08,19,B02,C00000,OpenTable,3,Completed
BK004201,2026-07-07,2026-07-09,21,B02,C00000,Phone,2,Completed
BK004202,2026-06-30,2026-07-09,21,B02,C00000,Website,2,Cancelled
BK004203,2026-07-06,2026-07-09,22,B02,C03509,Website,1,Completed
BK004204,2026-07-09,2026-07-09,22,B02,C00000,OpenTable,2,No-show
BK004205,2026-07-03,2026-07-09,22,B02,C00000,Website,1,Completed
BK004206,2026-07-07,2026-07-09,20,B02,C00000,OpenTable,1,Completed
BK004207,2026-07-07,2026-07-10,19,B02,C00000,Website,2,Completed
BK004208,2026-07-05,2026-07-10,16,B02,C01719,Phone,1,Completed
BK004209,2026-06-30,2026-07-10,18,B02,C03509,Phone,4,Completed
BK004210,2026-07-09,2026-07-10,18,B02,C03965,Website,2,Completed
BK004211,2026-07-05,2026-07-11,22,B02,C00119,Website,3,Completed
BK004212,2026-07-04,2026-07-11,19,B02,C00000,Website,4,Completed
BK004213,2026-07-06,2026-07-11,13,B02,C00000,Website,6,Completed
BK004214,2026-07-11,2026-07-11,13,B02,C00000,Website,2,No-show
BK004215,2026-06-30,2026-07-12,22,B02,C00000,OpenTable,4,Completed
BK004216,2026-07-11,2026-07-12,14,B02,C00000,Phone,3,Completed
BK004217,2026-07-08,2026-07-12,18,B02,C00000,OpenTable,6,Completed
BK004218,2026-06-30,2026-07-12,20,B02,C03509,Website,2,Completed
BK004219,2026-07-11,2026-07-16,20,B02,C00119,Website,3,Completed
BK004220,2026-07-16,2026-07-16,20,B02,C00000,Website,1,Cancelled
BK004221,2026-07-13,2026-07-16,17,B02,C00000,Website,3,Completed
BK004222,2026-06-29,2026-07-16,17,B02,C00000,Website,4,Cancelled
BK004223,2026-07-08,2026-07-17,19,B02,C03450,Website,3,Completed
BK004224,2026-07-09,2026-07-17,21,B02,C02865,OpenTable,5,Completed
BK004225,2026-07-13,2026-07-18,19,B02,C00000,Website,4,Completed
BK004226,2026-07-16,2026-07-18,17,B02,C03509,Website,3,Completed
BK004227,2026-07-02,2026-07-18,20,B02,C00000,Instagram,3,Completed
BK004228,2026-07-17,2026-07-18,20,B02,C00000,Website,5,Cancelled
BK004229,2026-07-19,2026-07-19,14,B02,C00000,Website,3,Completed
BK004230,2026-07-17,2026-07-19,19,B02,C00000,Phone,4,Completed
BK004231,2026-07-18,2026-07-19,12,B02,C04778,OpenTable,4,Completed
BK004232,2026-07-20,2026-07-22,20,B02,C03865,OpenTable,4,Completed
BK004233,2026-07-22,2026-07-22,20,B02,C00000,OpenTable,1,Cancelled
BK004234,2026-07-17,2026-07-22,17,B02,C00000,Phone,4,Completed
BK004235,2026-07-15,2026-07-23,13,B02,C02724,Website,5,Completed
BK004236,2026-06-17,2026-07-23,13,B02,C00000,OpenTable,2,No-show
BK004237,2026-07-23,2026-07-23,13,B02,C00000,Phone,6,Cancelled
BK004238,2026-07-16,2026-07-23,22,B02,C00000,Website,2,Completed
BK004239,2026-07-23,2026-07-23,21,B02,C00000,Website,4,Completed
BK004240,2026-07-17,2026-07-24,21,B02,C00000,Website,1,Completed
BK004241,2026-07-23,2026-07-24,18,B02,C00000,OpenTable,3,Completed
BK004242,2026-07-09,2026-07-25,21,B02,C00000,Website,2,Completed
BK004243,2026-07-25,2026-07-25,21,B02,C00000,Phone,2,Completed
BK004244,2026-07-10,2026-07-25,12,B02,C03726,Phone,1,Completed
BK004245,2026-07-22,2026-07-26,20,B02,C00594,OpenTable,1,Completed
BK004246,2026-07-18,2026-07-26,19,B02,C04561,Phone,2,Completed
BK004247,2026-07-18,2026-07-27,19,B02,C02957,OpenTable,2,Completed
BK004248,2026-07-21,2026-07-27,17,B02,C03509,Phone,1,Completed
BK004249,2026-07-26,2026-07-27,13,B02,C00000,Website,1,Completed
BK004250,2026-07-17,2026-07-29,17,B02,C00000,Website,7,Completed
BK004251,2026-07-15,2026-07-29,14,B02,C03509,Phone,1,Completed
BK004252,2026-07-23,2026-07-29,20,B02,C00000,Phone,2,Completed
BK004253,2026-07-20,2026-07-30,22,B02,C00763,Phone,1,Completed
BK004254,2026-07-30,2026-07-30,22,B02,C03726,Website,4,Completed
BK004255,2026-07-30,2026-07-30,22,B02,C00000,Phone,5,Cancelled
BK004256,2026-07-26,2026-07-31,19,B02,C03773,Phone,3,Completed
BK004257,2026-07-22,2026-07-31,22,B02,C00000,Website,2,Completed
BK004258,2026-07-21,2026-07-31,12,B02,C00215,Website,5,Completed
BK004259,2026-07-29,2026-07-31,21,B02,C00000,Instagram,2,Completed
BK004260,2026-07-29,2026-07-31,21,B02,C04420,Website,5,Completed
BK004261,2026-07-30,2026-08-01,14,B02,C00000,Website,2,Completed
BK004262,2026-07-31,2026-08-01,20,B02,C01871,OpenTable,1,Completed
BK004263,2026-07-29,2026-08-01,20,B02,C00000,OpenTable,2,Cancelled
BK004264,2026-07-21,2026-08-01,18,B02,C00000,Website,8,Completed
BK004265,2026-07-22,2026-08-01,18,B02,C00000,Website,4,Cancelled
BK004266,2026-07-23,2026-08-01,18,B02,C00000,Phone,4,Completed
BK004267,2026-07-28,2026-08-01,19,B02,C03223,Instagram,5,Completed
BK004268,2026-07-24,2026-08-01,19,B02,C00000,OpenTable,4,Cancelled
BK004269,2026-07-10,2026-08-02,17,B02,C00000,OpenTable,3,Completed
BK004270,2026-07-30,2026-08-03,14,B02,C00000,Website,2,Completed
BK004271,2026-07-20,2026-08-03,20,B02,C00000,Phone,2,Completed
BK004272,2026-07-29,2026-08-05,22,B02,C03509,Website,6,Completed
BK004273,2026-08-04,2026-08-05,17,B02,C02724,OpenTable,4,Completed
BK004274,2026-08-07,2026-08-07,19,B02,C00000,OpenTable,2,Completed
BK004275,2026-08-06,2026-08-07,22,B02,C00000,Phone,2,Completed
BK004276,2026-08-05,2026-08-07,17,B02,C00000,Instagram,2,Completed
BK004277,2026-08-05,2026-08-07,19,B02,C04061,Phone,1,Completed
BK004278,2026-08-01,2026-08-08,19,B02,C04778,Instagram,2,Completed
BK004279,2026-08-08,2026-08-08,13,B02,C04825,Website,8,Completed
BK004280,2026-08-06,2026-08-09,13,B02,C03509,Website,2,Completed
BK004281,2026-08-05,2026-08-09,22,B02,C04502,OpenTable,1,Completed
BK004282,2026-08-10,2026-08-10,12,B02,C00000,Website,3,Completed
BK004283,2026-07-29,2026-08-10,12,B02,C00000,Phone,3,No-show
BK004284,2026-07-27,2026-08-10,20,B02,C00000,OpenTable,4,Completed
BK004285,2026-08-05,2026-08-10,18,B02,C00000,OpenTable,2,Completed
BK004286,2026-08-13,2026-08-13,21,B02,C00000,Website,3,Completed
BK004287,2026-08-12,2026-08-14,18,B02,C03223,Phone,2,Completed
BK004288,2026-08-07,2026-08-14,18,B02,C00000,Instagram,2,Completed
BK004289,2026-08-13,2026-08-14,18,B02,C00000,Phone,2,Completed
BK004290,2026-08-12,2026-08-14,19,B02,C04519,Website,2,Completed
BK004291,2026-07-26,2026-08-14,19,B02,C00000,Website,2,No-show
BK004292,2026-08-13,2026-08-14,19,B02,C00000,Website,1,Cancelled
BK004293,2026-08-11,2026-08-14,14,B02,C00000,OpenTable,2,Completed
BK004294,2026-08-05,2026-08-14,20,B02,C04384,Phone,2,Completed
BK004295,2026-07-29,2026-08-14,21,B02,C00000,OpenTable,2,Completed
BK004296,2026-08-12,2026-08-14,21,B02,C00000,Phone,4,Cancelled
BK004297,2026-08-14,2026-08-15,14,B02,C00000,Website,4,Completed
BK004298,2026-07-30,2026-08-15,13,B02,C00000,Phone,2,Completed
BK004299,2026-08-04,2026-08-15,22,B02,C00000,Phone,4,Completed
BK004300,2026-08-03,2026-08-16,18,B02,C00000,Website,5,Completed
BK004301,2026-08-16,2026-08-16,18,B02,C00000,Website,4,No-show
BK004302,2026-08-11,2026-08-16,12,B02,C00000,Website,2,Completed
BK004303,2026-08-15,2026-08-16,19,B02,C00000,Phone,2,Completed
BK004304,2026-08-12,2026-08-16,19,B02,C00000,Website,6,No-show
BK004305,2026-08-10,2026-08-19,13,B02,C00000,OpenTable,2,Completed
BK004306,2026-07-31,2026-08-19,13,B02,C00000,OpenTable,2,Completed
BK004307,2026-08-15,2026-08-19,16,B02,C01580,OpenTable,3,Completed
BK004308,2026-08-19,2026-08-20,21,B02,C00000,Phone,2,Completed
BK004309,2026-08-20,2026-08-20,21,B02,C00000,Website,4,Cancelled
BK004310,2026-08-21,2026-08-21,12,B02,C01721,Website,6,Completed
BK004311,2026-08-21,2026-08-21,22,B02,C03509,Phone,1,Completed
BK004312,2026-08-17,2026-08-21,21,B02,C00000,Instagram,4,Completed
BK004313,2026-08-22,2026-08-22,19,B02,C01237,OpenTable,4,Completed
BK004314,2026-08-16,2026-08-22,15,B02,C00000,Website,2,Completed
BK004315,2026-08-04,2026-08-22,13,B02,C00000,OpenTable,3,Completed
BK004316,2026-08-16,2026-08-22,19,B02,C03774,OpenTable,2,Completed
BK004317,2026-08-18,2026-08-22,13,B02,C04144,Website,1,Completed
BK004318,2026-08-19,2026-08-23,19,B02,C00000,Instagram,8,Completed
BK004319,2026-08-14,2026-08-23,18,B02,C04825,OpenTable,2,Completed
BK004320,2026-08-14,2026-08-23,18,B02,C00119,Instagram,6,Completed
BK004321,2026-08-18,2026-08-24,19,B02,C00119,Website,6,Completed
BK004322,2026-08-22,2026-08-26,20,B02,C00119,OpenTable,2,Completed
BK004323,2026-08-26,2026-08-26,18,B02,C01678,Website,1,Completed
BK004324,2026-08-23,2026-08-26,18,B02,C00000,OpenTable,2,No-show
BK004325,2026-08-25,2026-08-26,19,B02,C00000,Website,2,Completed
BK004326,2026-08-21,2026-08-27,21,B02,C02021,Website,4,Completed
BK004327,2026-08-16,2026-08-27,19,B02,C00000,Website,3,Completed
BK004328,2026-08-15,2026-08-28,18,B02,C00000,Instagram,2,Completed
BK004329,2026-08-15,2026-08-28,18,B02,C00000,OpenTable,2,Completed
BK004330,2026-08-27,2026-08-28,18,B02,C00000,Website,4,No-show
BK004331,2026-08-23,2026-08-29,19,B02,C00000,Phone,2,Completed
BK004332,2026-08-22,2026-08-29,18,B02,C00000,Website,2,Completed
BK004333,2026-08-26,2026-08-29,21,B02,C00688,Website,2,Completed
BK004334,2026-08-22,2026-08-29,20,B02,C00000,OpenTable,1,Completed
BK004335,2026-08-29,2026-08-29,17,B02,C00000,Website,2,Completed
BK004336,2026-08-29,2026-08-29,14,B02,C03509,Phone,4,Completed
BK004337,2026-08-26,2026-08-29,14,B02,C00000,OpenTable,3,No-show
BK004338,2026-08-30,2026-08-30,19,B02,C00000,Phone,2,Completed
BK004339,2026-08-27,2026-08-30,17,B02,C00000,Website,4,Completed
BK004340,2026-08-30,2026-08-31,14,B02,C00000,OpenTable,1,Completed
BK004341,2026-09-02,2026-09-02,12,B02,C04356,OpenTable,3,Completed
BK004342,2026-09-05,2026-09-05,22,B02,C00000,Website,3,Completed
BK004343,2026-09-02,2026-09-05,19,B02,C00000,OpenTable,4,Completed
BK004344,2026-09-03,2026-09-05,18,B02,C00000,OpenTable,2,Completed
BK004345,2026-08-31,2026-09-05,18,B02,C00000,Website,4,Cancelled
BK004346,2026-09-03,2026-09-05,22,B02,C00000,Website,2,Completed
BK004347,2026-08-22,2026-09-05,12,B02,C01649,Instagram,8,Completed
BK004348,2026-09-05,2026-09-05,20,B02,C02537,Website,4,Completed
BK004349,2026-09-05,2026-09-06,22,B02,C00622,Phone,2,Completed
BK004350,2026-08-28,2026-09-06,22,B02,C00000,Website,2,Cancelled
BK004351,2026-09-04,2026-09-06,12,B02,C00000,Instagram,2,Completed
BK004352,2026-08-30,2026-09-06,19,B02,C00000,Website,1,Completed
BK004353,2026-09-05,2026-09-06,22,B02,C00000,OpenTable,5,Completed
BK004354,2026-09-02,2026-09-07,19,B02,C03241,Phone,1,Completed
BK004355,2026-09-01,2026-09-09,19,B02,C00000,Phone,1,Completed
BK004356,2026-09-08,2026-09-09,20,B02,C00000,Phone,3,Completed
BK004357,2026-09-07,2026-09-09,14,B02,C00000,Website,1,Completed
BK004358,2026-08-23,2026-09-09,14,B02,C00000,OpenTable,4,No-show
BK004359,2026-09-09,2026-09-09,18,B02,C00000,Website,3,Completed
BK004360,2026-09-06,2026-09-10,13,B02,C00000,Website,2,Completed
BK004361,2026-09-04,2026-09-10,20,B02,C00119,Website,8,Completed
BK004362,2026-09-11,2026-09-11,20,B02,C03691,Website,2,Completed
BK004363,2026-09-06,2026-09-11,20,B02,C00000,Website,2,Completed
BK004364,2026-09-01,2026-09-11,13,B02,C03223,OpenTable,4,Completed
BK004365,2026-09-06,2026-09-11,20,B02,C01137,Website,4,Completed
BK004366,2026-09-05,2026-09-12,18,B02,C04640,OpenTable,4,Completed
BK004367,2026-08-29,2026-09-12,18,B02,C00000,OpenTable,1,Cancelled
BK004368,2026-09-12,2026-09-12,18,B02,C00000,OpenTable,2,Completed
BK004369,2026-09-11,2026-09-12,22,B02,C00000,Phone,3,Completed
BK004370,2026-09-10,2026-09-12,21,B02,C00000,OpenTable,1,Completed
BK004371,2026-09-08,2026-09-12,21,B02,C04778,OpenTable,4,Completed
BK004372,2026-09-11,2026-09-12,16,B02,C00000,Website,1,Completed
BK004373,2026-09-09,2026-09-12,16,B02,C00000,Phone,2,No-show
BK004374,2026-09-12,2026-09-12,22,B02,C00000,Website,3,Completed
BK004375,2026-09-14,2026-09-14,13,B02,C00000,Phone,4,Completed
BK004376,2026-09-13,2026-09-14,21,B02,C02624,Phone,1,Completed
BK004377,2026-09-08,2026-09-14,13,B02,C00000,Website,2,Completed
BK004378,2026-09-11,2026-09-14,13,B02,C00000,Website,4,No-show
BK004379,2026-09-16,2026-09-16,19,B02,C00279,OpenTable,2,Completed
BK004380,2026-09-16,2026-09-16,15,B02,C03867,Website,4,Completed
BK004381,2026-09-11,2026-09-18,21,B02,C00000,Phone,2,Completed
BK004382,2026-09-17,2026-09-18,19,B02,C00000,Website,4,Completed
BK004383,2026-09-11,2026-09-18,19,B02,C03223,Website,1,Completed
BK004384,2026-09-17,2026-09-18,19,B02,C00000,Phone,2,No-show
BK004385,2026-09-17,2026-09-18,20,B02,C00000,Website,8,Completed
BK004386,2026-08-28,2026-09-18,20,B02,C00000,Phone,4,Cancelled
BK004387,2026-09-19,2026-09-19,21,B02,C00000,Website,2,Completed
BK004388,2026-08-30,2026-09-19,19,B02,C00000,Website,2,Completed
BK004389,2026-09-16,2026-09-19,19,B02,C00000,OpenTable,1,Cancelled
BK004390,2026-09-05,2026-09-19,12,B02,C00000,Website,3,Completed
BK004391,2026-09-17,2026-09-19,12,B02,C00000,OpenTable,5,Cancelled
BK004392,2026-09-17,2026-09-20,20,B02,C00000,Phone,2,Completed
BK004393,2026-09-11,2026-09-20,20,B02,C00000,OpenTable,4,Completed
BK004394,2026-09-18,2026-09-21,18,B02,C00000,Website,4,Completed
BK004395,2026-09-14,2026-09-21,18,B02,C00000,Website,2,Cancelled
BK004396,2026-09-13,2026-09-21,20,B02,C00000,Phone,2,Completed
BK004397,2026-09-20,2026-09-24,20,B02,C00000,Phone,5,Completed
BK004398,2026-09-19,2026-09-24,16,B02,C00000,Website,2,Completed
BK004399,2026-09-23,2026-09-25,17,B02,C01566,OpenTable,8,Completed
BK004400,2026-09-22,2026-09-25,15,B02,C00000,Website,4,Completed
BK004401,2026-09-19,2026-09-25,15,B02,C00000,Website,1,No-show
BK004402,2026-09-24,2026-09-26,19,B02,C00000,Website,2,Completed
BK004403,2026-09-19,2026-09-27,19,B02,C01175,Website,1,Completed
BK004404,2026-09-06,2026-09-28,14,B02,C03223,Website,2,Completed
BK004405,2024-01-01,2024-01-03,21,B03,C00000,Phone,2,Completed
BK004406,2024-01-01,2024-01-03,19,B03,C01594,Website,2,Completed
BK004407,2024-01-01,2024-01-03,19,B03,C00000,OpenTable,8,Completed
BK004408,2024-01-01,2024-01-04,18,B03,C01223,Phone,2,Completed
BK004409,2024-01-03,2024-01-06,18,B03,C00000,OpenTable,4,Completed
BK004410,2024-01-05,2024-01-07,17,B03,C00000,Website,6,Completed
BK004411,2024-01-01,2024-01-08,13,B03,C00000,Website,2,Completed
BK004412,2024-01-07,2024-01-10,18,B03,C00000,Phone,2,Completed
BK004413,2024-01-09,2024-01-10,20,B03,C00000,Website,2,Completed
BK004414,2024-01-01,2024-01-11,19,B03,C00000,Website,2,Completed
BK004415,2024-01-12,2024-01-12,22,B03,C00000,Website,1,Completed
BK004416,2024-01-08,2024-01-12,19,B03,C00825,Website,6,Completed
BK004417,2024-01-11,2024-01-12,19,B03,C01059,Website,3,Completed
BK004418,2024-01-13,2024-01-13,18,B03,C01223,Phone,2,Completed
BK004419,2024-01-09,2024-01-14,12,B03,C00000,Website,4,Completed
BK004420,2024-01-10,2024-01-14,16,B03,C01223,Website,4,Completed
BK004421,2024-01-01,2024-01-14,20,B03,C00000,Instagram,4,Completed
BK004422,2024-01-01,2024-01-17,21,B03,C01223,OpenTable,4,Completed
BK004423,2024-01-18,2024-01-18,17,B03,C00000,Phone,4,Completed
BK004424,2024-01-10,2024-01-18,20,B03,C00000,Phone,7,Completed
BK004425,2024-01-05,2024-01-19,18,B03,C00000,Website,2,Completed
BK004426,2024-01-03,2024-01-19,21,B03,C00000,Website,6,Completed
BK004427,2024-01-15,2024-01-19,18,B03,C00000,Website,2,Completed
BK004428,2024-01-14,2024-01-19,14,B03,C04960,Phone,4,Completed
BK004429,2024-01-13,2024-01-19,22,B03,C00000,Phone,2,Completed
BK004430,2024-01-06,2024-01-19,20,B03,C02744,Website,4,Completed
BK004431,2024-01-01,2024-01-20,17,B03,C04002,Website,2,Completed
BK004432,2024-01-11,2024-01-20,16,B03,C00000,OpenTable,1,Completed
BK004433,2024-01-16,2024-01-21,18,B03,C02744,Website,2,Completed
BK004434,2024-01-15,2024-01-21,18,B03,C00000,Website,2,No-show
BK004435,2024-01-19,2024-01-21,18,B03,C00000,Website,2,Completed
BK004436,2024-01-14,2024-01-24,21,B03,C00000,OpenTable,3,Completed
BK004437,2024-01-24,2024-01-26,20,B03,C00000,Website,2,Completed
BK004438,2024-01-15,2024-01-26,14,B03,C04545,Phone,2,Completed
BK004439,2024-01-26,2024-01-27,19,B03,C00000,Website,1,Completed
BK004440,2024-01-27,2024-01-27,17,B03,C01059,OpenTable,3,Completed
BK004441,2024-01-21,2024-01-27,19,B03,C00000,OpenTable,2,Completed
BK004442,2024-01-23,2024-01-28,15,B03,C00000,Phone,8,Completed
BK004443,2024-01-28,2024-01-29,18,B03,C00000,Website,2,Completed
BK004444,2024-01-25,2024-01-31,19,B03,C00000,OpenTable,1,Completed
BK004445,2024-01-30,2024-01-31,13,B03,C00000,Phone,2,Completed
BK004446,2024-01-31,2024-01-31,19,B03,C00000,OpenTable,2,Completed
BK004447,2024-01-24,2024-02-02,14,B03,C04963,Website,2,Completed
BK004448,2024-02-01,2024-02-02,13,B03,C01223,Phone,5,Completed
BK004449,2024-02-01,2024-02-03,18,B03,C00000,Website,2,Completed
BK004450,2024-02-01,2024-02-04,20,B03,C00000,OpenTable,4,Completed
BK004451,2024-01-31,2024-02-04,18,B03,C00000,OpenTable,6,Completed
BK004452,2024-01-22,2024-02-04,22,B03,C01059,Website,3,Completed
BK004453,2024-02-03,2024-02-07,22,B03,C00000,Phone,1,Completed
BK004454,2024-02-08,2024-02-08,19,B03,C00000,Website,2,Completed
BK004455,2024-02-03,2024-02-08,16,B03,C00000,Phone,6,Completed
BK004456,2024-02-03,2024-02-09,19,B03,C00000,Website,1,Completed
BK004457,2024-02-07,2024-02-09,12,B03,C00000,Website,2,Completed
BK004458,2024-02-03,2024-02-09,12,B03,C00000,Phone,1,No-show
BK004459,2024-02-07,2024-02-10,19,B03,C00000,OpenTable,1,Completed
BK004460,2024-02-08,2024-02-10,22,B03,C00000,OpenTable,6,Completed
BK004461,2024-02-04,2024-02-10,21,B03,C00943,Website,8,Completed
BK004462,2024-02-06,2024-02-11,17,B03,C00000,Instagram,2,Completed
BK004463,2024-02-07,2024-02-11,17,B03,C00000,Website,4,No-show
BK004464,2024-02-04,2024-02-11,19,B03,C00000,Phone,5,Completed
BK004465,2024-02-10,2024-02-12,12,B03,C00000,Phone,2,Completed
BK004466,2024-02-06,2024-02-14,20,B03,C01223,OpenTable,2,Completed
BK004467,2024-02-13,2024-02-15,19,B03,C00000,Phone,3,Completed
BK004468,2024-02-08,2024-02-15,14,B03,C00000,Phone,3,Completed
BK004469,2024-02-04,2024-02-15,14,B03,C00000,Website,2,No-show
BK004470,2024-02-09,2024-02-16,20,B03,C00000,Website,2,Completed
BK004471,2024-02-10,2024-02-17,13,B03,C00000,OpenTable,2,Completed
BK004472,2024-02-15,2024-02-17,19,B03,C02958,Website,3,Completed
BK004473,2024-02-12,2024-02-17,19,B03,C00000,Website,2,Completed
BK004474,2024-02-15,2024-02-17,19,B03,C01059,Website,6,Completed
BK004475,2024-02-07,2024-02-18,21,B03,C00500,Website,4,Completed
BK004476,2024-02-17,2024-02-18,21,B03,C00000,OpenTable,2,Cancelled
BK004477,2024-02-18,2024-02-19,12,B03,C01794,Phone,2,Completed
BK004478,2024-02-21,2024-02-22,20,B03,C00000,Phone,4,Completed
BK004479,2024-02-22,2024-02-23,20,B03,C00000,OpenTable,2,Completed
BK004480,2024-02-23,2024-02-23,20,B03,C00000,Website,4,Completed
BK004481,2024-02-07,2024-02-23,12,B03,C00000,Website,1,Completed
BK004482,2024-02-22,2024-02-23,12,B03,C00000,OpenTable,1,No-show
BK004483,2024-02-15,2024-02-24,20,B03,C00000,OpenTable,1,Completed
BK004484,2024-02-11,2024-02-24,21,B03,C00000,Website,3,Completed
BK004485,2024-02-21,2024-02-24,20,B03,C00000,Website,1,Completed
BK004486,2024-02-22,2024-02-24,20,B03,C00000,Website,1,Cancelled
BK004487,2024-02-14,2024-02-24,15,B03,C00000,Website,2,Completed
BK004488,2024-02-13,2024-02-24,17,B03,C00000,Phone,1,Completed
BK004489,2024-02-23,2024-02-25,13,B03,C02111,Website,2,Completed
BK004490,2024-02-23,2024-02-25,13,B03,C00000,Phone,6,Cancelled
BK004491,2024-02-24,2024-02-25,21,B03,C00000,OpenTable,1,Completed
BK004492,2024-02-25,2024-02-25,21,B03,C00000,Instagram,4,No-show
BK004493,2024-02-20,2024-02-28,20,B03,C00000,Website,4,Completed
BK004494,2024-02-26,2024-03-01,19,B03,C00000,OpenTable,2,Completed
BK004495,2024-02-10,2024-03-02,16,B03,C00000,Website,4,Completed
BK004496,2024-03-02,2024-03-03,14,B03,C00000,Website,1,Completed
BK004497,2024-02-25,2024-03-03,14,B03,C00000,OpenTable,6,Cancelled
BK004498,2024-02-16,2024-03-03,19,B03,C00000,Website,5,Completed
BK004499,2024-02-22,2024-03-03,19,B03,C00000,Website,4,No-show
BK004500,2024-02-23,2024-03-03,19,B03,C00000,Website,1,Completed
BK004501,2024-02-27,2024-03-07,12,B03,C01223,Website,2,Completed
BK004502,2024-03-07,2024-03-07,19,B03,C00000,Phone,4,Completed
BK004503,2024-03-05,2024-03-08,17,B03,C00000,Phone,4,Completed
BK004504,2024-03-07,2024-03-08,22,B03,C00000,Phone,2,Completed
BK004505,2024-02-27,2024-03-09,20,B03,C04963,Website,2,Completed
BK004506,2024-03-10,2024-03-10,20,B03,C00000,Website,4,Completed
BK004507,2024-03-06,2024-03-10,22,B03,C00000,Phone,5,Completed
BK004508,2024-03-05,2024-03-10,22,B03,C00000,Phone,3,No-show
BK004509,2024-02-26,2024-03-11,18,B03,C00000,Phone,2,Completed
BK004510,2024-03-14,2024-03-14,19,B03,C00000,OpenTable,4,Completed
BK004511,2024-03-04,2024-03-15,19,B03,C00000,Website,3,Completed
BK004512,2024-02-25,2024-03-15,22,B03,C01059,Website,2,Completed
BK004513,2024-02-28,2024-03-15,21,B03,C00000,Website,3,Completed
BK004514,2024-03-15,2024-03-15,21,B03,C00000,OpenTable,2,No-show
BK004515,2024-03-06,2024-03-15,19,B03,C00000,Phone,6,Completed
BK004516,2024-03-14,2024-03-16,19,B03,C00000,Phone,3,Completed
BK004517,2024-03-15,2024-03-16,22,B03,C00000,Website,4,Completed
BK004518,2024-03-16,2024-03-16,22,B03,C00000,Website,3,Cancelled
BK004519,2024-03-09,2024-03-16,13,B03,C00000,Phone,1,Completed
BK004520,2024-03-15,2024-03-17,18,B03,C00000,Website,3,Completed
BK004521,2024-03-14,2024-03-18,21,B03,C00000,OpenTable,2,Completed
BK004522,2024-03-17,2024-03-18,20,B03,C00000,Website,4,Completed
BK004523,2024-03-09,2024-03-20,18,B03,C01346,OpenTable,2,Completed
BK004524,2024-03-18,2024-03-21,17,B03,C00000,Website,4,Completed
BK004525,2024-03-21,2024-03-21,17,B03,C00000,OpenTable,2,No-show
BK004526,2024-03-15,2024-03-21,19,B03,C00750,Website,2,Completed
BK004527,2024-03-21,2024-03-21,21,B03,C00000,Instagram,3,Completed
BK004528,2024-03-18,2024-03-21,15,B03,C02744,OpenTable,4,Completed
BK004529,2024-03-14,2024-03-22,22,B03,C00000,OpenTable,7,Completed
BK004530,2024-03-20,2024-03-22,12,B03,C00000,Instagram,2,Completed
BK004531,2024-03-22,2024-03-22,14,B03,C01223,Website,2,Completed
BK004532,2024-03-22,2024-03-22,20,B03,C00000,Website,2,Completed
BK004533,2024-03-18,2024-03-22,20,B03,C00000,OpenTable,6,Cancelled
BK004534,2024-03-16,2024-03-23,20,B03,C00000,Website,4,Completed
BK004535,2024-03-19,2024-03-24,19,B03,C00000,Phone,6,Completed
BK004536,2024-03-24,2024-03-24,22,B03,C00000,Website,4,Completed
BK004537,2024-03-21,2024-03-24,20,B03,C00000,Website,2,Completed
BK004538,2024-03-14,2024-03-24,19,B03,C00000,OpenTable,5,Completed
BK004539,2024-03-06,2024-03-28,20,B03,C01059,Phone,2,Completed
BK004540,2024-03-22,2024-03-28,20,B03,C03207,Website,2,Completed
BK004541,2024-03-23,2024-03-29,18,B03,C00000,Phone,4,Completed
BK004542,2024-03-09,2024-03-30,18,B03,C00000,Website,3,Completed
BK004543,2024-03-19,2024-03-30,12,B03,C00000,Website,4,Completed
BK004544,2024-03-30,2024-04-01,21,B03,C00000,OpenTable,2,Completed
BK004545,2024-04-03,2024-04-04,13,B03,C03210,Phone,1,Completed
BK004546,2024-03-28,2024-04-04,18,B03,C00000,Instagram,3,Completed
BK004547,2024-03-27,2024-04-04,18,B03,C00000,Phone,2,Completed
BK004548,2024-03-19,2024-04-04,18,B03,C01223,OpenTable,2,Completed
BK004549,2024-04-04,2024-04-06,19,B03,C00000,Website,2,Completed
BK004550,2024-04-05,2024-04-06,18,B03,C00000,Phone,2,Completed
BK004551,2024-03-24,2024-04-06,20,B03,C02631,OpenTable,4,Completed
BK004552,2024-04-03,2024-04-06,20,B03,C00620,Website,1,Completed
BK004553,2024-04-03,2024-04-10,18,B03,C01223,Website,5,Completed
BK004554,2024-03-26,2024-04-11,15,B03,C01205,Website,4,Completed
BK004555,2024-04-08,2024-04-11,15,B03,C00000,Website,3,No-show
BK004556,2024-04-07,2024-04-11,18,B03,C00000,OpenTable,2,Completed
BK004557,2024-04-11,2024-04-11,18,B03,C00000,OpenTable,4,No-show
BK004558,2024-04-09,2024-04-11,18,B03,C02744,Phone,2,Completed
BK004559,2024-03-25,2024-04-12,19,B03,C00000,Website,2,Completed
BK004560,2024-04-09,2024-04-13,20,B03,C00000,Website,1,Completed
BK004561,2024-03-03,2024-04-13,20,B03,C00000,Phone,6,Cancelled
BK004562,2024-04-09,2024-04-13,19,B03,C00000,Website,4,Completed
BK004563,2024-04-13,2024-04-13,19,B03,C00000,OpenTable,7,Completed
BK004564,2024-04-09,2024-04-13,19,B03,C00000,OpenTable,2,Cancelled
BK004565,2024-04-12,2024-04-13,12,B03,C00000,Website,7,Completed
BK004566,2024-04-08,2024-04-13,12,B03,C00000,Website,2,No-show
BK004567,2024-04-13,2024-04-14,18,B03,C00000,Phone,2,Completed
BK004568,2024-04-12,2024-04-14,19,B03,C00000,Phone,4,Completed
BK004569,2024-04-13,2024-04-14,14,B03,C04574,OpenTable,2,Completed
BK004570,2024-04-15,2024-04-15,19,B03,C00000,Phone,1,Completed
BK004571,2024-04-08,2024-04-18,18,B03,C01223,Phone,2,Completed
BK004572,2024-04-17,2024-04-19,15,B03,C00000,Website,2,Completed
BK004573,2024-04-14,2024-04-20,18,B03,C01223,OpenTable,3,Completed
BK004574,2024-04-13,2024-04-20,17,B03,C00000,OpenTable,2,Completed
BK004575,2024-04-08,2024-04-20,18,B03,C00000,Website,3,Completed
BK004576,2024-04-20,2024-04-22,14,B03,C03106,Instagram,1,Completed
BK004577,2024-04-22,2024-04-22,19,B03,C04889,Instagram,2,Completed
BK004578,2024-04-19,2024-04-24,22,B03,C01346,Website,4,Completed
BK004579,2024-04-23,2024-04-24,13,B03,C00000,Website,2,Completed
BK004580,2024-04-20,2024-04-25,13,B03,C00000,OpenTable,5,Completed
BK004581,2024-04-26,2024-04-26,12,B03,C00000,Website,3,Completed
BK004582,2024-04-01,2024-04-26,18,B03,C00000,OpenTable,4,Completed
BK004583,2024-04-25,2024-04-27,19,B03,C00000,Website,3,Completed
BK004584,2024-04-23,2024-04-27,21,B03,C00000,Phone,2,Completed
BK004585,2024-04-25,2024-04-27,20,B03,C04574,Website,3,Completed
BK004586,2024-04-24,2024-04-27,21,B03,C00000,Website,8,Completed
BK004587,2024-04-14,2024-04-27,19,B03,C04634,Website,2,Completed
BK004588,2024-04-25,2024-04-27,19,B03,C00000,OpenTable,2,No-show
BK004589,2024-04-27,2024-04-27,19,B03,C00000,Phone,4,Cancelled
BK004590,2024-04-26,2024-04-27,21,B03,C00000,Instagram,1,Completed
BK004591,2024-04-27,2024-04-27,21,B03,C00000,OpenTable,3,Cancelled
BK004592,2024-04-28,2024-04-28,20,B03,C00000,Phone,4,Completed
BK004593,2024-05-01,2024-05-01,21,B03,C00000,Website,4,Completed
BK004594,2024-04-14,2024-05-01,17,B03,C00000,Phone,2,Completed
BK004595,2024-04-28,2024-05-01,20,B03,C00000,Website,6,Completed
BK004596,2024-04-30,2024-05-01,20,B03,C00000,Phone,4,Completed
BK004597,2024-04-28,2024-05-03,14,B03,C00000,Phone,2,Completed
BK004598,2024-04-24,2024-05-03,19,B03,C00000,Phone,3,Completed
BK004599,2024-04-30,2024-05-04,22,B03,C00000,Website,5,Completed
BK004600,2024-04-29,2024-05-04,22,B03,C00000,OpenTable,2,Cancelled
BK004601,2024-05-02,2024-05-04,21,B03,C00000,OpenTable,5,Completed
BK004602,2024-05-04,2024-05-04,20,B03,C00000,OpenTable,2,Completed
BK004603,2024-04-27,2024-05-05,21,B03,C00000,Phone,5,Completed
BK004604,2024-04-22,2024-05-06,21,B03,C00000,Website,2,Completed
BK004605,2024-05-03,2024-05-06,21,B03,C00000,OpenTable,4,No-show
BK004606,2024-05-06,2024-05-08,18,B03,C00000,Phone,4,Completed
BK004607,2024-05-09,2024-05-09,14,B03,C00000,Website,5,Completed
BK004608,2024-05-03,2024-05-10,22,B03,C00000,Phone,6,Completed
BK004609,2024-05-10,2024-05-10,12,B03,C00000,OpenTable,6,Completed
BK004610,2024-04-30,2024-05-10,20,B03,C00000,OpenTable,2,Completed
BK004611,2024-04-29,2024-05-11,12,B03,C00000,Website,2,Completed
BK004612,2024-05-02,2024-05-11,12,B03,C00000,Website,2,No-show
BK004613,2024-05-06,2024-05-11,20,B03,C01223,Instagram,4,Completed
BK004614,2024-04-23,2024-05-13,20,B03,C00000,Website,1,Completed
BK004615,2024-04-30,2024-05-16,18,B03,C00000,OpenTable,3,Completed
BK004616,2024-05-14,2024-05-17,19,B03,C00000,Website,2,Completed
BK004617,2024-05-17,2024-05-17,19,B03,C00000,OpenTable,3,Cancelled
BK004618,2024-05-05,2024-05-17,19,B03,C00000,OpenTable,2,Completed
BK004619,2024-04-27,2024-05-17,19,B03,C00000,Phone,1,No-show
BK004620,2024-05-15,2024-05-17,18,B03,C01223,Phone,3,Completed
BK004621,2024-05-17,2024-05-17,18,B03,C00000,OpenTable,1,Cancelled
BK004622,2024-05-05,2024-05-18,21,B03,C01223,OpenTable,1,Completed
BK004623,2024-05-17,2024-05-18,19,B03,C00991,Website,2,Completed
BK004624,2024-05-15,2024-05-18,13,B03,C00000,OpenTable,2,Completed
BK004625,2024-05-18,2024-05-20,18,B03,C00000,Phone,6,Completed
BK004626,2024-05-21,2024-05-23,15,B03,C00000,Website,2,Completed
BK004627,2024-05-03,2024-05-23,15,B03,C00000,OpenTable,2,No-show
BK004628,2024-04-27,2024-05-23,21,B03,C00000,Phone,5,Completed
BK004629,2024-05-22,2024-05-23,18,B03,C00000,Phone,2,Completed
BK004630,2024-05-24,2024-05-24,18,B03,C03342,Website,3,Completed
BK004631,2024-05-25,2024-05-25,17,B03,C00000,Website,1,Completed
BK004632,2024-05-23,2024-05-25,21,B03,C01223,OpenTable,2,Completed
BK004633,2024-05-25,2024-05-25,19,B03,C00000,Website,1,Completed
BK004634,2024-05-16,2024-05-25,21,B03,C00000,Website,2,Completed
BK004635,2024-05-23,2024-05-25,14,B03,C00000,Website,3,Completed
BK004636,2024-05-10,2024-05-26,17,B03,C01223,OpenTable,2,Completed
BK004637,2024-05-23,2024-05-27,18,B03,C00000,Website,3,Completed
BK004638,2024-05-18,2024-05-29,13,B03,C00000,Website,2,Completed
BK004639,2024-05-28,2024-05-29,13,B03,C00000,Website,2,Cancelled
BK004640,2024-05-19,2024-05-30,21,B03,C01223,Website,4,Completed
BK004641,2024-05-27,2024-05-31,16,B03,C01223,Website,6,Completed
BK004642,2024-05-16,2024-05-31,19,B03,C00000,OpenTable,4,Completed
BK004643,2024-05-05,2024-06-01,20,B03,C00000,Website,4,Completed
BK004644,2024-06-01,2024-06-01,16,B03,C00000,Website,3,Completed
BK004645,2024-05-29,2024-06-01,14,B03,C00000,Phone,2,Completed
BK004646,2024-05-20,2024-06-02,22,B03,C01223,Website,4,Completed
BK004647,2024-06-01,2024-06-02,17,B03,C00217,Website,1,Completed
BK004648,2024-06-03,2024-06-03,20,B03,C00000,Website,1,Completed
BK004649,2024-06-02,2024-06-05,12,B03,C01594,OpenTable,4,Completed
BK004650,2024-05-30,2024-06-06,15,B03,C04352,Website,4,Completed
BK004651,2024-05-30,2024-06-06,18,B03,C01223,Website,1,Completed
BK004652,2024-05-23,2024-06-08,12,B03,C00000,Website,3,Completed
BK004653,2024-06-06,2024-06-08,14,B03,C00000,Website,2,Completed
BK004654,2024-05-29,2024-06-09,21,B03,C02744,OpenTable,2,Completed
BK004655,2024-06-02,2024-06-10,21,B03,C00000,Website,3,Completed
BK004656,2024-06-08,2024-06-10,21,B03,C00000,OpenTable,6,No-show
BK004657,2024-06-02,2024-06-10,13,B03,C00000,Website,4,Completed
BK004658,2024-06-07,2024-06-10,13,B03,C01059,Website,3,Completed
BK004659,2024-06-08,2024-06-12,13,B03,C00000,Website,2,Completed
BK004660,2024-05-26,2024-06-12,22,B03,C00000,Website,2,Completed
BK004661,2024-06-10,2024-06-13,13,B03,C00000,Phone,2,Completed
BK004662,2024-06-11,2024-06-13,20,B03,C03918,OpenTable,4,Completed
BK004663,2024-06-12,2024-06-13,18,B03,C00000,Phone,3,Completed
BK004664,2024-06-10,2024-06-13,21,B03,C00000,OpenTable,1,Completed
BK004665,2024-06-08,2024-06-14,19,B03,C00000,OpenTable,2,Completed
BK004666,2024-06-06,2024-06-14,18,B03,C00020,OpenTable,2,Completed
BK004667,2024-06-11,2024-06-14,14,B03,C00000,Website,3,Completed
BK004668,2024-06-10,2024-06-14,14,B03,C00000,Phone,2,Completed
BK004669,2024-06-11,2024-06-16,20,B03,C01223,Website,2,Completed
BK004670,2024-06-06,2024-06-16,21,B03,C04960,Phone,4,Completed
BK004671,2024-06-14,2024-06-17,18,B03,C00000,Phone,3,Completed
BK004672,2024-06-04,2024-06-17,18,B03,C00000,Phone,7,No-show
BK004673,2024-06-12,2024-06-19,19,B03,C04755,Website,3,Completed
BK004674,2024-06-19,2024-06-19,19,B03,C00000,Phone,4,No-show
BK004675,2024-06-14,2024-06-21,12,B03,C04963,Website,2,Completed
BK004676,2024-06-16,2024-06-21,13,B03,C02356,OpenTable,2,Completed
BK004677,2024-06-16,2024-06-21,13,B03,C00000,Instagram,6,No-show
BK004678,2024-06-18,2024-06-21,20,B03,C01223,Phone,4,Completed
BK004679,2024-06-20,2024-06-22,20,B03,C03179,Website,1,Completed
BK004680,2024-05-28,2024-06-22,21,B03,C01223,Website,6,Completed
BK004681,2024-06-16,2024-06-22,20,B03,C00000,OpenTable,3,Completed
BK004682,2024-05-28,2024-06-22,20,B03,C00000,Website,2,Cancelled
BK004683,2024-06-16,2024-06-22,19,B03,C02744,OpenTable,2,Completed
BK004684,2024-06-22,2024-06-23,20,B03,C00000,Website,7,Completed
BK004685,2024-06-18,2024-06-23,20,B03,C00000,Website,1,Cancelled
BK004686,2024-06-10,2024-06-23,16,B03,C00000,Website,4,Completed
BK004687,2024-06-23,2024-06-23,22,B03,C01059,OpenTable,2,Completed
BK004688,2024-06-15,2024-06-23,21,B03,C00000,Website,2,Completed
BK004689,2024-06-23,2024-06-23,13,B03,C00000,Phone,1,Completed
BK004690,2024-06-17,2024-06-23,13,B03,C00000,Website,3,Completed
BK004691,2024-06-14,2024-06-23,21,B03,C00000,Phone,2,Completed
BK004692,2024-06-23,2024-06-23,19,B03,C02550,OpenTable,6,Completed
BK004693,2024-06-23,2024-06-24,19,B03,C00000,OpenTable,2,Completed
BK004694,2024-06-16,2024-06-26,12,B03,C00000,Website,2,Completed
BK004695,2024-06-27,2024-06-27,22,B03,C00000,Website,2,Completed
BK004696,2024-06-27,2024-06-27,16,B03,C00000,Phone,2,Completed
BK004697,2024-06-27,2024-06-27,20,B03,C01913,Phone,6,Completed
BK004698,2024-06-27,2024-06-28,12,B03,C00000,Phone,4,Completed
BK004699,2024-06-27,2024-06-28,13,B03,C00000,Phone,4,Completed
BK004700,2024-06-26,2024-06-28,20,B03,C04215,Phone,8,Completed
BK004701,2024-06-15,2024-06-28,22,B03,C00000,OpenTable,6,Completed
BK004702,2024-06-24,2024-06-28,20,B03,C00020,Website,4,Completed
BK004703,2024-06-27,2024-06-29,18,B03,C00000,Phone,4,Completed
BK004704,2024-06-24,2024-06-29,22,B03,C00000,OpenTable,1,Completed
BK004705,2024-06-26,2024-07-01,13,B03,C00020,Website,4,Completed
BK004706,2024-06-29,2024-07-01,13,B03,C00000,Website,1,Cancelled
BK004707,2024-06-15,2024-07-03,12,B03,C00000,OpenTable,5,Completed
BK004708,2024-07-02,2024-07-03,19,B03,C00000,Instagram,5,Completed
BK004709,2024-06-25,2024-07-04,14,B03,C01223,Website,8,Completed
BK004710,2024-06-29,2024-07-04,21,B03,C00000,Website,1,Completed
BK004711,2024-07-01,2024-07-04,13,B03,C00000,Website,5,Completed
BK004712,2024-06-24,2024-07-04,20,B03,C04504,Instagram,2,Completed
BK004713,2024-07-04,2024-07-05,18,B03,C03049,OpenTable,3,Completed
BK004714,2024-05-23,2024-07-05,17,B03,C03543,OpenTable,2,Completed
BK004715,2024-06-29,2024-07-05,17,B03,C00000,Website,4,Cancelled
BK004716,2024-07-02,2024-07-06,12,B03,C00000,Website,5,Completed
BK004717,2024-06-25,2024-07-06,12,B03,C00000,Website,2,Cancelled
BK004718,2024-07-07,2024-07-07,19,B03,C02550,Website,4,Completed
BK004719,2024-06-10,2024-07-07,21,B03,C00000,Website,2,Completed
BK004720,2024-07-02,2024-07-07,22,B03,C00000,OpenTable,1,Completed
BK004721,2024-07-04,2024-07-07,20,B03,C00000,Website,3,Completed
BK004722,2024-07-06,2024-07-07,20,B03,C00000,Website,6,Cancelled
BK004723,2024-07-02,2024-07-08,18,B03,C00000,Phone,2,Completed
BK004724,2024-07-03,2024-07-08,21,B03,C00000,Phone,4,Completed
BK004725,2024-07-07,2024-07-10,14,B03,C02552,Phone,2,Completed
BK004726,2024-07-02,2024-07-10,18,B03,C00000,Website,2,Completed
BK004727,2024-07-07,2024-07-10,18,B03,C00000,OpenTable,5,Cancelled
BK004728,2024-07-11,2024-07-11,17,B03,C00000,Phone,5,Completed
BK004729,2024-07-09,2024-07-11,17,B03,C00000,Website,4,No-show
BK004730,2024-07-12,2024-07-12,17,B03,C00000,OpenTable,2,Completed
BK004731,2024-07-12,2024-07-14,22,B03,C00000,OpenTable,1,Completed
BK004732,2024-07-14,2024-07-14,20,B03,C01059,Phone,2,Completed
BK004733,2024-07-11,2024-07-14,16,B03,C00000,OpenTable,1,Completed
BK004734,2024-07-12,2024-07-14,16,B03,C00000,Website,2,Cancelled
BK004735,2024-07-09,2024-07-18,19,B03,C00000,Website,2,Completed
BK004736,2024-07-16,2024-07-18,21,B03,C00000,OpenTable,1,Completed
BK004737,2024-07-18,2024-07-19,16,B03,C00000,Website,2,Completed
BK004738,2024-07-08,2024-07-19,18,B03,C00000,Phone,4,Completed
BK004739,2024-07-19,2024-07-20,18,B03,C00000,Website,1,Completed
BK004740,2024-07-20,2024-07-20,20,B03,C00000,Phone,2,Completed
BK004741,2024-07-18,2024-07-20,14,B03,C00000,OpenTable,2,Completed
BK004742,2024-07-15,2024-07-20,18,B03,C00020,OpenTable,3,Completed
BK004743,2024-07-07,2024-07-20,18,B03,C00000,Website,2,No-show
BK004744,2024-07-15,2024-07-20,18,B03,C00000,Website,2,Cancelled
BK004745,2024-07-12,2024-07-20,19,B03,C00000,Website,3,Completed
BK004746,2024-07-15,2024-07-21,17,B03,C00000,Website,2,Completed
BK004747,2024-07-18,2024-07-21,20,B03,C00000,Instagram,6,Completed
BK004748,2024-07-13,2024-07-21,17,B03,C04923,Website,2,Completed
BK004749,2024-07-18,2024-07-21,19,B03,C00000,OpenTable,6,Completed
BK004750,2024-06-29,2024-07-22,19,B03,C00000,Phone,1,Completed
BK004751,2024-07-11,2024-07-24,19,B03,C00000,Phone,3,Completed
BK004752,2024-07-17,2024-07-26,18,B03,C02283,Website,4,Completed
BK004753,2024-07-21,2024-07-27,12,B03,C00000,OpenTable,2,Completed
BK004754,2024-07-07,2024-07-27,20,B03,C00000,Website,8,Completed
BK004755,2024-07-16,2024-07-27,19,B03,C04015,OpenTable,4,Completed
BK004756,2024-07-20,2024-07-27,19,B03,C00000,Website,1,Cancelled
BK004757,2024-07-24,2024-07-28,19,B03,C00000,Phone,4,Completed
BK004758,2024-07-28,2024-07-28,14,B03,C00000,OpenTable,2,Completed
BK004759,2024-07-28,2024-07-31,20,B03,C00000,OpenTable,2,Completed
BK004760,2024-07-31,2024-08-01,12,B03,C02912,Phone,2,Completed
BK004761,2024-07-06,2024-08-01,22,B03,C04414,Website,2,Completed
BK004762,2024-07-20,2024-08-01,18,B03,C00000,Website,2,Completed
BK004763,2024-07-28,2024-08-01,17,B03,C01223,Website,3,Completed
BK004764,2024-08-03,2024-08-03,18,B03,C00000,OpenTable,2,Completed
BK004765,2024-08-03,2024-08-04,20,B03,C00791,Website,2,Completed
BK004766,2024-08-02,2024-08-04,20,B03,C00000,Website,4,Cancelled
BK004767,2024-07-28,2024-08-07,21,B03,C00000,OpenTable,1,Completed
BK004768,2024-07-20,2024-08-07,17,B03,C01532,OpenTable,2,Completed
BK004769,2024-08-07,2024-08-08,22,B03,C00000,Website,6,Completed
BK004770,2024-08-06,2024-08-09,22,B03,C00000,Phone,5,Completed
BK004771,2024-08-10,2024-08-10,20,B03,C01921,Website,2,Completed
BK004772,2024-07-23,2024-08-10,19,B03,C00000,Website,2,Completed
BK004773,2024-08-09,2024-08-10,16,B03,C00000,Phone,3,Completed
BK004774,2024-08-08,2024-08-10,21,B03,C00000,Phone,3,Completed
BK004775,2024-07-26,2024-08-10,21,B03,C00000,Phone,2,Cancelled
BK004776,2024-08-10,2024-08-10,17,B03,C01223,Phone,4,Completed
BK004777,2024-08-03,2024-08-10,22,B03,C00000,OpenTable,1,Completed
BK004778,2024-08-06,2024-08-10,22,B03,C00000,Phone,2,No-show
BK004779,2024-08-08,2024-08-10,22,B03,C00000,Website,2,Cancelled
BK004780,2024-08-10,2024-08-10,18,B03,C00000,Website,2,Completed
BK004781,2024-08-08,2024-08-10,19,B03,C00000,Phone,4,Completed
BK004782,2024-08-08,2024-08-11,22,B03,C02012,Instagram,5,Completed
BK004783,2024-08-08,2024-08-11,20,B03,C02746,Phone,2,Completed
BK004784,2024-08-05,2024-08-11,20,B03,C00000,Phone,4,Cancelled
BK004785,2024-08-10,2024-08-11,21,B03,C00000,Phone,4,Completed
BK004786,2024-08-08,2024-08-11,19,B03,C00000,Website,2,Completed
BK004787,2024-08-01,2024-08-12,13,B03,C03228,OpenTable,1,Completed
BK004788,2024-08-13,2024-08-14,14,B03,C01316,Website,5,Completed
BK004789,2024-08-04,2024-08-15,12,B03,C00000,OpenTable,6,Completed
BK004790,2024-07-31,2024-08-16,18,B03,C03567,Website,2,Completed
BK004791,2024-08-13,2024-08-16,18,B03,C00440,OpenTable,4,Completed
BK004792,2024-08-16,2024-08-17,21,B03,C03457,Website,4,Completed
BK004793,2024-08-15,2024-08-17,21,B03,C00000,Website,4,Completed
BK004794,2024-08-09,2024-08-18,21,B03,C00000,Website,3,Completed
BK004795,2024-08-14,2024-08-19,22,B03,C03112,Website,4,Completed
BK004796,2024-08-13,2024-08-21,14,B03,C00000,Website,4,Completed
BK004797,2024-08-20,2024-08-21,18,B03,C00000,Website,3,Completed
BK004798,2024-08-22,2024-08-22,22,B03,C00000,OpenTable,8,Completed
BK004799,2024-08-22,2024-08-23,18,B03,C00000,Website,2,Completed
BK004800,2024-08-21,2024-08-23,21,B03,C04838,Website,2,Completed
BK004801,2024-08-17,2024-08-23,17,B03,C01772,Instagram,5,Completed
BK004802,2024-08-24,2024-08-24,22,B03,C00000,OpenTable,3,Completed
BK004803,2024-08-24,2024-08-24,19,B03,C01223,OpenTable,2,Completed
BK004804,2024-08-23,2024-08-24,19,B03,C01223,Instagram,2,Completed
BK004805,2024-08-14,2024-08-24,19,B03,C00000,Phone,2,Completed
BK004806,2024-08-23,2024-08-25,19,B03,C00000,Phone,2,Completed
BK004807,2024-08-23,2024-08-26,20,B03,C00000,Instagram,4,Completed
BK004808,2024-08-28,2024-08-28,17,B03,C00000,Website,3,Completed
BK004809,2024-08-20,2024-08-29,18,B03,C00020,Website,2,Completed
BK004810,2024-08-30,2024-08-30,19,B03,C00000,Website,1,Completed
BK004811,2024-08-27,2024-08-30,21,B03,C01223,Phone,6,Completed
BK004812,2024-08-28,2024-08-30,18,B03,C00000,Phone,2,Completed
BK004813,2024-08-22,2024-08-30,22,B03,C00774,Website,2,Completed
BK004814,2024-08-28,2024-08-30,13,B03,C04140,Phone,2,Completed
BK004815,2024-08-31,2024-08-31,20,B03,C02772,OpenTable,3,Completed
BK004816,2024-08-29,2024-08-31,13,B03,C00000,Website,2,Completed
BK004817,2024-08-19,2024-09-01,20,B03,C00000,Instagram,4,Completed
BK004818,2024-09-03,2024-09-05,20,B03,C00000,OpenTable,3,Completed
BK004819,2024-08-31,2024-09-06,21,B03,C00000,Website,2,Completed
BK004820,2024-09-06,2024-09-06,19,B03,C00000,OpenTable,1,Completed
BK004821,2024-09-06,2024-09-06,12,B03,C00000,Website,4,Completed
BK004822,2024-09-05,2024-09-06,21,B03,C00000,Phone,2,Completed
BK004823,2024-09-06,2024-09-07,20,B03,C00000,Website,4,Completed
BK004824,2024-09-01,2024-09-07,18,B03,C00000,Website,1,Completed
BK004825,2024-08-30,2024-09-08,13,B03,C01223,Website,6,Completed
BK004826,2024-08-29,2024-09-08,20,B03,C00000,Phone,6,Completed
BK004827,2024-08-20,2024-09-09,22,B03,C00000,Website,5,Completed
BK004828,2024-09-06,2024-09-09,22,B03,C00000,Phone,2,No-show
BK004829,2024-09-11,2024-09-13,19,B03,C02744,Phone,2,Completed
BK004830,2024-09-13,2024-09-14,15,B03,C02427,OpenTable,4,Completed
BK004831,2024-08-27,2024-09-14,21,B03,C01223,Website,4,Completed
BK004832,2024-08-27,2024-09-15,19,B03,C01223,Website,7,Completed
BK004833,2024-09-11,2024-09-15,17,B03,C00000,Website,2,Completed
BK004834,2024-09-06,2024-09-15,22,B03,C01223,Website,2,Completed
BK004835,2024-09-13,2024-09-15,20,B03,C00000,Website,4,Completed
BK004836,2024-09-14,2024-09-16,12,B03,C00000,OpenTable,3,Completed
BK004837,2024-09-12,2024-09-16,12,B03,C00000,Website,1,No-show
BK004838,2024-09-14,2024-09-16,20,B03,C00000,Website,2,Completed
BK004839,2024-09-19,2024-09-19,22,B03,C01223,Phone,2,Completed
BK004840,2024-09-10,2024-09-19,22,B03,C00000,OpenTable,2,Completed
BK004841,2024-09-14,2024-09-20,18,B03,C00000,Website,5,Completed
BK004842,2024-09-09,2024-09-20,18,B03,C00000,OpenTable,6,Cancelled
BK004843,2024-09-11,2024-09-20,13,B03,C00000,OpenTable,6,Completed
BK004844,2024-09-17,2024-09-20,13,B03,C00000,Website,2,Cancelled
BK004845,2024-09-20,2024-09-21,12,B03,C00000,Phone,4,Completed
BK004846,2024-09-15,2024-09-21,12,B03,C00000,OpenTable,1,No-show
BK004847,2024-09-03,2024-09-21,22,B03,C00000,Website,8,Completed
BK004848,2024-09-21,2024-09-21,19,B03,C00000,Website,8,Completed
BK004849,2024-09-16,2024-09-21,14,B03,C00000,Website,3,Completed
BK004850,2024-09-19,2024-09-22,17,B03,C00000,Phone,2,Completed
BK004851,2024-09-12,2024-09-22,17,B03,C00000,OpenTable,1,Cancelled
BK004852,2024-09-11,2024-09-26,22,B03,C03514,Phone,7,Completed
BK004853,2024-09-24,2024-09-26,19,B03,C00000,Website,2,Completed
BK004854,2024-09-09,2024-09-26,19,B03,C00000,OpenTable,1,Cancelled
BK004855,2024-09-25,2024-09-26,12,B03,C00000,Phone,2,Completed
BK004856,2024-09-23,2024-09-26,20,B03,C00000,Phone,2,Completed
BK004857,2024-09-23,2024-09-26,13,B03,C00000,Phone,1,Completed
BK004858,2024-09-27,2024-09-27,20,B03,C01223,Website,4,Completed
BK004859,2024-09-22,2024-09-27,20,B03,C00000,Instagram,3,No-show
BK004860,2024-09-24,2024-09-27,20,B03,C00000,Website,1,Cancelled
BK004861,2024-09-19,2024-09-27,20,B03,C00000,Website,1,Completed
BK004862,2024-09-22,2024-09-28,20,B03,C04503,Website,4,Completed
BK004863,2024-09-25,2024-09-28,19,B03,C01223,Website,2,Completed
BK004864,2024-09-22,2024-09-29,20,B03,C00000,OpenTable,1,Completed
BK004865,2024-09-28,2024-09-30,22,B03,C04963,Instagram,2,Completed
BK004866,2024-09-28,2024-09-30,21,B03,C00000,Website,2,Completed
BK004867,2024-10-02,2024-10-02,18,B03,C00000,OpenTable,2,Completed
BK004868,2024-10-03,2024-10-04,20,B03,C00000,Website,5,Completed
BK004869,2024-09-27,2024-10-04,21,B03,C00791,Website,4,Completed
BK004870,2024-10-03,2024-10-04,21,B03,C00000,Phone,3,Cancelled
BK004871,2024-09-26,2024-10-04,22,B03,C00000,OpenTable,2,Completed
BK004872,2024-09-29,2024-10-05,13,B03,C00000,Website,6,Completed
BK004873,2024-10-04,2024-10-05,19,B03,C02744,OpenTable,2,Completed
BK004874,2024-10-05,2024-10-05,13,B03,C00000,OpenTable,5,Completed
BK004875,2024-10-03,2024-10-05,13,B03,C00000,Website,1,Cancelled
BK004876,2024-09-27,2024-10-05,20,B03,C00000,OpenTable,1,Completed
BK004877,2024-09-18,2024-10-05,18,B03,C00000,Website,4,Completed
BK004878,2024-09-22,2024-10-05,18,B03,C00000,Phone,2,Completed
BK004879,2024-09-30,2024-10-06,20,B03,C00000,Phone,4,Completed
BK004880,2024-10-03,2024-10-06,19,B03,C01059,Phone,2,Completed
BK004881,2024-09-24,2024-10-06,19,B03,C00000,OpenTable,2,Cancelled
BK004882,2024-10-02,2024-10-06,18,B03,C01223,OpenTable,1,Completed
BK004883,2024-09-21,2024-10-07,21,B03,C00801,Website,4,Completed
BK004884,2024-09-18,2024-10-07,21,B03,C00000,OpenTable,3,No-show
BK004885,2024-09-29,2024-10-07,18,B03,C01775,Website,2,Completed
BK004886,2024-10-11,2024-10-11,21,B03,C00000,OpenTable,2,Completed
BK004887,2024-10-02,2024-10-11,21,B03,C00000,Instagram,4,Cancelled
BK004888,2024-10-11,2024-10-12,20,B03,C00000,Phone,2,Completed
BK004889,2024-10-11,2024-10-12,22,B03,C02968,OpenTable,2,Completed
BK004890,2024-10-06,2024-10-12,22,B03,C00000,Website,1,No-show
BK004891,2024-10-13,2024-10-13,14,B03,C00000,Website,2,Completed
BK004892,2024-09-29,2024-10-13,18,B03,C00000,Website,3,Completed
BK004893,2024-10-09,2024-10-13,19,B03,C00000,Instagram,2,Completed
BK004894,2024-10-12,2024-10-13,19,B03,C00000,OpenTable,2,No-show
BK004895,2024-09-26,2024-10-13,13,B03,C00020,Website,2,Completed
BK004896,2024-10-10,2024-10-14,18,B03,C00000,OpenTable,4,Completed
BK004897,2024-10-13,2024-10-14,19,B03,C00000,Website,3,Completed
BK004898,2024-10-14,2024-10-14,21,B03,C00531,Website,2,Completed
BK004899,2024-09-22,2024-10-16,21,B03,C00000,Phone,5,Completed
BK004900,2024-10-13,2024-10-17,19,B03,C01223,Website,2,Completed
BK004901,2024-10-13,2024-10-18,18,B03,C00000,Phone,2,Completed
BK004902,2024-10-16,2024-10-18,20,B03,C00000,Website,2,Completed
BK004903,2024-10-18,2024-10-18,20,B03,C01223,OpenTable,2,Completed
BK004904,2024-10-08,2024-10-19,19,B03,C01223,Phone,5,Completed
BK004905,2024-10-15,2024-10-19,19,B03,C00000,Website,2,Cancelled
BK004906,2024-10-04,2024-10-19,18,B03,C00000,Website,3,Completed
BK004907,2024-10-08,2024-10-20,18,B03,C00000,Website,5,Completed
BK004908,2024-10-15,2024-10-20,22,B03,C02470,Phone,2,Completed
BK004909,2024-10-16,2024-10-20,14,B03,C00000,Website,3,Completed
BK004910,2024-10-22,2024-10-23,19,B03,C00000,OpenTable,4,Completed
BK004911,2024-10-05,2024-10-23,19,B03,C00000,Phone,2,No-show
BK004912,2024-10-21,2024-10-24,14,B03,C00000,OpenTable,4,Completed
BK004913,2024-09-26,2024-10-24,14,B03,C00000,Website,6,Cancelled
BK004914,2024-10-11,2024-10-25,22,B03,C00000,Website,6,Completed
BK004915,2024-10-25,2024-10-25,21,B03,C01223,Website,2,Completed
BK004916,2024-10-24,2024-10-25,20,B03,C00000,OpenTable,4,Completed
BK004917,2024-10-11,2024-10-26,12,B03,C01316,Phone,2,Completed
BK004918,2024-10-18,2024-10-26,19,B03,C00000,OpenTable,5,Completed
BK004919,2024-10-18,2024-10-26,18,B03,C01844,Instagram,4,Completed
BK004920,2024-10-22,2024-10-26,18,B03,C00000,Phone,2,No-show
BK004921,2024-10-12,2024-10-26,20,B03,C00000,Website,6,Completed
BK004922,2024-10-26,2024-10-26,21,B03,C00000,Instagram,8,Completed
BK004923,2024-10-25,2024-10-27,13,B03,C00000,OpenTable,4,Completed
BK004924,2024-10-01,2024-10-27,20,B03,C00000,OpenTable,2,Completed
BK004925,2024-10-05,2024-10-27,19,B03,C02744,Website,5,Completed
BK004926,2024-10-23,2024-10-27,21,B03,C03543,Website,2,Completed
BK004927,2024-10-18,2024-10-27,18,B03,C01223,OpenTable,2,Completed
BK004928,2024-10-12,2024-10-27,18,B03,C00000,Website,4,Cancelled
BK004929,2024-10-23,2024-10-27,19,B03,C02744,Phone,3,Completed
BK004930,2024-10-23,2024-10-28,17,B03,C00000,OpenTable,2,Completed
BK004931,2024-10-28,2024-10-28,17,B03,C00000,OpenTable,4,No-show
BK004932,2024-10-22,2024-10-31,19,B03,C03293,OpenTable,2,Completed
BK004933,2024-10-29,2024-11-02,20,B03,C00000,Website,2,Completed
BK004934,2024-11-01,2024-11-02,20,B03,C00000,OpenTable,6,Cancelled
BK004935,2024-11-03,2024-11-03,21,B03,C00000,Phone,7,Completed
BK004936,2024-11-01,2024-11-03,21,B03,C00000,Website,5,Completed
BK004937,2024-10-27,2024-11-03,20,B03,C01794,OpenTable,2,Completed
BK004938,2024-10-30,2024-11-03,21,B03,C02660,Website,3,Completed
BK004939,2024-10-23,2024-11-04,22,B03,C04398,OpenTable,2,Completed
BK004940,2024-11-02,2024-11-04,12,B03,C00192,OpenTable,1,Completed
BK004941,2024-10-27,2024-11-04,12,B03,C00000,Website,1,No-show
BK004942,2024-10-22,2024-11-06,18,B03,C00000,OpenTable,3,Completed
BK004943,2024-10-23,2024-11-07,14,B03,C00000,Website,2,Completed
BK004944,2024-11-03,2024-11-07,18,B03,C03095,Website,1,Completed
BK004945,2024-10-18,2024-11-07,19,B03,C00000,OpenTable,1,Completed
BK004946,2024-11-05,2024-11-08,19,B03,C00000,OpenTable,4,Completed
BK004947,2024-11-09,2024-11-09,20,B03,C00000,OpenTable,2,Completed
BK004948,2024-11-05,2024-11-09,12,B03,C00000,OpenTable,8,Completed
BK004949,2024-11-09,2024-11-09,14,B03,C00813,Phone,2,Completed
BK004950,2024-11-08,2024-11-11,21,B03,C00000,Phone,3,Completed
BK004951,2024-11-11,2024-11-11,20,B03,C02744,Website,2,Completed
BK004952,2024-11-05,2024-11-13,19,B03,C01059,OpenTable,3,Completed
BK004953,2024-11-07,2024-11-15,19,B03,C00800,Phone,2,Completed
BK004954,2024-11-16,2024-11-16,12,B03,C00000,OpenTable,2,Completed
BK004955,2024-11-14,2024-11-16,21,B03,C01532,OpenTable,2,Completed
BK004956,2024-11-05,2024-11-16,21,B03,C00000,Instagram,4,No-show
BK004957,2024-11-16,2024-11-16,17,B03,C00000,OpenTable,6,Completed
BK004958,2024-11-04,2024-11-16,20,B03,C01059,Website,3,Completed
BK004959,2024-10-30,2024-11-16,13,B03,C00000,Website,4,Completed
BK004960,2024-11-06,2024-11-16,13,B03,C00000,Website,8,No-show
BK004961,2024-11-08,2024-11-17,22,B03,C00000,OpenTable,5,Completed
BK004962,2024-11-17,2024-11-17,19,B03,C00531,Website,3,Completed
BK004963,2024-11-15,2024-11-17,19,B03,C00000,Website,3,Cancelled
BK004964,2024-11-01,2024-11-17,21,B03,C00000,Instagram,2,Completed
BK004965,2024-11-16,2024-11-20,21,B03,C00000,Website,1,Completed
BK004966,2024-11-19,2024-11-22,20,B03,C00000,Website,2,Completed
BK004967,2024-11-17,2024-11-22,22,B03,C00000,Instagram,4,Completed
BK004968,2024-11-22,2024-11-22,22,B03,C00000,Phone,2,No-show
BK004969,2024-11-21,2024-11-22,21,B03,C01346,OpenTable,2,Completed
BK004970,2024-11-21,2024-11-22,20,B03,C00000,Phone,2,Completed
BK004971,2024-11-07,2024-11-22,20,B03,C00000,Instagram,6,Cancelled
BK004972,2024-11-20,2024-11-23,13,B03,C00000,OpenTable,5,Completed
BK004973,2024-11-21,2024-11-23,17,B03,C00000,Website,3,Completed
BK004974,2024-11-23,2024-11-23,13,B03,C03207,Phone,6,Completed
BK004975,2024-11-23,2024-11-23,20,B03,C00000,OpenTable,7,Completed
BK004976,2024-11-08,2024-11-23,22,B03,C00000,Website,5,Completed
BK004977,2024-11-22,2024-11-23,17,B03,C00000,Website,4,Completed
BK004978,2024-11-19,2024-11-23,19,B03,C04923,Website,6,Completed
BK004979,2024-11-24,2024-11-24,20,B03,C00000,Website,2,Completed
BK004980,2024-11-21,2024-11-24,22,B03,C00000,Website,7,Completed
BK004981,2024-11-22,2024-11-24,19,B03,C00000,Website,1,Completed
BK004982,2024-11-27,2024-11-27,20,B03,C00000,Phone,3,Completed
BK004983,2024-11-13,2024-11-29,18,B03,C01231,Website,2,Completed
BK004984,2024-11-28,2024-11-30,19,B03,C00000,Phone,1,Completed
BK004985,2024-11-30,2024-11-30,14,B03,C00000,OpenTable,2,Completed
BK004986,2024-11-21,2024-11-30,19,B03,C00000,OpenTable,4,Completed
BK004987,2024-11-27,2024-11-30,19,B03,C00000,Website,2,Cancelled
BK004988,2024-11-25,2024-12-02,17,B03,C02660,Website,2,Completed
BK004989,2024-11-24,2024-12-02,20,B03,C00000,Website,3,Completed
BK004990,2024-11-25,2024-12-02,13,B03,C00000,OpenTable,2,Completed
BK004991,2024-12-01,2024-12-05,19,B03,C00000,OpenTable,5,Completed
BK004992,2024-11-30,2024-12-06,14,B03,C01223,OpenTable,2,Completed
BK004993,2024-12-03,2024-12-06,14,B03,C00000,OpenTable,4,Cancelled
BK004994,2024-11-25,2024-12-06,13,B03,C01532,Website,1,Completed
BK004995,2024-11-22,2024-12-07,19,B03,C00000,Website,8,Completed
BK004996,2024-12-05,2024-12-07,21,B03,C00000,Website,4,Completed
BK004997,2024-12-02,2024-12-07,22,B03,C00000,OpenTable,3,Completed
BK004998,2024-12-05,2024-12-07,14,B03,C02746,Website,3,Completed
BK004999,2024-11-15,2024-12-08,18,B03,C00000,OpenTable,4,Completed
BK005000,2024-12-06,2024-12-08,18,B03,C00000,Website,1,Cancelled
BK005001,2024-11-24,2024-12-08,19,B03,C00000,Website,2,Completed
BK005002,2024-12-06,2024-12-08,19,B03,C00000,OpenTable,3,Completed
BK005003,2024-12-07,2024-12-08,19,B03,C00000,OpenTable,1,Cancelled
BK005004,2024-11-22,2024-12-08,18,B03,C00000,OpenTable,4,Completed
BK005005,2024-11-28,2024-12-08,20,B03,C00000,Phone,1,Completed
BK005006,2024-12-07,2024-12-08,13,B03,C00000,Phone,2,Completed
BK005007,2024-12-11,2024-12-11,19,B03,C03112,Website,4,Completed
BK005008,2024-12-12,2024-12-12,19,B03,C02989,Website,2,Completed
BK005009,2024-12-05,2024-12-13,19,B03,C00468,OpenTable,1,Completed
BK005010,2024-12-05,2024-12-13,20,B03,C03313,Phone,8,Completed
BK005011,2024-12-03,2024-12-14,22,B03,C00000,Phone,5,Completed
BK005012,2024-12-04,2024-12-14,22,B03,C00000,Website,1,Cancelled
BK005013,2024-12-12,2024-12-14,22,B03,C04969,Website,4,Completed
BK005014,2024-12-06,2024-12-14,22,B03,C00000,OpenTable,2,Cancelled
BK005015,2024-12-02,2024-12-14,22,B03,C00000,OpenTable,2,Completed
BK005016,2024-12-14,2024-12-14,22,B03,C04879,Website,3,Completed
BK005017,2024-12-07,2024-12-14,20,B03,C00000,OpenTable,1,Completed
BK005018,2024-12-07,2024-12-14,20,B03,C00000,Phone,3,No-show
BK005019,2024-12-13,2024-12-14,12,B03,C00000,Website,1,Completed
BK005020,2024-12-09,2024-12-14,19,B03,C03266,Instagram,3,Completed
BK005021,2024-12-07,2024-12-14,19,B03,C00000,Instagram,1,Completed
BK005022,2024-11-19,2024-12-14,19,B03,C00000,Website,1,Cancelled
BK005023,2024-12-10,2024-12-15,19,B03,C02834,OpenTable,6,Completed
BK005024,2024-12-14,2024-12-15,20,B03,C00000,OpenTable,4,Completed
BK005025,2024-12-01,2024-12-15,19,B03,C01223,Website,1,Completed
BK005026,2024-12-02,2024-12-15,18,B03,C00000,Website,2,Completed
BK005027,2024-12-16,2024-12-16,22,B03,C00000,OpenTable,2,Completed
BK005028,2024-12-16,2024-12-18,21,B03,C01606,OpenTable,2,Completed
BK005029,2024-12-17,2024-12-20,13,B03,C00000,Instagram,4,Completed
BK005030,2024-12-18,2024-12-20,15,B03,C00857,Website,2,Completed
BK005031,2024-11-21,2024-12-21,19,B03,C00000,Website,4,Completed
BK005032,2024-12-21,2024-12-21,19,B03,C00000,OpenTable,2,Completed
BK005033,2024-12-21,2024-12-21,18,B03,C00000,Instagram,2,Completed
BK005034,2024-12-20,2024-12-21,12,B03,C00000,Website,2,Completed
BK005035,2024-12-20,2024-12-22,18,B03,C00000,Website,2,Completed
BK005036,2024-12-12,2024-12-22,19,B03,C00000,Website,2,Completed
BK005037,2024-12-16,2024-12-22,21,B03,C00000,Phone,3,Completed
BK005038,2024-12-17,2024-12-23,12,B03,C00000,Website,2,Completed
BK005039,2024-12-13,2024-12-26,13,B03,C00000,OpenTable,2,Completed
BK005040,2024-12-24,2024-12-27,21,B03,C00000,Website,2,Completed
BK005041,2024-12-22,2024-12-27,21,B03,C02356,Website,3,Completed
BK005042,2024-12-26,2024-12-28,12,B03,C01346,Instagram,4,Completed
BK005043,2024-12-24,2024-12-28,12,B03,C00000,Website,3,Cancelled
BK005044,2024-12-28,2024-12-28,19,B03,C00000,Phone,1,Completed
BK005045,2024-12-23,2024-12-29,18,B03,C00000,Website,4,Completed
BK005046,2024-12-22,2024-12-29,18,B03,C00000,OpenTable,4,No-show
BK005047,2024-12-19,2024-12-30,14,B03,C04545,OpenTable,2,Completed
BK005048,2024-12-27,2024-12-30,14,B03,C00000,OpenTable,3,Cancelled
BK005049,2024-12-22,2024-12-30,21,B03,C00000,OpenTable,2,Completed
BK005050,2025-01-01,2025-01-03,13,B03,C00000,Phone,4,Completed
BK005051,2024-12-31,2025-01-03,13,B03,C00000,Website,4,Completed
BK005052,2025-01-02,2025-01-05,21,B03,C00000,Website,1,Completed
BK005053,2024-12-21,2025-01-05,18,B03,C00000,Website,2,Completed
BK005054,2025-01-05,2025-01-05,18,B03,C00000,Website,4,No-show
BK005055,2025-01-05,2025-01-06,19,B03,C00000,Website,6,Completed
BK005056,2024-12-27,2025-01-06,21,B03,C00000,Website,2,Completed
BK005057,2025-01-07,2025-01-10,13,B03,C00000,Phone,2,Completed
BK005058,2025-01-10,2025-01-11,17,B03,C02356,OpenTable,2,Completed
BK005059,2025-01-11,2025-01-11,17,B03,C00000,Phone,1,Completed
BK005060,2025-01-03,2025-01-11,17,B03,C00000,Phone,1,Cancelled
BK005061,2025-01-11,2025-01-12,21,B03,C00000,Phone,2,Completed
BK005062,2025-01-11,2025-01-12,18,B03,C00000,OpenTable,4,Completed
BK005063,2025-01-13,2025-01-13,20,B03,C00000,Website,2,Completed
BK005064,2024-12-24,2025-01-16,22,B03,C01772,Website,4,Completed
BK005065,2025-01-11,2025-01-17,16,B03,C00000,Website,4,Completed
BK005066,2025-01-16,2025-01-17,12,B03,C00000,Website,2,Completed
BK005067,2025-01-11,2025-01-17,12,B03,C00000,Website,4,Cancelled
BK005068,2025-01-19,2025-01-19,13,B03,C04963,Instagram,2,Completed
BK005069,2025-01-19,2025-01-19,22,B03,C02280,OpenTable,3,Completed
BK005070,2025-01-20,2025-01-20,21,B03,C00000,OpenTable,2,Completed
BK005071,2025-01-19,2025-01-23,19,B03,C00000,Website,2,Completed
BK005072,2025-01-22,2025-01-24,18,B03,C00000,Phone,3,Completed
BK005073,2025-01-20,2025-01-24,22,B03,C02586,Phone,2,Completed
BK005074,2025-01-21,2025-01-24,22,B03,C00000,Website,2,No-show
BK005075,2025-01-23,2025-01-24,17,B03,C00000,Phone,2,Completed
BK005076,2025-01-04,2025-01-24,18,B03,C01059,Phone,2,Completed
BK005077,2025-01-20,2025-01-24,12,B03,C00000,Website,2,Completed
BK005078,2025-01-25,2025-01-25,19,B03,C01205,OpenTable,3,Completed
BK005079,2025-01-20,2025-01-25,18,B03,C01117,Phone,2,Completed
BK005080,2025-01-21,2025-01-25,12,B03,C00000,OpenTable,5,Completed
BK005081,2025-01-18,2025-01-25,18,B03,C00000,Phone,2,Completed
BK005082,2025-01-24,2025-01-25,15,B03,C00000,Website,2,Completed
BK005083,2025-01-24,2025-01-25,21,B03,C00000,Phone,3,Completed
BK005084,2025-01-22,2025-01-26,14,B03,C04574,OpenTable,4,Completed
BK005085,2025-01-19,2025-01-27,19,B03,C01536,Website,8,Completed
BK005086,2025-01-22,2025-01-29,18,B03,C00060,OpenTable,1,Completed
BK005087,2025-01-25,2025-01-30,19,B03,C00000,Phone,2,Completed
BK005088,2025-01-31,2025-01-31,18,B03,C00000,Website,2,Completed
BK005089,2025-02-01,2025-02-01,20,B03,C00000,Website,2,Completed
BK005090,2025-01-22,2025-02-02,21,B03,C04326,OpenTable,1,Completed
BK005091,2025-02-01,2025-02-02,20,B03,C04095,Instagram,2,Completed
BK005092,2025-01-28,2025-02-05,20,B03,C00000,Instagram,5,Completed
BK005093,2025-02-02,2025-02-06,20,B03,C04879,Phone,2,Completed
BK005094,2025-01-27,2025-02-07,15,B03,C00000,OpenTable,5,Completed
BK005095,2025-02-02,2025-02-07,13,B03,C04346,OpenTable,4,Completed
BK005096,2025-02-05,2025-02-08,13,B03,C01223,Website,3,Completed
BK005097,2025-01-27,2025-02-08,18,B03,C04531,Website,1,Completed
BK005098,2025-02-05,2025-02-08,18,B03,C00000,OpenTable,4,No-show
BK005099,2025-02-08,2025-02-09,20,B03,C02660,OpenTable,4,Completed
BK005100,2025-02-02,2025-02-10,18,B03,C00000,Website,2,Completed
BK005101,2025-02-06,2025-02-12,21,B03,C00000,Website,3,Completed
BK005102,2025-02-12,2025-02-13,13,B03,C00000,Website,1,Completed
BK005103,2025-02-10,2025-02-13,13,B03,C00000,Website,6,No-show
BK005104,2025-02-12,2025-02-14,17,B03,C03520,Phone,1,Completed
BK005105,2025-01-22,2025-02-15,19,B03,C01779,Website,8,Completed
BK005106,2025-02-12,2025-02-16,18,B03,C00494,Website,1,Completed
BK005107,2025-02-14,2025-02-16,21,B03,C04140,Website,2,Completed
BK005108,2025-02-11,2025-02-20,18,B03,C00468,OpenTable,1,Completed
BK005109,2025-02-18,2025-02-21,12,B03,C00000,Phone,3,Completed
BK005110,2025-02-15,2025-02-21,18,B03,C00000,OpenTable,3,Completed
BK005111,2025-02-21,2025-02-21,15,B03,C00000,OpenTable,2,Completed
BK005112,2025-02-22,2025-02-22,14,B03,C00000,Phone,3,Completed
BK005113,2025-02-22,2025-02-22,21,B03,C00000,Website,2,Completed
BK005114,2025-01-12,2025-02-22,18,B03,C00000,Phone,2,Completed
BK005115,2025-02-12,2025-02-23,19,B03,C00000,Phone,3,Completed
BK005116,2025-02-21,2025-02-23,22,B03,C00000,Website,5,Completed
BK005117,2025-02-18,2025-02-23,21,B03,C04907,Website,2,Completed
BK005118,2025-02-24,2025-02-24,18,B03,C00000,Website,1,Completed
BK005119,2025-02-28,2025-02-28,16,B03,C04574,Website,2,Completed
BK005120,2025-02-18,2025-02-28,21,B03,C00000,Phone,2,Completed
BK005121,2025-02-26,2025-03-01,21,B03,C00000,Website,4,Completed
BK005122,2025-02-25,2025-03-02,20,B03,C00000,Phone,2,Completed
BK005123,2025-02-24,2025-03-03,18,B03,C03543,Phone,2,Completed
BK005124,2025-02-12,2025-03-05,20,B03,C00000,Website,1,Completed
BK005125,2025-03-04,2025-03-05,18,B03,C00000,OpenTable,2,Completed
BK005126,2025-03-01,2025-03-06,16,B03,C00000,Website,1,Completed
BK005127,2025-03-04,2025-03-07,18,B03,C00000,OpenTable,2,Completed
BK005128,2025-02-12,2025-03-07,20,B03,C00000,Website,2,Completed
BK005129,2025-03-06,2025-03-08,18,B03,C00000,Website,2,Completed
BK005130,2025-03-04,2025-03-08,22,B03,C00000,Website,6,Completed
BK005131,2025-03-08,2025-03-09,19,B03,C00000,OpenTable,3,Completed
BK005132,2025-02-20,2025-03-09,14,B03,C00000,Website,2,Completed
BK005133,2025-02-21,2025-03-12,12,B03,C02356,Website,2,Completed
BK005134,2025-02-25,2025-03-14,17,B03,C00000,Website,7,Completed
BK005135,2025-03-09,2025-03-15,20,B03,C00000,Phone,1,Completed
BK005136,2025-03-09,2025-03-15,20,B03,C00000,Website,4,Cancelled
BK005137,2025-03-13,2025-03-15,17,B03,C00000,Website,4,Completed
BK005138,2025-03-07,2025-03-15,17,B03,C00000,Website,1,Cancelled
BK005139,2025-03-15,2025-03-16,12,B03,C00000,Website,4,Completed
BK005140,2025-03-15,2025-03-16,22,B03,C00000,Phone,3,Completed
BK005141,2025-03-10,2025-03-17,20,B03,C00000,OpenTable,2,Completed
BK005142,2025-03-10,2025-03-17,20,B03,C00000,OpenTable,3,Cancelled
BK005143,2025-03-19,2025-03-20,13,B03,C00000,OpenTable,4,Completed
BK005144,2025-03-21,2025-03-21,22,B03,C00000,Website,2,Completed
BK005145,2025-03-08,2025-03-21,19,B03,C00000,Phone,2,Completed
BK005146,2025-03-21,2025-03-21,20,B03,C00000,Website,2,Completed
BK005147,2025-03-20,2025-03-22,19,B03,C00000,OpenTable,6,Completed
BK005148,2025-03-22,2025-03-22,20,B03,C00000,Website,5,Completed
BK005149,2025-03-10,2025-03-22,19,B03,C00000,OpenTable,2,Completed
BK005150,2025-03-22,2025-03-22,20,B03,C00000,Website,4,Completed
BK005151,2025-03-10,2025-03-23,16,B03,C00000,Website,4,Completed
BK005152,2025-03-22,2025-03-23,14,B03,C00000,Website,2,Completed
BK005153,2025-03-11,2025-03-23,19,B03,C02140,Phone,4,Completed
BK005154,2025-03-24,2025-03-24,19,B03,C04966,Phone,2,Completed
BK005155,2025-03-24,2025-03-26,19,B03,C00000,Website,2,Completed
BK005156,2025-03-26,2025-03-26,19,B03,C00000,Phone,2,Cancelled
BK005157,2025-03-27,2025-03-27,17,B03,C04264,Website,4,Completed
BK005158,2025-03-27,2025-03-27,21,B03,C03414,Website,2,Completed
BK005159,2025-03-17,2025-03-27,21,B03,C00000,Phone,3,No-show
BK005160,2025-03-19,2025-03-28,21,B03,C00000,Website,2,Completed
BK005161,2025-03-18,2025-03-28,12,B03,C00000,Website,1,Completed
BK005162,2025-03-28,2025-03-29,12,B03,C00347,Website,4,Completed
BK005163,2025-03-27,2025-03-29,19,B03,C00468,OpenTable,2,Completed
BK005164,2025-03-25,2025-03-29,19,B03,C00000,Website,4,Completed
BK005165,2025-03-18,2025-03-29,14,B03,C00000,Website,2,Completed
BK005166,2025-03-10,2025-03-29,14,B03,C00000,Phone,1,Cancelled
BK005167,2025-03-12,2025-03-30,21,B03,C01061,Phone,1,Completed
BK005168,2025-03-25,2025-04-02,19,B03,C00721,Website,4,Completed
BK005169,2025-03-28,2025-04-03,16,B03,C00000,Website,3,Completed
BK005170,2025-03-21,2025-04-03,16,B03,C00000,Phone,3,No-show
BK005171,2025-04-04,2025-04-04,19,B03,C01205,Phone,1,Completed
BK005172,2025-04-02,2025-04-04,19,B03,C00000,Phone,5,No-show
BK005173,2025-04-03,2025-04-05,20,B03,C00000,Website,4,Completed
BK005174,2025-04-04,2025-04-05,18,B03,C02190,Website,2,Completed
BK005175,2025-04-02,2025-04-05,19,B03,C04608,Website,2,Completed
BK005176,2025-03-19,2025-04-05,12,B03,C00303,Website,4,Completed
BK005177,2025-04-02,2025-04-06,17,B03,C00000,Website,4,Completed
BK005178,2025-04-02,2025-04-06,22,B03,C00000,OpenTable,2,Completed
BK005179,2025-04-03,2025-04-06,19,B03,C00000,Website,2,Completed
BK005180,2025-04-06,2025-04-06,20,B03,C00000,Phone,2,Completed
BK005181,2025-04-04,2025-04-06,15,B03,C00000,Phone,5,Completed
BK005182,2025-03-31,2025-04-09,13,B03,C00000,Phone,3,Completed
BK005183,2025-03-22,2025-04-10,12,B03,C00000,Phone,2,Completed
BK005184,2025-04-09,2025-04-10,13,B03,C00000,Website,2,Completed
BK005185,2025-04-05,2025-04-11,19,B03,C00000,Phone,2,Completed
BK005186,2025-04-09,2025-04-11,19,B03,C00000,Phone,2,No-show
BK005187,2025-04-01,2025-04-11,13,B03,C00000,Website,2,Completed
BK005188,2025-04-12,2025-04-12,17,B03,C00000,Website,3,Completed
BK005189,2025-04-09,2025-04-12,18,B03,C04109,Website,7,Completed
BK005190,2025-04-10,2025-04-13,20,B03,C04977,OpenTable,3,Completed
BK005191,2025-04-11,2025-04-13,20,B03,C00000,Phone,2,Completed
BK005192,2025-04-06,2025-04-13,20,B03,C00000,Instagram,3,Cancelled
BK005193,2025-04-12,2025-04-13,19,B03,C00000,Phone,5,Completed
BK005194,2025-04-08,2025-04-13,20,B03,C02550,Website,2,Completed
BK005195,2025-04-11,2025-04-13,20,B03,C00000,OpenTable,6,Cancelled
BK005196,2025-04-04,2025-04-14,16,B03,C00000,Phone,2,Completed
BK005197,2025-04-17,2025-04-17,16,B03,C00000,Phone,2,Completed
BK005198,2025-04-05,2025-04-18,21,B03,C01223,Website,1,Completed
BK005199,2025-04-16,2025-04-18,21,B03,C00000,Website,1,Completed
BK005200,2025-04-18,2025-04-19,13,B03,C00000,OpenTable,2,Completed
BK005201,2025-04-19,2025-04-19,18,B03,C00000,OpenTable,4,Completed
BK005202,2025-04-19,2025-04-19,18,B03,C00000,OpenTable,2,No-show
BK005203,2025-04-12,2025-04-19,13,B03,C00000,Phone,1,Completed
BK005204,2025-04-18,2025-04-19,13,B03,C00000,Website,8,No-show
BK005205,2025-04-17,2025-04-19,19,B03,C02012,OpenTable,2,Completed
BK005206,2025-04-12,2025-04-20,21,B03,C00000,Website,3,Completed
BK005207,2025-04-07,2025-04-20,21,B03,C00000,Website,4,Cancelled
BK005208,2025-04-14,2025-04-21,19,B03,C00000,Phone,2,Completed
BK005209,2025-04-22,2025-04-24,18,B03,C00000,Website,3,Completed
BK005210,2025-04-22,2025-04-24,13,B03,C04840,Phone,4,Completed
BK005211,2025-04-22,2025-04-24,13,B03,C00000,Website,2,No-show
BK005212,2025-04-10,2025-04-25,20,B03,C04264,Phone,5,Completed
BK005213,2025-04-25,2025-04-25,20,B03,C00000,Website,4,Completed
BK005214,2025-04-25,2025-04-26,18,B03,C00000,Website,2,Completed
BK005215,2025-04-21,2025-04-26,22,B03,C04612,Website,3,Completed
BK005216,2025-04-25,2025-04-26,21,B03,C00000,Website,2,Completed
BK005217,2025-04-27,2025-04-27,19,B03,C01035,Website,4,Completed
BK005218,2025-04-20,2025-04-27,20,B03,C00442,OpenTable,2,Completed
BK005219,2025-04-10,2025-04-27,20,B03,C00000,Website,1,Completed
BK005220,2025-04-25,2025-04-27,19,B03,C01066,OpenTable,4,Completed
BK005221,2025-04-30,2025-04-30,18,B03,C00020,Phone,1,Completed
BK005222,2025-04-24,2025-04-30,18,B03,C00000,Website,4,Cancelled
BK005223,2025-04-15,2025-04-30,22,B03,C00000,OpenTable,2,Completed
BK005224,2025-04-27,2025-05-01,17,B03,C03616,OpenTable,6,Completed
BK005225,2025-05-01,2025-05-02,19,B03,C00000,OpenTable,1,Completed
BK005226,2025-04-10,2025-05-02,21,B03,C04818,Website,1,Completed
BK005227,2025-04-29,2025-05-02,18,B03,C00000,Website,8,Completed
BK005228,2025-04-25,2025-05-02,18,B03,C00000,Website,2,No-show
BK005229,2025-05-02,2025-05-03,16,B03,C00000,Instagram,2,Completed
BK005230,2025-04-27,2025-05-03,19,B03,C02163,Phone,6,Completed
BK005231,2025-05-01,2025-05-03,22,B03,C02356,OpenTable,2,Completed
BK005232,2025-04-30,2025-05-03,22,B03,C00000,Website,4,No-show
BK005233,2025-04-04,2025-05-03,22,B03,C00000,Website,2,Cancelled
BK005234,2025-05-03,2025-05-03,13,B03,C04503,Website,4,Completed
BK005235,2025-04-29,2025-05-03,17,B03,C00000,Instagram,6,Completed
BK005236,2025-04-26,2025-05-03,19,B03,C00000,OpenTable,2,Completed
BK005237,2025-04-23,2025-05-04,19,B03,C00000,Website,3,Completed
BK005238,2025-04-30,2025-05-04,20,B03,C00000,Instagram,4,Completed
BK005239,2025-05-06,2025-05-07,18,B03,C00000,Website,2,Completed
BK005240,2025-05-04,2025-05-07,12,B03,C01563,Phone,4,Completed
BK005241,2025-04-21,2025-05-10,20,B03,C00000,Website,2,Completed
BK005242,2025-04-30,2025-05-11,17,B03,C00000,Phone,1,Completed
BK005243,2025-05-10,2025-05-11,18,B03,C00000,OpenTable,1,Completed
BK005244,2025-05-12,2025-05-12,19,B03,C01035,Website,7,Completed
BK005245,2025-05-09,2025-05-12,19,B03,C00000,OpenTable,3,Cancelled
BK005246,2025-05-06,2025-05-14,16,B03,C03419,OpenTable,2,Completed
BK005247,2025-05-10,2025-05-14,16,B03,C00000,OpenTable,2,Cancelled
BK005248,2025-05-11,2025-05-16,20,B03,C00000,Website,2,Completed
BK005249,2025-05-14,2025-05-17,17,B03,C01059,Website,2,Completed
BK005250,2025-05-10,2025-05-17,19,B03,C04574,OpenTable,2,Completed
BK005251,2025-05-06,2025-05-17,14,B03,C00000,Website,1,Completed
BK005252,2025-05-17,2025-05-17,14,B03,C00000,Website,4,Cancelled
BK005253,2025-05-13,2025-05-17,22,B03,C00000,Website,3,Completed
BK005254,2025-05-16,2025-05-17,14,B03,C00000,OpenTable,2,Completed
BK005255,2025-05-11,2025-05-18,19,B03,C00000,Phone,7,Completed
BK005256,2025-05-18,2025-05-19,17,B03,C00000,Website,2,Completed
BK005257,2025-05-21,2025-05-21,18,B03,C00000,Website,1,Completed
BK005258,2025-05-22,2025-05-22,21,B03,C00000,Website,4,Completed
BK005259,2025-05-11,2025-05-23,19,B03,C00000,Website,2,Completed
BK005260,2025-05-17,2025-05-23,19,B03,C00000,Website,2,Completed
BK005261,2025-05-10,2025-05-23,19,B03,C00000,Website,2,Cancelled
BK005262,2025-05-21,2025-05-23,12,B03,C02912,OpenTable,2,Completed
BK005263,2025-05-07,2025-05-24,13,B03,C00000,Website,2,Completed
BK005264,2025-05-22,2025-05-24,13,B03,C00000,OpenTable,1,Cancelled
BK005265,2025-05-24,2025-05-24,20,B03,C00000,Website,4,Completed
BK005266,2025-05-13,2025-05-24,20,B03,C01316,OpenTable,3,Completed
BK005267,2025-05-18,2025-05-24,20,B03,C00000,OpenTable,4,Cancelled
BK005268,2025-05-26,2025-05-26,19,B03,C00000,OpenTable,3,Completed
BK005269,2025-05-22,2025-05-26,19,B03,C00000,Website,8,No-show
BK005270,2025-05-24,2025-05-26,21,B03,C00000,Phone,2,Completed
BK005271,2025-05-28,2025-05-28,22,B03,C00000,Website,6,Completed
BK005272,2025-05-28,2025-05-29,20,B03,C00000,Website,6,Completed
BK005273,2025-05-24,2025-05-29,20,B03,C00000,OpenTable,6,No-show
BK005274,2025-05-24,2025-05-30,20,B03,C01059,OpenTable,5,Completed
BK005275,2025-05-29,2025-05-30,16,B03,C00000,Phone,4,Completed
BK005276,2025-05-29,2025-05-31,22,B03,C00000,Website,2,Completed
BK005277,2025-05-27,2025-06-01,18,B03,C00000,OpenTable,4,Completed
BK005278,2025-05-25,2025-06-01,21,B03,C00000,Website,5,Completed
BK005279,2025-05-27,2025-06-01,19,B03,C00000,OpenTable,2,Completed
BK005280,2025-05-21,2025-06-01,14,B03,C01346,Website,2,Completed
BK005281,2025-05-31,2025-06-01,14,B03,C00000,OpenTable,2,Cancelled
BK005282,2025-05-16,2025-06-01,20,B03,C00000,Website,2,Completed
BK005283,2025-05-28,2025-06-02,20,B03,C01346,OpenTable,4,Completed
BK005284,2025-05-12,2025-06-04,19,B03,C04890,Website,4,Completed
BK005285,2025-05-25,2025-06-04,19,B03,C00000,Website,1,No-show
BK005286,2025-05-23,2025-06-04,21,B03,C00000,Website,2,Completed
BK005287,2025-06-01,2025-06-04,18,B03,C01929,Website,3,Completed
BK005288,2025-05-19,2025-06-04,19,B03,C00000,Phone,6,Completed
BK005289,2025-05-24,2025-06-04,20,B03,C01223,Website,2,Completed
BK005290,2025-06-04,2025-06-06,22,B03,C00000,Website,2,Completed
BK005291,2025-05-21,2025-06-06,22,B03,C00000,Phone,4,Cancelled
BK005292,2025-05-25,2025-06-06,13,B03,C01223,OpenTable,4,Completed
BK005293,2025-05-30,2025-06-07,18,B03,C00000,Website,1,Completed
BK005294,2025-06-02,2025-06-08,18,B03,C00000,Website,4,Completed
BK005295,2025-05-14,2025-06-09,19,B03,C00000,Website,7,Completed
BK005296,2025-06-11,2025-06-11,20,B03,C03228,Website,2,Completed
BK005297,2025-06-04,2025-06-11,20,B03,C00000,Website,2,Completed
BK005298,2025-05-26,2025-06-11,21,B03,C00000,Instagram,2,Completed
BK005299,2025-05-27,2025-06-12,20,B03,C00000,Instagram,2,Completed
BK005300,2025-06-07,2025-06-12,21,B03,C00000,Phone,3,Completed
BK005301,2025-05-30,2025-06-13,21,B03,C00000,Website,4,Completed
BK005302,2025-06-12,2025-06-13,19,B03,C00000,OpenTable,4,Completed
BK005303,2025-06-12,2025-06-13,18,B03,C00214,Website,2,Completed
BK005304,2025-06-14,2025-06-14,20,B03,C00000,Website,1,Completed
BK005305,2025-05-29,2025-06-14,13,B03,C00000,Phone,2,Completed
BK005306,2025-06-11,2025-06-14,13,B03,C00000,Website,4,No-show
BK005307,2025-06-09,2025-06-14,21,B03,C00000,Phone,2,Completed
BK005308,2025-06-07,2025-06-14,21,B03,C01035,Website,2,Completed
BK005309,2025-06-09,2025-06-14,21,B03,C00000,OpenTable,2,Cancelled
BK005310,2025-06-14,2025-06-14,14,B03,C01127,Website,1,Completed
BK005311,2025-06-09,2025-06-14,14,B03,C00000,Phone,3,No-show
BK005312,2025-06-14,2025-06-14,22,B03,C00000,Instagram,2,Completed
BK005313,2025-05-31,2025-06-14,14,B03,C00000,Website,2,Completed
BK005314,2025-06-14,2025-06-14,20,B03,C00000,OpenTable,7,Completed
BK005315,2025-06-14,2025-06-14,22,B03,C00000,Instagram,2,Completed
BK005316,2025-06-14,2025-06-14,22,B03,C00000,OpenTable,4,Cancelled
BK005317,2025-05-30,2025-06-15,19,B03,C00000,Website,1,Completed
BK005318,2025-06-07,2025-06-15,17,B03,C04398,OpenTable,3,Completed
BK005319,2025-06-03,2025-06-15,17,B03,C00000,Instagram,5,No-show
BK005320,2025-06-11,2025-06-15,21,B03,C00000,Website,4,Completed
BK005321,2025-06-17,2025-06-18,14,B03,C01346,Website,2,Completed
BK005322,2025-06-14,2025-06-18,14,B03,C00000,Website,2,No-show
BK005323,2025-06-13,2025-06-19,19,B03,C00020,OpenTable,1,Completed
BK005324,2025-06-17,2025-06-20,13,B03,C00000,Website,4,Completed
BK005325,2025-06-13,2025-06-20,21,B03,C00000,Phone,3,Completed
BK005326,2025-06-04,2025-06-20,21,B03,C00000,OpenTable,4,No-show
BK005327,2025-06-19,2025-06-20,18,B03,C00000,Website,2,Completed
BK005328,2025-06-06,2025-06-20,18,B03,C00000,Website,4,Cancelled
BK005329,2025-06-18,2025-06-20,20,B03,C00000,OpenTable,2,Completed
BK005330,2025-06-13,2025-06-20,20,B03,C00000,Website,8,No-show
BK005331,2025-06-14,2025-06-20,15,B03,C00000,OpenTable,3,Completed
BK005332,2025-06-21,2025-06-21,19,B03,C00000,Phone,2,Completed
BK005333,2025-06-19,2025-06-21,19,B03,C00000,OpenTable,6,Completed
BK005334,2025-06-08,2025-06-21,19,B03,C00000,Website,6,No-show
BK005335,2025-06-14,2025-06-21,20,B03,C01536,Website,5,Completed
BK005336,2025-06-18,2025-06-21,22,B03,C01223,OpenTable,6,Completed
BK005337,2025-06-23,2025-06-23,21,B03,C00000,OpenTable,6,Completed
BK005338,2025-06-18,2025-06-23,21,B03,C00000,Website,4,No-show
BK005339,2025-06-16,2025-06-23,22,B03,C00000,Website,7,Completed
BK005340,2025-06-21,2025-06-25,19,B03,C00000,Website,1,Completed
BK005341,2025-06-16,2025-06-28,14,B03,C00000,Website,6,Completed
BK005342,2025-06-23,2025-06-28,14,B03,C00000,Website,4,No-show
BK005343,2025-06-24,2025-06-28,20,B03,C04817,Website,2,Completed
BK005344,2025-06-13,2025-06-28,21,B03,C00000,Website,1,Completed
BK005345,2025-06-26,2025-06-29,14,B03,C00791,Website,3,Completed
BK005346,2025-06-23,2025-06-29,19,B03,C03918,Website,2,Completed
BK005347,2025-06-21,2025-06-29,14,B03,C00000,OpenTable,4,Completed
BK005348,2025-07-01,2025-07-02,18,B03,C00000,OpenTable,2,Completed
BK005349,2025-06-04,2025-07-02,18,B03,C00000,Phone,2,Cancelled
BK005350,2025-07-02,2025-07-02,21,B03,C00000,OpenTable,8,Completed
BK005351,2025-07-04,2025-07-04,20,B03,C01890,Website,4,Completed
BK005352,2025-06-30,2025-07-04,20,B03,C00000,Phone,4,Completed
BK005353,2025-06-18,2025-07-04,20,B03,C00000,OpenTable,1,No-show
BK005354,2025-07-02,2025-07-04,18,B03,C00000,Phone,2,Completed
BK005355,2025-06-30,2025-07-05,21,B03,C02563,Instagram,3,Completed
BK005356,2025-07-01,2025-07-05,22,B03,C00000,Website,6,Completed
BK005357,2025-07-04,2025-07-05,14,B03,C00000,Website,2,Completed
BK005358,2025-07-04,2025-07-05,14,B03,C00000,OpenTable,2,Cancelled
BK005359,2025-07-01,2025-07-06,21,B03,C00000,Website,1,Completed
BK005360,2025-07-04,2025-07-06,14,B03,C00000,Website,4,Completed
BK005361,2025-07-04,2025-07-06,14,B03,C00000,Website,6,Completed
BK005362,2025-06-11,2025-07-06,14,B03,C04162,Website,2,Completed
BK005363,2025-07-01,2025-07-09,21,B03,C00000,Phone,2,Completed
BK005364,2025-07-03,2025-07-09,13,B03,C00000,Website,2,Completed
BK005365,2025-07-08,2025-07-09,14,B03,C00535,Instagram,3,Completed
BK005366,2025-07-05,2025-07-09,14,B03,C00000,OpenTable,2,Cancelled
BK005367,2025-06-20,2025-07-09,19,B03,C00000,OpenTable,2,Completed
BK005368,2025-07-07,2025-07-10,12,B03,C00000,Phone,4,Completed
BK005369,2025-07-04,2025-07-11,17,B03,C01223,Phone,3,Completed
BK005370,2025-06-29,2025-07-11,21,B03,C00000,Instagram,1,Completed
BK005371,2025-07-10,2025-07-11,19,B03,C00020,Website,2,Completed
BK005372,2025-07-09,2025-07-11,19,B03,C00000,Website,4,Completed
BK005373,2025-07-10,2025-07-12,22,B03,C00000,Website,5,Completed
BK005374,2025-07-03,2025-07-12,21,B03,C04109,Phone,3,Completed
BK005375,2025-07-04,2025-07-12,13,B03,C00000,Website,2,Completed
BK005376,2025-07-06,2025-07-12,19,B03,C02168,Website,2,Completed
BK005377,2025-07-08,2025-07-13,17,B03,C00000,Website,3,Completed
BK005378,2025-07-10,2025-07-13,17,B03,C00000,OpenTable,1,No-show
BK005379,2025-07-09,2025-07-13,20,B03,C00000,OpenTable,3,Completed
BK005380,2025-07-13,2025-07-13,20,B03,C00000,OpenTable,2,No-show
BK005381,2025-07-06,2025-07-14,18,B03,C04338,Website,3,Completed
BK005382,2025-07-13,2025-07-14,18,B03,C00000,Website,4,Cancelled
BK005383,2025-07-16,2025-07-16,21,B03,C00000,OpenTable,5,Completed
BK005384,2025-07-09,2025-07-16,13,B03,C00000,OpenTable,2,Completed
BK005385,2025-06-26,2025-07-17,13,B03,C00000,Website,1,Completed
BK005386,2025-07-14,2025-07-17,12,B03,C00000,OpenTable,2,Completed
BK005387,2025-07-03,2025-07-17,13,B03,C00020,Website,4,Completed
BK005388,2025-07-18,2025-07-18,19,B03,C00000,OpenTable,1,Completed
BK005389,2025-07-15,2025-07-18,17,B03,C00000,OpenTable,2,Completed
BK005390,2025-07-13,2025-07-19,14,B03,C00000,Website,3,Completed
BK005391,2025-07-16,2025-07-19,13,B03,C00000,Website,2,Completed
BK005392,2025-07-16,2025-07-20,20,B03,C00000,Website,3,Completed
BK005393,2025-07-15,2025-07-20,20,B03,C00000,Website,4,No-show
BK005394,2025-07-20,2025-07-21,19,B03,C00000,OpenTable,1,Completed
BK005395,2025-07-19,2025-07-24,19,B03,C00000,Phone,2,Completed
BK005396,2025-07-24,2025-07-24,20,B03,C00367,OpenTable,3,Completed
BK005397,2025-07-21,2025-07-24,21,B03,C00000,Website,6,Completed
BK005398,2025-07-13,2025-07-24,17,B03,C01035,Phone,2,Completed
BK005399,2025-07-23,2025-07-24,21,B03,C00000,OpenTable,3,Completed
BK005400,2025-07-08,2025-07-25,19,B03,C00000,Phone,2,Completed
BK005401,2025-07-24,2025-07-25,12,B03,C00000,OpenTable,5,Completed
BK005402,2025-07-23,2025-07-25,16,B03,C00000,OpenTable,2,Completed
BK005403,2025-07-10,2025-07-25,19,B03,C00000,OpenTable,2,Completed
BK005404,2025-07-24,2025-07-26,22,B03,C00000,Website,6,Completed
BK005405,2025-07-26,2025-07-26,22,B03,C03179,Phone,4,Completed
BK005406,2025-07-20,2025-07-26,20,B03,C00000,Instagram,6,Completed
BK005407,2025-07-24,2025-07-26,18,B03,C00020,Website,4,Completed
BK005408,2025-07-24,2025-07-26,18,B03,C00000,OpenTable,1,Completed
BK005409,2025-07-22,2025-07-28,20,B03,C02586,Phone,2,Completed
BK005410,2025-07-23,2025-07-28,15,B03,C00191,Website,1,Completed
BK005411,2025-07-16,2025-07-30,19,B03,C00000,Website,6,Completed
BK005412,2025-07-22,2025-08-02,17,B03,C00000,Phone,2,Completed
BK005413,2025-07-29,2025-08-02,17,B03,C00000,Website,1,No-show
BK005414,2025-07-31,2025-08-02,17,B03,C00000,Website,5,Cancelled
BK005415,2025-08-01,2025-08-02,20,B03,C00000,OpenTable,1,Completed
BK005416,2025-08-03,2025-08-03,21,B03,C00000,OpenTable,2,Completed
BK005417,2025-07-31,2025-08-03,20,B03,C00903,Phone,3,Completed
BK005418,2025-07-30,2025-08-07,21,B03,C00000,Phone,4,Completed
BK005419,2025-08-04,2025-08-07,22,B03,C00000,Phone,1,Completed
BK005420,2025-08-04,2025-08-08,17,B03,C04545,OpenTable,2,Completed
BK005421,2025-08-08,2025-08-08,17,B03,C00713,OpenTable,2,Completed
BK005422,2025-08-08,2025-08-08,12,B03,C00000,Instagram,3,Completed
BK005423,2025-07-31,2025-08-08,13,B03,C00000,Instagram,1,Completed
BK005424,2025-08-04,2025-08-08,19,B03,C00000,Website,1,Completed
BK005425,2025-08-09,2025-08-09,13,B03,C03112,Website,2,Completed
BK005426,2025-08-08,2025-08-09,13,B03,C00000,Website,1,Cancelled
BK005427,2025-08-05,2025-08-09,20,B03,C02283,Website,4,Completed
BK005428,2025-08-03,2025-08-10,18,B03,C03406,OpenTable,2,Completed
BK005429,2025-08-08,2025-08-10,12,B03,C00000,Website,1,Completed
BK005430,2025-08-01,2025-08-10,20,B03,C00000,Website,3,Completed
BK005431,2025-08-02,2025-08-10,20,B03,C00000,OpenTable,2,No-show
BK005432,2025-08-04,2025-08-10,19,B03,C00000,Instagram,1,Completed
BK005433,2025-07-30,2025-08-10,19,B03,C00000,Website,4,No-show
BK005434,2025-08-09,2025-08-11,22,B03,C02538,OpenTable,1,Completed
BK005435,2025-08-07,2025-08-11,22,B03,C00000,Website,4,Cancelled
BK005436,2025-07-21,2025-08-13,19,B03,C00000,Website,2,Completed
BK005437,2025-08-08,2025-08-13,19,B03,C00000,OpenTable,2,Cancelled
BK005438,2025-08-02,2025-08-14,12,B03,C00000,OpenTable,4,Completed
BK005439,2025-08-11,2025-08-14,21,B03,C00000,Phone,3,Completed
BK005440,2025-08-14,2025-08-15,17,B03,C00000,OpenTable,4,Completed
BK005441,2025-08-14,2025-08-15,13,B03,C00346,Phone,6,Completed
BK005442,2025-08-10,2025-08-16,15,B03,C00000,Website,2,Completed
BK005443,2025-08-01,2025-08-16,20,B03,C00000,Phone,1,Completed
BK005444,2025-08-18,2025-08-18,20,B03,C03230,Website,2,Completed
BK005445,2025-08-12,2025-08-18,20,B03,C00000,Website,2,No-show
BK005446,2025-08-12,2025-08-18,21,B03,C04574,Website,2,Completed
BK005447,2025-07-06,2025-08-20,17,B03,C00000,OpenTable,4,Completed
BK005448,2025-08-02,2025-08-20,17,B03,C00000,Website,4,No-show
BK005449,2025-08-10,2025-08-21,20,B03,C00000,OpenTable,4,Completed
BK005450,2025-08-19,2025-08-21,21,B03,C01269,OpenTable,7,Completed
BK005451,2025-08-18,2025-08-22,19,B03,C00000,OpenTable,5,Completed
BK005452,2025-08-15,2025-08-22,14,B03,C00000,Phone,2,Completed
BK005453,2025-08-17,2025-08-22,19,B03,C01346,Website,2,Completed
BK005454,2025-08-18,2025-08-22,19,B03,C00000,Website,2,No-show
BK005455,2025-08-21,2025-08-23,18,B03,C02937,OpenTable,4,Completed
BK005456,2025-08-23,2025-08-23,18,B03,C00000,Website,2,No-show
BK005457,2025-08-22,2025-08-23,18,B03,C00000,Website,2,Cancelled
BK005458,2025-08-22,2025-08-23,13,B03,C01346,Website,1,Completed
BK005459,2025-08-22,2025-08-23,20,B03,C01223,Instagram,3,Completed
BK005460,2025-08-10,2025-08-23,18,B03,C01223,OpenTable,2,Completed
BK005461,2025-08-21,2025-08-23,18,B03,C00000,Instagram,1,No-show
BK005462,2025-08-01,2025-08-24,20,B03,C00750,OpenTable,6,Completed
BK005463,2025-08-23,2025-08-24,21,B03,C02586,Website,1,Completed
BK005464,2025-08-24,2025-08-24,20,B03,C04002,Instagram,2,Completed
BK005465,2025-08-24,2025-08-24,14,B03,C00000,OpenTable,4,Completed
BK005466,2025-08-26,2025-08-27,18,B03,C00000,Website,1,Completed
BK005467,2025-08-22,2025-08-28,14,B03,C00240,Website,4,Completed
BK005468,2025-08-26,2025-08-29,20,B03,C01223,Website,2,Completed
BK005469,2025-08-28,2025-08-29,18,B03,C00000,Website,2,Completed
BK005470,2025-08-25,2025-08-29,18,B03,C00000,Website,8,No-show
BK005471,2025-08-18,2025-08-29,19,B03,C03175,Phone,1,Completed
BK005472,2025-08-23,2025-08-30,20,B03,C00000,Website,2,Completed
BK005473,2025-08-30,2025-08-30,20,B03,C00000,Phone,2,No-show
BK005474,2025-08-29,2025-08-30,17,B03,C00000,Phone,1,Completed
BK005475,2025-08-21,2025-08-30,22,B03,C00000,Phone,1,Completed
BK005476,2025-08-25,2025-08-30,22,B03,C00000,Phone,2,No-show
BK005477,2025-08-27,2025-08-30,18,B03,C00000,OpenTable,4,Completed
BK005478,2025-08-29,2025-08-31,21,B03,C00000,Phone,4,Completed
BK005479,2025-08-21,2025-08-31,21,B03,C00000,Website,4,No-show
BK005480,2025-08-21,2025-08-31,19,B03,C04002,Website,4,Completed
BK005481,2025-09-02,2025-09-03,13,B03,C03464,Website,2,Completed
BK005482,2025-08-23,2025-09-03,22,B03,C00000,Website,2,Completed
BK005483,2025-08-30,2025-09-05,12,B03,C00000,Phone,2,Completed
BK005484,2025-09-03,2025-09-05,18,B03,C00000,Instagram,3,Completed
BK005485,2025-09-01,2025-09-05,17,B03,C01474,OpenTable,6,Completed
BK005486,2025-09-03,2025-09-05,14,B03,C00000,Website,1,Completed
BK005487,2025-09-05,2025-09-06,20,B03,C00000,Phone,2,Completed
BK005488,2025-08-30,2025-09-06,20,B03,C00000,Phone,2,No-show
BK005489,2025-08-28,2025-09-06,21,B03,C00000,Website,2,Completed
BK005490,2025-09-04,2025-09-06,19,B03,C00000,OpenTable,1,Completed
BK005491,2025-09-05,2025-09-06,22,B03,C00000,OpenTable,3,Completed
BK005492,2025-09-04,2025-09-07,21,B03,C00000,OpenTable,2,Completed
BK005493,2025-09-04,2025-09-07,21,B03,C03918,OpenTable,4,Completed
BK005494,2025-09-04,2025-09-07,18,B03,C00000,Website,4,Completed
BK005495,2025-09-07,2025-09-07,19,B03,C00000,OpenTable,7,Completed
BK005496,2025-09-05,2025-09-07,19,B03,C00000,OpenTable,7,No-show
BK005497,2025-09-09,2025-09-10,22,B03,C04264,Website,2,Completed
BK005498,2025-09-06,2025-09-10,22,B03,C00000,OpenTable,6,No-show
BK005499,2025-09-09,2025-09-11,20,B03,C00000,Website,4,Completed
BK005500,2025-09-05,2025-09-12,20,B03,C00000,Website,3,Completed
BK005501,2025-09-10,2025-09-12,21,B03,C00000,Website,5,Completed
BK005502,2025-09-06,2025-09-12,21,B03,C00791,Phone,3,Completed
BK005503,2025-09-11,2025-09-12,17,B03,C03909,Website,2,Completed
BK005504,2025-09-05,2025-09-13,12,B03,C00112,Website,5,Completed
BK005505,2025-09-10,2025-09-13,19,B03,C01035,Website,4,Completed
BK005506,2025-09-04,2025-09-14,22,B03,C00000,OpenTable,2,Completed
BK005507,2025-09-11,2025-09-14,22,B03,C00000,Website,4,No-show
BK005508,2025-09-03,2025-09-14,14,B03,C00000,OpenTable,2,Completed
BK005509,2025-09-12,2025-09-15,22,B03,C00000,Website,2,Completed
BK005510,2025-09-13,2025-09-18,18,B03,C00000,Website,4,Completed
BK005511,2025-09-13,2025-09-19,22,B03,C00000,Website,5,Completed
BK005512,2025-09-19,2025-09-19,22,B03,C00000,Website,2,Cancelled
BK005513,2025-09-06,2025-09-19,18,B03,C01606,Website,2,Completed
BK005514,2025-09-15,2025-09-21,19,B03,C00000,Website,7,Completed
BK005515,2025-09-21,2025-09-21,12,B03,C00000,Website,1,Completed
BK005516,2025-09-12,2025-09-22,18,B03,C00000,Website,5,Completed
BK005517,2025-09-20,2025-09-22,19,B03,C03561,OpenTable,2,Completed
BK005518,2025-09-17,2025-09-24,21,B03,C00000,Website,2,Completed
BK005519,2025-09-19,2025-09-25,22,B03,C03057,Website,7,Completed
BK005520,2025-09-25,2025-09-26,13,B03,C00000,Website,2,Completed
BK005521,2025-09-19,2025-09-26,19,B03,C00000,OpenTable,5,Completed
BK005522,2025-09-20,2025-09-26,20,B03,C00889,Website,2,Completed
BK005523,2025-09-25,2025-09-27,18,B03,C02012,Website,2,Completed
BK005524,2025-09-15,2025-09-27,17,B03,C00000,Website,8,Completed
BK005525,2025-09-26,2025-09-27,20,B03,C00000,Phone,4,Completed
BK005526,2025-09-20,2025-09-27,17,B03,C00442,Phone,1,Completed
BK005527,2025-09-20,2025-09-27,17,B03,C00000,Website,4,Cancelled
BK005528,2025-09-04,2025-09-28,12,B03,C02868,Website,2,Completed
BK005529,2025-09-28,2025-09-28,17,B03,C03217,Website,2,Completed
BK005530,2025-09-28,2025-09-28,18,B03,C02744,Website,4,Completed
BK005531,2025-09-23,2025-09-28,14,B03,C04094,Website,2,Completed
BK005532,2025-09-22,2025-09-28,22,B03,C00000,Phone,2,Completed
BK005533,2025-09-25,2025-09-28,18,B03,C00000,OpenTable,2,Completed
BK005534,2025-09-26,2025-09-28,17,B03,C00000,OpenTable,2,Completed
BK005535,2025-09-18,2025-09-28,19,B03,C02111,Website,6,Completed
BK005536,2025-09-23,2025-09-28,19,B03,C00000,Website,4,No-show
BK005537,2025-09-27,2025-09-28,19,B03,C01453,Website,3,Completed
BK005538,2025-09-19,2025-09-29,19,B03,C00020,OpenTable,3,Completed
BK005539,2025-09-24,2025-10-01,17,B03,C00000,Website,2,Completed
BK005540,2025-09-17,2025-10-03,13,B03,C00000,OpenTable,2,Completed
BK005541,2025-10-01,2025-10-03,21,B03,C00000,Website,2,Completed
BK005542,2025-09-29,2025-10-03,19,B03,C01035,OpenTable,2,Completed
BK005543,2025-10-01,2025-10-04,18,B03,C00000,Website,4,Completed
BK005544,2025-09-30,2025-10-04,20,B03,C00000,Phone,4,Completed
BK005545,2025-09-26,2025-10-04,13,B03,C00961,Instagram,2,Completed
BK005546,2025-10-05,2025-10-05,20,B03,C00000,OpenTable,6,Completed
BK005547,2025-10-01,2025-10-05,19,B03,C00000,Phone,4,Completed
BK005548,2025-09-30,2025-10-05,22,B03,C00000,Website,2,Completed
BK005549,2025-10-04,2025-10-08,20,B03,C01223,Website,1,Completed
BK005550,2025-10-05,2025-10-09,20,B03,C00000,Phone,6,Completed
BK005551,2025-09-26,2025-10-10,22,B03,C04923,Instagram,4,Completed
BK005552,2025-10-04,2025-10-10,14,B03,C00000,Instagram,4,Completed
BK005553,2025-10-04,2025-10-11,19,B03,C00000,Instagram,2,Completed
BK005554,2025-10-10,2025-10-11,17,B03,C01223,Phone,4,Completed
BK005555,2025-09-29,2025-10-11,18,B03,C00000,Website,2,Completed
BK005556,2025-10-09,2025-10-12,19,B03,C00991,Instagram,2,Completed
BK005557,2025-09-23,2025-10-13,19,B03,C00000,Website,2,Completed
BK005558,2025-10-12,2025-10-13,12,B03,C00000,Website,4,Completed
BK005559,2025-10-12,2025-10-13,12,B03,C00000,Website,2,No-show
BK005560,2025-10-12,2025-10-13,17,B03,C03941,Phone,1,Completed
BK005561,2025-10-09,2025-10-13,17,B03,C00000,Website,3,Completed
BK005562,2025-10-10,2025-10-13,17,B03,C00000,Website,4,Cancelled
BK005563,2025-10-15,2025-10-15,19,B03,C00000,OpenTable,2,Completed
BK005564,2025-10-12,2025-10-15,21,B03,C03653,Website,3,Completed
BK005565,2025-10-06,2025-10-15,21,B03,C00775,Website,4,Completed
BK005566,2025-10-13,2025-10-16,17,B03,C03871,Website,2,Completed
BK005567,2025-10-05,2025-10-16,12,B03,C02312,OpenTable,6,Completed
BK005568,2025-10-08,2025-10-17,19,B03,C01223,OpenTable,5,Completed
BK005569,2025-10-17,2025-10-17,19,B03,C00000,Phone,2,Completed
BK005570,2025-10-02,2025-10-17,17,B03,C01223,Website,3,Completed
BK005571,2025-10-07,2025-10-17,20,B03,C01346,OpenTable,1,Completed
BK005572,2025-10-10,2025-10-17,22,B03,C00000,Phone,6,Completed
BK005573,2025-10-15,2025-10-17,15,B03,C00000,Phone,2,Completed
BK005574,2025-10-02,2025-10-17,15,B03,C00000,Website,2,No-show
BK005575,2025-10-15,2025-10-17,15,B03,C00000,OpenTable,1,Cancelled
BK005576,2025-09-28,2025-10-18,21,B03,C01223,OpenTable,2,Completed
BK005577,2025-10-15,2025-10-18,17,B03,C00000,Phone,3,Completed
BK005578,2025-10-14,2025-10-18,20,B03,C01346,Website,1,Completed
BK005579,2025-10-17,2025-10-19,20,B03,C00000,Phone,5,Completed
BK005580,2025-10-20,2025-10-24,12,B03,C00000,OpenTable,6,Completed
BK005581,2025-10-06,2025-10-25,22,B03,C00000,OpenTable,2,Completed
BK005582,2025-10-21,2025-10-25,20,B03,C00000,Website,2,Completed
BK005583,2025-10-20,2025-10-25,22,B03,C00000,Phone,2,Completed
BK005584,2025-10-22,2025-10-25,22,B03,C04840,Phone,2,Completed
BK005585,2025-10-19,2025-10-26,14,B03,C00000,OpenTable,2,Completed
BK005586,2025-10-14,2025-10-26,22,B03,C00000,OpenTable,1,Completed
BK005587,2025-10-18,2025-10-26,19,B03,C00000,Website,2,Completed
BK005588,2025-10-22,2025-10-26,16,B03,C00000,Phone,1,Completed
BK005589,2025-10-26,2025-10-29,19,B03,C00470,Instagram,2,Completed
BK005590,2025-10-28,2025-10-29,19,B03,C00000,OpenTable,3,No-show
BK005591,2025-10-24,2025-10-29,19,B03,C00000,Phone,1,Cancelled
BK005592,2025-10-29,2025-10-29,19,B03,C03313,Instagram,4,Completed
BK005593,2025-10-27,2025-10-29,19,B03,C00000,Website,3,No-show
BK005594,2025-10-26,2025-10-29,19,B03,C00000,Website,4,Cancelled
BK005595,2025-10-24,2025-10-30,19,B03,C00000,OpenTable,2,Completed
BK005596,2025-10-23,2025-10-30,15,B03,C00000,Website,4,Completed
BK005597,2025-10-27,2025-10-30,18,B03,C00000,Website,2,Completed
BK005598,2025-10-28,2025-10-30,19,B03,C00000,Website,7,Completed
BK005599,2025-10-31,2025-10-31,19,B03,C01223,Website,1,Completed
BK005600,2025-10-27,2025-10-31,18,B03,C00000,Website,1,Completed
BK005601,2025-10-22,2025-10-31,22,B03,C00000,Website,2,Completed
BK005602,2025-10-20,2025-11-01,21,B03,C00000,Phone,6,Completed
BK005603,2025-10-22,2025-11-01,21,B03,C00000,Phone,1,Cancelled
BK005604,2025-10-10,2025-11-01,22,B03,C00000,Website,6,Completed
BK005605,2025-10-27,2025-11-01,22,B03,C00000,Website,4,Cancelled
BK005606,2025-10-18,2025-11-01,12,B03,C00000,OpenTable,2,Completed
BK005607,2025-10-29,2025-11-02,20,B03,C00000,OpenTable,6,Completed
BK005608,2025-10-25,2025-11-02,21,B03,C04537,Phone,2,Completed
BK005609,2025-11-04,2025-11-06,19,B03,C00000,Website,1,Completed
BK005610,2025-11-04,2025-11-06,19,B03,C00000,Website,2,No-show
BK005611,2025-10-28,2025-11-06,19,B03,C00000,Phone,7,Cancelled
BK005612,2025-11-04,2025-11-07,21,B03,C00000,Phone,1,Completed
BK005613,2025-11-07,2025-11-07,21,B03,C00000,Phone,1,Completed
BK005614,2025-11-06,2025-11-08,18,B03,C00000,Website,2,Completed
BK005615,2025-11-08,2025-11-08,20,B03,C00000,OpenTable,2,Completed
BK005616,2025-11-01,2025-11-08,22,B03,C00000,Phone,1,Completed
BK005617,2025-10-23,2025-11-08,22,B03,C00000,OpenTable,3,Cancelled
BK005618,2025-11-02,2025-11-09,15,B03,C00000,Phone,4,Completed
BK005619,2025-10-30,2025-11-09,15,B03,C00000,Phone,3,Cancelled
BK005620,2025-11-06,2025-11-09,21,B03,C02125,Phone,4,Completed
BK005621,2025-11-04,2025-11-09,17,B03,C00000,Instagram,2,Completed
BK005622,2025-11-09,2025-11-09,20,B03,C00000,Website,2,Completed
BK005623,2025-11-06,2025-11-09,20,B03,C00000,OpenTable,5,Cancelled
BK005624,2025-11-10,2025-11-13,22,B03,C00000,OpenTable,2,Completed
BK005625,2025-11-12,2025-11-13,22,B03,C00000,Website,2,Cancelled
BK005626,2025-11-10,2025-11-14,17,B03,C00000,OpenTable,2,Completed
BK005627,2025-11-11,2025-11-14,17,B03,C00000,Phone,2,Cancelled
BK005628,2025-11-11,2025-11-15,21,B03,C04963,Website,2,Completed
BK005629,2025-11-09,2025-11-15,21,B03,C00000,Phone,4,No-show
BK005630,2025-11-10,2025-11-16,20,B03,C00000,Phone,2,Completed
BK005631,2025-11-13,2025-11-17,21,B03,C00000,Website,3,Completed
BK005632,2025-11-13,2025-11-20,18,B03,C00000,Phone,1,Completed
BK005633,2025-11-20,2025-11-20,18,B03,C00000,Phone,2,No-show
BK005634,2025-11-10,2025-11-21,19,B03,C00000,Website,2,Completed
BK005635,2025-11-12,2025-11-21,20,B03,C03534,Instagram,4,Completed
BK005636,2025-11-17,2025-11-22,20,B03,C00000,Website,2,Completed
BK005637,2025-11-19,2025-11-22,17,B03,C00000,OpenTable,4,Completed
BK005638,2025-11-18,2025-11-22,17,B03,C00000,OpenTable,2,No-show
BK005639,2025-11-23,2025-11-23,17,B03,C02937,Website,2,Completed
BK005640,2025-11-10,2025-11-23,13,B03,C04412,Website,2,Completed
BK005641,2025-11-16,2025-11-23,21,B03,C00000,OpenTable,4,Completed
BK005642,2025-11-08,2025-11-24,19,B03,C02241,OpenTable,3,Completed
BK005643,2025-11-21,2025-11-24,22,B03,C02300,Instagram,4,Completed
BK005644,2025-11-26,2025-11-26,20,B03,C00000,Website,5,Completed
BK005645,2025-11-26,2025-11-26,22,B03,C04784,Website,1,Completed
BK005646,2025-11-26,2025-11-27,20,B03,C00000,Phone,8,Completed
BK005647,2025-11-25,2025-11-27,22,B03,C00000,Website,2,Completed
BK005648,2025-11-23,2025-11-27,20,B03,C00000,Phone,2,Completed
BK005649,2025-11-20,2025-11-27,22,B03,C04816,Phone,3,Completed
BK005650,2025-11-27,2025-11-27,22,B03,C00000,Phone,6,No-show
BK005651,2025-11-08,2025-11-28,20,B03,C00000,Phone,4,Completed
BK005652,2025-11-23,2025-11-29,17,B03,C01058,OpenTable,2,Completed
BK005653,2025-11-28,2025-11-29,13,B03,C00713,OpenTable,2,Completed
BK005654,2025-11-29,2025-11-29,16,B03,C02744,Phone,4,Completed
BK005655,2025-11-29,2025-11-29,21,B03,C00000,OpenTable,5,Completed
BK005656,2025-11-28,2025-11-29,20,B03,C00000,Website,4,Completed
BK005657,2025-12-01,2025-12-01,15,B03,C00000,Instagram,1,Completed
BK005658,2025-12-02,2025-12-03,22,B03,C00000,Phone,3,Completed
BK005659,2025-12-01,2025-12-03,22,B03,C00000,Website,3,No-show
BK005660,2025-12-03,2025-12-03,18,B03,C00000,Phone,2,Completed
BK005661,2025-12-02,2025-12-03,18,B03,C00000,OpenTable,2,Cancelled
BK005662,2025-11-27,2025-12-04,19,B03,C00000,Website,4,Completed
BK005663,2025-12-02,2025-12-05,19,B03,C01223,Phone,1,Completed
BK005664,2025-12-04,2025-12-05,20,B03,C00000,Website,2,Completed
BK005665,2025-11-25,2025-12-05,20,B03,C00000,Phone,4,Completed
BK005666,2025-11-27,2025-12-06,21,B03,C00000,Phone,2,Completed
BK005667,2025-12-02,2025-12-06,18,B03,C00000,OpenTable,1,Completed
BK005668,2025-11-20,2025-12-06,15,B03,C00000,Website,6,Completed
BK005669,2025-12-04,2025-12-06,12,B03,C00000,Website,3,Completed
BK005670,2025-12-01,2025-12-06,19,B03,C00000,Website,2,Completed
BK005671,2025-12-06,2025-12-06,21,B03,C00000,OpenTable,2,Completed
BK005672,2025-12-02,2025-12-06,19,B03,C00000,Website,2,Completed
BK005673,2025-12-02,2025-12-06,19,B03,C00000,Website,4,Cancelled
BK005674,2025-11-26,2025-12-06,19,B03,C00000,OpenTable,2,Completed
BK005675,2025-12-01,2025-12-06,19,B03,C00000,Website,6,Cancelled
BK005676,2025-12-04,2025-12-06,22,B03,C00000,Website,2,Completed
BK005677,2025-12-07,2025-12-07,19,B03,C00000,Website,2,Completed
BK005678,2025-12-06,2025-12-07,22,B03,C00000,OpenTable,1,Completed
BK005679,2025-11-21,2025-12-07,20,B03,C00000,Website,2,Completed
BK005680,2025-11-23,2025-12-08,19,B03,C02406,Website,6,Completed
BK005681,2025-12-11,2025-12-12,19,B03,C00000,Website,3,Completed
BK005682,2025-12-10,2025-12-12,19,B03,C00000,OpenTable,8,Cancelled
BK005683,2025-12-12,2025-12-12,19,B03,C00469,Website,3,Completed
BK005684,2025-12-12,2025-12-12,19,B03,C00000,Website,2,No-show
BK005685,2025-12-01,2025-12-13,20,B03,C00000,OpenTable,2,Completed
BK005686,2025-12-12,2025-12-13,21,B03,C00000,Website,5,Completed
BK005687,2025-12-12,2025-12-13,21,B03,C00000,Phone,4,No-show
BK005688,2025-12-06,2025-12-14,17,B03,C01223,OpenTable,4,Completed
BK005689,2025-12-01,2025-12-14,13,B03,C00000,OpenTable,2,Completed
BK005690,2025-12-01,2025-12-17,14,B03,C04868,Website,2,Completed
BK005691,2025-12-17,2025-12-19,20,B03,C00000,Website,3,Completed
BK005692,2025-12-19,2025-12-19,20,B03,C00000,Website,6,Cancelled
BK005693,2025-12-19,2025-12-19,16,B03,C00000,Website,6,Completed
BK005694,2025-12-09,2025-12-19,22,B03,C02283,OpenTable,5,Completed
BK005695,2025-12-18,2025-12-19,13,B03,C00000,Website,1,Completed
BK005696,2025-12-14,2025-12-19,13,B03,C00000,Website,1,Cancelled
BK005697,2025-12-07,2025-12-20,19,B03,C01434,Instagram,2,Completed
BK005698,2025-12-17,2025-12-20,22,B03,C04962,OpenTable,1,Completed
BK005699,2025-12-21,2025-12-21,12,B03,C00000,Website,3,Completed
BK005700,2025-12-20,2025-12-21,17,B03,C00000,Website,4,Completed
BK005701,2025-12-09,2025-12-22,16,B03,C00000,Instagram,5,Completed
BK005702,2025-12-22,2025-12-22,18,B03,C00000,Phone,2,Completed
BK005703,2025-12-13,2025-12-24,18,B03,C03247,OpenTable,3,Completed
BK005704,2025-12-19,2025-12-24,21,B03,C00000,Website,2,Completed
BK005705,2025-12-25,2025-12-26,20,B03,C00000,OpenTable,1,Completed
BK005706,2025-12-19,2025-12-27,13,B03,C00000,Website,3,Completed
BK005707,2025-12-17,2025-12-28,22,B03,C01677,OpenTable,6,Completed
BK005708,2025-12-26,2025-12-29,21,B03,C00000,Website,2,Completed
BK005709,2025-12-04,2025-12-29,21,B03,C00000,Phone,3,Cancelled
BK005710,2025-12-22,2025-12-29,21,B03,C00000,Website,6,Completed
BK005711,2025-12-15,2025-12-31,13,B03,C03138,OpenTable,5,Completed
BK005712,2025-12-20,2026-01-01,17,B03,C04319,OpenTable,2,Completed
BK005713,2025-12-26,2026-01-01,17,B03,C00000,OpenTable,4,Cancelled
BK005714,2025-12-30,2026-01-02,18,B03,C00000,Phone,4,Completed
BK005715,2026-01-02,2026-01-02,14,B03,C00000,OpenTable,2,Completed
BK005716,2025-12-23,2026-01-03,13,B03,C00000,Website,3,Completed
BK005717,2025-12-25,2026-01-03,19,B03,C01223,Phone,2,Completed
BK005718,2025-12-24,2026-01-03,21,B03,C02660,Website,6,Completed
BK005719,2026-01-03,2026-01-04,19,B03,C04879,Website,1,Completed
BK005720,2026-01-03,2026-01-04,19,B03,C00000,Website,2,Completed
BK005721,2026-01-04,2026-01-04,12,B03,C00000,Instagram,5,Completed
BK005722,2025-12-25,2026-01-05,14,B03,C00000,Website,1,Completed
BK005723,2025-12-17,2026-01-05,13,B03,C00000,Website,3,Completed
BK005724,2025-12-30,2026-01-05,20,B03,C00000,OpenTable,1,Completed
BK005725,2026-01-04,2026-01-08,19,B03,C00000,OpenTable,5,Completed
BK005726,2026-01-04,2026-01-09,19,B03,C00000,Website,2,Completed
BK005727,2026-01-10,2026-01-10,13,B03,C00000,Website,2,Completed
BK005728,2026-01-06,2026-01-10,21,B03,C00000,Website,2,Completed
BK005729,2026-01-05,2026-01-10,21,B03,C00000,OpenTable,1,Completed
BK005730,2026-01-10,2026-01-10,18,B03,C01223,Website,2,Completed
BK005731,2026-01-03,2026-01-10,18,B03,C00000,OpenTable,1,No-show
BK005732,2026-01-10,2026-01-11,17,B03,C00000,Phone,2,Completed
BK005733,2026-01-06,2026-01-11,17,B03,C00000,Website,4,No-show
BK005734,2025-12-24,2026-01-12,22,B03,C00000,Phone,2,Completed
BK005735,2026-01-16,2026-01-16,19,B03,C00470,Website,6,Completed
BK005736,2026-01-08,2026-01-16,21,B03,C02249,Website,3,Completed
BK005737,2026-01-13,2026-01-17,13,B03,C00000,OpenTable,1,Completed
BK005738,2025-12-29,2026-01-17,19,B03,C00991,Website,2,Completed
BK005739,2026-01-16,2026-01-17,13,B03,C00000,Website,2,Completed
BK005740,2026-01-11,2026-01-18,18,B03,C00000,Website,7,Completed
BK005741,2026-01-16,2026-01-18,18,B03,C00000,OpenTable,2,No-show
BK005742,2026-01-16,2026-01-19,15,B03,C04712,Website,5,Completed
BK005743,2026-01-11,2026-01-19,15,B03,C00000,OpenTable,6,No-show
BK005744,2026-01-22,2026-01-22,18,B03,C01877,Instagram,2,Completed
BK005745,2026-01-18,2026-01-22,14,B03,C00000,OpenTable,6,Completed
BK005746,2026-01-21,2026-01-22,13,B03,C00000,Phone,3,Completed
BK005747,2026-01-21,2026-01-22,19,B03,C00000,OpenTable,2,Completed
BK005748,2026-01-20,2026-01-23,21,B03,C01223,OpenTable,2,Completed
BK005749,2026-01-18,2026-01-23,16,B03,C00000,OpenTable,4,Completed
BK005750,2026-01-14,2026-01-23,13,B03,C01105,OpenTable,3,Completed
BK005751,2026-01-24,2026-01-24,19,B03,C00000,Instagram,4,Completed
BK005752,2026-01-24,2026-01-24,20,B03,C00000,Website,3,Completed
BK005753,2026-01-24,2026-01-25,22,B03,C00000,Website,2,Completed
BK005754,2026-01-25,2026-01-25,22,B03,C00000,Instagram,2,Cancelled
BK005755,2026-01-22,2026-01-25,18,B03,C00000,OpenTable,4,Completed
BK005756,2026-01-23,2026-01-25,18,B03,C00000,OpenTable,5,Cancelled
BK005757,2026-01-23,2026-01-25,20,B03,C00000,Phone,4,Completed
BK005758,2026-01-28,2026-01-30,18,B03,C00000,Phone,5,Completed
BK005759,2026-01-30,2026-01-30,18,B03,C00000,OpenTable,5,No-show
BK005760,2026-01-23,2026-01-30,19,B03,C00000,Website,6,Completed
BK005761,2026-01-26,2026-01-30,19,B03,C00991,Website,4,Completed
BK005762,2026-01-29,2026-01-30,19,B03,C00000,OpenTable,2,Cancelled
BK005763,2026-01-18,2026-01-30,17,B03,C00000,OpenTable,1,Completed
BK005764,2026-01-26,2026-01-31,21,B03,C03095,Website,2,Completed
BK005765,2026-01-31,2026-01-31,19,B03,C00000,OpenTable,6,Completed
BK005766,2026-01-16,2026-02-01,13,B03,C00974,OpenTable,4,Completed
BK005767,2026-01-31,2026-02-06,14,B03,C04634,OpenTable,2,Completed
BK005768,2026-02-05,2026-02-06,14,B03,C00000,Website,2,No-show
BK005769,2026-02-05,2026-02-06,20,B03,C00000,Website,2,Completed
BK005770,2026-02-06,2026-02-06,21,B03,C00000,OpenTable,2,Completed
BK005771,2026-02-01,2026-02-08,21,B03,C01128,Website,4,Completed
BK005772,2026-02-02,2026-02-08,13,B03,C00000,Website,2,Completed
BK005773,2026-02-05,2026-02-11,22,B03,C01302,Website,2,Completed
BK005774,2026-02-12,2026-02-12,20,B03,C00000,Phone,8,Completed
BK005775,2026-02-05,2026-02-13,20,B03,C01223,OpenTable,3,Completed
BK005776,2026-02-13,2026-02-13,14,B03,C03749,Phone,4,Completed
BK005777,2026-02-19,2026-02-19,20,B03,C04963,OpenTable,2,Completed
BK005778,2026-02-07,2026-02-20,21,B03,C00000,Phone,1,Completed
BK005779,2026-02-20,2026-02-20,17,B03,C00000,Website,4,Completed
BK005780,2026-02-16,2026-02-20,18,B03,C00000,OpenTable,8,Completed
BK005781,2026-02-15,2026-02-20,18,B03,C00000,Phone,8,Completed
BK005782,2026-02-17,2026-02-21,13,B03,C00000,Website,2,Completed
BK005783,2026-02-19,2026-02-21,13,B03,C00000,OpenTable,4,No-show
BK005784,2026-02-15,2026-02-21,20,B03,C03228,Website,2,Completed
BK005785,2026-02-16,2026-02-21,20,B03,C00000,OpenTable,4,Cancelled
BK005786,2026-02-14,2026-02-23,20,B03,C00000,Website,2,Completed
BK005787,2026-01-19,2026-02-23,20,B03,C00000,Website,4,No-show
BK005788,2026-02-12,2026-02-23,20,B03,C00000,Website,2,Cancelled
BK005789,2026-02-25,2026-02-26,13,B03,C00053,Website,2,Completed
BK005790,2026-02-27,2026-02-27,22,B03,C00000,Phone,1,Completed
BK005791,2026-02-27,2026-02-28,18,B03,C00000,Instagram,2,Completed
BK005792,2026-03-02,2026-03-05,19,B03,C00000,Website,3,Completed
BK005793,2026-02-28,2026-03-05,18,B03,C00000,OpenTable,3,Completed
BK005794,2026-03-02,2026-03-05,20,B03,C01288,Website,2,Completed
BK005795,2026-02-11,2026-03-05,14,B03,C00000,Instagram,2,Completed
BK005796,2026-02-20,2026-03-06,17,B03,C00000,Phone,8,Completed
BK005797,2026-03-05,2026-03-06,13,B03,C00000,Website,3,Completed
BK005798,2026-03-04,2026-03-07,20,B03,C04963,Instagram,1,Completed
BK005799,2026-03-06,2026-03-08,19,B03,C00000,Website,3,Completed
BK005800,2026-03-08,2026-03-08,19,B03,C00000,OpenTable,3,Completed
BK005801,2026-03-07,2026-03-09,19,B03,C00000,OpenTable,2,Completed
BK005802,2026-03-08,2026-03-09,18,B03,C00000,OpenTable,3,Completed
BK005803,2026-02-08,2026-03-11,12,B03,C02125,Website,1,Completed
BK005804,2026-03-08,2026-03-13,18,B03,C01346,Website,6,Completed
BK005805,2026-03-06,2026-03-13,20,B03,C00713,Website,4,Completed
BK005806,2026-03-11,2026-03-14,20,B03,C00000,Website,4,Completed
BK005807,2026-03-08,2026-03-14,13,B03,C00000,OpenTable,2,Completed
BK005808,2026-03-19,2026-03-19,15,B03,C01970,Phone,4,Completed
BK005809,2026-03-14,2026-03-21,18,B03,C00000,Phone,2,Completed
BK005810,2026-03-21,2026-03-21,19,B03,C00000,OpenTable,2,Completed
BK005811,2026-03-17,2026-03-22,15,B03,C00000,Website,2,Completed
BK005812,2026-03-20,2026-03-23,19,B03,C00000,OpenTable,2,Completed
BK005813,2026-03-23,2026-03-25,22,B03,C00000,OpenTable,2,Completed
BK005814,2026-03-23,2026-03-25,14,B03,C00000,Website,7,Completed
BK005815,2026-03-08,2026-03-26,20,B03,C00000,Website,4,Completed
BK005816,2026-03-25,2026-03-26,20,B03,C00000,Phone,2,Completed
BK005817,2026-03-18,2026-03-27,13,B03,C00000,OpenTable,7,Completed
BK005818,2026-03-24,2026-03-27,19,B03,C00107,Website,2,Completed
BK005819,2026-03-25,2026-03-28,20,B03,C00000,OpenTable,1,Completed
BK005820,2026-03-23,2026-03-28,20,B03,C00000,Website,4,No-show
BK005821,2026-03-28,2026-03-28,18,B03,C02168,OpenTable,2,Completed
BK005822,2026-03-23,2026-03-28,18,B03,C00000,Instagram,4,Cancelled
BK005823,2026-03-25,2026-03-29,19,B03,C01223,OpenTable,7,Completed
BK005824,2026-03-30,2026-03-30,19,B03,C01316,Website,2,Completed
BK005825,2026-04-01,2026-04-01,21,B03,C00000,Website,4,Completed
BK005826,2026-03-28,2026-04-01,19,B03,C00000,Instagram,1,Completed
BK005827,2026-04-01,2026-04-03,20,B03,C00278,Website,2,Completed
BK005828,2026-04-02,2026-04-03,19,B03,C00000,Website,8,Completed
BK005829,2026-04-02,2026-04-03,13,B03,C03193,Website,2,Completed
BK005830,2026-03-24,2026-04-03,20,B03,C00000,Phone,6,Completed
BK005831,2026-03-26,2026-04-03,20,B03,C00000,Phone,7,No-show
BK005832,2026-04-04,2026-04-04,21,B03,C00997,Website,2,Completed
BK005833,2026-03-30,2026-04-04,20,B03,C00000,Instagram,2,Completed
BK005834,2026-03-10,2026-04-04,18,B03,C04415,Instagram,3,Completed
BK005835,2026-03-26,2026-04-04,13,B03,C00000,Website,4,Completed
BK005836,2026-03-28,2026-04-05,12,B03,C00000,OpenTable,4,Completed
BK005837,2026-04-04,2026-04-08,12,B03,C00000,Phone,3,Completed
BK005838,2026-04-07,2026-04-08,19,B03,C00000,Website,2,Completed
BK005839,2026-04-07,2026-04-10,20,B03,C00000,Phone,2,Completed
BK005840,2026-04-07,2026-04-11,18,B03,C00000,Website,6,Completed
BK005841,2026-04-10,2026-04-11,18,B03,C00000,Website,2,No-show
BK005842,2026-03-31,2026-04-11,18,B03,C00000,Phone,4,Cancelled
BK005843,2026-04-05,2026-04-11,15,B03,C00000,OpenTable,2,Completed
BK005844,2026-04-11,2026-04-11,15,B03,C00000,OpenTable,2,Cancelled
BK005845,2026-04-05,2026-04-11,18,B03,C03057,Website,1,Completed
BK005846,2026-04-04,2026-04-11,19,B03,C00000,OpenTable,5,Completed
BK005847,2026-04-10,2026-04-13,19,B03,C00000,Website,2,Completed
BK005848,2026-04-13,2026-04-15,19,B03,C00000,Website,2,Completed
BK005849,2026-03-30,2026-04-15,12,B03,C00000,OpenTable,4,Completed
BK005850,2026-04-15,2026-04-16,16,B03,C02968,Phone,1,Completed
BK005851,2026-04-09,2026-04-16,16,B03,C00000,OpenTable,2,No-show
BK005852,2026-04-16,2026-04-16,20,B03,C03464,OpenTable,2,Completed
BK005853,2026-04-16,2026-04-16,20,B03,C00000,Instagram,2,Cancelled
BK005854,2026-04-13,2026-04-17,22,B03,C00000,Website,3,Completed
BK005855,2026-04-11,2026-04-17,21,B03,C00000,OpenTable,1,Completed
BK005856,2026-04-09,2026-04-17,21,B03,C00000,Instagram,4,No-show
BK005857,2026-04-19,2026-04-19,17,B03,C04639,Website,2,Completed
BK005858,2026-04-19,2026-04-19,18,B03,C00000,Instagram,4,Completed
BK005859,2026-04-19,2026-04-19,21,B03,C00000,Phone,2,Completed
BK005860,2026-04-16,2026-04-19,21,B03,C00000,Phone,2,No-show
BK005861,2026-04-16,2026-04-19,21,B03,C00107,OpenTable,4,Completed
BK005862,2026-04-17,2026-04-20,19,B03,C00000,Website,2,Completed
BK005863,2026-04-14,2026-04-20,19,B03,C00000,Website,3,No-show
BK005864,2026-04-18,2026-04-20,15,B03,C00000,OpenTable,2,Completed
BK005865,2026-04-10,2026-04-22,12,B03,C00000,Phone,2,Completed
BK005866,2026-04-22,2026-04-22,12,B03,C02306,Phone,4,Completed
BK005867,2026-04-18,2026-04-22,12,B03,C00000,Website,6,Cancelled
BK005868,2026-04-23,2026-04-23,19,B03,C04868,Phone,5,Completed
BK005869,2026-03-24,2026-04-23,19,B03,C00000,OpenTable,2,Completed
BK005870,2026-04-23,2026-04-23,20,B03,C04503,Instagram,2,Completed
BK005871,2026-04-22,2026-04-23,21,B03,C01288,OpenTable,2,Completed
BK005872,2026-04-02,2026-04-24,19,B03,C02875,OpenTable,6,Completed
BK005873,2026-04-21,2026-04-24,19,B03,C00000,Website,2,Cancelled
BK005874,2026-04-26,2026-04-26,18,B03,C03434,Website,3,Completed
BK005875,2026-04-25,2026-04-26,20,B03,C04002,Website,2,Completed
BK005876,2026-04-25,2026-04-30,22,B03,C00000,OpenTable,6,Completed
BK005877,2026-04-30,2026-05-01,18,B03,C00000,Website,3,Completed
BK005878,2026-05-02,2026-05-02,19,B03,C01717,OpenTable,3,Completed
BK005879,2026-04-30,2026-05-02,18,B03,C00000,Phone,2,Completed
BK005880,2026-04-25,2026-05-02,16,B03,C00000,OpenTable,2,Completed
BK005881,2026-04-30,2026-05-02,16,B03,C00000,Phone,4,Cancelled
BK005882,2026-04-20,2026-05-02,19,B03,C00000,Website,4,Completed
BK005883,2026-04-16,2026-05-02,19,B03,C00000,OpenTable,5,Cancelled
BK005884,2026-04-23,2026-05-02,22,B03,C03112,Instagram,3,Completed
BK005885,2026-05-01,2026-05-03,14,B03,C01035,OpenTable,2,Completed
BK005886,2026-04-25,2026-05-03,14,B03,C00000,OpenTable,2,Cancelled
BK005887,2026-05-03,2026-05-03,20,B03,C00000,OpenTable,3,Completed
BK005888,2026-04-25,2026-05-08,20,B03,C00000,Website,1,Completed
BK005889,2026-04-15,2026-05-08,19,B03,C00000,Phone,4,Completed
BK005890,2026-05-08,2026-05-08,19,B03,C00000,OpenTable,1,No-show
BK005891,2026-05-08,2026-05-08,12,B03,C00000,Phone,3,Completed
BK005892,2026-04-25,2026-05-09,20,B03,C00192,Website,3,Completed
BK005893,2026-05-02,2026-05-09,17,B03,C04456,Website,5,Completed
BK005894,2026-04-23,2026-05-11,19,B03,C02725,Phone,4,Completed
BK005895,2026-05-08,2026-05-11,14,B03,C00000,Website,2,Completed
BK005896,2026-05-02,2026-05-13,18,B03,C03908,OpenTable,5,Completed
BK005897,2026-05-11,2026-05-13,13,B03,C02359,Website,1,Completed
BK005898,2026-05-12,2026-05-13,13,B03,C03941,Website,2,Completed
BK005899,2026-05-04,2026-05-16,18,B03,C01952,OpenTable,4,Completed
BK005900,2026-05-11,2026-05-16,21,B03,C00000,OpenTable,3,Completed
BK005901,2026-05-07,2026-05-16,21,B03,C00000,OpenTable,4,No-show
BK005902,2026-05-17,2026-05-17,19,B03,C00000,OpenTable,2,Completed
BK005903,2026-05-17,2026-05-17,22,B03,C00000,Website,4,Completed
BK005904,2026-05-16,2026-05-18,21,B03,C02744,Phone,3,Completed
BK005905,2026-05-16,2026-05-20,15,B03,C02805,OpenTable,6,Completed
BK005906,2026-05-17,2026-05-20,15,B03,C00000,Website,2,No-show
BK005907,2026-05-20,2026-05-21,21,B03,C00000,Website,5,Completed
BK005908,2026-05-16,2026-05-21,19,B03,C00000,Website,3,Completed
BK005909,2026-05-11,2026-05-21,16,B03,C00000,Phone,2,Completed
BK005910,2026-05-20,2026-05-22,21,B03,C00000,Website,3,Completed
BK005911,2026-05-14,2026-05-22,20,B03,C00000,OpenTable,1,Completed
BK005912,2026-05-10,2026-05-22,20,B03,C00000,Phone,3,Cancelled
BK005913,2026-05-08,2026-05-23,16,B03,C02527,OpenTable,2,Completed
BK005914,2026-05-22,2026-05-23,18,B03,C00000,OpenTable,6,Completed
BK005915,2026-05-18,2026-05-23,13,B03,C02306,Phone,4,Completed
BK005916,2026-05-16,2026-05-24,18,B03,C01932,Phone,6,Completed
BK005917,2026-04-28,2026-05-29,21,B03,C00000,Phone,3,Completed
BK005918,2026-05-28,2026-05-29,18,B03,C00480,Website,3,Completed
BK005919,2026-05-28,2026-05-30,18,B03,C00000,Website,2,Completed
BK005920,2026-05-26,2026-05-31,20,B03,C02185,OpenTable,3,Completed
BK005921,2026-05-25,2026-06-01,21,B03,C00000,Website,2,Completed
BK005922,2026-05-27,2026-06-01,13,B03,C04503,OpenTable,3,Completed
BK005923,2026-05-20,2026-06-03,20,B03,C00000,OpenTable,1,Completed
BK005924,2026-06-04,2026-06-04,18,B03,C00346,OpenTable,1,Completed
BK005925,2026-06-01,2026-06-05,19,B03,C00000,OpenTable,2,Completed
BK005926,2026-05-29,2026-06-05,21,B03,C00000,Website,3,Completed
BK005927,2026-06-02,2026-06-05,14,B03,C00000,Website,3,Completed
BK005928,2026-05-04,2026-06-05,14,B03,C00000,Website,2,No-show
BK005929,2026-05-23,2026-06-06,16,B03,C00000,Instagram,2,Completed
BK005930,2026-05-26,2026-06-06,16,B03,C00000,Website,2,Cancelled
BK005931,2026-06-05,2026-06-06,12,B03,C00000,Website,1,Completed
BK005932,2026-06-07,2026-06-10,17,B03,C00000,Instagram,2,Completed
BK005933,2026-06-06,2026-06-10,17,B03,C00000,Instagram,2,Cancelled
BK005934,2026-06-07,2026-06-11,20,B03,C03749,OpenTable,2,Completed
BK005935,2026-06-06,2026-06-12,19,B03,C00000,Phone,3,Completed
BK005936,2026-05-28,2026-06-12,19,B03,C00000,OpenTable,2,No-show
BK005937,2026-05-28,2026-06-12,18,B03,C00000,Website,1,Completed
BK005938,2026-06-13,2026-06-13,16,B03,C00000,Phone,2,Completed
BK005939,2026-06-13,2026-06-13,16,B03,C00000,Phone,1,Cancelled
BK005940,2026-05-19,2026-06-13,17,B03,C02378,Website,4,Completed
BK005941,2026-06-12,2026-06-14,21,B03,C00000,OpenTable,4,Completed
BK005942,2026-05-12,2026-06-14,21,B03,C00000,OpenTable,2,No-show
BK005943,2026-06-13,2026-06-15,21,B03,C00000,Website,4,Completed
BK005944,2026-06-15,2026-06-15,20,B03,C03567,OpenTable,2,Completed
BK005945,2026-06-15,2026-06-15,20,B03,C00000,Website,4,Cancelled
BK005946,2026-06-10,2026-06-19,12,B03,C00000,OpenTable,4,Completed
BK005947,2026-06-18,2026-06-19,14,B03,C01686,Instagram,4,Completed
BK005948,2026-06-19,2026-06-19,22,B03,C00991,Website,2,Completed
BK005949,2026-06-07,2026-06-19,22,B03,C00000,Phone,3,Cancelled
BK005950,2026-06-11,2026-06-19,21,B03,C00000,Website,1,Completed
BK005951,2026-06-09,2026-06-19,17,B03,C00000,Website,2,Completed
BK005952,2026-06-13,2026-06-20,14,B03,C01223,OpenTable,2,Completed
BK005953,2026-06-10,2026-06-21,15,B03,C00000,OpenTable,1,Completed
BK005954,2026-06-21,2026-06-21,19,B03,C00000,Phone,3,Completed
BK005955,2026-06-18,2026-06-21,17,B03,C00000,Website,2,Completed
BK005956,2026-06-19,2026-06-21,20,B03,C04338,OpenTable,4,Completed
BK005957,2026-06-21,2026-06-21,20,B03,C00000,Phone,1,No-show
BK005958,2026-06-19,2026-06-21,21,B03,C03543,Phone,5,Completed
BK005959,2026-06-20,2026-06-25,22,B03,C00000,Website,8,Completed
BK005960,2026-06-18,2026-06-25,22,B03,C00000,OpenTable,2,Cancelled
BK005961,2026-06-20,2026-06-26,19,B03,C00000,Instagram,2,Completed
BK005962,2026-06-24,2026-06-26,16,B03,C00000,OpenTable,2,Completed
BK005963,2026-06-20,2026-06-26,16,B03,C00000,Website,3,No-show
BK005964,2026-06-25,2026-06-27,20,B03,C00000,Instagram,2,Completed
BK005965,2026-06-13,2026-06-28,18,B03,C02744,OpenTable,2,Completed
BK005966,2026-06-21,2026-06-28,18,B03,C00000,Website,4,Cancelled
BK005967,2026-06-26,2026-06-28,13,B03,C00000,Website,2,Completed
BK005968,2026-06-29,2026-06-29,14,B03,C02473,Website,5,Completed
BK005969,2026-06-26,2026-06-29,14,B03,C00000,OpenTable,8,Cancelled
BK005970,2026-06-24,2026-06-29,20,B03,C01223,OpenTable,2,Completed
BK005971,2026-06-23,2026-06-29,20,B03,C00000,OpenTable,5,Cancelled
BK005972,2026-06-20,2026-06-29,18,B03,C01637,Website,2,Completed
BK005973,2026-07-01,2026-07-01,19,B03,C00000,Website,4,Completed
BK005974,2026-06-30,2026-07-02,20,B03,C04634,OpenTable,2,Completed
BK005975,2026-06-28,2026-07-02,12,B03,C00000,Instagram,2,Completed
BK005976,2026-06-27,2026-07-02,12,B03,C00000,Website,4,No-show
BK005977,2026-07-03,2026-07-03,13,B03,C00000,Website,1,Completed
BK005978,2026-06-29,2026-07-03,13,B03,C00000,Website,2,No-show
BK005979,2026-06-09,2026-07-05,18,B03,C00000,OpenTable,7,Completed
BK005980,2026-06-18,2026-07-05,18,B03,C00000,Phone,3,No-show
BK005981,2026-07-02,2026-07-06,19,B03,C00000,Website,2,Completed
BK005982,2026-07-04,2026-07-06,19,B03,C00000,OpenTable,2,No-show
BK005983,2026-07-06,2026-07-06,19,B03,C00000,Website,2,Cancelled
BK005984,2026-07-06,2026-07-06,13,B03,C00000,OpenTable,6,Completed
BK005985,2026-06-05,2026-07-08,19,B03,C04574,OpenTable,3,Completed
BK005986,2026-07-04,2026-07-08,20,B03,C04300,Website,1,Completed
BK005987,2026-07-04,2026-07-08,19,B03,C03542,OpenTable,2,Completed
BK005988,2026-07-08,2026-07-09,15,B03,C00000,OpenTable,1,Completed
BK005989,2026-06-16,2026-07-10,22,B03,C00020,Instagram,2,Completed
BK005990,2026-07-10,2026-07-11,21,B03,C00000,Website,2,Completed
BK005991,2026-07-10,2026-07-11,19,B03,C00991,Website,3,Completed
BK005992,2026-07-03,2026-07-11,22,B03,C00000,Website,4,Completed
BK005993,2026-07-06,2026-07-11,21,B03,C00306,Website,2,Completed
BK005994,2026-07-08,2026-07-11,21,B03,C00000,Website,4,Cancelled
BK005995,2026-07-02,2026-07-11,19,B03,C02755,Website,3,Completed
BK005996,2026-07-03,2026-07-12,19,B03,C00000,Phone,2,Completed
BK005997,2026-06-23,2026-07-12,20,B03,C00000,Instagram,1,Completed
BK005998,2026-07-06,2026-07-12,13,B03,C00000,OpenTable,4,Completed
BK005999,2026-07-09,2026-07-12,13,B03,C00000,Instagram,2,No-show
BK006000,2026-07-10,2026-07-13,21,B03,C00000,Website,4,Completed
BK006001,2026-07-13,2026-07-13,21,B03,C00000,Phone,2,No-show
BK006002,2026-07-13,2026-07-13,14,B03,C00000,Phone,4,Completed
BK006003,2026-07-08,2026-07-13,19,B03,C04962,Website,4,Completed
BK006004,2026-07-05,2026-07-13,19,B03,C00000,OpenTable,1,No-show
BK006005,2026-07-16,2026-07-16,20,B03,C00000,OpenTable,1,Completed
BK006006,2026-07-16,2026-07-16,20,B03,C00000,OpenTable,4,Cancelled
BK006007,2026-07-11,2026-07-16,13,B03,C00000,OpenTable,2,Completed
BK006008,2026-07-04,2026-07-17,21,B03,C00000,Website,2,Completed
BK006009,2026-07-11,2026-07-17,21,B03,C00000,Website,3,Cancelled
BK006010,2026-07-08,2026-07-18,18,B03,C00000,OpenTable,2,Completed
BK006011,2026-07-17,2026-07-18,14,B03,C03616,Phone,6,Completed
BK006012,2026-07-07,2026-07-20,19,B03,C00000,OpenTable,5,Completed
BK006013,2026-06-24,2026-07-20,19,B03,C00000,Website,5,Cancelled
BK006014,2026-07-19,2026-07-20,20,B03,C01223,OpenTable,1,Completed
BK006015,2026-07-22,2026-07-22,20,B03,C02306,Website,4,Completed
BK006016,2026-07-16,2026-07-22,19,B03,C01952,Phone,1,Completed
BK006017,2026-07-18,2026-07-22,19,B03,C00000,Website,2,Cancelled
BK006018,2026-07-23,2026-07-23,18,B03,C02111,OpenTable,1,Completed
BK006019,2026-07-25,2026-07-25,19,B03,C00000,Website,2,Completed
BK006020,2026-07-18,2026-07-25,19,B03,C00000,Website,4,No-show
BK006021,2026-07-24,2026-07-25,19,B03,C00000,OpenTable,5,Cancelled
BK006022,2026-07-18,2026-07-25,22,B03,C00000,OpenTable,2,Completed
BK006023,2026-07-20,2026-07-31,21,B03,C00000,OpenTable,2,Completed
BK006024,2026-07-29,2026-07-31,21,B03,C00000,OpenTable,2,Cancelled
BK006025,2026-07-26,2026-07-31,19,B03,C04456,OpenTable,1,Completed
BK006026,2026-07-29,2026-07-31,19,B03,C00000,OpenTable,4,Completed
BK006027,2026-07-30,2026-08-01,21,B03,C00000,Website,1,Completed
BK006028,2026-07-24,2026-08-01,12,B03,C00018,Website,1,Completed
BK006029,2026-07-30,2026-08-01,12,B03,C00000,Instagram,2,No-show
BK006030,2026-07-25,2026-08-05,13,B03,C03228,Website,5,Completed
BK006031,2026-07-31,2026-08-06,15,B03,C00000,Website,6,Completed
BK006032,2026-07-22,2026-08-06,21,B03,C04907,Phone,4,Completed
BK006033,2026-08-03,2026-08-06,21,B03,C00000,OpenTable,5,Completed
BK006034,2026-08-06,2026-08-07,21,B03,C00000,OpenTable,3,Completed
BK006035,2026-08-08,2026-08-08,20,B03,C00000,OpenTable,3,Completed
BK006036,2026-08-04,2026-08-08,22,B03,C00000,Phone,1,Completed
BK006037,2026-08-07,2026-08-09,20,B03,C00000,Website,5,Completed
BK006038,2026-08-07,2026-08-09,21,B03,C00000,Website,4,Completed
BK006039,2026-08-09,2026-08-09,21,B03,C00000,OpenTable,3,Completed
BK006040,2026-08-08,2026-08-10,19,B03,C00000,Website,3,Completed
BK006041,2026-08-02,2026-08-10,20,B03,C01223,Instagram,2,Completed
BK006042,2026-08-10,2026-08-10,21,B03,C00000,Website,4,Completed
BK006043,2026-08-06,2026-08-10,21,B03,C00000,Website,4,Cancelled
BK006044,2026-08-12,2026-08-12,17,B03,C00000,Website,4,Completed
BK006045,2026-08-12,2026-08-12,17,B03,C00000,OpenTable,1,No-show
BK006046,2026-08-08,2026-08-12,14,B03,C04495,OpenTable,7,Completed
BK006047,2026-08-10,2026-08-13,19,B03,C00000,Phone,1,Completed
BK006048,2026-08-13,2026-08-14,15,B03,C00000,Phone,1,Completed
BK006049,2026-07-31,2026-08-14,20,B03,C01346,OpenTable,1,Completed
BK006050,2026-08-09,2026-08-14,17,B03,C00000,Website,2,Completed
BK006051,2026-08-14,2026-08-15,13,B03,C00000,Website,2,Completed
BK006052,2026-08-12,2026-08-16,18,B03,C00000,Website,2,Completed
BK006053,2026-08-16,2026-08-16,12,B03,C00000,OpenTable,2,Completed
BK006054,2026-08-18,2026-08-19,16,B03,C00000,OpenTable,2,Completed
BK006055,2026-08-19,2026-08-20,22,B03,C00000,Instagram,2,Completed
BK006056,2026-08-19,2026-08-20,12,B03,C00000,Website,6,Completed
BK006057,2026-08-20,2026-08-21,14,B03,C00000,OpenTable,2,Completed
BK006058,2026-08-18,2026-08-21,14,B03,C00000,Website,3,No-show
BK006059,2026-08-21,2026-08-21,13,B03,C00000,Website,1,Completed
BK006060,2026-08-13,2026-08-21,12,B03,C00000,Website,1,Completed
BK006061,2026-08-04,2026-08-22,17,B03,C00000,Website,1,Completed
BK006062,2026-08-20,2026-08-22,20,B03,C00000,Phone,2,Completed
BK006063,2026-08-08,2026-08-22,22,B03,C00346,OpenTable,4,Completed
BK006064,2026-08-22,2026-08-22,19,B03,C00000,Website,2,Completed
BK006065,2026-08-19,2026-08-23,18,B03,C00000,Website,1,Completed
BK006066,2026-08-19,2026-08-23,22,B03,C03338,Phone,5,Completed
BK006067,2026-08-16,2026-08-23,22,B03,C00000,OpenTable,2,No-show
BK006068,2026-08-15,2026-08-23,15,B03,C00000,Website,2,Completed
BK006069,2026-08-23,2026-08-23,17,B03,C04608,OpenTable,2,Completed
BK006070,2026-08-20,2026-08-26,16,B03,C00000,Phone,2,Completed
BK006071,2026-08-22,2026-08-26,18,B03,C00000,OpenTable,1,Completed
BK006072,2026-08-26,2026-08-27,18,B03,C00000,Website,3,Completed
BK006073,2026-08-26,2026-08-27,12,B03,C00000,OpenTable,7,Completed
BK006074,2026-08-25,2026-08-27,12,B03,C00000,OpenTable,2,No-show
BK006075,2026-08-17,2026-08-28,18,B03,C00000,OpenTable,5,Completed
BK006076,2026-08-20,2026-08-28,18,B03,C00000,Website,3,Cancelled
BK006077,2026-08-25,2026-08-29,18,B03,C02643,Website,2,Completed
BK006078,2026-08-29,2026-08-29,21,B03,C00000,OpenTable,7,Completed
BK006079,2026-08-22,2026-08-29,21,B03,C00000,Phone,7,Cancelled
BK006080,2026-08-21,2026-08-29,22,B03,C00000,Website,3,Completed
BK006081,2026-08-22,2026-08-29,21,B03,C01053,Website,2,Completed
BK006082,2026-08-27,2026-08-29,22,B03,C02884,Phone,2,Completed
BK006083,2026-08-26,2026-08-30,21,B03,C00000,Website,2,Completed
BK006084,2026-08-30,2026-08-30,19,B03,C00000,OpenTable,4,Completed
BK006085,2026-08-24,2026-08-30,18,B03,C04162,OpenTable,2,Completed
BK006086,2026-08-19,2026-08-30,21,B03,C00000,OpenTable,2,Completed
BK006087,2026-08-11,2026-08-30,21,B03,C00000,OpenTable,3,Cancelled
BK006088,2026-08-27,2026-08-31,20,B03,C04392,Website,4,Completed
BK006089,2026-08-31,2026-08-31,22,B03,C01677,Instagram,1,Completed
BK006090,2026-08-23,2026-08-31,22,B03,C00000,OpenTable,2,Cancelled
BK006091,2026-08-31,2026-09-02,12,B03,C01890,Website,2,Completed
BK006092,2026-08-24,2026-09-02,17,B03,C00000,Website,2,Completed
BK006093,2026-08-29,2026-09-03,20,B03,C00000,Phone,4,Completed
BK006094,2026-09-03,2026-09-05,17,B03,C00138,Website,8,Completed
BK006095,2026-08-24,2026-09-05,21,B03,C00679,Phone,5,Completed
BK006096,2026-09-01,2026-09-05,17,B03,C00000,Website,3,Completed
BK006097,2026-09-05,2026-09-06,17,B03,C00000,Website,2,Completed
BK006098,2026-09-09,2026-09-09,19,B03,C00000,Instagram,4,Completed
BK006099,2026-09-07,2026-09-10,14,B03,C00214,Website,4,Completed
BK006100,2026-09-08,2026-09-11,13,B03,C00000,Instagram,2,Completed
BK006101,2026-09-01,2026-09-11,13,B03,C00000,Instagram,3,No-show
BK006102,2026-09-08,2026-09-12,19,B03,C00000,Phone,1,Completed
BK006103,2026-09-12,2026-09-12,18,B03,C01073,Phone,3,Completed
BK006104,2026-09-01,2026-09-12,18,B03,C00000,Instagram,3,Completed
BK006105,2026-09-12,2026-09-13,19,B03,C00000,OpenTable,4,Completed
BK006106,2026-08-30,2026-09-13,18,B03,C00000,OpenTable,4,Completed
BK006107,2026-09-12,2026-09-14,20,B03,C00000,Phone,1,Completed
BK006108,2026-09-17,2026-09-18,18,B03,C04109,Website,2,Completed
BK006109,2026-09-18,2026-09-18,18,B03,C00000,OpenTable,3,No-show
BK006110,2026-09-08,2026-09-18,17,B03,C00000,OpenTable,4,Completed
BK006111,2026-09-06,2026-09-18,17,B03,C00000,OpenTable,4,Cancelled
BK006112,2026-08-27,2026-09-19,12,B03,C01223,Phone,4,Completed
BK006113,2026-08-21,2026-09-19,13,B03,C00000,OpenTable,6,Completed
BK006114,2026-09-09,2026-09-19,13,B03,C00000,Website,2,No-show
BK006115,2026-09-15,2026-09-20,19,B03,C00000,Phone,2,Completed
BK006116,2026-09-19,2026-09-20,20,B03,C02990,OpenTable,5,Completed
BK006117,2026-09-20,2026-09-21,18,B03,C02850,Phone,1,Completed
BK006118,2026-09-20,2026-09-21,18,B03,C00000,Instagram,2,No-show
BK006119,2026-09-19,2026-09-21,20,B03,C00000,Website,4,Completed
BK006120,2026-09-11,2026-09-21,20,B03,C00000,Website,4,No-show
BK006121,2026-09-21,2026-09-24,20,B03,C00000,OpenTable,2,Completed
BK006122,2026-09-23,2026-09-24,19,B03,C00000,OpenTable,6,Completed
BK006123,2026-09-20,2026-09-24,19,B03,C00000,OpenTable,3,No-show
BK006124,2026-09-19,2026-09-24,19,B03,C00000,Website,2,Cancelled
BK006125,2026-09-25,2026-09-25,18,B03,C00000,Instagram,2,Completed
BK006126,2026-09-23,2026-09-25,18,B03,C00000,OpenTable,2,No-show
BK006127,2026-09-21,2026-09-26,19,B03,C03547,Website,2,Completed
BK006128,2026-09-17,2026-09-26,21,B03,C00066,Website,3,Completed
BK006129,2026-09-24,2026-09-26,22,B03,C00000,Website,6,Completed
BK006130,2026-09-26,2026-09-26,22,B03,C00000,Website,2,Completed
BK006131,2026-09-26,2026-09-26,22,B03,C00000,OpenTable,3,Cancelled
BK006132,2025-06-01,2025-06-02,16,B04,C03093,Website,4,Completed
BK006133,2025-06-01,2025-06-02,15,B04,C00000,Website,2,Completed
BK006134,2025-06-01,2025-06-04,19,B04,C03587,Website,2,Completed
BK006135,2025-06-02,2025-06-04,12,B04,C00000,Instagram,6,Completed
BK006136,2025-05-26,2025-06-04,18,B04,C03093,Website,1,Completed
BK006137,2025-05-30,2025-06-06,22,B04,C02138,Website,1,Completed
BK006138,2025-06-08,2025-06-08,19,B04,C02432,Website,4,Completed
BK006139,2025-05-26,2025-06-12,19,B04,C00000,OpenTable,2,Completed
BK006140,2025-06-08,2025-06-13,20,B04,C00000,OpenTable,2,Completed
BK006141,2025-06-12,2025-06-14,19,B04,C01966,Phone,4,Completed
BK006142,2025-06-14,2025-06-14,22,B04,C00000,Website,2,Completed
BK006143,2025-06-15,2025-06-15,20,B04,C00000,Phone,2,Completed
BK006144,2025-06-12,2025-06-16,20,B04,C02138,Phone,4,Completed
BK006145,2025-06-08,2025-06-16,22,B04,C00000,Website,3,Completed
BK006146,2025-06-16,2025-06-16,22,B04,C00000,Website,1,No-show
BK006147,2025-06-11,2025-06-16,20,B04,C04539,Phone,4,Completed
BK006148,2025-06-10,2025-06-16,19,B04,C00000,OpenTable,2,Completed
BK006149,2025-06-16,2025-06-18,21,B04,C04240,Website,4,Completed
BK006150,2025-06-12,2025-06-19,18,B04,C04911,Website,2,Completed
BK006151,2025-06-20,2025-06-21,21,B04,C00000,Website,2,Completed
BK006152,2025-06-07,2025-06-22,21,B04,C01776,Phone,2,Completed
BK006153,2025-06-23,2025-06-26,20,B04,C00000,Website,6,Completed
BK006154,2025-06-24,2025-06-26,20,B04,C00000,OpenTable,4,No-show
BK006155,2025-06-21,2025-06-26,16,B04,C01813,Phone,2,Completed
BK006156,2025-06-24,2025-06-27,20,B04,C01813,Website,4,Completed
BK006157,2025-06-24,2025-06-27,17,B04,C00000,OpenTable,2,Completed
BK006158,2025-06-27,2025-06-27,12,B04,C00000,OpenTable,4,Completed
BK006159,2025-06-21,2025-06-27,12,B04,C00000,Website,2,Cancelled
BK006160,2025-06-28,2025-06-28,20,B04,C00305,OpenTable,2,Completed
BK006161,2025-06-19,2025-06-28,13,B04,C00000,Website,3,Completed
BK006162,2025-06-06,2025-06-29,13,B04,C00039,Website,4,Completed
BK006163,2025-06-25,2025-06-30,20,B04,C00000,OpenTable,1,Completed
BK006164,2025-06-30,2025-06-30,20,B04,C00000,OpenTable,2,Cancelled
BK006165,2025-06-28,2025-07-02,20,B04,C00000,OpenTable,2,Completed
BK006166,2025-07-02,2025-07-02,20,B04,C00000,OpenTable,4,Completed
BK006167,2025-07-03,2025-07-03,17,B04,C00000,Website,4,Completed
BK006168,2025-07-03,2025-07-04,20,B04,C00000,Website,2,Completed
BK006169,2025-06-29,2025-07-05,19,B04,C00000,Website,4,Completed
BK006170,2025-06-20,2025-07-06,19,B04,C00000,OpenTable,2,Completed
BK006171,2025-07-01,2025-07-06,18,B04,C00000,Website,2,Completed
BK006172,2025-07-03,2025-07-07,19,B04,C00000,Phone,1,Completed
BK006173,2025-06-26,2025-07-07,14,B04,C00000,OpenTable,6,Completed
BK006174,2025-07-02,2025-07-10,17,B04,C04240,Website,1,Completed
BK006175,2025-07-11,2025-07-11,19,B04,C01764,OpenTable,2,Completed
BK006176,2025-07-11,2025-07-11,17,B04,C00000,OpenTable,2,Completed
BK006177,2025-07-06,2025-07-12,18,B04,C04911,OpenTable,2,Completed
BK006178,2025-07-01,2025-07-13,22,B04,C00000,OpenTable,3,Completed
BK006179,2025-06-26,2025-07-14,17,B04,C00000,Website,5,Completed
BK006180,2025-06-22,2025-07-14,20,B04,C00000,Website,6,Completed
BK006181,2025-07-09,2025-07-17,12,B04,C00000,OpenTable,7,Completed
BK006182,2025-07-09,2025-07-18,19,B04,C00000,OpenTable,3,Completed
BK006183,2025-07-09,2025-07-18,19,B04,C01472,Phone,6,Completed
BK006184,2025-07-11,2025-07-18,19,B04,C00000,Phone,2,Completed
BK006185,2025-07-02,2025-07-18,20,B04,C00000,Website,8,Completed
BK006186,2025-07-17,2025-07-19,20,B04,C00000,Instagram,2,Completed
BK006187,2025-07-09,2025-07-19,18,B04,C00638,Website,2,Completed
BK006188,2025-06-14,2025-07-19,12,B04,C00000,OpenTable,2,Completed
BK006189,2025-07-18,2025-07-20,13,B04,C01472,OpenTable,4,Completed
BK006190,2025-07-14,2025-07-21,21,B04,C04240,OpenTable,4,Completed
BK006191,2025-07-11,2025-07-21,19,B04,C01776,Website,2,Completed
BK006192,2025-07-18,2025-07-24,19,B04,C02785,OpenTable,4,Completed
BK006193,2025-07-22,2025-07-24,17,B04,C00000,Website,2,Completed
BK006194,2025-07-19,2025-07-24,16,B04,C00000,Website,5,Completed
BK006195,2025-07-25,2025-07-25,21,B04,C00000,Website,6,Completed
BK006196,2025-07-23,2025-07-25,19,B04,C00000,Website,7,Completed
BK006197,2025-07-13,2025-07-25,18,B04,C00000,Phone,8,Completed
BK006198,2025-07-24,2025-07-26,18,B04,C00000,Website,2,Completed
BK006199,2025-07-21,2025-07-26,18,B04,C00000,OpenTable,6,Cancelled
BK006200,2025-07-24,2025-07-26,22,B04,C00000,Website,1,Completed
BK006201,2025-07-22,2025-07-27,22,B04,C00000,Website,3,Completed
BK006202,2025-07-26,2025-07-27,21,B04,C00000,OpenTable,2,Completed
BK006203,2025-07-09,2025-07-27,21,B04,C01813,Phone,1,Completed
BK006204,2025-07-20,2025-07-27,20,B04,C00000,Website,2,Completed
BK006205,2025-07-19,2025-07-27,21,B04,C00000,Phone,2,Completed
BK006206,2025-07-10,2025-07-27,21,B04,C00000,OpenTable,2,Cancelled
BK006207,2025-07-17,2025-07-28,18,B04,C00000,Website,4,Completed
BK006208,2025-07-29,2025-07-31,12,B04,C00000,Website,4,Completed
BK006209,2025-07-31,2025-07-31,21,B04,C00000,Website,3,Completed
BK006210,2025-07-16,2025-07-31,21,B04,C00000,Phone,8,No-show
BK006211,2025-07-21,2025-07-31,14,B04,C00000,Phone,4,Completed
BK006212,2025-07-23,2025-08-01,21,B04,C00000,OpenTable,1,Completed
BK006213,2025-07-26,2025-08-01,21,B04,C00000,Website,1,Completed
BK006214,2025-07-31,2025-08-01,18,B04,C04911,Phone,6,Completed
BK006215,2025-07-27,2025-08-01,18,B04,C00000,OpenTable,2,Cancelled
BK006216,2025-08-01,2025-08-01,12,B04,C00000,Website,2,Completed
BK006217,2025-07-23,2025-08-01,13,B04,C00000,Phone,2,Completed
BK006218,2025-07-27,2025-08-01,13,B04,C00000,Website,3,Cancelled
BK006219,2025-07-28,2025-08-02,19,B04,C00000,Phone,2,Completed
BK006220,2025-08-02,2025-08-03,19,B04,C00000,Website,4,Completed
BK006221,2025-07-31,2025-08-07,13,B04,C00000,Instagram,2,Completed
BK006222,2025-08-07,2025-08-08,14,B04,C02785,Website,4,Completed
BK006223,2025-07-15,2025-08-09,19,B04,C00000,Website,3,Completed
BK006224,2025-08-09,2025-08-09,19,B04,C00000,OpenTable,3,Cancelled
BK006225,2025-08-04,2025-08-09,20,B04,C04516,OpenTable,2,Completed
BK006226,2025-07-30,2025-08-09,21,B04,C01087,Website,4,Completed
BK006227,2025-08-07,2025-08-10,19,B04,C01472,Website,2,Completed
BK006228,2025-08-05,2025-08-10,13,B04,C02785,Phone,5,Completed
BK006229,2025-08-07,2025-08-10,20,B04,C00000,OpenTable,2,Completed
BK006230,2025-08-07,2025-08-10,21,B04,C00000,OpenTable,4,Completed
BK006231,2025-07-31,2025-08-11,17,B04,C02516,Website,1,Completed
BK006232,2025-08-12,2025-08-15,14,B04,C00000,Website,4,Completed
BK006233,2025-08-06,2025-08-15,18,B04,C00000,Instagram,4,Completed
BK006234,2025-08-11,2025-08-15,13,B04,C00000,Website,4,Completed
BK006235,2025-07-30,2025-08-15,14,B04,C00000,OpenTable,4,Completed
BK006236,2025-08-06,2025-08-15,14,B04,C00000,Website,2,No-show
BK006237,2025-08-15,2025-08-15,21,B04,C03806,Website,2,Completed
BK006238,2025-08-12,2025-08-16,18,B04,C00000,OpenTable,2,Completed
BK006239,2025-08-07,2025-08-16,20,B04,C00000,Phone,4,Completed
BK006240,2025-08-16,2025-08-16,21,B04,C00000,OpenTable,2,Completed
BK006241,2025-08-04,2025-08-17,18,B04,C00000,Website,2,Completed
BK006242,2025-08-08,2025-08-17,12,B04,C00000,Phone,6,Completed
BK006243,2025-08-14,2025-08-18,19,B04,C00000,OpenTable,3,Completed
BK006244,2025-08-14,2025-08-18,19,B04,C03093,Instagram,3,Completed
BK006245,2025-08-15,2025-08-20,20,B04,C00000,Website,2,Completed
BK006246,2025-08-09,2025-08-20,13,B04,C02254,Website,6,Completed
BK006247,2025-08-12,2025-08-21,19,B04,C00000,Website,4,Completed
BK006248,2025-08-15,2025-08-21,13,B04,C00000,Website,2,Completed
BK006249,2025-08-12,2025-08-22,22,B04,C00000,Website,5,Completed
BK006250,2025-08-22,2025-08-22,17,B04,C00000,Phone,8,Completed
BK006251,2025-08-18,2025-08-22,13,B04,C00000,Phone,2,Completed
BK006252,2025-08-23,2025-08-23,17,B04,C00000,Website,3,Completed
BK006253,2025-08-19,2025-08-23,18,B04,C02981,Website,2,Completed
BK006254,2025-08-19,2025-08-23,19,B04,C00000,Phone,2,Completed
BK006255,2025-08-14,2025-08-24,21,B04,C00000,Phone,3,Completed
BK006256,2025-08-23,2025-08-24,22,B04,C00000,Website,3,Completed
BK006257,2025-08-14,2025-08-24,17,B04,C00692,Website,1,Completed
BK006258,2025-08-11,2025-08-24,21,B04,C00000,OpenTable,4,Completed
BK006259,2025-08-24,2025-08-24,21,B04,C00000,OpenTable,6,No-show
BK006260,2025-08-15,2025-08-24,21,B04,C00000,Website,3,Cancelled
BK006261,2025-08-24,2025-08-24,20,B04,C00000,Website,1,Completed
BK006262,2025-08-22,2025-08-25,20,B04,C00000,Website,4,Completed
BK006263,2025-08-19,2025-08-25,21,B04,C00000,Phone,7,Completed
BK006264,2025-08-23,2025-08-25,17,B04,C00000,OpenTable,3,Completed
BK006265,2025-08-28,2025-08-28,20,B04,C00000,Phone,2,Completed
BK006266,2025-08-16,2025-08-29,20,B04,C00000,Website,2,Completed
BK006267,2025-08-17,2025-08-29,18,B04,C00000,Website,2,Completed
BK006268,2025-08-27,2025-08-29,17,B04,C00000,Phone,4,Completed
BK006269,2025-08-28,2025-08-30,20,B04,C00000,Instagram,1,Completed
BK006270,2025-08-30,2025-08-30,18,B04,C00000,Phone,2,Completed
BK006271,2025-08-30,2025-08-30,15,B04,C00000,OpenTable,2,Completed
BK006272,2025-08-28,2025-08-31,22,B04,C00000,Phone,1,Completed
BK006273,2025-08-16,2025-08-31,18,B04,C04266,Website,2,Completed
BK006274,2025-08-23,2025-08-31,12,B04,C00000,Website,1,Completed
BK006275,2025-08-28,2025-08-31,15,B04,C00000,Phone,4,Completed
BK006276,2025-08-22,2025-09-01,19,B04,C02785,Phone,4,Completed
BK006277,2025-08-24,2025-09-01,14,B04,C00000,OpenTable,2,Completed
BK006278,2025-08-28,2025-09-04,19,B04,C00000,Website,1,Completed
BK006279,2025-09-03,2025-09-04,19,B04,C00000,Phone,4,Cancelled
BK006280,2025-08-16,2025-09-05,21,B04,C00000,Website,4,Completed
BK006281,2025-08-25,2025-09-05,19,B04,C00000,Phone,3,Completed
BK006282,2025-09-03,2025-09-06,19,B04,C00000,OpenTable,5,Completed
BK006283,2025-08-29,2025-09-06,20,B04,C00000,Website,2,Completed
BK006284,2025-09-06,2025-09-06,12,B04,C00000,Website,5,Completed
BK006285,2025-08-27,2025-09-07,20,B04,C01138,OpenTable,1,Completed
BK006286,2025-09-07,2025-09-08,18,B04,C00000,Website,1,Completed
BK006287,2025-09-08,2025-09-11,12,B04,C00000,Website,1,Completed
BK006288,2025-09-09,2025-09-12,19,B04,C00000,Website,3,Completed
BK006289,2025-09-07,2025-09-12,21,B04,C00000,OpenTable,1,Completed
BK006290,2025-09-12,2025-09-12,20,B04,C01138,Website,4,Completed
BK006291,2025-09-12,2025-09-12,21,B04,C00000,OpenTable,2,Completed
BK006292,2025-09-08,2025-09-12,21,B04,C00000,Website,4,Cancelled
BK006293,2025-09-10,2025-09-13,22,B04,C02785,Website,2,Completed
BK006294,2025-09-04,2025-09-13,21,B04,C02785,Website,1,Completed
BK006295,2025-09-02,2025-09-13,14,B04,C04242,OpenTable,2,Completed
BK006296,2025-09-13,2025-09-13,19,B04,C00000,OpenTable,2,Completed
BK006297,2025-09-12,2025-09-13,19,B04,C00000,Website,6,No-show
BK006298,2025-09-13,2025-09-14,19,B04,C04266,Phone,4,Completed
BK006299,2025-09-13,2025-09-15,20,B04,C03806,OpenTable,2,Completed
BK006300,2025-09-06,2025-09-15,20,B04,C00000,Phone,5,No-show
BK006301,2025-09-15,2025-09-18,12,B04,C00000,OpenTable,7,Completed
BK006302,2025-09-14,2025-09-18,12,B04,C00000,OpenTable,3,No-show
BK006303,2025-09-18,2025-09-18,22,B04,C00000,Website,6,Completed
BK006304,2025-09-02,2025-09-18,22,B04,C00000,Website,2,Cancelled
BK006305,2025-08-29,2025-09-18,12,B04,C00000,Instagram,3,Completed
BK006306,2025-09-07,2025-09-19,21,B04,C04136,Website,4,Completed
BK006307,2025-09-19,2025-09-19,20,B04,C00000,Website,4,Completed
BK006308,2025-09-20,2025-09-20,20,B04,C00000,Phone,5,Completed
BK006309,2025-09-21,2025-09-21,21,B04,C00000,OpenTable,5,Completed
BK006310,2025-09-06,2025-09-21,21,B04,C00000,Instagram,6,Completed
BK006311,2025-09-20,2025-09-21,15,B04,C02785,Phone,6,Completed
BK006312,2025-09-13,2025-09-22,20,B04,C04069,Website,4,Completed
BK006313,2025-09-15,2025-09-24,18,B04,C04633,Website,2,Completed
BK006314,2025-09-07,2025-09-25,21,B04,C00637,Website,2,Completed
BK006315,2025-09-15,2025-09-25,21,B04,C00000,Website,2,Cancelled
BK006316,2025-09-19,2025-09-25,17,B04,C00000,OpenTable,3,Completed
BK006317,2025-09-23,2025-09-26,15,B04,C00000,Website,2,Completed
BK006318,2025-09-23,2025-09-26,14,B04,C04516,Website,4,Completed
BK006319,2025-09-24,2025-09-26,18,B04,C00000,Phone,3,Completed
BK006320,2025-09-14,2025-09-27,12,B04,C00000,Phone,2,Completed
BK006321,2025-09-22,2025-09-27,19,B04,C00000,OpenTable,3,Completed
BK006322,2025-09-24,2025-09-27,18,B04,C00000,Website,2,Completed
BK006323,2025-09-10,2025-09-27,18,B04,C00000,Phone,2,Cancelled
BK006324,2025-09-26,2025-09-27,21,B04,C00000,Website,2,Completed
BK006325,2025-09-26,2025-09-28,20,B04,C02785,Website,2,Completed
BK006326,2025-09-24,2025-09-29,19,B04,C04516,OpenTable,3,Completed
BK006327,2025-09-27,2025-09-29,21,B04,C00000,Instagram,4,Completed
BK006328,2025-09-27,2025-09-29,21,B04,C00000,Phone,2,Cancelled
BK006329,2025-09-24,2025-10-01,12,B04,C00000,Phone,2,Completed
BK006330,2025-09-28,2025-10-01,19,B04,C00000,Phone,4,Completed
BK006331,2025-10-02,2025-10-02,14,B04,C04516,OpenTable,2,Completed
BK006332,2025-09-15,2025-10-02,13,B04,C04516,OpenTable,1,Completed
BK006333,2025-09-26,2025-10-02,21,B04,C00000,OpenTable,4,Completed
BK006334,2025-10-01,2025-10-02,19,B04,C00000,Phone,2,Completed
BK006335,2025-09-26,2025-10-02,19,B04,C00143,Website,4,Completed
BK006336,2025-09-21,2025-10-03,20,B04,C04539,Website,2,Completed
BK006337,2025-09-21,2025-10-03,20,B04,C00000,OpenTable,2,No-show
BK006338,2025-10-01,2025-10-03,20,B04,C00000,OpenTable,6,Cancelled
BK006339,2025-09-18,2025-10-03,17,B04,C00000,Phone,5,Completed
BK006340,2025-09-29,2025-10-03,20,B04,C04511,Website,2,Completed
BK006341,2025-09-25,2025-10-03,19,B04,C00000,OpenTable,3,Completed
BK006342,2025-09-28,2025-10-03,17,B04,C01087,Phone,4,Completed
BK006343,2025-09-30,2025-10-04,19,B04,C00000,Phone,3,Completed
BK006344,2025-10-04,2025-10-04,21,B04,C00601,Website,1,Completed
BK006345,2025-09-28,2025-10-04,19,B04,C00000,Website,4,Completed
BK006346,2025-09-26,2025-10-05,12,B04,C00000,OpenTable,4,Completed
BK006347,2025-09-29,2025-10-05,20,B04,C00000,Website,3,Completed
BK006348,2025-10-01,2025-10-05,20,B04,C00000,OpenTable,2,Cancelled
BK006349,2025-09-20,2025-10-05,22,B04,C01124,Phone,3,Completed
BK006350,2025-09-25,2025-10-05,22,B04,C00000,OpenTable,1,Cancelled
BK006351,2025-09-25,2025-10-05,21,B04,C00000,Phone,2,Completed
BK006352,2025-10-03,2025-10-06,17,B04,C02869,Website,4,Completed
BK006353,2025-09-17,2025-10-06,20,B04,C00000,Website,4,Completed
BK006354,2025-09-14,2025-10-09,19,B04,C00000,Website,1,Completed
BK006355,2025-10-08,2025-10-10,12,B04,C00000,Phone,2,Completed
BK006356,2025-10-07,2025-10-10,19,B04,C00000,Website,4,Completed
BK006357,2025-09-27,2025-10-10,12,B04,C00547,Website,2,Completed
BK006358,2025-10-03,2025-10-10,20,B04,C00000,OpenTable,2,Completed
BK006359,2025-10-10,2025-10-10,20,B04,C00000,Website,2,Completed
BK006360,2025-10-03,2025-10-11,19,B04,C00000,Phone,2,Completed
BK006361,2025-10-10,2025-10-11,19,B04,C00000,Website,2,Cancelled
BK006362,2025-10-08,2025-10-11,13,B04,C00000,Website,2,Completed
BK006363,2025-10-09,2025-10-11,13,B04,C00000,Website,2,Completed
BK006364,2025-10-04,2025-10-11,13,B04,C00000,Phone,3,Cancelled
BK006365,2025-10-05,2025-10-11,21,B04,C00000,OpenTable,3,Completed
BK006366,2025-10-03,2025-10-12,18,B04,C00000,OpenTable,2,Completed
BK006367,2025-09-29,2025-10-13,17,B04,C04911,Website,1,Completed
BK006368,2025-10-10,2025-10-15,12,B04,C00000,Instagram,2,Completed
BK006369,2025-10-09,2025-10-15,12,B04,C00000,Website,3,No-show
BK006370,2025-10-15,2025-10-15,12,B04,C00000,Phone,4,Cancelled
BK006371,2025-10-12,2025-10-15,14,B04,C00762,Website,4,Completed
BK006372,2025-10-15,2025-10-16,18,B04,C00000,Phone,8,Completed
BK006373,2025-10-09,2025-10-16,21,B04,C00000,Website,6,Completed
BK006374,2025-10-15,2025-10-16,20,B04,C00000,Website,3,Completed
BK006375,2025-10-06,2025-10-16,20,B04,C00000,Website,3,Cancelled
BK006376,2025-10-15,2025-10-17,17,B04,C01570,OpenTable,4,Completed
BK006377,2025-10-15,2025-10-17,20,B04,C00000,OpenTable,2,Completed
BK006378,2025-10-14,2025-10-17,21,B04,C04633,Instagram,2,Completed
BK006379,2025-10-14,2025-10-18,18,B04,C00000,Website,2,Completed
BK006380,2025-10-09,2025-10-18,18,B04,C00000,Website,4,Cancelled
BK006381,2025-10-16,2025-10-18,17,B04,C04266,Website,8,Completed
BK006382,2025-10-15,2025-10-18,22,B04,C00139,Phone,4,Completed
BK006383,2025-10-14,2025-10-18,19,B04,C01838,OpenTable,2,Completed
BK006384,2025-10-15,2025-10-19,19,B04,C01764,Website,1,Completed
BK006385,2025-09-25,2025-10-19,19,B04,C00000,Website,2,No-show
BK006386,2025-10-01,2025-10-20,13,B04,C00000,Phone,2,Completed
BK006387,2025-10-20,2025-10-20,12,B04,C00000,Website,2,Completed
BK006388,2025-10-20,2025-10-22,18,B04,C00000,OpenTable,2,Completed
BK006389,2025-10-18,2025-10-22,18,B04,C00000,OpenTable,2,No-show
BK006390,2025-10-18,2025-10-23,19,B04,C02662,OpenTable,4,Completed
BK006391,2025-10-16,2025-10-23,15,B04,C04405,Phone,4,Completed
BK006392,2025-10-23,2025-10-24,19,B04,C00000,Phone,2,Completed
BK006393,2025-10-18,2025-10-24,19,B04,C00000,Website,2,No-show
BK006394,2025-10-05,2025-10-25,16,B04,C00000,Phone,2,Completed
BK006395,2025-10-25,2025-10-25,18,B04,C00000,Website,5,Completed
BK006396,2025-10-16,2025-10-25,22,B04,C00000,Website,4,Completed
BK006397,2025-10-21,2025-10-25,19,B04,C03930,OpenTable,4,Completed
BK006398,2025-10-15,2025-10-27,20,B04,C00000,Website,4,Completed
BK006399,2025-10-27,2025-10-27,12,B04,C04089,Website,2,Completed
BK006400,2025-10-28,2025-10-29,21,B04,C00000,Website,4,Completed
BK006401,2025-10-20,2025-10-29,19,B04,C00000,Phone,2,Completed
BK006402,2025-10-29,2025-10-30,21,B04,C04584,Website,2,Completed
BK006403,2025-10-30,2025-10-31,18,B04,C00000,OpenTable,4,Completed
BK006404,2025-10-30,2025-10-31,19,B04,C00000,Website,2,Completed
BK006405,2025-10-25,2025-10-31,16,B04,C00000,Phone,4,Completed
BK006406,2025-10-22,2025-10-31,16,B04,C00000,OpenTable,2,Cancelled
BK006407,2025-10-24,2025-10-31,19,B04,C00000,Phone,2,Completed
BK006408,2025-10-22,2025-11-01,20,B04,C02785,Website,3,Completed
BK006409,2025-10-15,2025-11-01,20,B04,C00000,OpenTable,4,No-show
BK006410,2025-10-29,2025-11-01,22,B04,C00000,OpenTable,3,Completed
BK006411,2025-10-20,2025-11-05,15,B04,C00000,Website,4,Completed
BK006412,2025-10-22,2025-11-06,22,B04,C03075,Website,2,Completed
BK006413,2025-10-31,2025-11-06,20,B04,C00000,Website,2,Completed
BK006414,2025-10-22,2025-11-06,19,B04,C00000,Website,2,Completed
BK006415,2025-11-02,2025-11-06,15,B04,C00000,Website,2,Completed
BK006416,2025-10-30,2025-11-06,15,B04,C00000,Phone,4,No-show
BK006417,2025-10-29,2025-11-07,18,B04,C00000,Website,5,Completed
BK006418,2025-10-30,2025-11-07,13,B04,C00000,Website,2,Completed
BK006419,2025-10-23,2025-11-08,17,B04,C00000,OpenTable,5,Completed
BK006420,2025-11-03,2025-11-08,17,B04,C00000,Website,3,No-show
BK006421,2025-11-06,2025-11-08,20,B04,C02785,Website,2,Completed
BK006422,2025-10-29,2025-11-08,19,B04,C00173,OpenTable,1,Completed
BK006423,2025-11-07,2025-11-08,20,B04,C00000,Phone,5,Completed
BK006424,2025-10-30,2025-11-08,20,B04,C00000,Website,2,Completed
BK006425,2025-11-03,2025-11-08,12,B04,C00000,Phone,8,Completed
BK006426,2025-11-06,2025-11-09,18,B04,C00000,Phone,5,Completed
BK006427,2025-11-09,2025-11-09,18,B04,C00000,Phone,3,Completed
BK006428,2025-11-11,2025-11-12,13,B04,C00000,Website,2,Completed
BK006429,2025-11-02,2025-11-13,12,B04,C00000,Instagram,2,Completed
BK006430,2025-11-13,2025-11-13,17,B04,C00000,Instagram,4,Completed
BK006431,2025-11-07,2025-11-14,20,B04,C00000,OpenTable,4,Completed
BK006432,2025-11-08,2025-11-14,22,B04,C02823,Phone,2,Completed
BK006433,2025-11-09,2025-11-15,13,B04,C00000,Phone,2,Completed
BK006434,2025-11-13,2025-11-15,13,B04,C00000,OpenTable,4,Completed
BK006435,2025-11-14,2025-11-15,13,B04,C00000,Phone,1,Completed
BK006436,2025-11-13,2025-11-16,21,B04,C00000,OpenTable,2,Completed
BK006437,2025-11-14,2025-11-16,21,B04,C00000,OpenTable,2,No-show
BK006438,2025-11-03,2025-11-16,15,B04,C00000,Website,6,Completed
BK006439,2025-11-12,2025-11-16,19,B04,C00692,OpenTable,2,Completed
BK006440,2025-11-09,2025-11-16,20,B04,C00000,OpenTable,2,Completed
BK006441,2025-11-12,2025-11-17,20,B04,C00000,OpenTable,2,Completed
BK006442,2025-11-02,2025-11-17,20,B04,C00000,Website,2,Cancelled
BK006443,2025-11-17,2025-11-19,14,B04,C00000,OpenTable,2,Completed
BK006444,2025-11-19,2025-11-20,19,B04,C00000,Instagram,2,Completed
BK006445,2025-11-12,2025-11-20,20,B04,C00000,OpenTable,1,Completed
BK006446,2025-11-17,2025-11-21,20,B04,C00000,Website,3,Completed
BK006447,2025-11-17,2025-11-21,16,B04,C00000,OpenTable,3,Completed
BK006448,2025-11-19,2025-11-21,22,B04,C00000,OpenTable,3,Completed
BK006449,2025-11-06,2025-11-21,13,B04,C00000,Phone,2,Completed
BK006450,2025-11-10,2025-11-22,13,B04,C00000,OpenTable,1,Completed
BK006451,2025-11-18,2025-11-22,13,B04,C00000,Phone,2,No-show
BK006452,2025-11-09,2025-11-22,21,B04,C02785,Phone,2,Completed
BK006453,2025-11-20,2025-11-22,20,B04,C03494,OpenTable,2,Completed
BK006454,2025-11-15,2025-11-22,19,B04,C00042,Website,3,Completed
BK006455,2025-11-18,2025-11-22,20,B04,C00000,Website,4,Completed
BK006456,2025-11-17,2025-11-22,20,B04,C00000,Website,2,No-show
BK006457,2025-11-23,2025-11-23,19,B04,C00599,Website,5,Completed
BK006458,2025-11-18,2025-11-23,22,B04,C00000,Website,1,Completed
BK006459,2025-11-23,2025-11-23,19,B04,C00000,Phone,2,Completed
BK006460,2025-11-22,2025-11-23,20,B04,C00000,Phone,6,Completed
BK006461,2025-11-17,2025-11-23,20,B04,C00000,Phone,2,Cancelled
BK006462,2025-11-11,2025-11-23,18,B04,C00000,Website,2,Completed
BK006463,2025-11-19,2025-11-24,20,B04,C00000,OpenTable,2,Completed
BK006464,2025-11-19,2025-11-26,20,B04,C00638,OpenTable,2,Completed
BK006465,2025-11-18,2025-11-27,15,B04,C00000,OpenTable,2,Completed
BK006466,2025-11-25,2025-11-27,19,B04,C04911,Phone,4,Completed
BK006467,2025-11-20,2025-11-27,21,B04,C00000,Website,3,Completed
BK006468,2025-11-27,2025-11-28,20,B04,C02889,Website,2,Completed
BK006469,2025-11-27,2025-11-28,21,B04,C03379,Instagram,4,Completed
BK006470,2025-11-26,2025-11-28,20,B04,C00000,Phone,2,Completed
BK006471,2025-11-28,2025-11-28,18,B04,C03930,Website,3,Completed
BK006472,2025-11-28,2025-11-28,18,B04,C00000,Website,2,Cancelled
BK006473,2025-11-23,2025-11-28,22,B04,C00842,OpenTable,7,Completed
BK006474,2025-11-07,2025-11-29,22,B04,C03379,Website,1,Completed
BK006475,2025-11-27,2025-11-29,13,B04,C00000,Phone,4,Completed
BK006476,2025-11-21,2025-11-29,20,B04,C00000,OpenTable,7,Completed
BK006477,2025-11-22,2025-11-29,19,B04,C02516,Phone,2,Completed
BK006478,2025-11-28,2025-11-30,21,B04,C04584,OpenTable,3,Completed
BK006479,2025-11-21,2025-12-01,18,B04,C00000,OpenTable,2,Completed
BK006480,2025-11-21,2025-12-01,18,B04,C00000,Phone,1,Completed
BK006481,2025-11-08,2025-12-03,21,B04,C01012,OpenTable,2,Completed
BK006482,2025-11-17,2025-12-03,18,B04,C00000,OpenTable,2,Completed
BK006483,2025-12-02,2025-12-03,22,B04,C00000,Website,4,Completed
BK006484,2025-11-23,2025-12-03,21,B04,C00000,Phone,4,Completed
BK006485,2025-11-30,2025-12-03,21,B04,C04633,Website,3,Completed
BK006486,2025-11-30,2025-12-04,20,B04,C00000,Phone,2,Completed
BK006487,2025-12-03,2025-12-04,20,B04,C00000,Phone,3,Completed
BK006488,2025-12-02,2025-12-04,19,B04,C00000,OpenTable,2,Completed
BK006489,2025-11-27,2025-12-04,21,B04,C00000,OpenTable,2,Completed
BK006490,2025-11-26,2025-12-05,19,B04,C00000,Phone,4,Completed
BK006491,2025-12-01,2025-12-05,19,B04,C00000,Website,4,Completed
BK006492,2025-12-01,2025-12-05,18,B04,C04707,Website,6,Completed
BK006493,2025-11-28,2025-12-06,20,B04,C00000,Phone,2,Completed
BK006494,2025-11-25,2025-12-06,20,B04,C00000,Website,1,Cancelled
BK006495,2025-12-07,2025-12-07,17,B04,C03423,OpenTable,4,Completed
BK006496,2025-12-06,2025-12-07,20,B04,C00000,Phone,2,Completed
BK006497,2025-12-03,2025-12-08,19,B04,C00000,Phone,2,Completed
BK006498,2025-12-06,2025-12-08,22,B04,C00000,OpenTable,4,Completed
BK006499,2025-12-05,2025-12-10,17,B04,C00000,Instagram,3,Completed
BK006500,2025-12-04,2025-12-10,18,B04,C00000,OpenTable,1,Completed
BK006501,2025-11-30,2025-12-10,19,B04,C00000,Website,5,Completed
BK006502,2025-12-11,2025-12-11,19,B04,C00000,Phone,3,Completed
BK006503,2025-12-06,2025-12-11,18,B04,C00000,Website,2,Completed
BK006504,2025-12-11,2025-12-11,13,B04,C00000,Instagram,8,Completed
BK006505,2025-12-11,2025-12-12,17,B04,C03806,Website,4,Completed
BK006506,2025-12-09,2025-12-12,19,B04,C00601,OpenTable,2,Completed
BK006507,2025-12-11,2025-12-12,13,B04,C00000,OpenTable,1,Completed
BK006508,2025-12-10,2025-12-12,12,B04,C00000,Website,4,Completed
BK006509,2025-11-23,2025-12-12,12,B04,C00000,OpenTable,2,Cancelled
BK006510,2025-11-29,2025-12-12,19,B04,C00000,Website,4,Completed
BK006511,2025-12-12,2025-12-12,21,B04,C00000,Website,2,Completed
BK006512,2025-12-11,2025-12-12,18,B04,C00000,Website,6,Completed
BK006513,2025-12-04,2025-12-12,17,B04,C00000,Website,1,Completed
BK006514,2025-12-08,2025-12-12,17,B04,C00000,Phone,2,No-show
BK006515,2025-12-03,2025-12-12,19,B04,C00000,Website,2,Completed
BK006516,2025-12-11,2025-12-12,21,B04,C00000,Instagram,1,Completed
BK006517,2025-12-11,2025-12-12,17,B04,C00000,OpenTable,2,Completed
BK006518,2025-12-03,2025-12-13,18,B04,C00000,Phone,4,Completed
BK006519,2025-12-10,2025-12-13,18,B04,C00000,OpenTable,2,Cancelled
BK006520,2025-11-23,2025-12-13,18,B04,C03686,Website,2,Completed
BK006521,2025-12-13,2025-12-13,12,B04,C03379,Website,3,Completed
BK006522,2025-12-10,2025-12-13,20,B04,C03930,Website,3,Completed
BK006523,2025-12-13,2025-12-13,20,B04,C00000,Website,8,Completed
BK006524,2025-12-09,2025-12-13,12,B04,C00000,Website,2,Completed
BK006525,2025-12-12,2025-12-14,22,B04,C00000,Website,2,Completed
BK006526,2025-12-09,2025-12-14,13,B04,C01012,Website,5,Completed
BK006527,2025-12-12,2025-12-14,13,B04,C00000,OpenTable,2,Cancelled
BK006528,2025-12-11,2025-12-14,17,B04,C00000,Phone,1,Completed
BK006529,2025-12-14,2025-12-14,12,B04,C00000,Phone,2,Completed
BK006530,2025-12-07,2025-12-14,20,B04,C00000,Phone,2,Completed
BK006531,2025-12-08,2025-12-14,20,B04,C00000,OpenTable,2,Completed
BK006532,2025-12-01,2025-12-14,13,B04,C00000,Website,2,Completed
BK006533,2025-12-10,2025-12-14,17,B04,C00000,OpenTable,2,Completed
BK006534,2025-11-29,2025-12-14,19,B04,C00000,Website,6,Completed
BK006535,2025-12-15,2025-12-15,18,B04,C00000,Instagram,1,Completed
BK006536,2025-12-06,2025-12-15,18,B04,C00000,OpenTable,2,Completed
BK006537,2025-12-17,2025-12-17,18,B04,C02785,Website,1,Completed
BK006538,2025-12-10,2025-12-17,19,B04,C02906,Website,5,Completed
BK006539,2025-12-14,2025-12-18,20,B04,C00000,OpenTable,4,Completed
BK006540,2025-12-10,2025-12-18,20,B04,C00000,Website,4,Cancelled
BK006541,2025-12-18,2025-12-18,18,B04,C00000,Website,4,Completed
BK006542,2025-12-16,2025-12-19,12,B04,C00000,OpenTable,2,Completed
BK006543,2025-12-18,2025-12-19,12,B04,C02785,Website,1,Completed
BK006544,2025-12-19,2025-12-19,15,B04,C00000,OpenTable,1,Completed
BK006545,2025-12-15,2025-12-19,15,B04,C00000,Website,3,Cancelled
BK006546,2025-12-16,2025-12-19,21,B04,C00000,Website,3,Completed
BK006547,2025-12-03,2025-12-19,21,B04,C00000,Website,3,Cancelled
BK006548,2025-12-17,2025-12-19,12,B04,C00000,Website,2,Completed
BK006549,2025-12-16,2025-12-19,13,B04,C00000,Phone,2,Completed
BK006550,2025-12-09,2025-12-19,19,B04,C00000,OpenTable,3,Completed
BK006551,2025-12-17,2025-12-20,19,B04,C03930,OpenTable,2,Completed
BK006552,2025-12-03,2025-12-20,20,B04,C01138,Phone,4,Completed
BK006553,2025-12-17,2025-12-21,19,B04,C01087,OpenTable,6,Completed
BK006554,2025-12-05,2025-12-21,19,B04,C00000,Website,2,Completed
BK006555,2025-12-16,2025-12-22,18,B04,C00000,Website,3,Completed
BK006556,2025-11-27,2025-12-24,18,B04,C01742,Website,2,Completed
BK006557,2025-12-21,2025-12-24,21,B04,C01742,OpenTable,4,Completed
BK006558,2025-12-25,2025-12-27,20,B04,C00000,Website,2,Completed
BK006559,2025-12-24,2025-12-27,18,B04,C03494,Website,2,Completed
BK006560,2025-12-21,2025-12-27,21,B04,C00000,Website,2,Completed
BK006561,2025-12-18,2025-12-27,18,B04,C00000,Phone,8,Completed
BK006562,2025-12-18,2025-12-28,19,B04,C00000,Phone,8,Completed
BK006563,2025-12-19,2025-12-29,20,B04,C01742,Website,2,Completed
BK006564,2025-12-25,2025-12-29,19,B04,C00000,Website,1,Completed
BK006565,2025-12-30,2025-12-31,20,B04,C04516,Website,2,Completed
BK006566,2025-12-30,2025-12-31,19,B04,C01742,Website,2,Completed
BK006567,2025-12-23,2026-01-01,16,B04,C00000,Website,7,Completed
BK006568,2025-12-31,2026-01-02,14,B04,C00000,Website,2,Completed
BK006569,2025-12-19,2026-01-02,18,B04,C04390,Website,1,Completed
BK006570,2025-12-04,2026-01-02,12,B04,C02531,Website,1,Completed
BK006571,2025-12-22,2026-01-02,22,B04,C02869,Phone,2,Completed
BK006572,2026-01-01,2026-01-02,22,B04,C00000,OpenTable,4,Completed
BK006573,2025-12-22,2026-01-03,12,B04,C00000,Phone,2,Completed
BK006574,2025-12-27,2026-01-04,18,B04,C00000,Website,3,Completed
BK006575,2025-12-27,2026-01-04,12,B04,C00000,OpenTable,2,Completed
BK006576,2026-01-04,2026-01-09,12,B04,C00000,OpenTable,2,Completed
BK006577,2026-01-01,2026-01-09,20,B04,C00000,Website,6,Completed
BK006578,2025-12-31,2026-01-09,19,B04,C00000,Website,2,Completed
BK006579,2026-01-09,2026-01-09,19,B04,C00000,Website,2,No-show
BK006580,2026-01-01,2026-01-10,19,B04,C03379,Phone,3,Completed
BK006581,2026-01-08,2026-01-10,19,B04,C00000,Phone,2,Cancelled
BK006582,2026-01-08,2026-01-10,19,B04,C00000,Phone,2,Completed
BK006583,2026-01-10,2026-01-10,18,B04,C00000,Website,2,Completed
BK006584,2026-01-08,2026-01-10,18,B04,C00000,OpenTable,3,No-show
BK006585,2026-01-08,2026-01-10,19,B04,C00000,Website,2,Completed
BK006586,2026-01-10,2026-01-10,21,B04,C00000,Website,4,Completed
BK006587,2026-01-10,2026-01-10,20,B04,C00000,OpenTable,2,Completed
BK006588,2026-01-08,2026-01-10,20,B04,C00000,Website,2,Completed
BK006589,2025-12-27,2026-01-11,20,B04,C00000,Phone,1,Completed
BK006590,2026-01-06,2026-01-14,20,B04,C00000,Website,3,Completed
BK006591,2026-01-14,2026-01-15,17,B04,C00000,Website,4,Completed
BK006592,2026-01-10,2026-01-15,17,B04,C00000,OpenTable,1,No-show
BK006593,2025-12-27,2026-01-15,22,B04,C00000,Website,2,Completed
BK006594,2026-01-07,2026-01-16,17,B04,C00000,Phone,2,Completed
BK006595,2026-01-07,2026-01-16,16,B04,C00000,Website,2,Completed
BK006596,2026-01-14,2026-01-17,20,B04,C00000,Website,2,Completed
BK006597,2026-01-09,2026-01-17,20,B04,C01138,Phone,4,Completed
BK006598,2026-01-14,2026-01-17,21,B04,C00000,Website,1,Completed
BK006599,2026-01-15,2026-01-17,14,B04,C00000,Phone,8,Completed
BK006600,2026-01-15,2026-01-17,18,B04,C00000,Phone,4,Completed
BK006601,2026-01-11,2026-01-17,17,B04,C01742,Website,1,Completed
BK006602,2026-01-17,2026-01-17,17,B04,C00000,OpenTable,8,No-show
BK006603,2026-01-18,2026-01-18,13,B04,C01742,OpenTable,1,Completed
BK006604,2026-01-16,2026-01-18,13,B04,C00000,OpenTable,4,No-show
BK006605,2026-01-14,2026-01-18,12,B04,C00042,Website,4,Completed
BK006606,2026-01-14,2026-01-18,19,B04,C02785,Website,4,Completed
BK006607,2026-01-17,2026-01-18,19,B04,C00000,OpenTable,2,No-show
BK006608,2025-12-19,2026-01-18,18,B04,C00000,Website,4,Completed
BK006609,2026-01-18,2026-01-19,21,B04,C00000,OpenTable,2,Completed
BK006610,2026-01-20,2026-01-21,12,B04,C00143,Website,3,Completed
BK006611,2026-01-23,2026-01-23,18,B04,C00000,Website,6,Completed
BK006612,2026-01-20,2026-01-23,19,B04,C00000,OpenTable,4,Completed
BK006613,2026-01-23,2026-01-24,21,B04,C00000,Website,3,Completed
BK006614,2026-01-24,2026-01-24,18,B04,C00000,Website,6,Completed
BK006615,2026-01-20,2026-01-25,19,B04,C00000,Phone,1,Completed
BK006616,2026-01-25,2026-01-25,19,B04,C00000,OpenTable,2,Completed
BK006617,2026-01-25,2026-01-25,21,B04,C03379,Phone,4,Completed
BK006618,2026-01-20,2026-01-26,19,B04,C00000,Website,6,Completed
BK006619,2026-01-25,2026-01-26,19,B04,C00000,OpenTable,2,Cancelled
BK006620,2026-01-23,2026-01-26,19,B04,C00000,OpenTable,2,Completed
BK006621,2026-01-23,2026-01-26,21,B04,C02940,Website,3,Completed
BK006622,2026-01-12,2026-01-28,22,B04,C01764,OpenTable,4,Completed
BK006623,2026-01-12,2026-01-28,17,B04,C00000,Website,6,Completed
BK006624,2026-01-28,2026-01-29,17,B04,C01665,Phone,2,Completed
BK006625,2026-01-27,2026-01-30,20,B04,C04405,Website,2,Completed
BK006626,2026-01-18,2026-01-30,21,B04,C00000,Phone,6,Completed
BK006627,2026-01-27,2026-01-30,21,B04,C00000,OpenTable,4,No-show
BK006628,2026-01-28,2026-01-30,21,B04,C02790,Website,4,Completed
BK006629,2026-01-29,2026-01-30,21,B04,C00000,Website,2,Completed
BK006630,2026-01-19,2026-01-30,18,B04,C00000,Phone,4,Completed
BK006631,2026-01-27,2026-01-30,18,B04,C00000,Phone,2,Cancelled
BK006632,2026-01-28,2026-01-30,15,B04,C00000,OpenTable,2,Completed
BK006633,2026-01-21,2026-01-30,19,B04,C03379,OpenTable,3,Completed
BK006634,2026-01-26,2026-01-30,13,B04,C02785,Website,2,Completed
BK006635,2026-01-30,2026-01-30,13,B04,C00000,Website,1,Cancelled
BK006636,2026-01-30,2026-01-30,19,B04,C00000,Website,2,Completed
BK006637,2026-01-27,2026-01-30,20,B04,C00000,Phone,3,Completed
BK006638,2026-01-26,2026-01-30,20,B04,C00000,Phone,2,Completed
BK006639,2026-01-17,2026-01-30,18,B04,C00000,Phone,4,Completed
BK006640,2026-01-28,2026-01-31,19,B04,C00000,Website,4,Completed
BK006641,2026-01-31,2026-01-31,12,B04,C00000,Phone,3,Completed
BK006642,2026-01-28,2026-01-31,22,B04,C00000,Website,4,Completed
BK006643,2026-01-24,2026-02-01,14,B04,C03449,Instagram,3,Completed
BK006644,2026-01-27,2026-02-01,22,B04,C00000,OpenTable,2,Completed
BK006645,2026-01-30,2026-02-02,20,B04,C00000,OpenTable,2,Completed
BK006646,2026-01-27,2026-02-02,13,B04,C01510,Phone,3,Completed
BK006647,2026-02-03,2026-02-05,14,B04,C04250,Phone,4,Completed
BK006648,2026-02-02,2026-02-05,22,B04,C00000,Website,2,Completed
BK006649,2026-01-27,2026-02-05,20,B04,C00000,Website,5,Completed
BK006650,2026-02-05,2026-02-05,20,B04,C00000,Phone,3,Completed
BK006651,2026-02-03,2026-02-06,19,B04,C01742,OpenTable,1,Completed
BK006652,2026-01-17,2026-02-06,20,B04,C01714,Website,4,Completed
BK006653,2026-01-24,2026-02-07,13,B04,C01742,Website,4,Completed
BK006654,2026-02-01,2026-02-07,13,B04,C00000,OpenTable,2,No-show
BK006655,2026-02-04,2026-02-07,20,B04,C04584,Website,2,Completed
BK006656,2026-02-07,2026-02-07,21,B04,C00000,OpenTable,4,Completed
BK006657,2026-01-20,2026-02-07,18,B04,C00000,Phone,6,Completed
BK006658,2026-01-29,2026-02-08,18,B04,C00000,OpenTable,2,Completed
BK006659,2026-02-11,2026-02-11,19,B04,C00000,Website,6,Completed
BK006660,2026-02-02,2026-02-11,13,B04,C00000,Phone,2,Completed
BK006661,2026-02-11,2026-02-12,22,B04,C00000,Website,1,Completed
BK006662,2026-02-09,2026-02-12,19,B04,C00000,Phone,3,Completed
BK006663,2026-02-06,2026-02-12,21,B04,C00000,Website,5,Completed
BK006664,2026-02-13,2026-02-13,21,B04,C00000,Phone,4,Completed
BK006665,2026-02-13,2026-02-13,22,B04,C02785,Phone,2,Completed
BK006666,2026-02-13,2026-02-13,18,B04,C01742,OpenTable,2,Completed
BK006667,2026-02-13,2026-02-13,20,B04,C01181,OpenTable,3,Completed
BK006668,2026-02-03,2026-02-14,19,B04,C00000,Website,3,Completed
BK006669,2026-02-11,2026-02-14,13,B04,C03379,Website,4,Completed
BK006670,2026-02-12,2026-02-15,19,B04,C04539,OpenTable,2,Completed
BK006671,2026-02-12,2026-02-18,20,B04,C00000,Website,2,Completed
BK006672,2026-02-11,2026-02-18,20,B04,C00000,OpenTable,1,Cancelled
BK006673,2026-02-12,2026-02-19,13,B04,C00000,OpenTable,3,Completed
BK006674,2026-02-18,2026-02-20,19,B04,C00000,Website,7,Completed
BK006675,2026-02-16,2026-02-20,19,B04,C00000,Website,4,Completed
BK006676,2026-02-19,2026-02-21,19,B04,C00000,Website,1,Completed
BK006677,2026-02-14,2026-02-21,22,B04,C02785,Website,4,Completed
BK006678,2026-02-12,2026-02-21,14,B04,C00000,Website,2,Completed
BK006679,2026-02-19,2026-02-21,14,B04,C00000,Phone,6,No-show
BK006680,2026-02-20,2026-02-22,14,B04,C04516,Website,2,Completed
BK006681,2026-02-19,2026-02-22,13,B04,C00525,OpenTable,7,Completed
BK006682,2026-02-13,2026-02-23,17,B04,C03051,Website,4,Completed
BK006683,2026-02-15,2026-02-23,21,B04,C04826,Phone,3,Completed
BK006684,2026-02-18,2026-02-23,21,B04,C00000,OpenTable,3,No-show
BK006685,2026-02-13,2026-02-25,20,B04,C01742,Website,1,Completed
BK006686,2026-02-25,2026-02-25,17,B04,C00000,Phone,6,Completed
BK006687,2026-02-19,2026-02-26,14,B04,C00000,OpenTable,8,Completed
BK006688,2026-02-14,2026-02-27,18,B04,C01472,OpenTable,3,Completed
BK006689,2026-02-22,2026-02-27,18,B04,C00000,Phone,2,Cancelled
BK006690,2026-02-28,2026-02-28,20,B04,C00000,Phone,2,Completed
BK006691,2026-02-22,2026-02-28,22,B04,C00000,OpenTable,6,Completed
BK006692,2026-02-27,2026-02-28,15,B04,C00000,Website,2,Completed
BK006693,2026-02-20,2026-02-28,15,B04,C00000,OpenTable,2,Cancelled
BK006694,2026-02-27,2026-02-28,20,B04,C00000,Website,1,Completed
BK006695,2026-02-22,2026-02-28,20,B04,C00000,Phone,1,Completed
BK006696,2026-02-22,2026-03-01,14,B04,C00000,Phone,4,Completed
BK006697,2026-02-24,2026-03-06,22,B04,C00000,OpenTable,2,Completed
BK006698,2026-03-04,2026-03-06,18,B04,C02790,Phone,1,Completed
BK006699,2026-02-22,2026-03-06,18,B04,C00000,Website,4,No-show
BK006700,2026-02-28,2026-03-06,19,B04,C00000,Website,4,Completed
BK006701,2026-03-05,2026-03-06,20,B04,C02785,OpenTable,2,Completed
BK006702,2026-03-03,2026-03-07,13,B04,C00000,Website,2,Completed
BK006703,2026-03-03,2026-03-07,18,B04,C00000,Website,4,Completed
BK006704,2026-03-07,2026-03-07,18,B04,C00000,Website,2,No-show
BK006705,2026-03-03,2026-03-07,22,B04,C00250,Phone,4,Completed
BK006706,2026-02-22,2026-03-07,22,B04,C00000,OpenTable,4,No-show
BK006707,2026-03-05,2026-03-07,20,B04,C00000,Website,3,Completed
BK006708,2026-03-04,2026-03-08,22,B04,C00000,OpenTable,6,Completed
BK006709,2026-03-09,2026-03-09,13,B04,C02785,Website,2,Completed
BK006710,2026-03-08,2026-03-09,16,B04,C00000,Website,3,Completed
BK006711,2026-02-19,2026-03-11,19,B04,C00000,Phone,8,Completed
BK006712,2026-03-08,2026-03-11,12,B04,C00000,Phone,1,Completed
BK006713,2026-03-11,2026-03-11,12,B04,C00000,Website,2,Cancelled
BK006714,2026-03-03,2026-03-11,16,B04,C00000,OpenTable,4,Completed
BK006715,2026-03-12,2026-03-12,21,B04,C00000,OpenTable,1,Completed
BK006716,2026-03-12,2026-03-12,14,B04,C00000,Website,6,Completed
BK006717,2026-03-12,2026-03-13,14,B04,C00000,Phone,1,Completed
BK006718,2026-03-01,2026-03-13,17,B04,C00000,Website,2,Completed
BK006719,2026-03-12,2026-03-13,16,B04,C00000,Website,7,Completed
BK006720,2026-03-06,2026-03-14,18,B04,C02785,OpenTable,4,Completed
BK006721,2026-03-13,2026-03-14,22,B04,C00000,OpenTable,2,Completed
BK006722,2026-02-28,2026-03-15,21,B04,C00000,OpenTable,4,Completed
BK006723,2026-03-15,2026-03-16,21,B04,C02432,OpenTable,8,Completed
BK006724,2026-03-05,2026-03-19,16,B04,C00000,OpenTable,1,Completed
BK006725,2026-03-19,2026-03-20,22,B04,C00000,Phone,2,Completed
BK006726,2026-03-18,2026-03-20,12,B04,C00795,Website,1,Completed
BK006727,2026-03-02,2026-03-20,12,B04,C00000,Website,4,Cancelled
BK006728,2026-03-03,2026-03-21,22,B04,C02432,Website,2,Completed
BK006729,2026-03-10,2026-03-22,19,B04,C00000,Website,2,Completed
BK006730,2026-03-22,2026-03-22,19,B04,C00000,Website,1,Completed
BK006731,2026-03-19,2026-03-23,19,B04,C00000,OpenTable,3,Completed
BK006732,2026-03-13,2026-03-23,18,B04,C00000,Website,6,Completed
BK006733,2026-03-25,2026-03-25,22,B04,C00000,Website,4,Completed
BK006734,2026-03-25,2026-03-25,22,B04,C00000,Website,1,Completed
BK006735,2026-03-15,2026-03-25,19,B04,C03014,Phone,2,Completed
BK006736,2026-03-21,2026-03-25,19,B04,C00000,Website,3,No-show
BK006737,2026-03-20,2026-03-27,17,B04,C01103,Website,2,Completed
BK006738,2026-02-22,2026-03-27,17,B04,C00000,Phone,2,No-show
BK006739,2026-03-26,2026-03-29,14,B04,C01071,Website,2,Completed
BK006740,2026-03-14,2026-03-29,21,B04,C00000,Instagram,3,Completed
BK006741,2026-03-30,2026-03-30,22,B04,C00000,Phone,2,Completed
BK006742,2026-03-21,2026-03-30,21,B04,C02785,Website,1,Completed
BK006743,2026-03-30,2026-04-01,22,B04,C00000,Website,2,Completed
BK006744,2026-03-23,2026-04-01,21,B04,C03275,Website,4,Completed
BK006745,2026-03-26,2026-04-01,20,B04,C00000,Instagram,4,Completed
BK006746,2026-04-01,2026-04-01,20,B04,C00000,Website,2,No-show
BK006747,2026-03-13,2026-04-02,22,B04,C00000,Phone,5,Completed
BK006748,2026-03-26,2026-04-02,19,B04,C00000,Phone,4,Completed
BK006749,2026-04-01,2026-04-02,19,B04,C04584,Instagram,2,Completed
BK006750,2026-03-30,2026-04-02,19,B04,C00000,Website,5,Cancelled
BK006751,2026-04-02,2026-04-02,18,B04,C00000,Phone,1,Completed
BK006752,2026-04-04,2026-04-04,21,B04,C00000,Website,1,Completed
BK006753,2026-04-04,2026-04-04,21,B04,C03652,Website,2,Completed
BK006754,2026-04-04,2026-04-04,21,B04,C00000,Instagram,4,Cancelled
BK006755,2026-03-26,2026-04-04,13,B04,C00000,OpenTable,4,Completed
BK006756,2026-03-25,2026-04-05,18,B04,C00000,OpenTable,2,Completed
BK006757,2026-04-05,2026-04-05,14,B04,C00000,OpenTable,1,Completed
BK006758,2026-03-31,2026-04-05,15,B04,C03267,Website,2,Completed
BK006759,2026-03-28,2026-04-05,18,B04,C00000,Website,2,Completed
BK006760,2026-03-27,2026-04-06,18,B04,C00000,OpenTable,2,Completed
BK006761,2026-04-06,2026-04-06,20,B04,C00000,Phone,3,Completed
BK006762,2026-04-02,2026-04-09,19,B04,C00000,OpenTable,5,Completed
BK006763,2026-04-10,2026-04-10,21,B04,C00000,OpenTable,1,Completed
BK006764,2026-04-03,2026-04-11,12,B04,C02761,OpenTable,1,Completed
BK006765,2026-04-11,2026-04-11,18,B04,C00000,Phone,2,Completed
BK006766,2026-04-04,2026-04-12,19,B04,C04826,Website,5,Completed
BK006767,2026-04-07,2026-04-12,13,B04,C00000,OpenTable,2,Completed
BK006768,2026-04-06,2026-04-12,21,B04,C00000,OpenTable,2,Completed
BK006769,2026-04-06,2026-04-13,22,B04,C00000,OpenTable,2,Completed
BK006770,2026-04-02,2026-04-13,18,B04,C00000,Website,2,Completed
BK006771,2026-04-10,2026-04-13,18,B04,C00000,Website,4,No-show
BK006772,2026-04-09,2026-04-16,18,B04,C00000,Phone,3,Completed
BK006773,2026-04-01,2026-04-17,21,B04,C00000,Website,4,Completed
BK006774,2026-04-12,2026-04-17,20,B04,C00000,Website,2,Completed
BK006775,2026-04-13,2026-04-17,14,B04,C02357,Phone,2,Completed
BK006776,2026-04-15,2026-04-17,13,B04,C00000,Website,3,Completed
BK006777,2026-04-18,2026-04-18,20,B04,C00000,Website,3,Completed
BK006778,2026-03-22,2026-04-18,13,B04,C00000,Phone,2,Completed
BK006779,2026-04-11,2026-04-18,14,B04,C00000,OpenTable,2,Completed
BK006780,2026-04-17,2026-04-18,14,B04,C00000,OpenTable,2,No-show
BK006781,2026-04-03,2026-04-18,19,B04,C02224,Phone,5,Completed
BK006782,2026-04-12,2026-04-19,18,B04,C00000,Phone,2,Completed
BK006783,2026-04-11,2026-04-19,14,B04,C00000,OpenTable,2,Completed
BK006784,2026-04-14,2026-04-19,14,B04,C00000,Website,1,Cancelled
BK006785,2026-04-17,2026-04-20,17,B04,C00000,Website,2,Completed
BK006786,2026-04-18,2026-04-20,17,B04,C00000,OpenTable,2,Cancelled
BK006787,2026-04-20,2026-04-20,18,B04,C00676,OpenTable,3,Completed
BK006788,2026-04-23,2026-04-23,22,B04,C00000,Website,4,Completed
BK006789,2026-04-18,2026-04-23,20,B04,C03763,Phone,1,Completed
BK006790,2026-04-21,2026-04-24,13,B04,C02785,Website,2,Completed
BK006791,2026-04-17,2026-04-24,13,B04,C00000,Phone,4,Completed
BK006792,2026-04-18,2026-04-24,13,B04,C00000,Website,1,Completed
BK006793,2026-04-20,2026-04-24,22,B04,C01742,OpenTable,3,Completed
BK006794,2026-04-20,2026-04-24,22,B04,C03379,Website,4,Completed
BK006795,2026-04-21,2026-04-25,20,B04,C04240,Phone,3,Completed
BK006796,2026-04-25,2026-04-25,20,B04,C00000,Phone,6,Completed
BK006797,2026-04-23,2026-04-25,20,B04,C03343,OpenTable,4,Completed
BK006798,2026-04-12,2026-04-25,20,B04,C00000,Instagram,5,Cancelled
BK006799,2026-04-15,2026-04-25,21,B04,C00000,OpenTable,3,Completed
BK006800,2026-04-20,2026-04-27,20,B04,C00000,Phone,2,Completed
BK006801,2026-04-15,2026-04-29,18,B04,C00000,Website,2,Completed
BK006802,2026-04-12,2026-04-29,18,B04,C00000,Website,2,Cancelled
BK006803,2026-04-17,2026-04-29,19,B04,C00000,Website,2,Completed
BK006804,2026-04-28,2026-04-30,17,B04,C01742,OpenTable,4,Completed
BK006805,2026-04-23,2026-05-01,19,B04,C00000,Website,6,Completed
BK006806,2026-04-30,2026-05-01,22,B04,C00973,Website,4,Completed
BK006807,2026-05-02,2026-05-02,18,B04,C00000,Phone,4,Completed
BK006808,2026-04-28,2026-05-02,21,B04,C00000,OpenTable,4,Completed
BK006809,2026-05-01,2026-05-03,19,B04,C00000,OpenTable,4,Completed
BK006810,2026-04-20,2026-05-04,20,B04,C02790,OpenTable,2,Completed
BK006811,2026-04-21,2026-05-04,20,B04,C00000,Website,3,Completed
BK006812,2026-05-02,2026-05-04,20,B04,C00000,Website,2,Cancelled
BK006813,2026-05-07,2026-05-07,13,B04,C03744,Phone,2,Completed
BK006814,2026-05-08,2026-05-08,18,B04,C00000,OpenTable,8,Completed
BK006815,2026-05-08,2026-05-08,18,B04,C02785,Website,4,Completed
BK006816,2026-05-08,2026-05-08,19,B04,C00000,Website,2,Completed
BK006817,2026-05-07,2026-05-08,15,B04,C00000,OpenTable,2,Completed
BK006818,2026-05-09,2026-05-09,12,B04,C00000,Website,4,Completed
BK006819,2026-05-04,2026-05-09,12,B04,C00000,Website,3,Cancelled
BK006820,2026-05-03,2026-05-09,22,B04,C00000,Phone,3,Completed
BK006821,2026-05-07,2026-05-09,22,B04,C00000,Phone,3,No-show
BK006822,2026-05-08,2026-05-09,22,B04,C00000,Phone,2,Cancelled
BK006823,2026-05-06,2026-05-10,20,B04,C00000,OpenTable,2,Completed
BK006824,2026-05-08,2026-05-10,20,B04,C01071,Phone,2,Completed
BK006825,2026-05-06,2026-05-11,13,B04,C00000,Website,3,Completed
BK006826,2026-04-30,2026-05-11,13,B04,C00000,Website,2,Completed
BK006827,2026-05-07,2026-05-13,22,B04,C04826,Website,2,Completed
BK006828,2026-05-13,2026-05-13,17,B04,C00000,Website,4,Completed
BK006829,2026-05-11,2026-05-16,19,B04,C01737,Phone,8,Completed
BK006830,2026-05-12,2026-05-16,16,B04,C02790,OpenTable,2,Completed
BK006831,2026-05-12,2026-05-16,18,B04,C00000,OpenTable,4,Completed
BK006832,2026-05-09,2026-05-16,18,B04,C03221,Website,2,Completed
BK006833,2026-05-12,2026-05-16,18,B04,C00000,Phone,6,No-show
BK006834,2026-04-27,2026-05-16,17,B04,C01071,OpenTable,4,Completed
BK006835,2026-05-03,2026-05-16,17,B04,C00000,OpenTable,2,Cancelled
BK006836,2026-05-12,2026-05-17,12,B04,C04158,OpenTable,1,Completed
BK006837,2026-04-18,2026-05-17,20,B04,C00000,Website,4,Completed
BK006838,2026-05-17,2026-05-17,22,B04,C03725,Instagram,4,Completed
BK006839,2026-05-17,2026-05-17,19,B04,C01742,Website,2,Completed
BK006840,2026-05-17,2026-05-17,17,B04,C00000,OpenTable,2,Completed
BK006841,2026-05-09,2026-05-17,19,B04,C00000,Website,6,Completed
BK006842,2026-05-12,2026-05-17,20,B04,C00000,Website,4,Completed
BK006843,2026-05-12,2026-05-17,20,B04,C00000,Website,1,Cancelled
BK006844,2026-05-15,2026-05-18,22,B04,C00000,Phone,8,Completed
BK006845,2026-05-16,2026-05-18,19,B04,C00000,Website,2,Completed
BK006846,2026-05-11,2026-05-20,20,B04,C00000,Website,5,Completed
BK006847,2026-05-17,2026-05-20,20,B04,C00000,Website,4,No-show
BK006848,2026-05-17,2026-05-20,13,B04,C00000,Website,3,Completed
BK006849,2026-05-17,2026-05-20,13,B04,C00000,Website,5,Completed
BK006850,2026-05-10,2026-05-21,14,B04,C02790,OpenTable,4,Completed
BK006851,2026-05-21,2026-05-21,14,B04,C00000,Website,4,Cancelled
BK006852,2026-05-15,2026-05-22,22,B04,C03379,Website,5,Completed
BK006853,2026-05-11,2026-05-22,21,B04,C00000,OpenTable,5,Completed
BK006854,2026-05-16,2026-05-22,19,B04,C00000,Website,4,Completed
BK006855,2026-05-19,2026-05-22,19,B04,C00000,Instagram,6,No-show
BK006856,2026-05-21,2026-05-23,21,B04,C00000,OpenTable,2,Completed
BK006857,2026-05-18,2026-05-23,21,B04,C00000,Website,1,Cancelled
BK006858,2026-05-20,2026-05-23,21,B04,C02785,Website,2,Completed
BK006859,2026-05-24,2026-05-24,12,B04,C00000,OpenTable,7,Completed
BK006860,2026-05-19,2026-05-24,22,B04,C00000,Website,2,Completed
BK006861,2026-05-25,2026-05-25,22,B04,C00000,Phone,2,Completed
BK006862,2026-05-25,2026-05-25,21,B04,C01742,Instagram,4,Completed
BK006863,2026-05-21,2026-05-27,18,B04,C00000,Website,3,Completed
BK006864,2026-05-22,2026-05-27,21,B04,C00000,Phone,4,Completed
BK006865,2026-05-23,2026-05-27,21,B04,C00000,Website,4,Cancelled
BK006866,2026-05-26,2026-05-28,16,B04,C03267,OpenTable,4,Completed
BK006867,2026-05-28,2026-05-28,20,B04,C00000,OpenTable,3,Completed
BK006868,2026-05-28,2026-05-29,20,B04,C02357,Website,3,Completed
BK006869,2026-05-14,2026-05-29,20,B04,C00000,Website,4,Completed
BK006870,2026-05-22,2026-05-29,20,B04,C00000,Website,6,No-show
BK006871,2026-05-29,2026-05-29,19,B04,C00000,Website,4,Completed
BK006872,2026-05-24,2026-05-30,18,B04,C00000,OpenTable,2,Completed
BK006873,2026-05-24,2026-05-30,21,B04,C00000,Website,2,Completed
BK006874,2026-05-31,2026-05-31,19,B04,C00158,OpenTable,1,Completed
BK006875,2026-05-30,2026-05-31,22,B04,C03379,Phone,2,Completed
BK006876,2026-06-04,2026-06-04,22,B04,C00000,Website,1,Completed
BK006877,2026-06-04,2026-06-04,19,B04,C01239,Website,2,Completed
BK006878,2026-05-25,2026-06-04,18,B04,C00000,Website,1,Completed
BK006879,2026-05-24,2026-06-04,18,B04,C00000,Phone,1,Cancelled
BK006880,2026-06-04,2026-06-05,13,B04,C02224,Phone,2,Completed
BK006881,2026-05-30,2026-06-05,19,B04,C00000,Phone,3,Completed
BK006882,2026-05-29,2026-06-05,20,B04,C01764,Phone,2,Completed
BK006883,2026-06-01,2026-06-05,20,B04,C00000,Website,3,Cancelled
BK006884,2026-06-04,2026-06-05,18,B04,C01742,Instagram,2,Completed
BK006885,2026-05-29,2026-06-05,20,B04,C02357,OpenTable,2,Completed
BK006886,2026-06-05,2026-06-05,14,B04,C01742,Website,5,Completed
BK006887,2026-06-05,2026-06-05,14,B04,C00000,Instagram,3,Cancelled
BK006888,2026-06-01,2026-06-06,21,B04,C00000,Website,4,Completed
BK006889,2026-05-31,2026-06-06,18,B04,C02960,OpenTable,4,Completed
BK006890,2026-06-06,2026-06-06,22,B04,C00000,Phone,4,Completed
BK006891,2026-06-03,2026-06-06,14,B04,C00000,Website,8,Completed
BK006892,2026-05-21,2026-06-07,20,B04,C00000,OpenTable,3,Completed
BK006893,2026-05-28,2026-06-07,18,B04,C00000,Website,4,Completed
BK006894,2026-06-03,2026-06-07,21,B04,C00000,Phone,2,Completed
BK006895,2026-06-03,2026-06-07,16,B04,C00250,Instagram,3,Completed
BK006896,2026-05-14,2026-06-07,12,B04,C00000,Phone,2,Completed
BK006897,2026-06-06,2026-06-07,21,B04,C00000,Phone,4,Completed
BK006898,2026-06-10,2026-06-11,17,B04,C00000,Phone,2,Completed
BK006899,2026-06-08,2026-06-11,18,B04,C00000,OpenTable,2,Completed
BK006900,2026-06-10,2026-06-12,21,B04,C02785,Website,2,Completed
BK006901,2026-06-12,2026-06-12,20,B04,C03140,OpenTable,2,Completed
BK006902,2026-06-10,2026-06-12,20,B04,C00000,OpenTable,2,Completed
BK006903,2026-06-11,2026-06-12,20,B04,C00000,OpenTable,5,Cancelled
BK006904,2026-05-29,2026-06-12,22,B04,C00000,OpenTable,4,Completed
BK006905,2026-06-11,2026-06-13,20,B04,C00000,Website,2,Completed
BK006906,2026-06-11,2026-06-13,19,B04,C00000,OpenTable,7,Completed
BK006907,2026-05-30,2026-06-13,14,B04,C00432,Website,4,Completed
BK006908,2026-06-13,2026-06-13,18,B04,C00000,Phone,2,Completed
BK006909,2026-05-30,2026-06-13,18,B04,C00000,Website,2,Completed
BK006910,2026-06-12,2026-06-14,20,B04,C00289,Phone,6,Completed
BK006911,2026-06-06,2026-06-14,18,B04,C01071,Website,2,Completed
BK006912,2026-06-08,2026-06-14,17,B04,C00000,Website,5,Completed
BK006913,2026-05-29,2026-06-14,18,B04,C00000,Phone,1,Completed
BK006914,2026-06-15,2026-06-15,21,B04,C03267,Website,4,Completed
BK006915,2026-06-10,2026-06-15,21,B04,C00000,Website,1,No-show
BK006916,2026-06-14,2026-06-15,21,B04,C00000,Phone,1,Completed
BK006917,2026-06-10,2026-06-15,18,B04,C00392,Website,2,Completed
BK006918,2026-06-18,2026-06-18,19,B04,C03379,Website,7,Completed
BK006919,2026-06-16,2026-06-19,18,B04,C00000,Phone,7,Completed
BK006920,2026-06-11,2026-06-19,17,B04,C00000,OpenTable,1,Completed
BK006921,2026-06-17,2026-06-19,17,B04,C01071,OpenTable,1,Completed
BK006922,2026-06-18,2026-06-19,21,B04,C00000,Phone,3,Completed
BK006923,2026-06-01,2026-06-19,21,B04,C00000,OpenTable,6,No-show
BK006924,2026-06-10,2026-06-20,13,B04,C03689,Website,5,Completed
BK006925,2026-06-17,2026-06-20,13,B04,C00000,OpenTable,3,Cancelled
BK006926,2026-06-16,2026-06-20,19,B04,C03652,Website,2,Completed
BK006927,2026-06-18,2026-06-20,21,B04,C00142,OpenTable,4,Completed
BK006928,2026-06-03,2026-06-20,21,B04,C00000,Phone,7,No-show
BK006929,2026-06-19,2026-06-20,19,B04,C01817,OpenTable,1,Completed
BK006930,2026-05-21,2026-06-21,21,B04,C01612,Phone,2,Completed
BK006931,2026-06-16,2026-06-21,12,B04,C00000,Phone,2,Completed
BK006932,2026-06-21,2026-06-21,22,B04,C04539,Website,4,Completed
BK006933,2026-06-18,2026-06-21,19,B04,C00000,Website,2,Completed
BK006934,2026-06-09,2026-06-21,19,B04,C00000,Website,2,No-show
BK006935,2026-06-20,2026-06-21,21,B04,C00000,Website,4,Completed
BK006936,2026-06-19,2026-06-22,19,B04,C00000,OpenTable,4,Completed
BK006937,2026-05-26,2026-06-24,19,B04,C03379,Phone,3,Completed
BK006938,2026-06-15,2026-06-24,20,B04,C00000,Website,4,Completed
BK006939,2026-06-17,2026-06-25,20,B04,C00000,OpenTable,3,Completed
BK006940,2026-06-25,2026-06-25,20,B04,C01071,OpenTable,5,Completed
BK006941,2026-06-18,2026-06-25,20,B04,C00000,Phone,4,Completed
BK006942,2026-06-25,2026-06-25,21,B04,C00000,Website,6,Completed
BK006943,2026-06-24,2026-06-26,19,B04,C00000,Instagram,4,Completed
BK006944,2026-06-05,2026-06-26,18,B04,C00143,Website,2,Completed
BK006945,2026-06-22,2026-06-26,13,B04,C00000,Phone,3,Completed
BK006946,2026-06-25,2026-06-26,22,B04,C01851,Website,3,Completed
BK006947,2026-06-23,2026-06-27,17,B04,C00000,Website,1,Completed
BK006948,2026-06-27,2026-06-27,13,B04,C04826,OpenTable,2,Completed
BK006949,2026-06-18,2026-06-27,20,B04,C00000,OpenTable,2,Completed
BK006950,2026-06-22,2026-06-28,13,B04,C00000,Website,4,Completed
BK006951,2026-06-24,2026-06-28,19,B04,C00000,Website,2,Completed
BK006952,2026-06-26,2026-06-29,22,B04,C04633,Instagram,2,Completed
BK006953,2026-06-14,2026-06-29,14,B04,C00000,OpenTable,1,Completed
BK006954,2026-06-28,2026-06-29,13,B04,C00000,Phone,2,Completed
BK006955,2026-07-01,2026-07-01,12,B04,C00000,Website,5,Completed
BK006956,2026-06-19,2026-07-02,22,B04,C00000,Phone,1,Completed
BK006957,2026-05-30,2026-07-02,22,B04,C00000,OpenTable,2,No-show
BK006958,2026-07-02,2026-07-02,18,B04,C00000,Phone,1,Completed
BK006959,2026-06-24,2026-07-03,18,B04,C03137,OpenTable,1,Completed
BK006960,2026-06-29,2026-07-03,19,B04,C00000,Website,3,Completed
BK006961,2026-06-29,2026-07-03,17,B04,C00000,Phone,1,Completed
BK006962,2026-07-02,2026-07-04,21,B04,C00000,Website,2,Completed
BK006963,2026-06-30,2026-07-04,13,B04,C00000,OpenTable,6,Completed
BK006964,2026-06-25,2026-07-04,12,B04,C02862,Instagram,4,Completed
BK006965,2026-06-29,2026-07-04,18,B04,C00000,OpenTable,8,Completed
BK006966,2026-07-03,2026-07-04,16,B04,C00000,Website,2,Completed
BK006967,2026-07-03,2026-07-05,20,B04,C01071,Phone,2,Completed
BK006968,2026-06-25,2026-07-05,12,B04,C00000,Phone,2,Completed
BK006969,2026-06-15,2026-07-05,21,B04,C02113,Phone,4,Completed
BK006970,2026-06-27,2026-07-06,15,B04,C00000,Website,2,Completed
BK006971,2026-07-04,2026-07-08,20,B04,C00000,OpenTable,2,Completed
BK006972,2026-06-29,2026-07-08,20,B04,C00000,Phone,2,No-show
BK006973,2026-07-03,2026-07-09,19,B04,C00000,OpenTable,1,Completed
BK006974,2026-07-04,2026-07-09,20,B04,C00000,Phone,2,Completed
BK006975,2026-06-07,2026-07-09,21,B04,C00000,Website,2,Completed
BK006976,2026-07-02,2026-07-10,22,B04,C02785,Website,2,Completed
BK006977,2026-07-10,2026-07-10,22,B04,C00637,Website,4,Completed
BK006978,2026-07-08,2026-07-10,18,B04,C01071,OpenTable,3,Completed
BK006979,2026-07-08,2026-07-10,21,B04,C00402,OpenTable,2,Completed
BK006980,2026-07-10,2026-07-11,19,B04,C00000,Website,2,Completed
BK006981,2026-07-09,2026-07-11,19,B04,C00000,Website,1,Completed
BK006982,2026-07-01,2026-07-11,22,B04,C00000,Website,6,Completed
BK006983,2026-07-10,2026-07-11,22,B04,C00000,OpenTable,4,Cancelled
BK006984,2026-07-11,2026-07-12,17,B04,C00000,Website,6,Completed
BK006985,2026-06-27,2026-07-12,20,B04,C00000,Website,3,Completed
BK006986,2026-07-09,2026-07-12,20,B04,C00000,Website,2,Cancelled
BK006987,2026-07-08,2026-07-13,20,B04,C00000,OpenTable,1,Completed
BK006988,2026-07-10,2026-07-16,19,B04,C00000,Website,4,Completed
BK006989,2026-07-14,2026-07-16,19,B04,C01138,Website,2,Completed
BK006990,2026-07-13,2026-07-17,13,B04,C00000,Phone,1,Completed
BK006991,2026-07-13,2026-07-17,20,B04,C00158,Website,2,Completed
BK006992,2026-07-06,2026-07-17,22,B04,C00000,Website,4,Completed
BK006993,2026-07-16,2026-07-17,19,B04,C01071,Website,3,Completed
BK006994,2026-07-13,2026-07-18,19,B04,C00000,Instagram,4,Completed
BK006995,2026-07-03,2026-07-18,13,B04,C00000,Website,5,Completed
BK006996,2026-07-18,2026-07-18,21,B04,C03689,OpenTable,2,Completed
BK006997,2026-07-18,2026-07-19,19,B04,C00000,Phone,4,Completed
BK006998,2026-07-17,2026-07-19,18,B04,C00000,Website,2,Completed
BK006999,2026-07-11,2026-07-19,20,B04,C00000,Website,5,Completed
BK007000,2026-07-12,2026-07-19,22,B04,C01071,Website,4,Completed
BK007001,2026-07-09,2026-07-20,13,B04,C00000,Website,4,Completed
BK007002,2026-07-17,2026-07-22,18,B04,C02646,Phone,2,Completed
BK007003,2026-07-22,2026-07-22,21,B04,C03744,OpenTable,1,Completed
BK007004,2026-07-14,2026-07-22,20,B04,C04516,OpenTable,5,Completed
BK007005,2026-07-13,2026-07-23,15,B04,C02684,OpenTable,6,Completed
BK007006,2026-06-27,2026-07-24,13,B04,C03652,Website,2,Completed
BK007007,2026-07-09,2026-07-24,18,B04,C00000,Website,1,Completed
BK007008,2026-07-18,2026-07-24,13,B04,C01742,Phone,8,Completed
BK007009,2026-07-23,2026-07-24,19,B04,C00000,Website,2,Completed
BK007010,2026-07-21,2026-07-24,19,B04,C01109,Website,2,Completed
BK007011,2026-07-18,2026-07-24,19,B04,C00000,OpenTable,3,Cancelled
BK007012,2026-07-24,2026-07-25,20,B04,C03689,Phone,6,Completed
BK007013,2026-07-24,2026-07-25,20,B04,C00000,Website,5,Cancelled
BK007014,2026-07-21,2026-07-25,22,B04,C00000,Website,4,Completed
BK007015,2026-07-21,2026-07-25,17,B04,C00000,Phone,8,Completed
BK007016,2026-07-23,2026-07-25,19,B04,C03739,OpenTable,1,Completed
BK007017,2026-07-23,2026-07-25,19,B04,C00000,Website,2,Cancelled
BK007018,2026-07-20,2026-07-25,13,B04,C00000,Instagram,3,Completed
BK007019,2026-07-25,2026-07-25,20,B04,C04188,Phone,2,Completed
BK007020,2026-07-23,2026-07-25,19,B04,C00000,Website,1,Completed
BK007021,2026-07-25,2026-07-26,17,B04,C02357,OpenTable,8,Completed
BK007022,2026-07-23,2026-07-26,20,B04,C04826,Website,3,Completed
BK007023,2026-07-24,2026-07-27,20,B04,C00000,OpenTable,2,Completed
BK007024,2026-07-25,2026-07-29,19,B04,C01071,OpenTable,2,Completed
BK007025,2026-07-18,2026-07-29,17,B04,C00000,Website,2,Completed
BK007026,2026-07-12,2026-07-29,20,B04,C00000,Website,7,Completed
BK007027,2026-07-25,2026-07-30,18,B04,C01658,Phone,3,Completed
BK007028,2026-07-29,2026-07-30,20,B04,C00000,OpenTable,2,Completed
BK007029,2026-07-25,2026-07-31,21,B04,C02869,Phone,1,Completed
BK007030,2026-07-31,2026-07-31,21,B04,C00000,Website,2,Cancelled
BK007031,2026-07-25,2026-07-31,18,B04,C01022,OpenTable,2,Completed
BK007032,2026-07-30,2026-07-31,18,B04,C03199,Website,3,Completed
BK007033,2026-07-17,2026-07-31,18,B04,C00000,Website,4,Completed
BK007034,2026-07-20,2026-08-01,18,B04,C00000,OpenTable,4,Completed
BK007035,2026-07-26,2026-08-02,19,B04,C00000,OpenTable,3,Completed
BK007036,2026-08-02,2026-08-02,14,B04,C00000,OpenTable,2,Completed
BK007037,2026-07-31,2026-08-02,13,B04,C00139,OpenTable,5,Completed
BK007038,2026-08-01,2026-08-02,20,B04,C02790,Phone,7,Completed
BK007039,2026-07-28,2026-08-03,18,B04,C01742,Phone,2,Completed
BK007040,2026-07-29,2026-08-05,22,B04,C04516,Website,7,Completed
BK007041,2026-08-04,2026-08-06,21,B04,C00000,OpenTable,7,Completed
BK007042,2026-08-05,2026-08-07,20,B04,C00000,Phone,2,Completed
BK007043,2026-07-10,2026-08-07,22,B04,C01424,Website,4,Completed
BK007044,2026-07-31,2026-08-07,13,B04,C00000,OpenTable,7,Completed
BK007045,2026-08-03,2026-08-07,13,B04,C00000,OpenTable,4,Completed
BK007046,2026-08-07,2026-08-08,17,B04,C00000,Instagram,4,Completed
BK007047,2026-07-24,2026-08-08,17,B04,C02790,Website,4,Completed
BK007048,2026-07-25,2026-08-08,14,B04,C01888,OpenTable,2,Completed
BK007049,2026-08-02,2026-08-09,12,B04,C00000,OpenTable,2,Completed
BK007050,2026-07-29,2026-08-09,17,B04,C00000,Instagram,2,Completed
BK007051,2026-08-01,2026-08-09,19,B04,C01915,Website,2,Completed
BK007052,2026-08-08,2026-08-09,19,B04,C00333,Website,1,Completed
BK007053,2026-08-07,2026-08-09,19,B04,C00000,Website,2,Completed
BK007054,2026-08-01,2026-08-09,21,B04,C00000,Phone,6,Completed
BK007055,2026-08-04,2026-08-09,21,B04,C03689,Phone,3,Completed
BK007056,2026-08-09,2026-08-10,17,B04,C00000,OpenTable,3,Completed
BK007057,2026-07-31,2026-08-10,19,B04,C00000,OpenTable,1,Completed
BK007058,2026-08-09,2026-08-10,19,B04,C00000,OpenTable,4,Completed
BK007059,2026-08-09,2026-08-12,22,B04,C00000,Website,2,Completed
BK007060,2026-08-13,2026-08-13,14,B04,C04240,OpenTable,3,Completed
BK007061,2026-08-13,2026-08-13,14,B04,C00000,Website,3,No-show
BK007062,2026-08-03,2026-08-13,22,B04,C00000,Phone,4,Completed
BK007063,2026-07-25,2026-08-13,21,B04,C00000,Website,6,Completed
BK007064,2026-08-12,2026-08-13,21,B04,C00000,Website,6,Cancelled
BK007065,2026-08-13,2026-08-14,21,B04,C00000,Website,3,Completed
BK007066,2026-08-13,2026-08-14,22,B04,C00000,OpenTable,2,Completed
BK007067,2026-07-31,2026-08-14,13,B04,C04266,Website,2,Completed
BK007068,2026-08-14,2026-08-14,13,B04,C00000,OpenTable,2,Cancelled
BK007069,2026-08-14,2026-08-14,19,B04,C01162,Instagram,2,Completed
BK007070,2026-08-07,2026-08-14,19,B04,C00000,Website,4,Cancelled
BK007071,2026-08-13,2026-08-14,15,B04,C00000,Phone,3,Completed
BK007072,2026-07-27,2026-08-14,15,B04,C00000,Website,2,Cancelled
BK007073,2026-08-12,2026-08-14,18,B04,C00000,Website,4,Completed
BK007074,2026-08-12,2026-08-15,13,B04,C00142,Website,5,Completed
BK007075,2026-08-14,2026-08-15,22,B04,C00000,OpenTable,2,Completed
BK007076,2026-08-15,2026-08-16,17,B04,C00000,Website,2,Completed
BK007077,2026-07-28,2026-08-17,22,B04,C03689,OpenTable,5,Completed
BK007078,2026-08-07,2026-08-19,22,B04,C00000,Website,2,Completed
BK007079,2026-08-19,2026-08-20,13,B04,C00000,Phone,2,Completed
BK007080,2026-08-17,2026-08-21,13,B04,C00000,Website,1,Completed
BK007081,2026-08-12,2026-08-22,22,B04,C00000,OpenTable,4,Completed
BK007082,2026-08-17,2026-08-22,22,B04,C00000,OpenTable,4,Cancelled
BK007083,2026-08-12,2026-08-22,13,B04,C00000,Website,8,Completed
BK007084,2026-08-10,2026-08-22,19,B04,C02906,Website,1,Completed
BK007085,2026-08-16,2026-08-22,20,B04,C00000,Phone,2,Completed
BK007086,2026-08-18,2026-08-22,20,B04,C00000,OpenTable,3,No-show
BK007087,2026-08-06,2026-08-23,20,B04,C02357,Website,4,Completed
BK007088,2026-08-22,2026-08-23,19,B04,C01781,OpenTable,6,Completed
BK007089,2026-08-22,2026-08-23,17,B04,C00000,OpenTable,2,Completed
BK007090,2026-08-06,2026-08-23,19,B04,C00000,OpenTable,6,Completed
BK007091,2026-08-19,2026-08-24,21,B04,C00000,Website,2,Completed
BK007092,2026-08-19,2026-08-24,21,B04,C00000,Website,2,Cancelled
BK007093,2026-08-24,2026-08-24,15,B04,C00000,Website,6,Completed
BK007094,2026-08-13,2026-08-26,22,B04,C00000,Website,5,Completed
BK007095,2026-08-24,2026-08-26,22,B04,C00000,Website,2,Cancelled
BK007096,2026-08-02,2026-08-27,22,B04,C00694,OpenTable,2,Completed
BK007097,2026-08-25,2026-08-27,21,B04,C00000,Website,6,Completed
BK007098,2026-08-23,2026-08-27,14,B04,C00000,Phone,2,Completed
BK007099,2026-08-25,2026-08-28,12,B04,C00000,Website,7,Completed
BK007100,2026-08-23,2026-08-28,13,B04,C00425,Website,2,Completed
BK007101,2026-08-17,2026-08-28,13,B04,C00000,Website,5,Completed
BK007102,2026-08-20,2026-08-28,21,B04,C03954,Phone,6,Completed
BK007103,2026-08-23,2026-08-28,22,B04,C00142,Website,2,Completed
BK007104,2026-08-29,2026-08-29,13,B04,C00000,Website,3,Completed
BK007105,2026-08-24,2026-08-29,19,B04,C00000,OpenTable,2,Completed
BK007106,2026-08-29,2026-08-29,18,B04,C00000,Phone,6,Completed
BK007107,2026-08-28,2026-08-29,18,B04,C00000,OpenTable,3,Cancelled
BK007108,2026-08-22,2026-08-30,13,B04,C03075,OpenTable,2,Completed
BK007109,2026-08-27,2026-08-30,16,B04,C00000,OpenTable,1,Completed
BK007110,2026-08-29,2026-09-03,16,B04,C00000,OpenTable,2,Completed
BK007111,2026-08-31,2026-09-03,22,B04,C00000,Instagram,2,Completed
BK007112,2026-08-29,2026-09-03,19,B04,C03513,Phone,5,Completed
BK007113,2026-08-26,2026-09-04,18,B04,C00042,Website,2,Completed
BK007114,2026-09-03,2026-09-04,19,B04,C00000,Website,2,Completed
BK007115,2026-08-14,2026-09-04,22,B04,C00000,Phone,4,Completed
BK007116,2026-09-02,2026-09-04,22,B04,C02344,OpenTable,3,Completed
BK007117,2026-09-03,2026-09-05,13,B04,C00000,Website,5,Completed
BK007118,2026-08-08,2026-09-05,13,B04,C00000,Website,2,No-show
BK007119,2026-09-04,2026-09-05,14,B04,C00250,Website,2,Completed
BK007120,2026-09-02,2026-09-05,19,B04,C04405,Phone,4,Completed
BK007121,2026-08-27,2026-09-05,22,B04,C00000,Website,6,Completed
BK007122,2026-08-24,2026-09-05,21,B04,C03299,OpenTable,6,Completed
BK007123,2026-09-05,2026-09-06,18,B04,C00000,Phone,2,Completed
BK007124,2026-09-06,2026-09-06,19,B04,C00000,Website,2,Completed
BK007125,2026-09-06,2026-09-06,18,B04,C00000,OpenTable,4,Completed
BK007126,2026-09-06,2026-09-09,19,B04,C00000,Website,2,Completed
BK007127,2026-08-29,2026-09-09,19,B04,C00000,Website,2,Cancelled
BK007128,2026-09-03,2026-09-09,19,B04,C01742,OpenTable,4,Completed
BK007129,2026-08-13,2026-09-09,19,B04,C00000,Website,2,Completed
BK007130,2026-08-30,2026-09-09,19,B04,C00000,OpenTable,3,Cancelled
BK007131,2026-09-05,2026-09-10,22,B04,C00000,Phone,7,Completed
BK007132,2026-09-06,2026-09-10,21,B04,C00633,OpenTable,2,Completed
BK007133,2026-09-09,2026-09-10,19,B04,C00000,OpenTable,4,Completed
BK007134,2026-09-06,2026-09-10,21,B04,C03379,Phone,3,Completed
BK007135,2026-09-01,2026-09-10,17,B04,C00000,Website,2,Completed
BK007136,2026-08-31,2026-09-11,20,B04,C01071,Phone,2,Completed
BK007137,2026-09-07,2026-09-11,21,B04,C00000,Phone,1,Completed
BK007138,2026-09-08,2026-09-11,21,B04,C00000,Website,4,Cancelled
BK007139,2026-09-05,2026-09-11,20,B04,C00000,Phone,3,Completed
BK007140,2026-09-09,2026-09-12,17,B04,C02785,OpenTable,2,Completed
BK007141,2026-09-12,2026-09-12,21,B04,C00000,Phone,7,Completed
BK007142,2026-09-09,2026-09-12,21,B04,C00000,Instagram,6,Completed
BK007143,2026-09-09,2026-09-12,21,B04,C00000,OpenTable,2,Completed
BK007144,2026-08-31,2026-09-12,22,B04,C04370,OpenTable,1,Completed
BK007145,2026-09-11,2026-09-12,19,B04,C01424,Website,2,Completed
BK007146,2026-09-04,2026-09-12,19,B04,C00000,Phone,3,No-show
BK007147,2026-09-01,2026-09-12,20,B04,C02684,Website,5,Completed
BK007148,2026-09-15,2026-09-16,22,B04,C00000,Website,4,Completed
BK007149,2026-09-14,2026-09-16,19,B04,C01147,Website,7,Completed
BK007150,2026-09-12,2026-09-17,18,B04,C01673,Website,4,Completed
BK007151,2026-09-15,2026-09-17,19,B04,C00000,Website,2,Completed
BK007152,2026-09-10,2026-09-17,14,B04,C00000,Website,4,Completed
BK007153,2026-09-16,2026-09-17,13,B04,C00000,OpenTable,4,Completed
BK007154,2026-08-22,2026-09-17,14,B04,C00000,Phone,5,Completed
BK007155,2026-08-30,2026-09-18,19,B04,C00000,Phone,1,Completed
BK007156,2026-09-14,2026-09-19,12,B04,C04421,OpenTable,2,Completed
BK007157,2026-09-20,2026-09-23,19,B04,C00000,Website,2,Completed
BK007158,2026-09-19,2026-09-23,21,B04,C00000,Website,6,Completed
BK007159,2026-09-12,2026-09-23,17,B04,C00000,OpenTable,1,Completed
BK007160,2026-09-22,2026-09-24,20,B04,C03689,OpenTable,1,Completed
BK007161,2026-09-16,2026-09-24,18,B04,C00000,Phone,2,Completed
BK007162,2026-09-19,2026-09-24,18,B04,C04516,Website,4,Completed
BK007163,2026-09-24,2026-09-24,18,B04,C00000,Website,3,Cancelled
BK007164,2026-09-19,2026-09-25,19,B04,C01138,Phone,4,Completed
BK007165,2026-09-20,2026-09-26,21,B04,C00000,Phone,3,Completed
BK007166,2026-09-21,2026-09-26,14,B04,C00000,Phone,1,Completed
BK007167,2026-09-26,2026-09-26,19,B04,C00000,Website,3,Completed
BK007168,2026-09-19,2026-09-26,22,B04,C00000,OpenTable,1,Completed
BK007169,2026-09-20,2026-09-27,13,B04,C01742,Website,4,Completed
BK007170,2026-09-26,2026-09-27,13,B04,C00000,OpenTable,1,Completed
BK007171,2026-09-26,2026-09-27,17,B04,C00000,Website,3,Completed
BK007172,2026-09-17,2026-09-28,19,B04,C00896,Phone,1,Completed
BK007173,2026-09-18,2026-09-28,20,B04,C00000,Website,1,Completed
BK007174,2026-09-27,2026-09-28,22,B04,C00000,Phone,4,Completed
BK007175,2026-09-28,2026-09-28,21,B04,C00143,OpenTable,3,Completed
BK007176,2026-09-12,2026-09-28,21,B04,C00000,Phone,2,Cancelled
