order_id,date,hour,branch_id,channel_id,customer_id,campaign_id,covers,items,order_net_amount
O000001,2024-01-01,21,B01,CH4,C00000,CMP000,0,3,21.05
O000002,2024-01-01,22,B01,CH2,C00000,CMP000,0,4,34.95
O000003,2024-01-01,18,B01,CH4,C00000,CMP000,0,2,18.15
O000004,2024-01-03,19,B01,CH1,C02290,CMP000,2,4,54.9
O000005,2024-01-03,20,B01,CH1,C02030,CMP000,6,19,211.65
O000006,2024-01-03,22,B01,CH1,C02569,CMP000,2,5,67.6
O000007,2024-01-03,22,B01,CH2,C00000,CMP000,0,3,30.1
O000008,2024-01-04,14,B01,CH1,C00000,CMP000,2,5,51.9
O000009,2024-01-04,17,B01,CH1,C00000,CMP000,2,6,52.3
O000010,2024-01-05,21,B01,CH1,C00927,CMP000,2,7,62.1
O000011,2024-01-05,13,B01,CH1,C00000,CMP000,2,7,55.35
O000012,2024-01-05,18,B01,CH1,C00000,CMP000,1,1,14.05
O000013,2024-01-06,12,B01,CH1,C00000,CMP000,4,11,128.6
O000014,2024-01-06,20,B01,CH2,C00000,CMP000,0,2,17.7
O000015,2024-01-06,18,B01,CH1,C00000,CMP000,1,5,43.35
O000016,2024-01-07,17,B01,CH1,C00000,CMP000,3,10,91.85
O000017,2024-01-07,21,B01,CH1,C00000,CMP000,2,6,56.5
O000018,2024-01-07,13,B01,CH1,C04739,CMP000,2,7,52.85
O000019,2024-01-07,21,B01,CH1,C00000,CMP000,2,8,62.75
O000020,2024-01-07,14,B01,CH1,C00000,CMP000,4,9,99.3
O000021,2024-01-07,15,B01,CH3,C00000,CMP000,0,3,20.6
O000022,2024-01-07,16,B01,CH1,C00000,CMP000,2,8,64.1
O000023,2024-01-08,21,B01,CH1,C00000,CMP000,2,4,41.9
O000024,2024-01-08,12,B01,CH1,C00000,CMP000,3,8,75.0
O000025,2024-01-08,18,B01,CH1,C02005,CMP000,3,11,100.75
O000026,2024-01-10,17,B01,CH1,C02263,CMP000,2,7,60.3
O000027,2024-01-11,20,B01,CH1,C00000,CMP000,2,8,60.95
O000028,2024-01-11,20,B01,CH1,C00651,CMP000,4,10,91.15
O000029,2024-01-11,12,B01,CH3,C00000,CMP000,0,3,48.5
O000030,2024-01-12,21,B01,CH1,C00000,CMP000,4,9,99.05
O000031,2024-01-12,13,B01,CH1,C02899,CMP000,2,5,39.0
O000032,2024-01-13,21,B01,CH2,C00000,CMP000,0,7,62.35
O000033,2024-01-13,21,B01,CH3,C00000,CMP000,0,2,19.05
O000034,2024-01-13,19,B01,CH1,C02853,CMP000,3,10,98.7
O000035,2024-01-13,18,B01,CH2,C00000,CMP000,0,12,90.3
O000036,2024-01-13,14,B01,CH1,C03838,CMP000,4,13,109.5
O000037,2024-01-13,19,B01,CH1,C00000,CMP000,2,6,47.35
O000038,2024-01-13,21,B01,CH1,C00000,CMP000,1,3,26.75
O000039,2024-01-13,21,B01,CH3,C00000,CMP000,0,1,15.85
O000040,2024-01-13,17,B01,CH2,C04057,CMP000,0,10,144.4
O000041,2024-01-13,14,B01,CH1,C00000,CMP000,8,26,214.65
O000042,2024-01-14,15,B01,CH1,C00000,CMP000,1,3,31.1
O000043,2024-01-14,12,B01,CH1,C00000,CMP000,2,7,55.95
O000044,2024-01-14,21,B01,CH4,C01064,CMP000,0,5,39.65
O000045,2024-01-15,20,B01,CH1,C00000,CMP000,2,8,58.25
O000046,2024-01-17,14,B01,CH1,C02164,CMP000,5,16,144.15
O000047,2024-01-18,20,B01,CH1,C00506,CMP000,1,3,32.15
O000048,2024-01-18,15,B01,CH1,C00000,CMP000,4,11,97.2
O000049,2024-01-18,18,B01,CH2,C01939,CMP000,0,6,43.65
O000050,2024-01-19,18,B01,CH2,C00000,CMP000,0,2,20.85
O000051,2024-01-19,19,B01,CH1,C00000,CMP000,4,12,106.6
O000052,2024-01-19,19,B01,CH1,C00000,CMP000,5,13,128.8
O000053,2024-01-20,12,B01,CH1,C00000,CMP000,4,8,98.05
O000054,2024-01-20,18,B01,CH1,C01064,CMP000,4,10,120.75
O000055,2024-01-20,20,B01,CH1,C00000,CMP000,4,13,184.5
O000056,2024-01-21,21,B01,CH1,C00000,CMP000,2,6,46.75
O000057,2024-01-21,20,B01,CH1,C00000,CMP000,3,11,108.2
O000058,2024-01-21,17,B01,CH4,C02838,CMP000,0,3,22.05
O000059,2024-01-21,12,B01,CH1,C00000,CMP000,2,7,55.05
O000060,2024-01-21,22,B01,CH1,C00000,CMP000,2,7,55.5
O000061,2024-01-21,21,B01,CH1,C00000,CMP000,1,3,28.85
O000062,2024-01-24,17,B01,CH4,C01730,CMP000,0,5,42.65
O000063,2024-01-24,13,B01,CH1,C00000,CMP000,3,7,68.7
O000064,2024-01-26,18,B01,CH3,C00000,CMP000,0,1,14.05
O000065,2024-01-26,12,B01,CH2,C00000,CMP000,0,2,38.1
O000066,2024-01-26,19,B01,CH2,C00000,CMP000,0,7,84.65
O000067,2024-01-26,19,B01,CH3,C02263,CMP000,0,3,47.2
O000068,2024-01-26,21,B01,CH1,C00000,CMP000,4,12,104.0
O000069,2024-01-26,18,B01,CH1,C00000,CMP000,5,19,164.6
O000070,2024-01-27,17,B01,CH2,C00000,CMP000,0,6,71.4
O000071,2024-01-27,20,B01,CH1,C00000,CMP000,1,3,27.75
O000072,2024-01-27,19,B01,CH1,C00000,CMP000,2,7,65.8
O000073,2024-01-27,20,B01,CH1,C00000,CMP000,2,7,78.25
O000074,2024-01-27,19,B01,CH1,C00000,CMP000,3,8,73.55
O000075,2024-01-27,13,B01,CH1,C00000,CMP000,4,8,126.75
O000076,2024-01-28,12,B01,CH1,C00000,CMP000,1,3,23.3
O000077,2024-01-28,13,B01,CH1,C01064,CMP000,2,5,64.2
O000078,2024-01-28,13,B01,CH1,C01064,CMP000,2,5,47.9
O000079,2024-01-28,21,B01,CH2,C02263,CMP000,0,5,46.45
O000080,2024-01-28,20,B01,CH1,C02263,CMP000,3,9,80.45
O000081,2024-01-28,18,B01,CH1,C00000,CMP000,4,14,126.7
O000082,2024-01-28,22,B01,CH2,C00000,CMP000,0,3,20.6
O000083,2024-01-29,19,B01,CH1,C00000,CMP000,2,6,54.9
O000084,2024-01-31,12,B01,CH4,C00000,CMP000,0,6,51.0
O000085,2024-01-31,18,B01,CH1,C00000,CMP000,3,6,57.4
O000086,2024-02-01,14,B01,CH1,C01017,CMP000,4,10,96.15
O000087,2024-02-01,14,B01,CH3,C00000,CMP000,0,5,39.05
O000088,2024-02-01,18,B01,CH1,C02674,CMP000,6,19,183.9
O000089,2024-02-01,17,B01,CH3,C02513,CMP000,0,5,50.1
O000090,2024-02-01,20,B01,CH1,C00000,CMP000,1,3,22.95
O000091,2024-02-01,17,B01,CH1,C00000,CMP000,2,5,62.65
O000092,2024-02-01,18,B01,CH1,C00000,CMP000,1,3,27.65
O000093,2024-02-01,21,B01,CH2,C00000,CMP000,0,1,23.6
O000094,2024-02-02,20,B01,CH1,C00000,CMP000,2,5,41.0
O000095,2024-02-02,22,B01,CH1,C00000,CMP000,2,9,68.8
O000096,2024-02-02,19,B01,CH2,C00000,CMP000,0,4,32.85
O000097,2024-02-02,13,B01,CH1,C00000,CMP000,1,4,47.65
O000098,2024-02-02,13,B01,CH1,C00000,CMP000,4,12,113.45
O000099,2024-02-02,19,B01,CH1,C01268,CMP000,6,22,213.05
O000100,2024-02-02,20,B01,CH1,C01654,CMP000,4,14,120.3
O000101,2024-02-03,12,B01,CH3,C03347,CMP000,0,3,65.5
O000102,2024-02-03,19,B01,CH1,C00000,CMP000,1,2,19.75
O000103,2024-02-03,19,B01,CH1,C00000,CMP000,1,4,50.8
O000104,2024-02-03,16,B01,CH1,C00000,CMP000,2,8,54.0
O000105,2024-02-03,12,B01,CH2,C00000,CMP000,0,6,53.7
O000106,2024-02-03,12,B01,CH1,C00000,CMP000,2,6,46.45
O000107,2024-02-03,12,B01,CH1,C02005,CMP000,2,7,52.15
O000108,2024-02-03,15,B01,CH1,C00000,CMP000,2,6,69.9
O000109,2024-02-04,15,B01,CH3,C00000,CMP000,0,7,61.45
O000110,2024-02-04,21,B01,CH1,C02263,CMP000,3,12,91.2
O000111,2024-02-04,14,B01,CH1,C00000,CMP000,3,5,49.0
O000112,2024-02-05,21,B01,CH1,C00000,CMP000,3,9,128.85
O000113,2024-02-07,13,B01,CH1,C02105,CMP000,2,5,44.15
O000114,2024-02-07,20,B01,CH1,C00000,CMP000,5,16,145.95
O000115,2024-02-07,18,B01,CH1,C00000,CMP000,6,17,173.55
O000116,2024-02-08,19,B01,CH3,C00000,CMP000,0,6,62.35
O000117,2024-02-08,14,B01,CH1,C04057,CMP000,1,2,19.95
O000118,2024-02-08,20,B01,CH1,C02005,CMP000,2,5,52.4
O000119,2024-02-08,17,B01,CH1,C00000,CMP000,2,5,49.4
O000120,2024-02-09,20,B01,CH1,C01939,CMP000,2,5,45.8
O000121,2024-02-09,16,B01,CH3,C00000,CMP000,0,1,17.7
O000122,2024-02-09,22,B01,CH1,C00000,CMP000,4,17,151.8
O000123,2024-02-09,20,B01,CH1,C01190,CMP000,3,9,89.8
O000124,2024-02-09,13,B01,CH1,C02468,CMP000,2,3,34.2
O000125,2024-02-09,13,B01,CH1,C02263,CMP000,2,5,43.25
O000126,2024-02-10,18,B01,CH4,C02263,CMP000,0,4,32.95
O000127,2024-02-10,17,B01,CH4,C00000,CMP000,0,4,29.25
O000128,2024-02-10,19,B01,CH1,C00000,CMP000,2,7,88.45
O000129,2024-02-10,14,B01,CH2,C00000,CMP000,0,8,84.1
O000130,2024-02-10,20,B01,CH1,C00000,CMP000,5,15,140.65
O000131,2024-02-10,13,B01,CH1,C00000,CMP000,5,10,104.4
O000132,2024-02-10,22,B01,CH1,C00000,CMP000,2,8,66.85
O000133,2024-02-10,19,B01,CH1,C00000,CMP000,2,4,39.0
O000134,2024-02-11,17,B01,CH1,C01064,CMP000,2,5,48.05
O000135,2024-02-11,18,B01,CH1,C00000,CMP000,8,21,202.0
O000136,2024-02-11,17,B01,CH1,C04393,CMP000,1,3,28.8
O000137,2024-02-12,21,B01,CH4,C02262,CMP000,0,2,26.3
O000138,2024-02-12,19,B01,CH1,C00000,CMP000,2,5,57.6
O000139,2024-02-14,20,B01,CH1,C00000,CMP000,1,2,16.95
O000140,2024-02-14,20,B01,CH1,C02863,CMP000,8,26,244.65
O000141,2024-02-15,13,B01,CH1,C00000,CMP000,4,12,105.85
O000142,2024-02-15,20,B01,CH1,C00000,CMP000,2,6,55.8
O000143,2024-02-16,22,B01,CH1,C00000,CMP000,2,7,70.9
O000144,2024-02-16,13,B01,CH2,C03678,CMP000,0,1,15.85
O000145,2024-02-16,20,B01,CH1,C01064,CMP000,4,12,143.5
O000146,2024-02-16,21,B01,CH1,C00000,CMP000,5,13,141.45
O000147,2024-02-17,14,B01,CH1,C00000,CMP000,2,6,49.1
O000148,2024-02-17,14,B01,CH1,C01694,CMP000,2,7,58.25
O000149,2024-02-17,14,B01,CH1,C00000,CMP000,3,10,87.5
O000150,2024-02-17,20,B01,CH1,C00000,CMP000,4,15,132.3
O000151,2024-02-18,19,B01,CH1,C02005,CMP000,5,18,164.5
O000152,2024-02-18,20,B01,CH1,C00000,CMP000,2,6,57.3
O000153,2024-02-18,20,B01,CH1,C00000,CMP000,2,3,35.55
O000154,2024-02-18,22,B01,CH1,C00000,CMP000,5,17,151.4
O000155,2024-02-18,22,B01,CH1,C02353,CMP000,3,10,76.4
O000156,2024-02-18,19,B01,CH1,C00000,CMP000,4,12,124.2
O000157,2024-02-18,20,B01,CH1,C00000,CMP000,2,6,49.25
O000158,2024-02-19,22,B01,CH1,C04867,CMP000,2,7,57.55
O000159,2024-02-19,20,B01,CH3,C00000,CMP000,0,6,50.8
O000160,2024-02-19,13,B01,CH1,C03663,CMP000,2,4,36.9
O000161,2024-02-19,21,B01,CH1,C02263,CMP000,2,6,58.5
O000162,2024-02-19,19,B01,CH1,C00358,CMP000,2,6,50.8
O000163,2024-02-19,15,B01,CH1,C00000,CMP000,4,14,114.4
O000164,2024-02-19,18,B01,CH1,C00000,CMP000,4,14,115.7
O000165,2024-02-22,21,B01,CH2,C00000,CMP000,0,8,80.6
O000166,2024-02-22,19,B01,CH1,C00000,CMP000,5,16,151.1
O000167,2024-02-22,18,B01,CH3,C00000,CMP000,0,6,62.3
O000168,2024-02-22,18,B01,CH1,C00000,CMP000,1,3,31.55
O000169,2024-02-23,20,B01,CH1,C00000,CMP000,2,5,42.2
O000170,2024-02-23,18,B01,CH1,C00000,CMP000,1,4,37.2
O000171,2024-02-23,15,B01,CH1,C02263,CMP000,4,13,118.4
O000172,2024-02-23,17,B01,CH1,C00000,CMP000,2,6,51.25
O000173,2024-02-23,19,B01,CH4,C00000,CMP000,0,6,53.7
O000174,2024-02-24,20,B01,CH1,C00000,CMP000,4,11,113.15
O000175,2024-02-24,21,B01,CH1,C00000,CMP000,2,8,51.65
O000176,2024-02-24,14,B01,CH1,C00000,CMP000,3,8,73.35
O000177,2024-02-24,18,B01,CH1,C03300,CMP000,1,3,27.25
O000178,2024-02-24,20,B01,CH1,C00000,CMP000,4,13,111.8
O000179,2024-02-24,18,B01,CH1,C00000,CMP000,1,4,34.3
O000180,2024-02-24,21,B01,CH4,C00000,CMP000,0,8,67.5
O000181,2024-02-25,18,B01,CH2,C00000,CMP000,0,9,74.85
O000182,2024-02-25,17,B01,CH2,C00000,CMP000,0,3,25.55
O000183,2024-02-25,15,B01,CH1,C00506,CMP000,3,10,83.75
O000184,2024-02-25,20,B01,CH1,C02105,CMP000,4,13,138.75
O000185,2024-02-26,21,B01,CH3,C00000,CMP000,0,4,38.1
O000186,2024-02-28,18,B01,CH4,C00000,CMP000,0,4,43.55
O000187,2024-02-28,16,B01,CH1,C01654,CMP000,3,11,128.6
O000188,2024-02-28,20,B01,CH2,C00000,CMP000,0,2,17.7
O000189,2024-02-29,18,B01,CH1,C00000,CMP000,1,2,24.05
O000190,2024-02-29,21,B01,CH1,C00000,CMP000,2,7,62.35
O000191,2024-02-29,22,B01,CH1,C02278,CMP000,3,9,111.9
O000192,2024-03-01,19,B01,CH3,C00000,CMP000,0,10,93.8
O000193,2024-03-01,17,B01,CH1,C00000,CMP000,2,6,71.65
O000194,2024-03-01,21,B01,CH1,C00000,CMP000,2,6,63.15
O000195,2024-03-01,18,B01,CH2,C00000,CMP000,0,3,30.6
O000196,2024-03-02,21,B01,CH1,C00000,CMP000,2,6,71.2
O000197,2024-03-02,21,B01,CH1,C01343,CMP000,2,7,57.6
O000198,2024-03-02,22,B01,CH4,C00000,CMP000,0,3,26.3
O000199,2024-03-02,22,B01,CH2,C00000,CMP000,0,4,28.15
O000200,2024-03-02,20,B01,CH2,C00000,CMP000,0,3,28.4
O000201,2024-03-02,20,B01,CH1,C00000,CMP000,2,5,44.45
O000202,2024-03-02,18,B01,CH1,C02933,CMP000,3,7,63.65
O000203,2024-03-03,14,B01,CH1,C00000,CMP000,6,19,222.95
O000204,2024-03-03,19,B01,CH1,C02844,CMP000,3,10,123.35
O000205,2024-03-03,15,B01,CH1,C00000,CMP000,2,7,55.5
O000206,2024-03-03,19,B01,CH1,C02263,CMP000,1,4,29.05
O000207,2024-03-03,19,B01,CH1,C00000,CMP000,2,4,45.15
O000208,2024-03-03,22,B01,CH1,C00000,CMP000,2,9,114.5
O000209,2024-03-03,21,B01,CH1,C00000,CMP000,3,12,95.7
O000210,2024-03-03,18,B01,CH1,C01343,CMP000,2,3,31.3
O000211,2024-03-04,19,B01,CH1,C00000,CMP000,3,7,89.1
O000212,2024-03-04,20,B01,CH3,C02263,CMP000,0,3,22.5
O000213,2024-03-04,13,B01,CH1,C03300,CMP000,2,7,52.65
O000214,2024-03-04,19,B01,CH1,C00000,CMP000,4,14,119.35
O000215,2024-03-06,20,B01,CH3,C00000,CMP000,0,4,35.4
O000216,2024-03-06,19,B01,CH3,C03291,CMP000,0,1,12.7
O000217,2024-03-06,15,B01,CH1,C00486,CMP000,2,8,68.8
O000218,2024-03-06,19,B01,CH2,C00000,CMP000,0,2,20.85
O000219,2024-03-07,14,B01,CH1,C02569,CMP000,3,9,75.15
O000220,2024-03-08,18,B01,CH1,C00000,CMP000,6,18,184.25
O000221,2024-03-08,13,B01,CH1,C02545,CMP000,2,5,42.45
O000222,2024-03-08,20,B01,CH1,C00000,CMP000,3,8,81.35
O000223,2024-03-09,20,B01,CH1,C00583,CMP000,6,18,152.55
O000224,2024-03-09,22,B01,CH2,C00000,CMP000,0,6,65.55
O000225,2024-03-09,21,B01,CH1,C00000,CMP000,2,7,58.55
O000226,2024-03-09,12,B01,CH1,C00506,CMP000,4,12,85.5
O000227,2024-03-09,13,B01,CH1,C00000,CMP000,5,15,130.05
O000228,2024-03-10,22,B01,CH1,C00000,CMP000,6,15,167.35
O000229,2024-03-10,21,B01,CH1,C00000,CMP000,2,5,46.45
O000230,2024-03-10,21,B01,CH3,C00000,CMP000,0,5,36.15
O000231,2024-03-10,21,B01,CH3,C00651,CMP000,0,2,16.8
O000232,2024-03-10,20,B01,CH1,C03665,CMP000,6,23,190.0
O000233,2024-03-10,14,B01,CH1,C00000,CMP000,2,6,78.8
O000234,2024-03-11,18,B01,CH1,C00000,CMP000,2,7,55.4
O000235,2024-03-11,22,B01,CH4,C00000,CMP000,0,3,38.1
O000236,2024-03-11,18,B01,CH1,C00000,CMP000,2,8,74.85
O000237,2024-03-11,22,B01,CH1,C00000,CMP000,4,13,122.2
O000238,2024-03-11,18,B01,CH4,C00000,CMP000,0,9,72.15
O000239,2024-03-11,18,B01,CH1,C00000,CMP000,2,5,45.95
O000240,2024-03-13,18,B01,CH3,C00000,CMP000,0,4,26.05
O000241,2024-03-13,17,B01,CH1,C00681,CMP000,6,20,254.85
O000242,2024-03-13,22,B01,CH1,C02933,CMP000,2,9,92.05
O000243,2024-03-14,17,B01,CH1,C00922,CMP000,2,7,51.0
O000244,2024-03-14,21,B01,CH1,C00000,CMP000,2,7,62.6
O000245,2024-03-14,14,B01,CH1,C00000,CMP000,2,6,57.6
O000246,2024-03-14,18,B01,CH1,C01554,CMP000,3,8,87.95
O000247,2024-03-14,19,B01,CH1,C00839,CMP000,4,13,113.95
O000248,2024-03-15,18,B01,CH4,C00000,CMP000,0,8,71.95
O000249,2024-03-15,21,B01,CH1,C01654,CMP000,2,7,89.55
O000250,2024-03-15,12,B01,CH1,C00000,CMP000,1,1,14.95
O000251,2024-03-15,13,B01,CH1,C00000,CMP000,5,15,122.45
O000252,2024-03-15,14,B01,CH1,C00000,CMP000,2,3,35.1
O000253,2024-03-15,20,B01,CH1,C00000,CMP000,3,8,94.1
O000254,2024-03-15,18,B01,CH1,C00000,CMP000,1,1,13.6
O000255,2024-03-16,13,B01,CH2,C02838,CMP000,0,2,20.25
O000256,2024-03-16,20,B01,CH1,C00000,CMP000,1,3,22.95
O000257,2024-03-16,20,B01,CH1,C00000,CMP000,4,14,136.0
O000258,2024-03-16,19,B01,CH1,C04947,CMP000,4,13,100.6
O000259,2024-03-16,17,B01,CH4,C00590,CMP000,0,4,36.75
O000260,2024-03-16,19,B01,CH1,C00000,CMP000,1,2,19.05
O000261,2024-03-16,19,B01,CH1,C00000,CMP000,3,10,76.1
O000262,2024-03-16,17,B01,CH1,C00000,CMP000,2,7,53.05
O000263,2024-03-17,13,B01,CH1,C00000,CMP000,2,4,43.8
O000264,2024-03-17,16,B01,CH2,C00000,CMP000,0,2,19.5
O000265,2024-03-17,18,B01,CH1,C02545,CMP000,2,6,58.5
O000266,2024-03-17,20,B01,CH3,C00000,CMP000,0,2,15.9
O000267,2024-03-17,13,B01,CH1,C02262,CMP000,4,11,120.6
O000268,2024-03-18,12,B01,CH2,C02933,CMP000,0,3,21.8
O000269,2024-03-18,21,B01,CH1,C02514,CMP000,2,7,60.5
O000270,2024-03-18,17,B01,CH3,C01064,CMP000,0,2,16.5
O000271,2024-03-18,18,B01,CH4,C00000,CMP000,0,6,42.2
O000272,2024-03-20,20,B01,CH1,C04810,CMP000,4,12,106.75
O000273,2024-03-20,21,B01,CH1,C00000,CMP000,4,14,150.9
O000274,2024-03-20,18,B01,CH1,C00000,CMP000,2,4,35.7
O000275,2024-03-20,21,B01,CH1,C00558,CMP000,4,10,115.6
O000276,2024-03-20,19,B01,CH2,C00000,CMP000,0,3,21.05
O000277,2024-03-21,18,B01,CH1,C04532,CMP000,6,20,163.25
O000278,2024-03-21,21,B01,CH2,C04705,CMP000,0,8,54.0
O000279,2024-03-21,13,B01,CH1,C00000,CMP000,2,5,43.95
O000280,2024-03-21,21,B01,CH1,C00000,CMP000,2,9,79.15
O000281,2024-03-22,17,B01,CH1,C00000,CMP000,5,14,136.85
O000282,2024-03-22,18,B01,CH1,C00000,CMP000,3,11,92.6
O000283,2024-03-22,14,B01,CH1,C00000,CMP000,6,16,133.15
O000284,2024-03-22,12,B01,CH1,C00635,CMP000,2,6,64.65
O000285,2024-03-22,21,B01,CH1,C00000,CMP000,4,15,125.6
O000286,2024-03-23,14,B01,CH1,C00000,CMP000,2,6,58.8
O000287,2024-03-23,19,B01,CH2,C02955,CMP000,0,3,21.95
O000288,2024-03-23,14,B01,CH3,C00000,CMP000,0,6,43.9
O000289,2024-03-23,13,B01,CH1,C02933,CMP000,2,4,33.65
O000290,2024-03-24,12,B01,CH1,C02285,CMP000,2,6,44.1
O000291,2024-03-24,22,B01,CH1,C02933,CMP000,2,5,42.35
O000292,2024-03-24,19,B01,CH1,C02030,CMP000,6,24,219.05
O000293,2024-03-24,20,B01,CH1,C00000,CMP000,5,15,167.35
O000294,2024-03-25,18,B01,CH1,C00000,CMP000,8,26,263.35
O000295,2024-03-25,19,B01,CH3,C00000,CMP000,0,12,109.85
O000296,2024-03-25,14,B01,CH1,C01576,CMP000,2,5,62.6
O000297,2024-03-25,19,B01,CH1,C00522,CMP000,2,9,63.5
O000298,2024-03-28,20,B01,CH1,C00000,CMP000,5,17,152.8
O000299,2024-03-28,18,B01,CH1,C04419,CMP000,5,15,132.5
O000300,2024-03-28,17,B01,CH2,C00000,CMP000,0,4,32.85
O000301,2024-03-28,20,B01,CH1,C03555,CMP000,1,4,35.25
O000302,2024-03-28,19,B01,CH1,C00000,CMP000,1,3,29.05
O000303,2024-03-28,13,B01,CH1,C00000,CMP000,3,8,102.65
O000304,2024-03-28,19,B01,CH1,C00089,CMP000,5,18,166.85
O000305,2024-03-29,18,B01,CH3,C00000,CMP000,0,2,16.8
O000306,2024-03-29,14,B01,CH1,C00000,CMP000,4,13,113.4
O000307,2024-03-29,15,B01,CH4,C00000,CMP000,0,1,14.95
O000308,2024-03-29,22,B01,CH1,C01504,CMP000,3,10,79.6
O000309,2024-03-29,18,B01,CH1,C00000,CMP000,5,17,141.0
O000310,2024-03-29,20,B01,CH2,C02263,CMP000,0,2,21.95
O000311,2024-03-29,21,B01,CH1,C00000,CMP000,2,5,42.85
O000312,2024-03-30,19,B01,CH1,C04627,CMP000,4,15,138.0
O000313,2024-03-30,19,B01,CH3,C00000,CMP000,0,9,76.15
O000314,2024-03-30,14,B01,CH1,C00000,CMP000,2,4,37.8
O000315,2024-03-30,21,B01,CH1,C00000,CMP000,3,10,75.5
O000316,2024-03-31,19,B01,CH1,C00000,CMP000,7,22,234.1
O000317,2024-03-31,18,B01,CH4,C00000,CMP000,0,10,78.55
O000318,2024-03-31,18,B01,CH1,C00299,CMP000,3,8,78.0
O000319,2024-03-31,15,B01,CH1,C00742,CMP000,2,6,80.35
O000320,2024-03-31,13,B01,CH1,C00000,CMP000,4,12,95.1
O000321,2024-03-31,16,B01,CH3,C00000,CMP000,0,4,27.05
O000322,2024-03-31,21,B01,CH1,C00000,CMP000,6,14,145.95
O000323,2024-03-31,20,B01,CH1,C00000,CMP000,8,26,285.95
O000324,2024-03-31,13,B01,CH3,C00000,CMP000,0,1,13.15
O000325,2024-04-01,19,B01,CH1,C01960,CMP000,2,5,77.55
O000326,2024-04-01,20,B01,CH1,C00000,CMP000,1,3,30.4
O000327,2024-04-01,18,B01,CH3,C00000,CMP000,0,8,71.7
O000328,2024-04-01,19,B01,CH1,C00000,CMP000,7,19,178.9
O000329,2024-04-03,19,B01,CH1,C00000,CMP000,2,7,56.2
O000330,2024-04-03,21,B01,CH3,C00000,CMP000,0,5,37.1
O000331,2024-04-03,13,B01,CH1,C00000,CMP000,2,5,43.85
O000332,2024-04-03,17,B01,CH4,C00000,CMP000,0,3,23.6
O000333,2024-04-03,18,B01,CH1,C00000,CMP000,2,6,66.35
O000334,2024-04-04,20,B01,CH1,C00000,CMP000,5,18,145.45
O000335,2024-04-04,18,B01,CH3,C02099,CMP000,0,3,21.6
O000336,2024-04-04,20,B01,CH1,C00000,CMP000,2,6,61.25
O000337,2024-04-04,20,B01,CH1,C00000,CMP000,1,2,19.3
O000338,2024-04-04,22,B01,CH1,C02263,CMP000,5,16,151.35
O000339,2024-04-05,18,B01,CH1,C00000,CMP000,3,12,100.3
O000340,2024-04-05,18,B01,CH1,C03838,CMP000,1,4,33.8
O000341,2024-04-05,20,B01,CH1,C00000,CMP000,6,21,192.2
O000342,2024-04-06,16,B01,CH3,C00000,CMP000,0,4,50.35
O000343,2024-04-06,21,B01,CH1,C00000,CMP000,2,7,62.15
O000344,2024-04-06,13,B01,CH1,C00000,CMP000,1,2,22.7
O000345,2024-04-06,18,B01,CH1,C00000,CMP000,5,14,120.0
O000346,2024-04-06,13,B01,CH1,C00000,CMP000,3,9,108.1
O000347,2024-04-06,21,B01,CH4,C00000,CMP000,0,4,46.75
O000348,2024-04-06,13,B01,CH2,C02263,CMP000,0,5,38.1
O000349,2024-04-07,20,B01,CH1,C00000,CMP000,2,9,66.05
O000350,2024-04-07,13,B01,CH1,C03426,CMP000,3,8,74.55
O000351,2024-04-07,17,B01,CH1,C00000,CMP000,4,13,142.0
O000352,2024-04-07,21,B01,CH1,C02263,CMP000,4,14,129.3
O000353,2024-04-07,21,B01,CH2,C00000,CMP000,0,6,53.4
O000354,2024-04-07,13,B01,CH1,C00000,CMP000,2,5,49.2
O000355,2024-04-07,19,B01,CH1,C00000,CMP000,3,12,105.7
O000356,2024-04-07,18,B01,CH1,C03580,CMP000,2,4,37.0
O000357,2024-04-08,12,B01,CH3,C02263,CMP000,0,5,39.5
O000358,2024-04-08,21,B01,CH1,C00000,CMP000,4,12,109.3
O000359,2024-04-08,12,B01,CH1,C00000,CMP000,7,19,189.6
O000360,2024-04-08,19,B01,CH1,C00000,CMP000,4,14,149.4
O000361,2024-04-08,18,B01,CH1,C01064,CMP000,4,14,122.95
O000362,2024-04-08,15,B01,CH2,C01146,CMP000,0,2,17.7
O000363,2024-04-08,21,B01,CH1,C00000,CMP000,3,11,115.95
O000364,2024-04-10,20,B01,CH1,C00000,CMP000,3,8,81.6
O000365,2024-04-10,20,B01,CH1,C00000,CMP000,4,11,130.9
O000366,2024-04-10,20,B01,CH1,C03670,CMP000,2,4,39.6
O000367,2024-04-10,22,B01,CH1,C03533,CMP000,4,11,116.9
O000368,2024-04-10,21,B01,CH1,C00000,CMP000,7,25,226.6
O000369,2024-04-10,17,B01,CH1,C04359,CMP000,1,3,47.2
O000370,2024-04-10,18,B01,CH1,C00000,CMP000,4,11,142.45
O000371,2024-04-10,12,B01,CH1,C02263,CMP000,2,6,45.1
O000372,2024-04-11,16,B01,CH1,C03291,CMP000,2,5,48.55
O000373,2024-04-11,19,B01,CH1,C00000,CMP000,6,17,156.75
O000374,2024-04-11,18,B01,CH2,C00000,CMP000,0,3,20.6
O000375,2024-04-11,18,B01,CH1,C01064,CMP000,4,15,132.35
O000376,2024-04-11,19,B01,CH1,C02569,CMP000,1,3,34.1
O000377,2024-04-11,15,B01,CH1,C02569,CMP000,1,3,38.35
O000378,2024-04-11,19,B01,CH2,C02263,CMP000,0,8,65.05
O000379,2024-04-12,19,B01,CH1,C02263,CMP000,2,6,50.6
O000380,2024-04-12,21,B01,CH1,C00000,CMP000,4,11,112.5
O000381,2024-04-12,19,B01,CH1,C00000,CMP000,4,17,170.45
O000382,2024-04-12,21,B01,CH1,C00000,CMP000,3,11,130.7
O000383,2024-04-12,12,B01,CH1,C02933,CMP000,4,9,93.6
O000384,2024-04-12,19,B01,CH1,C00000,CMP000,5,16,151.15
O000385,2024-04-12,13,B01,CH1,C00000,CMP000,3,9,75.3
O000386,2024-04-13,18,B01,CH1,C02468,CMP000,4,13,113.1
O000387,2024-04-13,17,B01,CH1,C00000,CMP000,2,5,75.7
O000388,2024-04-13,12,B01,CH1,C01159,CMP000,2,7,55.05
O000389,2024-04-13,18,B01,CH1,C00000,CMP000,2,8,90.3
O000390,2024-04-13,21,B01,CH1,C00000,CMP000,2,6,92.95
O000391,2024-04-14,21,B01,CH1,C00000,CMP000,2,6,48.85
O000392,2024-04-14,21,B01,CH1,C00299,CMP000,2,7,55.8
O000393,2024-04-14,20,B01,CH1,C00000,CMP000,2,8,80.3
O000394,2024-04-14,21,B01,CH1,C04947,CMP000,2,7,60.55
O000395,2024-04-14,20,B01,CH1,C00000,CMP000,3,8,62.1
O000396,2024-04-15,13,B01,CH3,C00000,CMP000,0,3,35.55
O000397,2024-04-15,20,B01,CH1,C02164,CMP000,6,21,225.65
O000398,2024-04-15,12,B01,CH1,C00000,CMP000,1,2,26.5
O000399,2024-04-17,20,B01,CH2,C00000,CMP000,0,2,17.7
O000400,2024-04-17,14,B01,CH1,C00000,CMP000,8,19,162.0
O000401,2024-04-17,19,B01,CH1,C02164,CMP000,4,14,119.1
O000402,2024-04-17,21,B01,CH1,C00000,CMP000,2,5,41.9
O000403,2024-04-18,18,B01,CH4,C00000,CMP000,0,5,47.35
O000404,2024-04-18,21,B01,CH1,C00000,CMP000,2,5,49.45
O000405,2024-04-18,18,B01,CH1,C04265,CMP000,1,4,28.15
O000406,2024-04-18,20,B01,CH4,C00000,CMP000,0,3,29.05
O000407,2024-04-18,19,B01,CH3,C00000,CMP000,0,3,21.8
O000408,2024-04-18,15,B01,CH3,C00000,CMP000,0,2,33.55
O000409,2024-04-18,13,B01,CH1,C02263,CMP000,2,4,38.55
O000410,2024-04-19,12,B01,CH1,C00000,CMP000,5,17,133.75
O000411,2024-04-19,22,B01,CH1,C00000,CMP000,6,19,190.15
O000412,2024-04-19,12,B01,CH4,C00000,CMP000,0,2,21.15
O000413,2024-04-19,12,B01,CH1,C03300,CMP000,2,6,52.85
O000414,2024-04-19,18,B01,CH3,C00000,CMP000,0,5,42.1
O000415,2024-04-19,18,B01,CH1,C00000,CMP000,6,23,174.4
O000416,2024-04-20,19,B01,CH1,C00000,CMP000,6,19,167.35
O000417,2024-04-20,12,B01,CH1,C00000,CMP000,2,7,46.65
O000418,2024-04-20,19,B01,CH1,C00000,CMP000,1,2,19.65
O000419,2024-04-20,12,B01,CH1,C03300,CMP000,3,8,67.6
O000420,2024-04-20,21,B01,CH1,C02263,CMP000,2,5,51.7
O000421,2024-04-20,19,B01,CH1,C00000,CMP000,6,17,177.15
O000422,2024-04-21,19,B01,CH1,C00000,CMP000,2,5,47.45
O000423,2024-04-21,17,B01,CH1,C03822,CMP000,4,11,106.55
O000424,2024-04-21,18,B01,CH1,C00000,CMP000,3,10,133.95
O000425,2024-04-21,12,B01,CH1,C00000,CMP000,3,7,94.5
O000426,2024-04-21,19,B01,CH1,C02105,CMP000,2,9,78.3
O000427,2024-04-21,20,B01,CH1,C00000,CMP000,2,6,48.1
O000428,2024-04-21,13,B01,CH1,C00000,CMP000,6,19,171.4
O000429,2024-04-21,18,B01,CH4,C00000,CMP000,0,3,20.6
O000430,2024-04-21,13,B01,CH1,C03402,CMP000,3,4,42.35
O000431,2024-04-22,19,B01,CH2,C00000,CMP000,0,3,23.15
O000432,2024-04-22,17,B01,CH3,C00000,CMP000,0,1,13.6
O000433,2024-04-22,14,B01,CH1,C00000,CMP000,2,7,51.15
O000434,2024-04-22,18,B01,CH1,C00000,CMP000,3,11,102.05
O000435,2024-04-24,19,B01,CH1,C01402,CMP000,2,8,87.75
O000436,2024-04-24,13,B01,CH1,C00000,CMP000,2,6,55.95
O000437,2024-04-24,20,B01,CH1,C00000,CMP000,5,14,125.55
O000438,2024-04-25,14,B01,CH1,C00000,CMP000,5,12,137.5
O000439,2024-04-25,19,B01,CH1,C00000,CMP000,3,10,87.25
O000440,2024-04-26,18,B01,CH1,C00000,CMP000,1,2,19.95
O000441,2024-04-26,14,B01,CH1,C00000,CMP000,5,14,120.75
O000442,2024-04-26,19,B01,CH1,C02105,CMP000,4,16,139.95
O000443,2024-04-26,18,B01,CH3,C00000,CMP000,0,4,44.0
O000444,2024-04-26,18,B01,CH1,C01554,CMP000,2,5,39.45
O000445,2024-04-27,19,B01,CH1,C00000,CMP000,2,6,92.05
O000446,2024-04-27,22,B01,CH1,C00000,CMP000,2,7,64.85
O000447,2024-04-27,18,B01,CH1,C00000,CMP000,4,12,119.15
O000448,2024-04-27,19,B01,CH3,C00000,CMP000,0,5,54.0
O000449,2024-04-27,18,B01,CH1,C00000,CMP000,2,6,58.3
O000450,2024-04-27,17,B01,CH2,C00000,CMP000,0,4,34.05
O000451,2024-04-27,17,B01,CH2,C00000,CMP000,0,2,21.35
O000452,2024-04-27,19,B01,CH3,C00000,CMP000,0,9,84.1
O000453,2024-04-27,12,B01,CH1,C02933,CMP000,4,11,104.0
O000454,2024-04-27,12,B01,CH1,C00000,CMP000,4,10,99.8
O000455,2024-04-28,12,B01,CH1,C00000,CMP000,4,10,87.15
O000456,2024-04-28,20,B01,CH1,C00839,CMP000,3,7,84.2
O000457,2024-04-28,16,B01,CH1,C00000,CMP000,3,9,68.7
O000458,2024-04-29,18,B01,CH1,C00000,CMP000,7,18,159.4
O000459,2024-04-29,19,B01,CH1,C00000,CMP000,4,12,108.95
O000460,2024-04-29,22,B01,CH1,C00000,CMP000,6,18,149.85
O000461,2024-05-01,21,B01,CH4,C00000,CMP000,0,8,60.55
O000462,2024-05-01,18,B01,CH1,C02263,CMP000,4,14,130.35
O000463,2024-05-01,21,B01,CH1,C00000,CMP000,1,4,31.3
O000464,2024-05-01,20,B01,CH1,C00000,CMP000,2,7,58.15
O000465,2024-05-02,16,B01,CH2,C00000,CMP000,0,8,50.85
O000466,2024-05-02,18,B01,CH1,C00000,CMP000,2,5,51.4
O000467,2024-05-02,19,B01,CH1,C00000,CMP000,1,5,37.9
O000468,2024-05-03,20,B01,CH3,C00000,CMP000,0,5,38.85
O000469,2024-05-03,21,B01,CH1,C00000,CMP000,2,7,139.05
O000470,2024-05-03,14,B01,CH2,C00000,CMP000,0,2,19.5
O000471,2024-05-03,19,B01,CH1,C00000,CMP000,2,4,67.1
O000472,2024-05-03,19,B01,CH4,C00000,CMP000,0,4,36.3
O000473,2024-05-03,22,B01,CH1,C02263,CMP000,1,3,21.95
O000474,2024-05-03,21,B01,CH2,C00000,CMP000,0,1,15.85
O000475,2024-05-04,13,B01,CH1,C04914,CMP000,3,9,72.65
O000476,2024-05-04,18,B01,CH1,C00000,CMP000,4,10,126.35
O000477,2024-05-04,19,B01,CH1,C00000,CMP000,3,14,118.05
O000478,2024-05-04,22,B01,CH1,C00000,CMP000,7,24,209.2
O000479,2024-05-04,18,B01,CH1,C02005,CMP000,4,13,114.25
O000480,2024-05-04,13,B01,CH1,C00000,CMP000,5,10,83.45
O000481,2024-05-05,19,B01,CH1,C02919,CMP000,1,3,24.75
O000482,2024-05-05,15,B01,CH1,C02513,CMP000,1,3,37.45
O000483,2024-05-05,17,B01,CH2,C00000,CMP000,0,2,26.5
O000484,2024-05-05,22,B01,CH1,C02933,CMP000,2,6,63.45
O000485,2024-05-06,20,B01,CH2,C00000,CMP000,0,3,40.55
O000486,2024-05-08,20,B01,CH1,C01064,CMP000,7,18,167.5
O000487,2024-05-08,13,B01,CH4,C00000,CMP000,0,3,30.85
O000488,2024-05-08,20,B01,CH1,C00678,CMP000,2,8,62.15
O000489,2024-05-08,14,B01,CH1,C00000,CMP000,2,5,48.25
O000490,2024-05-09,22,B01,CH1,C01409,CMP000,8,27,242.15
O000491,2024-05-09,21,B01,CH1,C00000,CMP000,4,12,98.25
O000492,2024-05-10,18,B01,CH1,C02547,CMP000,1,3,20.7
O000493,2024-05-10,13,B01,CH1,C00299,CMP000,2,4,40.95
O000494,2024-05-10,19,B01,CH1,C02263,CMP000,2,6,64.55
O000495,2024-05-10,17,B01,CH1,C01749,CMP000,2,5,44.25
O000496,2024-05-10,19,B01,CH1,C01190,CMP000,4,15,125.1
O000497,2024-05-10,21,B01,CH4,C00000,CMP000,0,3,18.35
O000498,2024-05-10,13,B01,CH1,C00839,CMP000,4,11,99.85
O000499,2024-05-11,21,B01,CH4,C00000,CMP000,0,6,52.35
O000500,2024-05-11,20,B01,CH3,C00000,CMP000,0,2,19.05
O000501,2024-05-11,21,B01,CH3,C00000,CMP000,0,9,67.05
O000502,2024-05-11,21,B01,CH1,C02439,CMP000,1,3,72.8
O000503,2024-05-11,20,B01,CH1,C00000,CMP000,5,15,135.05
O000504,2024-05-11,19,B01,CH1,C00000,CMP000,4,12,122.1
O000505,2024-05-11,20,B01,CH1,C02263,CMP000,4,15,129.9
O000506,2024-05-11,20,B01,CH1,C00000,CMP000,1,3,25.4
O000507,2024-05-11,12,B01,CH1,C00000,CMP000,2,4,40.8
O000508,2024-05-12,20,B01,CH1,C00000,CMP000,4,12,98.4
O000509,2024-05-12,22,B01,CH2,C00000,CMP000,0,7,79.1
O000510,2024-05-12,21,B01,CH1,C00000,CMP000,1,2,20.1
O000511,2024-05-12,21,B01,CH1,C00000,CMP000,2,4,39.25
O000512,2024-05-12,20,B01,CH1,C01749,CMP000,2,6,49.9
O000513,2024-05-13,20,B01,CH1,C01017,CMP000,1,2,17.85
O000514,2024-05-15,15,B01,CH1,C00000,CMP000,2,7,81.65
O000515,2024-05-15,13,B01,CH1,C00000,CMP000,1,2,29.5
O000516,2024-05-16,17,B01,CH4,C00000,CMP000,0,6,48.7
O000517,2024-05-16,19,B01,CH1,C03628,CMP000,2,6,51.95
O000518,2024-05-16,21,B01,CH1,C00000,CMP000,2,9,75.85
O000519,2024-05-16,20,B01,CH1,C00000,CMP000,2,5,53.55
O000520,2024-05-16,18,B01,CH1,C02114,CMP000,2,9,73.55
O000521,2024-05-16,21,B01,CH1,C04705,CMP000,2,5,43.35
O000522,2024-05-16,14,B01,CH1,C00000,CMP000,3,10,80.05
O000523,2024-05-16,17,B01,CH3,C00000,CMP000,0,10,87.75
O000524,2024-05-17,13,B01,CH4,C00000,CMP000,0,7,65.8
O000525,2024-05-17,17,B01,CH1,C02780,CMP000,2,9,76.3
O000526,2024-05-17,19,B01,CH1,C01749,CMP000,4,10,133.2
O000527,2024-05-17,19,B01,CH1,C01790,CMP000,4,12,95.65
O000528,2024-05-17,15,B01,CH1,C02105,CMP000,2,6,53.3
O000529,2024-05-17,13,B01,CH1,C00000,CMP000,1,3,23.85
O000530,2024-05-17,22,B01,CH4,C00000,CMP000,0,2,19.5
O000531,2024-05-17,19,B01,CH1,C00000,CMP000,2,7,62.55
O000532,2024-05-17,21,B01,CH1,C00000,CMP000,2,5,84.35
O000533,2024-05-17,22,B01,CH1,C04462,CMP000,8,26,301.85
O000534,2024-05-18,18,B01,CH1,C00000,CMP000,2,5,72.95
O000535,2024-05-18,18,B01,CH1,C01047,CMP000,2,6,42.1
O000536,2024-05-18,20,B01,CH1,C00000,CMP000,2,7,54.9
O000537,2024-05-18,15,B01,CH1,C02919,CMP000,3,9,95.75
O000538,2024-05-18,18,B01,CH4,C00000,CMP000,0,4,37.35
O000539,2024-05-18,15,B01,CH1,C00000,CMP000,2,7,51.95
O000540,2024-05-18,20,B01,CH1,C00000,CMP000,2,5,40.2
O000541,2024-05-18,17,B01,CH4,C00000,CMP000,0,4,27.05
O000542,2024-05-18,20,B01,CH2,C01064,CMP000,0,3,22.85
O000543,2024-05-18,19,B01,CH2,C00000,CMP000,0,1,15.85
O000544,2024-05-18,20,B01,CH1,C00000,CMP000,7,20,212.1
O000545,2024-05-19,22,B01,CH3,C02439,CMP000,0,5,56.7
O000546,2024-05-19,21,B01,CH1,C00000,CMP000,4,11,111.8
O000547,2024-05-19,14,B01,CH1,C00000,CMP000,1,3,28.55
O000548,2024-05-19,21,B01,CH1,C02263,CMP000,4,8,100.25
O000549,2024-05-20,21,B01,CH4,C00000,CMP000,0,3,29.05
O000550,2024-05-20,21,B01,CH1,C01064,CMP000,2,8,74.9
O000551,2024-05-20,20,B01,CH1,C00000,CMP000,2,6,53.55
O000552,2024-05-20,13,B01,CH1,C00000,CMP000,5,13,118.1
O000553,2024-05-20,16,B01,CH1,C00000,CMP000,2,5,62.75
O000554,2024-05-20,13,B01,CH1,C01249,CMP000,5,13,111.95
O000555,2024-05-20,19,B01,CH1,C00824,CMP000,4,15,148.75
O000556,2024-05-22,13,B01,CH1,C00000,CMP000,2,5,41.55
O000557,2024-05-23,12,B01,CH1,C03254,CMP000,1,2,21.75
O000558,2024-05-23,19,B01,CH1,C00000,CMP000,5,16,129.75
O000559,2024-05-23,20,B01,CH2,C02569,CMP000,0,3,19.25
O000560,2024-05-24,22,B01,CH1,C00000,CMP000,2,8,70.75
O000561,2024-05-24,18,B01,CH1,C00000,CMP000,3,9,107.9
O000562,2024-05-24,22,B01,CH1,C00000,CMP000,3,11,94.45
O000563,2024-05-24,18,B01,CH1,C00000,CMP000,4,8,90.7
O000564,2024-05-24,18,B01,CH1,C04541,CMP000,3,11,92.75
O000565,2024-05-24,20,B01,CH1,C00000,CMP000,3,12,96.6
O000566,2024-05-25,12,B01,CH1,C00000,CMP000,2,5,46.15
O000567,2024-05-25,20,B01,CH1,C02290,CMP000,8,27,329.75
O000568,2024-05-25,18,B01,CH1,C02464,CMP000,2,8,67.15
O000569,2024-05-25,19,B01,CH1,C00000,CMP000,6,18,150.75
O000570,2024-05-25,20,B01,CH1,C03103,CMP000,3,9,85.95
O000571,2024-05-25,15,B01,CH1,C00000,CMP000,2,8,62.85
O000572,2024-05-25,13,B01,CH1,C00000,CMP000,1,5,33.4
O000573,2024-05-25,16,B01,CH1,C00000,CMP000,5,19,163.25
O000574,2024-05-26,19,B01,CH4,C00000,CMP000,0,1,14.05
O000575,2024-05-26,19,B01,CH1,C00000,CMP000,2,5,51.45
O000576,2024-05-26,12,B01,CH1,C00000,CMP000,3,8,107.5
O000577,2024-05-26,21,B01,CH1,C00000,CMP000,2,5,48.95
O000578,2024-05-27,22,B01,CH1,C00000,CMP000,2,5,43.8
O000579,2024-05-27,20,B01,CH3,C02546,CMP000,0,4,46.3
O000580,2024-05-27,20,B01,CH3,C00000,CMP000,0,2,28.55
O000581,2024-05-29,20,B01,CH1,C00000,CMP000,2,6,57.25
O000582,2024-05-29,18,B01,CH2,C00000,CMP000,0,5,40.1
O000583,2024-05-29,19,B01,CH1,C00000,CMP000,4,14,123.75
O000584,2024-05-29,16,B01,CH1,C00000,CMP000,6,16,173.15
O000585,2024-05-30,18,B01,CH2,C01343,CMP000,0,8,65.5
O000586,2024-05-31,21,B01,CH1,C00000,CMP000,4,10,94.05
O000587,2024-05-31,20,B01,CH2,C00678,CMP000,0,7,68.95
O000588,2024-05-31,14,B01,CH1,C00000,CMP000,2,6,58.05
O000589,2024-05-31,17,B01,CH2,C00522,CMP000,0,2,27.2
O000590,2024-05-31,20,B01,CH1,C00000,CMP000,6,18,200.65
O000591,2024-05-31,13,B01,CH4,C00000,CMP000,0,5,39.2
O000592,2024-05-31,18,B01,CH1,C03822,CMP000,5,16,136.75
O000593,2024-06-01,12,B01,CH1,C01402,CMP000,2,6,46.0
O000594,2024-06-01,20,B01,CH1,C00000,CMP000,2,5,44.25
O000595,2024-06-01,13,B01,CH1,C00000,CMP000,2,5,55.05
O000596,2024-06-01,19,B01,CH1,C00000,CMP000,6,21,166.55
O000597,2024-06-01,15,B01,CH4,C00000,CMP000,0,8,72.6
O000598,2024-06-01,19,B01,CH4,C00000,CMP000,0,9,99.4
O000599,2024-06-01,21,B01,CH1,C00000,CMP000,2,7,81.7
O000600,2024-06-01,21,B01,CH1,C00000,CMP000,1,5,34.5
O000601,2024-06-02,16,B01,CH1,C00000,CMP000,2,8,63.05
O000602,2024-06-02,20,B01,CH1,C00000,CMP000,8,28,245.05
O000603,2024-06-02,19,B01,CH1,C01402,CMP000,6,18,178.25
O000604,2024-06-02,21,B01,CH4,C00000,CMP000,0,5,41.9
O000605,2024-06-02,12,B01,CH1,C00000,CMP000,2,6,53.5
O000606,2024-06-03,19,B01,CH1,C00000,CMP000,4,14,108.2
O000607,2024-06-05,20,B01,CH1,C00000,CMP000,4,11,125.15
O000608,2024-06-05,18,B01,CH1,C00000,CMP000,2,7,66.65
O000609,2024-06-05,16,B01,CH1,C02005,CMP000,4,12,96.75
O000610,2024-06-05,22,B01,CH1,C00000,CMP000,2,5,45.6
O000611,2024-06-05,17,B01,CH1,C00000,CMP000,2,7,62.7
O000612,2024-06-05,20,B01,CH3,C00000,CMP000,0,4,49.65
O000613,2024-06-05,19,B01,CH4,C00000,CMP000,0,3,31.3
O000614,2024-06-05,13,B01,CH1,C00000,CMP000,1,3,33.15
O000615,2024-06-06,15,B01,CH1,C02263,CMP000,2,8,80.35
O000616,2024-06-06,14,B01,CH1,C01343,CMP000,4,12,90.0
O000617,2024-06-06,16,B01,CH2,C02030,CMP000,0,4,50.35
O000618,2024-06-06,21,B01,CH1,C00000,CMP000,2,8,62.0
O000619,2024-06-06,20,B01,CH1,C01654,CMP000,1,3,27.65
O000620,2024-06-06,17,B01,CH1,C02005,CMP000,1,2,16.95
O000621,2024-06-06,19,B01,CH1,C00000,CMP000,2,6,58.5
O000622,2024-06-06,22,B01,CH1,C00000,CMP000,1,2,24.95
O000623,2024-06-07,13,B01,CH1,C01064,CMP000,1,2,19.05
O000624,2024-06-07,17,B01,CH2,C00000,CMP000,0,3,20.6
O000625,2024-06-07,13,B01,CH1,C00000,CMP000,6,14,120.5
O000626,2024-06-07,17,B01,CH1,C00000,CMP000,3,13,96.6
O000627,2024-06-08,13,B01,CH1,C00000,CMP000,4,12,118.0
O000628,2024-06-08,22,B01,CH1,C00000,CMP000,4,12,121.25
O000629,2024-06-08,16,B01,CH1,C00000,CMP000,1,2,18.6
O000630,2024-06-08,19,B01,CH2,C00000,CMP000,0,2,17.25
O000631,2024-06-09,22,B01,CH1,C00389,CMP000,4,12,86.6
O000632,2024-06-09,12,B01,CH1,C00742,CMP000,7,19,153.1
O000633,2024-06-09,21,B01,CH1,C03663,CMP000,2,5,53.05
O000634,2024-06-09,13,B01,CH1,C01792,CMP000,1,3,26.5
O000635,2024-06-09,22,B01,CH1,C00000,CMP000,3,8,59.2
O000636,2024-06-09,12,B01,CH1,C03300,CMP000,8,23,201.5
O000637,2024-06-10,21,B01,CH1,C00000,CMP000,2,4,45.8
O000638,2024-06-10,19,B01,CH1,C00000,CMP000,2,7,63.15
O000639,2024-06-10,14,B01,CH3,C02263,CMP000,0,3,24.5
O000640,2024-06-10,13,B01,CH1,C00000,CMP000,2,6,44.0
O000641,2024-06-10,12,B01,CH1,C00000,CMP000,2,4,33.65
O000642,2024-06-10,21,B01,CH1,C00000,CMP000,2,8,59.2
O000643,2024-06-10,14,B01,CH1,C04265,CMP000,4,15,112.5
O000644,2024-06-12,18,B01,CH1,C00000,CMP000,5,16,148.35
O000645,2024-06-12,19,B01,CH3,C00000,CMP000,0,2,30.8
O000646,2024-06-12,15,B01,CH4,C02262,CMP000,0,4,38.6
O000647,2024-06-12,18,B01,CH2,C01749,CMP000,0,5,33.75
O000648,2024-06-12,21,B01,CH1,C00134,CMP000,3,11,88.2
O000649,2024-06-12,19,B01,CH1,C00000,CMP000,4,13,107.55
O000650,2024-06-13,19,B01,CH4,C00000,CMP000,0,2,15.9
O000651,2024-06-13,20,B01,CH2,C00000,CMP000,0,5,36.2
O000652,2024-06-14,12,B01,CH1,C02569,CMP000,2,6,83.95
O000653,2024-06-14,19,B01,CH2,C00000,CMP000,0,11,93.2
O000654,2024-06-14,19,B01,CH1,C00000,CMP000,4,10,94.85
O000655,2024-06-14,21,B01,CH1,C00000,CMP000,1,3,28.55
O000656,2024-06-14,13,B01,CH1,C00000,CMP000,3,8,69.35
O000657,2024-06-15,13,B01,CH1,C00000,CMP000,1,2,15.15
O000658,2024-06-15,17,B01,CH1,C00000,CMP000,2,7,73.05
O000659,2024-06-15,19,B01,CH1,C01064,CMP000,4,11,109.75
O000660,2024-06-15,19,B01,CH1,C00000,CMP000,1,2,16.6
O000661,2024-06-15,13,B01,CH1,C03152,CMP000,5,16,127.4
O000662,2024-06-15,20,B01,CH4,C00000,CMP000,0,2,15.9
O000663,2024-06-15,21,B01,CH1,C02718,CMP000,1,3,22.85
O000664,2024-06-15,17,B01,CH3,C00000,CMP000,0,5,41.0
O000665,2024-06-15,19,B01,CH3,C00000,CMP000,0,4,45.55
O000666,2024-06-15,12,B01,CH1,C00000,CMP000,4,9,82.45
O000667,2024-06-16,20,B01,CH1,C00000,CMP000,6,18,188.4
O000668,2024-06-16,19,B01,CH1,C00000,CMP000,2,9,73.5
O000669,2024-06-16,19,B01,CH4,C00000,CMP000,0,2,16.8
O000670,2024-06-16,16,B01,CH1,C01790,CMP000,2,7,75.05
O000671,2024-06-16,21,B01,CH1,C00000,CMP000,4,11,128.45
O000672,2024-06-16,19,B01,CH1,C00000,CMP000,3,8,89.8
O000673,2024-06-16,22,B01,CH1,C00000,CMP000,4,14,109.85
O000674,2024-06-16,19,B01,CH1,C00000,CMP000,5,16,145.5
O000675,2024-06-16,19,B01,CH1,C02262,CMP000,1,4,45.65
O000676,2024-06-16,22,B01,CH1,C00000,CMP000,7,21,239.1
O000677,2024-06-16,17,B01,CH1,C00000,CMP000,5,18,202.65
O000678,2024-06-16,21,B01,CH4,C00000,CMP000,0,5,41.3
O000679,2024-06-17,19,B01,CH3,C00000,CMP000,0,3,32.2
O000680,2024-06-17,12,B01,CH1,C02263,CMP000,5,11,100.65
O000681,2024-06-17,18,B01,CH1,C00000,CMP000,2,7,56.45
O000682,2024-06-17,17,B01,CH1,C00000,CMP000,4,12,114.75
O000683,2024-06-17,20,B01,CH3,C04676,CMP000,0,3,30.55
O000684,2024-06-17,14,B01,CH1,C00000,CMP000,2,6,59.1
O000685,2024-06-19,22,B01,CH1,C01409,CMP000,1,5,35.85
O000686,2024-06-19,20,B01,CH1,C00299,CMP000,2,7,79.95
O000687,2024-06-19,17,B01,CH2,C00000,CMP000,0,11,90.75
O000688,2024-06-19,21,B01,CH1,C00000,CMP000,3,10,100.4
O000689,2024-06-19,14,B01,CH1,C00000,CMP000,4,13,111.4
O000690,2024-06-20,13,B01,CH1,C02030,CMP000,4,12,105.85
O000691,2024-06-20,13,B01,CH4,C01017,CMP000,0,4,27.85
O000692,2024-06-20,21,B01,CH3,C01064,CMP000,0,3,20.6
O000693,2024-06-20,17,B01,CH4,C00000,CMP000,0,3,38.7
O000694,2024-06-20,21,B01,CH2,C00000,CMP000,0,4,32.3
O000695,2024-06-20,19,B01,CH3,C00000,CMP000,0,2,15.6
O000696,2024-06-21,14,B01,CH1,C02468,CMP000,3,10,93.6
O000697,2024-06-21,17,B01,CH2,C01268,CMP000,0,6,52.35
O000698,2024-06-21,16,B01,CH3,C00000,CMP000,0,11,96.35
O000699,2024-06-21,17,B01,CH1,C00000,CMP000,1,3,26.1
O000700,2024-06-21,20,B01,CH1,C00000,CMP000,2,8,63.75
O000701,2024-06-22,13,B01,CH1,C00000,CMP000,2,5,48.1
O000702,2024-06-22,21,B01,CH1,C00000,CMP000,2,5,74.5
O000703,2024-06-22,20,B01,CH2,C00000,CMP000,0,4,27.7
O000704,2024-06-22,20,B01,CH1,C00000,CMP000,3,11,112.75
O000705,2024-06-22,15,B01,CH4,C00000,CMP000,0,2,33.55
O000706,2024-06-23,20,B01,CH1,C01749,CMP000,6,17,154.7
O000707,2024-06-23,18,B01,CH1,C00000,CMP000,2,6,46.45
O000708,2024-06-23,20,B01,CH2,C03934,CMP000,0,3,23.6
O000709,2024-06-23,17,B01,CH3,C00000,CMP000,0,4,38.55
O000710,2024-06-24,18,B01,CH2,C00000,CMP000,0,8,84.55
O000711,2024-06-24,19,B01,CH1,C00000,CMP000,2,7,57.2
O000712,2024-06-26,19,B01,CH1,C00000,CMP000,4,8,119.25
O000713,2024-06-27,22,B01,CH1,C00522,CMP000,3,9,102.65
O000714,2024-06-27,21,B01,CH1,C00000,CMP000,4,8,83.25
O000715,2024-06-27,20,B01,CH1,C00000,CMP000,2,9,115.25
O000716,2024-06-27,20,B01,CH1,C00000,CMP000,2,7,84.85
O000717,2024-06-27,14,B01,CH1,C00000,CMP000,1,3,28.55
O000718,2024-06-27,15,B01,CH1,C00506,CMP000,2,6,49.0
O000719,2024-06-28,21,B01,CH1,C01790,CMP000,2,6,59.7
O000720,2024-06-28,12,B01,CH1,C04541,CMP000,1,2,52.65
O000721,2024-06-28,20,B01,CH1,C00000,CMP000,7,18,208.15
O000722,2024-06-28,14,B01,CH1,C00000,CMP000,2,5,77.1
O000723,2024-06-28,15,B01,CH2,C00000,CMP000,0,2,22.85
O000724,2024-06-28,18,B01,CH1,C00227,CMP000,1,4,39.5
O000725,2024-06-28,22,B01,CH4,C00000,CMP000,0,6,43.0
O000726,2024-06-28,12,B01,CH1,C00000,CMP000,2,4,67.3
O000727,2024-06-29,22,B01,CH1,C00000,CMP000,2,6,62.15
O000728,2024-06-29,19,B01,CH1,C00000,CMP000,2,8,64.25
O000729,2024-06-29,19,B01,CH1,C00000,CMP000,5,14,155.95
O000730,2024-06-29,17,B01,CH1,C00227,CMP000,2,7,53.35
O000731,2024-06-29,19,B01,CH1,C00439,CMP000,5,14,169.4
O000732,2024-06-29,18,B01,CH2,C01017,CMP000,0,6,57.95
O000733,2024-06-29,21,B01,CH3,C00000,CMP000,0,6,38.95
O000734,2024-06-29,19,B01,CH1,C00000,CMP000,4,10,98.9
O000735,2024-06-29,20,B01,CH1,C00000,CMP000,2,6,56.05
O000736,2024-06-29,19,B01,CH1,C00000,CMP000,2,7,55.8
O000737,2024-06-30,12,B01,CH1,C00000,CMP000,2,7,59.0
O000738,2024-06-30,19,B01,CH1,C03628,CMP000,3,9,95.1
O000739,2024-06-30,13,B01,CH1,C00000,CMP000,2,5,53.25
O000740,2024-06-30,20,B01,CH1,C02263,CMP000,5,16,161.65
O000741,2024-06-30,22,B01,CH1,C00000,CMP000,1,3,28.1
O000742,2024-06-30,17,B01,CH1,C00000,CMP000,2,7,57.85
O000743,2024-06-30,13,B01,CH1,C00000,CMP000,2,6,68.55
O000744,2024-06-30,17,B01,CH1,C03863,CMP000,2,4,45.6
O000745,2024-06-30,12,B01,CH1,C01064,CMP000,4,13,105.75
O000746,2024-07-01,12,B01,CH1,C00000,CMP000,4,9,107.15
O000747,2024-07-01,19,B01,CH4,C03939,CMP000,0,4,41.3
O000748,2024-07-01,12,B01,CH1,C01900,CMP000,1,3,25.65
O000749,2024-07-03,12,B01,CH1,C01409,CMP000,2,5,58.2
O000750,2024-07-03,13,B01,CH1,C00000,CMP000,2,7,55.65
O000751,2024-07-03,14,B01,CH1,C03300,CMP000,6,13,156.8
O000752,2024-07-03,15,B01,CH1,C00000,CMP000,3,11,90.5
O000753,2024-07-04,20,B01,CH1,C00000,CMP000,1,3,35.4
O000754,2024-07-04,17,B01,CH4,C01555,CMP000,0,2,16.8
O000755,2024-07-04,13,B01,CH3,C02019,CMP000,0,9,81.4
O000756,2024-07-04,22,B01,CH1,C00000,CMP000,2,6,60.05
O000757,2024-07-04,21,B01,CH1,C00000,CMP000,2,5,57.45
O000758,2024-07-05,12,B01,CH1,C00000,CMP000,2,6,48.25
O000759,2024-07-05,20,B01,CH1,C02295,CMP000,6,19,154.2
O000760,2024-07-05,14,B01,CH1,C01730,CMP000,1,3,33.15
O000761,2024-07-05,14,B01,CH1,C00000,CMP000,1,4,30.85
O000762,2024-07-05,20,B01,CH1,C00000,CMP000,1,3,41.3
O000763,2024-07-06,13,B01,CH1,C00000,CMP000,3,7,60.95
O000764,2024-07-06,19,B01,CH1,C00000,CMP000,2,5,59.2
O000765,2024-07-06,13,B01,CH1,C00000,CMP000,2,7,79.1
O000766,2024-07-06,12,B01,CH1,C00000,CMP000,7,22,167.45
O000767,2024-07-06,19,B01,CH1,C00000,CMP000,4,14,121.75
O000768,2024-07-07,22,B01,CH1,C02263,CMP000,4,8,124.25
O000769,2024-07-07,18,B01,CH1,C00000,CMP000,2,5,41.45
O000770,2024-07-07,22,B01,CH3,C00000,CMP000,0,3,38.75
O000771,2024-07-07,19,B01,CH1,C00000,CMP000,1,5,34.05
O000772,2024-07-07,16,B01,CH1,C00000,CMP000,2,10,101.75
O000773,2024-07-08,13,B01,CH1,C00000,CMP000,2,7,50.8
O000774,2024-07-08,16,B01,CH1,C00678,CMP000,4,15,115.9
O000775,2024-07-08,12,B01,CH1,C00522,CMP000,3,6,58.8
O000776,2024-07-10,20,B01,CH1,C00000,CMP000,4,15,141.15
O000777,2024-07-10,19,B01,CH1,C00000,CMP000,4,12,97.4
O000778,2024-07-10,18,B01,CH1,C00000,CMP000,3,11,86.35
O000779,2024-07-11,21,B01,CH1,C00299,CMP000,2,5,43.55
O000780,2024-07-11,18,B01,CH1,C03877,CMP000,2,6,50.8
O000781,2024-07-12,17,B01,CH2,C00000,CMP000,0,7,60.95
O000782,2024-07-12,21,B01,CH1,C00000,CMP000,4,11,90.35
O000783,2024-07-12,22,B01,CH1,C02214,CMP000,2,5,55.35
O000784,2024-07-12,20,B01,CH1,C00000,CMP000,3,11,89.35
O000785,2024-07-12,16,B01,CH3,C00000,CMP000,0,3,39.45
O000786,2024-07-12,17,B01,CH1,C00000,CMP000,1,3,32.85
O000787,2024-07-12,21,B01,CH2,C00000,CMP000,0,2,14.7
O000788,2024-07-13,14,B01,CH1,C03971,CMP000,2,6,61.25
O000789,2024-07-13,16,B01,CH1,C00089,CMP000,4,15,114.9
O000790,2024-07-13,19,B01,CH2,C00000,CMP000,0,7,64.2
O000791,2024-07-13,21,B01,CH1,C00000,CMP000,2,4,36.7
O000792,2024-07-13,13,B01,CH1,C02933,CMP000,6,20,156.85
O000793,2024-07-13,22,B01,CH1,C00000,CMP000,4,12,95.7
O000794,2024-07-13,13,B01,CH1,C00051,CMP000,3,9,70.85
O000795,2024-07-13,15,B01,CH1,C00000,CMP000,1,2,26.5
O000796,2024-07-14,12,B01,CH1,C02263,CMP000,4,12,117.75
O000797,2024-07-14,20,B01,CH1,C01184,CMP000,1,5,42.15
O000798,2024-07-14,20,B01,CH1,C02263,CMP000,6,18,206.15
O000799,2024-07-14,15,B01,CH1,C00000,CMP000,2,7,65.55
O000800,2024-07-15,20,B01,CH1,C01229,CMP000,2,8,67.35
O000801,2024-07-15,15,B01,CH1,C00000,CMP000,1,2,16.95
O000802,2024-07-15,17,B01,CH1,C01064,CMP000,3,11,91.4
O000803,2024-07-15,13,B01,CH1,C00000,CMP000,4,13,106.15
O000804,2024-07-15,16,B01,CH1,C00000,CMP000,2,7,75.3
O000805,2024-07-15,18,B01,CH4,C00000,CMP000,0,2,18.15
O000806,2024-07-17,22,B01,CH1,C00000,CMP000,2,6,48.5
O000807,2024-07-17,22,B01,CH1,C00000,CMP000,5,18,157.25
O000808,2024-07-18,20,B01,CH3,C00000,CMP000,0,3,25.6
O000809,2024-07-18,22,B01,CH1,C03544,CMP000,2,7,58.05
O000810,2024-07-18,17,B01,CH1,C02263,CMP000,2,5,42.8
O000811,2024-07-18,19,B01,CH1,C01229,CMP000,2,6,74.95
O000812,2024-07-18,14,B01,CH1,C01584,CMP000,2,5,48.1
O000813,2024-07-19,16,B01,CH1,C00000,CMP000,8,22,224.55
O000814,2024-07-19,18,B01,CH2,C00000,CMP000,0,6,52.8
O000815,2024-07-19,17,B01,CH4,C00000,CMP000,0,3,23.6
O000816,2024-07-19,13,B01,CH1,C00000,CMP000,2,5,47.05
O000817,2024-07-19,20,B01,CH1,C00506,CMP000,3,12,99.6
O000818,2024-07-19,19,B01,CH1,C00000,CMP000,3,8,93.9
O000819,2024-07-19,17,B01,CH1,C00000,CMP000,1,2,28.85
O000820,2024-07-20,13,B01,CH1,C04393,CMP000,3,9,71.05
O000821,2024-07-20,19,B01,CH1,C04947,CMP000,2,5,58.0
O000822,2024-07-20,21,B01,CH3,C00000,CMP000,0,5,48.55
O000823,2024-07-20,18,B01,CH1,C00000,CMP000,6,18,178.65
O000824,2024-07-20,14,B01,CH1,C00000,CMP000,4,11,102.75
O000825,2024-07-20,17,B01,CH1,C00000,CMP000,2,5,42.65
O000826,2024-07-21,21,B01,CH1,C00000,CMP000,2,5,45.5
O000827,2024-07-21,14,B01,CH1,C00000,CMP000,3,11,80.25
O000828,2024-07-21,21,B01,CH2,C00000,CMP000,0,8,55.0
O000829,2024-07-21,19,B01,CH1,C00000,CMP000,3,8,73.45
O000830,2024-07-21,21,B01,CH3,C00000,CMP000,0,2,16.8
O000831,2024-07-21,22,B01,CH1,C00000,CMP000,4,12,146.2
O000832,2024-07-21,13,B01,CH1,C00000,CMP000,3,10,70.7
O000833,2024-07-21,19,B01,CH1,C01064,CMP000,6,20,211.5
O000834,2024-07-22,21,B01,CH1,C04028,CMP000,2,8,88.25
O000835,2024-07-24,14,B01,CH1,C00000,CMP000,3,7,67.0
O000836,2024-07-24,13,B01,CH1,C01908,CMP000,4,12,96.15
O000837,2024-07-25,22,B01,CH4,C00000,CMP000,0,1,14.05
O000838,2024-07-26,22,B01,CH1,C00000,CMP000,1,1,19.05
O000839,2024-07-26,18,B01,CH1,C00000,CMP000,2,7,58.65
O000840,2024-07-26,13,B01,CH1,C03300,CMP000,3,8,78.8
O000841,2024-07-26,22,B01,CH1,C00000,CMP000,2,5,54.4
O000842,2024-07-27,18,B01,CH1,C03670,CMP000,3,6,60.0
O000843,2024-07-27,13,B01,CH1,C04894,CMP000,2,6,45.8
O000844,2024-07-27,20,B01,CH1,C00000,CMP000,3,11,115.65
O000845,2024-07-27,13,B01,CH1,C00000,CMP000,2,5,39.45
O000846,2024-07-27,21,B01,CH1,C01343,CMP000,3,8,86.75
O000847,2024-07-28,16,B01,CH1,C00000,CMP000,3,10,99.6
O000848,2024-07-28,19,B01,CH1,C00000,CMP000,6,21,172.15
O000849,2024-07-28,18,B01,CH1,C00000,CMP000,2,5,45.1
O000850,2024-07-29,12,B01,CH3,C00000,CMP000,0,2,15.15
O000851,2024-07-29,19,B01,CH1,C00000,CMP000,2,5,47.65
O000852,2024-07-29,18,B01,CH1,C00000,CMP000,6,17,160.0
O000853,2024-07-29,14,B01,CH2,C00000,CMP000,0,2,18.6
O000854,2024-07-29,17,B01,CH4,C00000,CMP000,0,4,30.1
O000855,2024-07-31,17,B01,CH1,C02513,CMP000,2,8,64.6
O000856,2024-08-01,21,B01,CH1,C00000,CMP000,1,3,23.3
O000857,2024-08-01,18,B01,CH1,C04822,CMP000,1,1,27.2
O000858,2024-08-01,21,B01,CH1,C00000,CMP000,1,4,29.1
O000859,2024-08-01,18,B01,CH1,C01654,CMP000,3,9,93.6
O000860,2024-08-01,18,B01,CH1,C00000,CMP000,7,21,213.15
O000861,2024-08-01,19,B01,CH1,C00000,CMP000,3,8,70.15
O000862,2024-08-02,21,B01,CH2,C00000,CMP000,0,9,106.5
O000863,2024-08-02,20,B01,CH1,C02005,CMP000,2,6,51.2
O000864,2024-08-03,13,B01,CH1,C00000,CMP000,1,4,29.5
O000865,2024-08-03,15,B01,CH3,C00000,CMP000,0,9,74.15
O000866,2024-08-03,16,B01,CH1,C00000,CMP000,6,20,197.5
O000867,2024-08-04,18,B01,CH3,C00000,CMP000,0,2,20.4
O000868,2024-08-04,21,B01,CH1,C00000,CMP000,1,4,52.4
O000869,2024-08-04,21,B01,CH1,C00000,CMP000,2,8,63.65
O000870,2024-08-04,22,B01,CH1,C00000,CMP000,2,6,84.4
O000871,2024-08-04,21,B01,CH1,C00000,CMP000,6,16,156.8
O000872,2024-08-05,21,B01,CH1,C00000,CMP000,2,5,67.6
O000873,2024-08-05,22,B01,CH1,C02071,CMP000,4,10,124.05
O000874,2024-08-05,20,B01,CH1,C00000,CMP000,4,15,110.8
O000875,2024-08-05,22,B01,CH1,C00000,CMP000,3,9,80.45
O000876,2024-08-07,20,B01,CH1,C02468,CMP000,1,3,25.2
O000877,2024-08-07,14,B01,CH1,C00000,CMP000,1,3,22.05
O000878,2024-08-08,18,B01,CH1,C00000,CMP000,4,13,139.7
O000879,2024-08-08,21,B01,CH1,C00000,CMP000,8,31,264.0
O000880,2024-08-08,22,B01,CH1,C00000,CMP000,2,4,42.6
O000881,2024-08-08,17,B01,CH3,C03524,CMP000,0,4,33.6
O000882,2024-08-08,18,B01,CH1,C00000,CMP000,8,23,213.5
O000883,2024-08-08,17,B01,CH1,C03549,CMP000,1,4,31.75
O000884,2024-08-09,12,B01,CH1,C03896,CMP000,2,6,48.15
O000885,2024-08-09,20,B01,CH1,C03402,CMP000,7,27,277.4
O000886,2024-08-09,20,B01,CH1,C00678,CMP000,2,5,56.05
O000887,2024-08-09,18,B01,CH1,C04258,CMP000,2,5,49.95
O000888,2024-08-09,17,B01,CH1,C00000,CMP000,4,12,109.6
O000889,2024-08-09,21,B01,CH1,C00000,CMP000,6,19,190.0
O000890,2024-08-09,22,B01,CH2,C01064,CMP000,0,6,60.8
O000891,2024-08-10,18,B01,CH1,C01249,CMP000,4,11,104.85
O000892,2024-08-10,20,B01,CH4,C00000,CMP000,0,5,44.45
O000893,2024-08-10,19,B01,CH1,C01064,CMP000,7,23,187.5
O000894,2024-08-10,20,B01,CH1,C00000,CMP000,2,6,65.3
O000895,2024-08-10,18,B01,CH3,C00000,CMP000,0,2,20.85
O000896,2024-08-10,17,B01,CH1,C00000,CMP000,3,9,82.3
O000897,2024-08-11,19,B01,CH1,C00051,CMP000,2,7,63.3
O000898,2024-08-11,20,B01,CH1,C00463,CMP000,1,3,39.65
O000899,2024-08-11,13,B01,CH4,C00000,CMP000,0,5,37.55
O000900,2024-08-11,19,B01,CH1,C00000,CMP000,1,2,21.1
O000901,2024-08-11,20,B01,CH1,C00000,CMP000,3,4,61.5
O000902,2024-08-12,20,B01,CH1,C02933,CMP000,4,8,109.75
O000903,2024-08-12,13,B01,CH1,C00000,CMP000,2,6,61.1
O000904,2024-08-12,20,B01,CH3,C00000,CMP000,0,4,32.85
O000905,2024-08-12,13,B01,CH1,C00000,CMP000,4,11,129.15
O000906,2024-08-12,21,B01,CH2,C00000,CMP000,0,3,24.5
O000907,2024-08-14,16,B01,CH1,C00000,CMP000,2,6,73.85
O000908,2024-08-14,17,B01,CH1,C00000,CMP000,5,15,153.0
O000909,2024-08-14,20,B01,CH1,C00000,CMP000,3,9,80.9
O000910,2024-08-14,12,B01,CH1,C00000,CMP000,2,6,42.75
O000911,2024-08-15,13,B01,CH3,C02444,CMP000,0,1,14.05
O000912,2024-08-15,17,B01,CH1,C00000,CMP000,1,3,23.3
O000913,2024-08-15,21,B01,CH1,C00522,CMP000,2,7,62.2
O000914,2024-08-16,18,B01,CH1,C00000,CMP000,2,7,50.7
O000915,2024-08-16,14,B01,CH2,C00000,CMP000,0,2,19.05
O000916,2024-08-16,20,B01,CH1,C00000,CMP000,2,5,43.8
O000917,2024-08-16,16,B01,CH1,C04404,CMP000,1,5,36.9
O000918,2024-08-16,21,B01,CH3,C00000,CMP000,0,1,14.05
O000919,2024-08-16,19,B01,CH2,C00000,CMP000,0,3,30.4
O000920,2024-08-16,13,B01,CH1,C01342,CMP000,2,5,40.25
O000921,2024-08-17,19,B01,CH1,C00000,CMP000,4,11,94.3
O000922,2024-08-17,19,B01,CH1,C00000,CMP000,4,11,105.65
O000923,2024-08-17,21,B01,CH1,C02464,CMP000,4,14,144.45
O000924,2024-08-17,17,B01,CH3,C00000,CMP000,0,9,84.1
O000925,2024-08-17,14,B01,CH1,C03838,CMP000,4,12,88.85
O000926,2024-08-17,18,B01,CH1,C02263,CMP000,2,6,52.85
O000927,2024-08-17,20,B01,CH1,C02030,CMP000,5,18,166.9
O000928,2024-08-18,17,B01,CH1,C02262,CMP000,4,15,112.85
O000929,2024-08-18,12,B01,CH1,C00000,CMP000,3,8,70.55
O000930,2024-08-18,16,B01,CH2,C00000,CMP000,0,3,21.05
O000931,2024-08-18,21,B01,CH1,C02738,CMP000,2,8,61.95
O000932,2024-08-18,20,B01,CH3,C02569,CMP000,0,4,32.5
O000933,2024-08-18,16,B01,CH1,C00000,CMP000,4,11,108.65
O000934,2024-08-18,19,B01,CH2,C00000,CMP000,0,3,21.05
O000935,2024-08-18,20,B01,CH3,C00000,CMP000,0,3,19.35
O000936,2024-08-19,18,B01,CH1,C00000,CMP000,2,6,61.95
O000937,2024-08-19,16,B01,CH1,C03822,CMP000,4,10,99.35
O000938,2024-08-19,19,B01,CH3,C00000,CMP000,0,8,69.3
O000939,2024-08-19,13,B01,CH2,C00000,CMP000,0,4,37.65
O000940,2024-08-19,19,B01,CH1,C00156,CMP000,2,6,51.45
O000941,2024-08-21,13,B01,CH3,C00000,CMP000,0,9,83.2
O000942,2024-08-21,14,B01,CH1,C03838,CMP000,2,5,42.0
O000943,2024-08-21,22,B01,CH1,C00000,CMP000,2,6,53.95
O000944,2024-08-22,15,B01,CH1,C00000,CMP000,1,4,32.65
O000945,2024-08-22,22,B01,CH1,C00000,CMP000,1,3,21.6
O000946,2024-08-22,18,B01,CH1,C00000,CMP000,4,15,143.95
O000947,2024-08-23,12,B01,CH1,C04419,CMP000,8,20,185.1
O000948,2024-08-23,19,B01,CH1,C02026,CMP000,4,11,91.3
O000949,2024-08-23,21,B01,CH1,C00000,CMP000,2,10,86.0
O000950,2024-08-23,20,B01,CH1,C00000,CMP000,4,14,114.0
O000951,2024-08-23,18,B01,CH1,C00000,CMP000,2,7,58.05
O000952,2024-08-24,19,B01,CH3,C00000,CMP000,0,2,23.6
O000953,2024-08-24,15,B01,CH1,C00227,CMP000,4,13,121.0
O000954,2024-08-24,20,B01,CH2,C00000,CMP000,0,5,45.1
O000955,2024-08-24,13,B01,CH1,C00000,CMP000,5,14,116.25
O000956,2024-08-24,19,B01,CH1,C00000,CMP000,1,2,23.55
O000957,2024-08-24,14,B01,CH1,C01064,CMP000,6,15,133.6
O000958,2024-08-24,20,B01,CH1,C00000,CMP000,6,25,226.75
O000959,2024-08-25,18,B01,CH3,C00000,CMP000,0,1,14.5
O000960,2024-08-25,14,B01,CH1,C00000,CMP000,2,4,36.9
O000961,2024-08-25,20,B01,CH1,C04533,CMP000,5,16,147.8
O000962,2024-08-26,18,B01,CH1,C00000,CMP000,2,7,76.8
O000963,2024-08-26,22,B01,CH1,C00000,CMP000,4,14,102.9
O000964,2024-08-26,16,B01,CH4,C00000,CMP000,0,3,29.0
O000965,2024-08-26,22,B01,CH3,C01064,CMP000,0,5,35.15
O000966,2024-08-26,20,B01,CH1,C00000,CMP000,4,16,139.1
O000967,2024-08-28,15,B01,CH1,C00000,CMP000,1,2,18.6
O000968,2024-08-28,14,B01,CH1,C03063,CMP000,6,15,147.0
O000969,2024-08-28,19,B01,CH1,C00593,CMP000,2,7,55.6
O000970,2024-08-28,14,B01,CH1,C00000,CMP000,3,9,98.8
O000971,2024-08-29,18,B01,CH1,C00000,CMP000,2,6,74.3
O000972,2024-08-29,15,B01,CH1,C00000,CMP000,3,7,70.95
O000973,2024-08-29,18,B01,CH1,C00000,CMP000,4,10,108.5
O000974,2024-08-29,19,B01,CH1,C00000,CMP000,4,12,105.65
O000975,2024-08-30,17,B01,CH1,C02290,CMP000,6,23,169.8
O000976,2024-08-30,20,B01,CH2,C03306,CMP000,0,1,21.3
O000977,2024-08-30,20,B01,CH1,C00000,CMP000,1,3,25.2
O000978,2024-08-31,13,B01,CH3,C02005,CMP000,0,1,13.15
O000979,2024-08-31,18,B01,CH1,C00000,CMP000,6,21,188.65
O000980,2024-08-31,22,B01,CH1,C00000,CMP000,1,2,18.15
O000981,2024-08-31,18,B01,CH1,C00000,CMP000,4,13,101.3
O000982,2024-08-31,19,B01,CH3,C00000,CMP000,0,5,51.6
O000983,2024-09-01,19,B01,CH3,C00000,CMP000,0,3,29.2
O000984,2024-09-01,22,B01,CH1,C00000,CMP000,3,13,127.5
O000985,2024-09-01,18,B01,CH1,C00922,CMP000,3,12,97.65
O000986,2024-09-01,19,B01,CH1,C00000,CMP000,2,7,65.3
O000987,2024-09-01,21,B01,CH2,C00522,CMP000,0,6,45.1
O000988,2024-09-01,13,B01,CH1,C00000,CMP000,3,7,78.55
O000989,2024-09-02,13,B01,CH1,C00000,CMP000,4,8,90.4
O000990,2024-09-02,21,B01,CH3,C02998,CMP000,0,8,68.15
O000991,2024-09-04,13,B01,CH1,C00839,CMP000,4,10,95.4
O000992,2024-09-04,18,B01,CH1,C02263,CMP000,2,7,59.2
O000993,2024-09-04,19,B01,CH1,C01602,CMP000,3,12,106.4
O000994,2024-09-04,19,B01,CH1,C02263,CMP000,3,12,108.2
O000995,2024-09-05,16,B01,CH1,C00000,CMP000,2,7,67.0
O000996,2024-09-05,19,B01,CH2,C00000,CMP000,0,5,43.4
O000997,2024-09-05,12,B01,CH1,C03993,CMP000,4,10,82.45
O000998,2024-09-05,18,B01,CH1,C00000,CMP000,2,7,85.3
O000999,2024-09-05,13,B01,CH1,C00299,CMP000,2,5,44.45
O001000,2024-09-06,21,B01,CH1,C00000,CMP000,4,15,173.0
O001001,2024-09-06,21,B01,CH1,C00000,CMP000,5,18,194.9
O001002,2024-09-06,16,B01,CH1,C02674,CMP000,2,7,79.2
O001003,2024-09-06,20,B01,CH3,C03306,CMP000,0,5,38.9
O001004,2024-09-07,20,B01,CH3,C00000,CMP000,0,4,26.5
O001005,2024-09-08,13,B01,CH1,C01229,CMP000,2,6,52.8
O001006,2024-09-08,12,B01,CH1,C00000,CMP000,2,7,64.1
O001007,2024-09-08,17,B01,CH1,C00000,CMP000,1,3,51.7
O001008,2024-09-08,12,B01,CH1,C00000,CMP000,4,11,103.3
O001009,2024-09-09,13,B01,CH1,C00000,CMP000,3,8,84.65
O001010,2024-09-09,20,B01,CH1,C01749,CMP000,5,16,141.0
O001011,2024-09-09,16,B01,CH1,C00000,CMP000,4,13,131.9
O001012,2024-09-11,13,B01,CH1,C02955,CMP000,2,4,36.0
O001013,2024-09-11,21,B01,CH1,C00466,CMP000,2,9,65.5
O001014,2024-09-11,20,B01,CH1,C03524,CMP000,2,8,105.25
O001015,2024-09-11,17,B01,CH1,C00299,CMP000,4,14,132.85
O001016,2024-09-11,12,B01,CH1,C02263,CMP000,3,9,66.05
O001017,2024-09-12,18,B01,CH1,C00000,CMP000,7,20,176.9
O001018,2024-09-12,18,B01,CH2,C00000,CMP000,0,1,13.6
O001019,2024-09-12,19,B01,CH1,C00000,CMP000,4,11,103.65
O001020,2024-09-12,14,B01,CH1,C00000,CMP000,3,7,87.8
O001021,2024-09-13,17,B01,CH1,C00000,CMP000,4,13,99.2
O001022,2024-09-13,21,B01,CH2,C00000,CMP000,0,3,25.6
O001023,2024-09-13,18,B01,CH1,C00000,CMP000,2,6,66.85
O001024,2024-09-13,20,B01,CH1,C04676,CMP000,2,6,52.55
O001025,2024-09-13,19,B01,CH1,C00000,CMP000,4,13,147.95
O001026,2024-09-13,19,B01,CH3,C02468,CMP000,0,2,17.7
O001027,2024-09-13,17,B01,CH1,C00000,CMP000,6,19,158.15
O001028,2024-09-14,18,B01,CH1,C02263,CMP000,3,10,105.2
O001029,2024-09-14,21,B01,CH1,C00000,CMP000,4,11,125.7
O001030,2024-09-14,13,B01,CH4,C00000,CMP000,0,4,63.05
O001031,2024-09-14,14,B01,CH1,C00000,CMP000,4,11,94.65
O001032,2024-09-14,14,B01,CH1,C01749,CMP000,2,4,48.7
O001033,2024-09-14,18,B01,CH1,C00000,CMP000,3,10,130.0
O001034,2024-09-14,21,B01,CH1,C00000,CMP000,2,7,66.85
O001035,2024-09-14,12,B01,CH2,C00000,CMP000,0,5,37.95
O001036,2024-09-14,21,B01,CH3,C00000,CMP000,0,2,19.5
O001037,2024-09-14,12,B01,CH1,C01420,CMP000,7,20,230.45
O001038,2024-09-15,20,B01,CH1,C00000,CMP000,2,6,47.9
O001039,2024-09-15,16,B01,CH3,C02263,CMP000,0,9,67.15
O001040,2024-09-15,19,B01,CH4,C00000,CMP000,0,5,39.9
O001041,2024-09-15,14,B01,CH3,C00000,CMP000,0,4,32.4
O001042,2024-09-15,21,B01,CH1,C00000,CMP000,2,6,53.95
O001043,2024-09-15,19,B01,CH2,C00000,CMP000,0,3,30.1
O001044,2024-09-15,19,B01,CH1,C00000,CMP000,1,3,36.1
O001045,2024-09-16,19,B01,CH2,C00000,CMP000,0,2,18.6
O001046,2024-09-18,17,B01,CH4,C00000,CMP000,0,3,22.85
O001047,2024-09-18,18,B01,CH2,C00000,CMP000,0,3,20.15
O001048,2024-09-19,19,B01,CH1,C00000,CMP000,4,14,115.55
O001049,2024-09-19,16,B01,CH1,C02214,CMP000,1,3,39.5
O001050,2024-09-20,20,B01,CH1,C00000,CMP000,2,6,58.9
O001051,2024-09-20,18,B01,CH2,C00000,CMP000,0,6,49.65
O001052,2024-09-20,13,B01,CH1,C03558,CMP000,5,15,129.05
O001053,2024-09-20,20,B01,CH1,C00000,CMP000,2,8,57.95
O001054,2024-09-20,19,B01,CH4,C00000,CMP000,0,8,70.15
O001055,2024-09-20,13,B01,CH1,C02263,CMP000,2,9,73.45
O001056,2024-09-20,15,B01,CH3,C00000,CMP000,0,10,94.25
O001057,2024-09-21,21,B01,CH3,C03278,CMP000,0,5,48.25
O001058,2024-09-21,21,B01,CH4,C00522,CMP000,0,5,43.1
O001059,2024-09-21,14,B01,CH1,C00000,CMP000,6,18,176.1
O001060,2024-09-21,12,B01,CH1,C00000,CMP000,1,3,24.5
O001061,2024-09-22,21,B01,CH1,C00000,CMP000,7,23,212.8
O001062,2024-09-22,18,B01,CH1,C00000,CMP000,2,6,50.6
O001063,2024-09-22,20,B01,CH1,C00000,CMP000,2,8,68.95
O001064,2024-09-22,18,B01,CH1,C01654,CMP000,4,14,114.65
O001065,2024-09-22,19,B01,CH1,C00000,CMP000,4,12,96.85
O001066,2024-09-25,20,B01,CH1,C01064,CMP000,8,26,251.85
O001067,2024-09-25,20,B01,CH1,C00000,CMP000,4,12,124.7
O001068,2024-09-25,18,B01,CH1,C01213,CMP000,4,14,138.05
O001069,2024-09-26,18,B01,CH1,C00000,CMP000,4,13,108.05
O001070,2024-09-26,19,B01,CH1,C00000,CMP000,7,25,217.2
O001071,2024-09-26,12,B01,CH1,C00000,CMP000,4,11,108.15
O001072,2024-09-26,18,B01,CH1,C00000,CMP000,2,6,49.3
O001073,2024-09-26,14,B01,CH1,C00000,CMP000,4,11,88.95
O001074,2024-09-26,12,B01,CH1,C00000,CMP000,6,16,131.05
O001075,2024-09-27,19,B01,CH1,C00000,CMP000,5,15,217.5
O001076,2024-09-27,20,B01,CH1,C02030,CMP000,4,11,119.75
O001077,2024-09-27,21,B01,CH1,C00000,CMP000,2,8,59.05
O001078,2024-09-27,21,B01,CH1,C00000,CMP000,6,23,233.05
O001079,2024-09-27,17,B01,CH1,C00000,CMP000,4,16,130.15
O001080,2024-09-27,14,B01,CH1,C00000,CMP000,3,8,82.25
O001081,2024-09-27,20,B01,CH1,C00000,CMP000,2,7,55.8
O001082,2024-09-28,19,B01,CH1,C00000,CMP000,6,16,157.7
O001083,2024-09-28,21,B01,CH1,C02513,CMP000,6,20,169.15
O001084,2024-09-28,18,B01,CH2,C00000,CMP000,0,5,53.55
O001085,2024-09-28,20,B01,CH3,C00000,CMP000,0,13,94.1
O001086,2024-09-28,20,B01,CH1,C00000,CMP000,4,12,105.95
O001087,2024-09-29,17,B01,CH1,C02919,CMP000,3,6,77.7
O001088,2024-09-29,19,B01,CH1,C00000,CMP000,6,21,206.3
O001089,2024-09-30,14,B01,CH1,C00000,CMP000,4,11,85.0
O001090,2024-09-30,19,B01,CH1,C00299,CMP000,5,19,195.95
O001091,2024-09-30,20,B01,CH3,C00000,CMP000,0,4,45.35
O001092,2024-10-04,20,B01,CH1,C00156,CMP000,2,5,51.2
O001093,2024-10-04,19,B01,CH3,C00000,CMP000,0,2,34.45
O001094,2024-10-04,13,B01,CH1,C00000,CMP000,2,9,74.6
O001095,2024-10-05,13,B01,CH1,C00000,CMP000,3,9,76.4
O001096,2024-10-05,18,B01,CH1,C00000,CMP000,4,12,101.7
O001097,2024-10-05,14,B01,CH2,C00299,CMP000,0,3,36.1
O001098,2024-10-05,20,B01,CH4,C00000,CMP000,0,6,53.1
O001099,2024-10-05,19,B01,CH3,C00022,CMP000,0,1,27.2
O001100,2024-10-05,18,B01,CH3,C02263,CMP000,0,8,63.4
O001101,2024-10-05,20,B01,CH4,C00000,CMP000,0,6,69.2
O001102,2024-10-05,20,B01,CH1,C00000,CMP000,1,5,44.85
O001103,2024-10-06,14,B01,CH3,C00000,CMP000,0,4,60.25
O001104,2024-10-06,16,B01,CH1,C00000,CMP000,4,12,103.65
O001105,2024-10-06,16,B01,CH1,C00000,CMP000,4,11,115.05
O001106,2024-10-06,12,B01,CH1,C01694,CMP000,5,14,132.15
O001107,2024-10-06,13,B01,CH4,C00000,CMP000,0,5,48.8
O001108,2024-10-07,12,B01,CH1,C02263,CMP000,1,3,25.25
O001109,2024-10-07,19,B01,CH1,C03863,CMP000,2,7,55.15
O001110,2024-10-07,20,B01,CH1,C03969,CMP000,1,4,32.8
O001111,2024-10-09,18,B01,CH2,C00466,CMP000,0,3,19.25
O001112,2024-10-09,19,B01,CH1,C00000,CMP000,2,6,54.4
O001113,2024-10-09,13,B01,CH1,C00000,CMP000,1,3,32.4
O001114,2024-10-10,20,B01,CH3,C00000,CMP000,0,8,90.45
O001115,2024-10-10,17,B01,CH1,C04772,CMP000,4,12,114.8
O001116,2024-10-10,20,B01,CH1,C00000,CMP000,1,2,32.45
O001117,2024-10-11,22,B01,CH4,C00000,CMP000,0,9,80.05
O001118,2024-10-11,22,B01,CH1,C00000,CMP000,3,11,78.35
O001119,2024-10-11,20,B01,CH1,C00000,CMP000,2,6,48.7
O001120,2024-10-11,17,B01,CH1,C00000,CMP000,2,9,66.4
O001121,2024-10-12,16,B01,CH1,C02263,CMP000,2,6,75.95
O001122,2024-10-12,13,B01,CH1,C00000,CMP000,2,5,44.7
O001123,2024-10-12,19,B01,CH1,C00466,CMP000,2,8,82.25
O001124,2024-10-12,20,B01,CH2,C00000,CMP000,0,3,20.7
O001125,2024-10-12,18,B01,CH1,C00000,CMP000,2,6,59.4
O001126,2024-10-13,22,B01,CH1,C00000,CMP000,4,11,101.3
O001127,2024-10-13,18,B01,CH2,C00000,CMP000,0,4,60.75
O001128,2024-10-13,15,B01,CH1,C00076,CMP000,2,5,45.15
O001129,2024-10-13,14,B01,CH1,C00000,CMP000,4,12,89.55
O001130,2024-10-14,17,B01,CH1,C04867,CMP000,1,3,30.05
O001131,2024-10-14,21,B01,CH3,C00000,CMP000,0,2,16.35
O001132,2024-10-14,19,B01,CH4,C00000,CMP000,0,3,23.85
O001133,2024-10-14,18,B01,CH1,C00000,CMP000,4,10,100.75
O001134,2024-10-16,18,B01,CH1,C00000,CMP000,2,6,53.5
O001135,2024-10-16,18,B01,CH1,C00000,CMP000,4,8,87.05
O001136,2024-10-16,17,B01,CH1,C03533,CMP000,5,17,139.7
O001137,2024-10-17,19,B01,CH1,C02426,CMP000,5,16,142.4
O001138,2024-10-17,14,B01,CH1,C00000,CMP000,1,1,12.25
O001139,2024-10-18,18,B01,CH1,C02137,CMP000,4,13,109.45
O001140,2024-10-18,20,B01,CH3,C02439,CMP000,0,3,25.6
O001141,2024-10-18,22,B01,CH1,C00200,CMP000,5,21,195.3
O001142,2024-10-18,18,B01,CH2,C00000,CMP000,0,5,40.4
O001143,2024-10-18,18,B01,CH1,C00000,CMP000,2,6,65.75
O001144,2024-10-19,21,B01,CH3,C00000,CMP000,0,5,71.2
O001145,2024-10-19,18,B01,CH1,C00000,CMP000,1,3,25.55
O001146,2024-10-19,21,B01,CH1,C00000,CMP000,4,14,133.45
O001147,2024-10-19,21,B01,CH1,C03718,CMP000,1,4,54.45
O001148,2024-10-19,12,B01,CH1,C00000,CMP000,4,9,88.9
O001149,2024-10-19,20,B01,CH4,C00000,CMP000,0,4,37.2
O001150,2024-10-19,20,B01,CH1,C00299,CMP000,5,17,147.8
O001151,2024-10-19,22,B01,CH1,C01011,CMP000,2,8,82.35
O001152,2024-10-19,15,B01,CH1,C00000,CMP000,3,12,90.5
O001153,2024-10-19,18,B01,CH1,C01520,CMP000,4,10,100.85
O001154,2024-10-20,20,B01,CH1,C00000,CMP000,6,20,171.6
O001155,2024-10-20,20,B01,CH4,C00000,CMP000,0,1,12.25
O001156,2024-10-20,18,B01,CH1,C00000,CMP000,2,6,56.5
O001157,2024-10-21,20,B01,CH1,C00000,CMP000,2,6,59.55
O001158,2024-10-21,19,B01,CH1,C02263,CMP000,4,14,138.35
O001159,2024-10-21,20,B01,CH1,C01064,CMP000,4,14,114.0
O001160,2024-10-21,19,B01,CH1,C03524,CMP000,5,15,172.9
O001161,2024-10-21,19,B01,CH2,C00000,CMP000,0,3,34.0
O001162,2024-10-23,22,B01,CH1,C02262,CMP000,3,7,83.9
O001163,2024-10-23,12,B01,CH1,C00000,CMP000,8,26,208.8
O001164,2024-10-23,20,B01,CH4,C00000,CMP000,0,6,55.3
O001165,2024-10-23,19,B01,CH1,C02263,CMP000,1,1,14.05
O001166,2024-10-23,22,B01,CH1,C00000,CMP000,2,6,52.4
O001167,2024-10-23,19,B01,CH1,C00000,CMP000,6,16,158.9
O001168,2024-10-24,21,B01,CH1,C01912,CMP000,1,2,22.5
O001169,2024-10-25,18,B01,CH1,C00000,CMP000,2,8,57.0
O001170,2024-10-25,20,B01,CH1,C02546,CMP000,1,5,34.75
O001171,2024-10-25,20,B01,CH1,C03103,CMP000,3,11,90.95
O001172,2024-10-25,13,B01,CH4,C00000,CMP000,0,1,27.2
O001173,2024-10-25,22,B01,CH1,C00000,CMP000,5,20,193.2
O001174,2024-10-25,19,B01,CH3,C00000,CMP000,0,6,70.95
O001175,2024-10-25,22,B01,CH2,C00000,CMP000,0,1,13.6
O001176,2024-10-25,18,B01,CH1,C00000,CMP000,3,9,78.15
O001177,2024-10-25,21,B01,CH1,C00000,CMP000,5,17,157.85
O001178,2024-10-25,16,B01,CH1,C00000,CMP000,5,17,160.6
O001179,2024-10-25,17,B01,CH1,C00000,CMP000,2,5,44.25
O001180,2024-10-25,16,B01,CH1,C03718,CMP000,3,9,81.0
O001181,2024-10-26,13,B01,CH1,C03306,CMP000,2,8,68.8
O001182,2024-10-27,22,B01,CH1,C00000,CMP000,3,11,92.55
O001183,2024-10-27,14,B01,CH2,C00000,CMP000,0,9,92.25
O001184,2024-10-27,21,B01,CH1,C00000,CMP000,2,8,60.05
O001185,2024-10-27,20,B01,CH3,C00000,CMP000,0,2,18.15
O001186,2024-10-28,19,B01,CH1,C00000,CMP000,2,6,55.6
O001187,2024-10-28,12,B01,CH2,C00000,CMP000,0,4,44.45
O001188,2024-10-30,20,B01,CH3,C00000,CMP000,0,5,39.65
O001189,2024-10-30,22,B01,CH1,C00799,CMP000,7,25,221.2
O001190,2024-10-30,19,B01,CH1,C00000,CMP000,4,13,117.15
O001191,2024-10-31,19,B01,CH1,C02569,CMP000,6,23,201.9
O001192,2024-10-31,20,B01,CH1,C00000,CMP000,2,7,91.8
O001193,2024-10-31,15,B01,CH4,C00000,CMP000,0,4,46.15
O001194,2024-11-01,19,B01,CH1,C00000,CMP000,6,18,195.6
O001195,2024-11-01,18,B01,CH4,C00000,CMP000,0,3,25.25
O001196,2024-11-01,19,B01,CH1,C00000,CMP000,2,7,56.75
O001197,2024-11-01,19,B01,CH1,C00000,CMP000,3,7,71.2
O001198,2024-11-01,20,B01,CH1,C03831,CMP000,4,13,107.0
O001199,2024-11-01,22,B01,CH1,C02147,CMP000,1,4,32.65
O001200,2024-11-01,13,B01,CH2,C00000,CMP000,0,4,46.0
O001201,2024-11-02,19,B01,CH3,C03718,CMP000,0,2,15.9
O001202,2024-11-02,19,B01,CH1,C00000,CMP000,2,5,45.2
O001203,2024-11-02,14,B01,CH1,C00000,CMP000,2,7,48.9
O001204,2024-11-02,20,B01,CH1,C00000,CMP000,2,6,55.55
O001205,2024-11-02,16,B01,CH1,C00000,CMP000,1,2,19.3
O001206,2024-11-02,20,B01,CH1,C00000,CMP000,1,3,23.3
O001207,2024-11-02,20,B01,CH4,C00000,CMP000,0,9,69.25
O001208,2024-11-03,18,B01,CH1,C02263,CMP000,2,8,80.25
O001209,2024-11-03,20,B01,CH1,C00000,CMP000,1,3,28.1
O001210,2024-11-03,13,B01,CH1,C00000,CMP000,3,7,68.1
O001211,2024-11-03,18,B01,CH1,C02492,CMP000,8,21,187.8
O001212,2024-11-03,19,B01,CH1,C00000,CMP000,3,11,94.35
O001213,2024-11-03,14,B01,CH1,C02933,CMP000,2,6,46.1
O001214,2024-11-03,16,B01,CH2,C02591,CMP000,0,6,67.8
O001215,2024-11-04,19,B01,CH1,C01749,CMP000,8,24,219.35
O001216,2024-11-06,19,B01,CH1,C00000,CMP000,2,5,43.25
O001217,2024-11-06,14,B01,CH1,C00000,CMP000,1,3,21.6
O001218,2024-11-06,20,B01,CH2,C00000,CMP000,0,5,41.45
O001219,2024-11-06,22,B01,CH1,C00000,CMP000,4,13,116.25
O001220,2024-11-06,19,B01,CH1,C00000,CMP000,4,12,99.15
O001221,2024-11-06,12,B01,CH1,C00000,CMP000,5,13,109.65
O001222,2024-11-07,20,B01,CH1,C00486,CMP000,2,7,53.55
O001223,2024-11-07,19,B01,CH1,C02054,CMP000,2,7,64.4
O001224,2024-11-08,12,B01,CH1,C00000,CMP000,7,20,168.25
O001225,2024-11-08,21,B01,CH1,C00000,CMP000,2,4,40.05
O001226,2024-11-08,22,B01,CH1,C01971,CMP000,2,7,60.1
O001227,2024-11-08,20,B01,CH1,C00000,CMP000,2,5,47.85
O001228,2024-11-08,20,B01,CH1,C00000,CMP000,2,6,50.3
O001229,2024-11-09,22,B01,CH1,C00000,CMP000,2,6,60.6
O001230,2024-11-09,19,B01,CH1,C02633,CMP000,3,12,103.65
O001231,2024-11-09,18,B01,CH3,C00000,CMP000,0,5,51.45
O001232,2024-11-09,14,B01,CH1,C02468,CMP000,5,14,122.85
O001233,2024-11-09,12,B01,CH1,C00000,CMP000,1,2,18.4
O001234,2024-11-09,22,B01,CH1,C00000,CMP000,2,5,67.85
O001235,2024-11-09,20,B01,CH1,C00000,CMP000,2,7,61.55
O001236,2024-11-09,13,B01,CH1,C02263,CMP000,4,10,92.0
O001237,2024-11-09,19,B01,CH1,C00000,CMP000,4,10,101.9
O001238,2024-11-09,21,B01,CH1,C00000,CMP000,6,15,148.4
O001239,2024-11-09,20,B01,CH1,C00000,CMP000,2,7,120.2
O001240,2024-11-09,18,B01,CH1,C00000,CMP000,6,19,163.7
O001241,2024-11-10,19,B01,CH3,C00000,CMP000,0,5,45.35
O001242,2024-11-10,20,B01,CH1,C00000,CMP000,1,1,23.6
O001243,2024-11-10,19,B01,CH4,C00000,CMP000,0,2,18.6
O001244,2024-11-11,18,B01,CH1,C00000,CMP000,4,13,123.3
O001245,2024-11-11,20,B01,CH1,C01908,CMP000,4,11,118.5
O001246,2024-11-13,12,B01,CH1,C00000,CMP000,4,12,99.05
O001247,2024-11-13,15,B01,CH1,C00000,CMP000,1,3,19.7
O001248,2024-11-14,14,B01,CH1,C00000,CMP000,6,17,134.15
O001249,2024-11-14,22,B01,CH1,C00000,CMP000,5,19,170.5
O001250,2024-11-14,22,B01,CH1,C00000,CMP000,2,6,69.4
O001251,2024-11-14,16,B01,CH1,C00000,CMP000,3,9,82.55
O001252,2024-11-14,12,B01,CH1,C01064,CMP000,4,11,104.0
O001253,2024-11-15,14,B01,CH1,C00000,CMP000,6,15,135.6
O001254,2024-11-15,21,B01,CH4,C00000,CMP000,0,2,17.25
O001255,2024-11-15,14,B01,CH1,C00068,CMP000,1,3,19.35
O001256,2024-11-15,20,B01,CH1,C02105,CMP000,4,14,155.05
O001257,2024-11-15,21,B01,CH1,C00000,CMP000,2,6,50.25
O001258,2024-11-15,19,B01,CH1,C00000,CMP000,1,3,30.85
O001259,2024-11-16,18,B01,CH1,C00361,CMP000,2,7,59.85
O001260,2024-11-16,14,B01,CH1,C00000,CMP000,3,10,96.25
O001261,2024-11-16,20,B01,CH1,C00227,CMP000,2,6,47.6
O001262,2024-11-16,20,B01,CH1,C00000,CMP000,4,12,94.95
O001263,2024-11-16,19,B01,CH1,C02054,CMP000,1,3,23.15
O001264,2024-11-17,19,B01,CH1,C02263,CMP000,2,9,79.35
O001265,2024-11-18,19,B01,CH2,C00000,CMP000,0,7,54.2
O001266,2024-11-18,20,B01,CH1,C00000,CMP000,2,4,41.7
O001267,2024-11-20,20,B01,CH1,C00000,CMP001,3,9,66.96
O001268,2024-11-20,13,B01,CH1,C00000,CMP001,4,11,86.91
O001269,2024-11-20,18,B01,CH1,C00000,CMP000,2,8,61.2
O001270,2024-11-20,13,B01,CH1,C00000,CMP000,2,6,39.95
O001271,2024-11-20,18,B01,CH1,C02263,CMP001,3,7,59.67
O001272,2024-11-20,19,B01,CH1,C00000,CMP000,1,3,27.65
O001273,2024-11-21,14,B01,CH3,C00000,CMP000,0,4,42.35
O001274,2024-11-21,22,B01,CH2,C00000,CMP000,0,8,68.05
O001275,2024-11-21,21,B01,CH1,C02263,CMP001,2,7,52.28
O001276,2024-11-21,19,B01,CH1,C00000,CMP001,4,11,122.57
O001277,2024-11-21,21,B01,CH1,C00000,CMP001,4,18,152.41
O001278,2024-11-21,19,B01,CH1,C00000,CMP001,4,12,98.62
O001279,2024-11-21,19,B01,CH1,C00000,CMP000,6,21,177.5
O001280,2024-11-22,22,B01,CH1,C00000,CMP001,3,7,64.48
O001281,2024-11-22,19,B01,CH1,C03239,CMP000,1,1,14.5
O001282,2024-11-22,21,B01,CH1,C00227,CMP001,4,16,124.9
O001283,2024-11-22,20,B01,CH1,C00000,CMP000,5,17,163.5
O001284,2024-11-22,20,B01,CH1,C00000,CMP000,4,14,119.95
O001285,2024-11-22,19,B01,CH3,C00000,CMP000,0,3,22.7
O001286,2024-11-23,16,B01,CH4,C00000,CMP000,0,4,35.55
O001287,2024-11-23,13,B01,CH1,C00069,CMP000,1,3,19.7
O001288,2024-11-23,21,B01,CH1,C00000,CMP000,3,6,90.95
O001289,2024-11-23,17,B01,CH1,C00000,CMP000,4,8,75.85
O001290,2024-11-23,13,B01,CH1,C01064,CMP001,1,4,29.73
O001291,2024-11-23,19,B01,CH2,C00000,CMP000,0,3,19.7
O001292,2024-11-23,19,B01,CH1,C00000,CMP000,2,7,55.0
O001293,2024-11-23,20,B01,CH1,C00000,CMP001,2,5,47.87
O001294,2024-11-23,21,B01,CH1,C04772,CMP000,2,6,48.15
O001295,2024-11-23,20,B01,CH1,C04334,CMP000,3,9,105.55
O001296,2024-11-23,18,B01,CH1,C00000,CMP000,1,5,35.8
O001297,2024-11-23,21,B01,CH4,C00000,CMP000,0,10,75.85
O001298,2024-11-24,20,B01,CH1,C04208,CMP000,5,20,166.8
O001299,2024-11-24,20,B01,CH3,C00000,CMP000,0,5,42.35
O001300,2024-11-24,14,B01,CH1,C00000,CMP000,4,12,89.0
O001301,2024-11-24,22,B01,CH4,C02302,CMP000,0,2,16.8
O001302,2024-11-24,22,B01,CH4,C00646,CMP000,0,4,35.85
O001303,2024-11-24,20,B01,CH1,C00000,CMP000,2,8,56.05
O001304,2024-11-24,19,B01,CH1,C00000,CMP000,4,10,90.2
O001305,2024-11-24,16,B01,CH1,C01654,CMP000,6,22,255.5
O001306,2024-11-24,18,B01,CH1,C01749,CMP001,2,5,45.05
O001307,2024-11-25,22,B01,CH1,C00076,CMP000,2,6,50.15
O001308,2024-11-25,12,B01,CH1,C02263,CMP000,2,4,48.55
O001309,2024-11-25,19,B01,CH1,C00000,CMP000,4,13,101.9
O001310,2024-11-27,13,B01,CH1,C03291,CMP000,2,5,56.5
O001311,2024-11-27,19,B01,CH2,C00000,CMP000,0,5,36.3
O001312,2024-11-28,21,B01,CH1,C00522,CMP001,3,10,72.67
O001313,2024-11-28,15,B01,CH3,C00000,CMP000,0,1,12.7
O001314,2024-11-28,19,B01,CH1,C00506,CMP000,3,7,63.65
O001315,2024-11-28,20,B01,CH1,C00000,CMP001,2,8,79.33
O001316,2024-11-28,13,B01,CH1,C00000,CMP000,2,8,63.75
O001317,2024-11-28,20,B01,CH1,C02919,CMP000,2,7,80.55
O001318,2024-11-29,20,B01,CH1,C00000,CMP000,2,9,64.95
O001319,2024-11-29,13,B01,CH1,C03306,CMP001,3,10,70.73
O001320,2024-11-29,19,B01,CH1,C02077,CMP000,2,10,98.2
O001321,2024-11-30,21,B01,CH1,C03237,CMP001,4,12,115.78
O001322,2024-11-30,19,B01,CH1,C00000,CMP001,1,3,39.2
O001323,2024-11-30,17,B01,CH1,C00000,CMP001,2,6,58.5
O001324,2024-12-01,18,B01,CH1,C00000,CMP000,2,8,64.1
O001325,2024-12-01,20,B01,CH1,C03306,CMP000,6,18,175.5
O001326,2024-12-01,18,B01,CH2,C00000,CMP000,0,3,33.55
O001327,2024-12-01,19,B01,CH1,C04284,CMP000,2,9,120.15
O001328,2024-12-01,14,B01,CH1,C04636,CMP000,2,5,48.45
O001329,2024-12-01,19,B01,CH1,C00000,CMP000,2,6,61.45
O001330,2024-12-01,13,B01,CH1,C00068,CMP000,2,4,41.45
O001331,2024-12-01,13,B01,CH1,C00000,CMP000,1,3,41.7
O001332,2024-12-01,20,B01,CH1,C00000,CMP000,3,9,85.8
O001333,2024-12-02,21,B01,CH4,C01960,CMP000,0,3,18.45
O001334,2024-12-02,19,B01,CH1,C01064,CMP001,2,5,69.27
O001335,2024-12-02,21,B01,CH1,C00000,CMP000,2,5,49.05
O001336,2024-12-02,18,B01,CH1,C01749,CMP000,2,7,57.75
O001337,2024-12-02,12,B01,CH1,C02468,CMP000,2,7,58.05
O001338,2024-12-05,13,B01,CH1,C00000,CMP001,2,6,43.7
O001339,2024-12-05,17,B01,CH4,C04711,CMP000,0,7,62.95
O001340,2024-12-05,20,B01,CH1,C00299,CMP000,4,14,130.45
O001341,2024-12-05,13,B01,CH1,C00000,CMP000,2,5,36.95
O001342,2024-12-05,21,B01,CH1,C00000,CMP000,8,28,273.95
O001343,2024-12-05,19,B01,CH1,C00000,CMP001,2,5,46.11
O001344,2024-12-05,20,B01,CH1,C03524,CMP000,4,12,99.7
O001345,2024-12-05,17,B01,CH1,C01749,CMP000,4,15,110.0
O001346,2024-12-06,18,B01,CH1,C01048,CMP000,2,5,66.2
O001347,2024-12-06,22,B01,CH1,C02263,CMP000,8,25,231.75
O001348,2024-12-06,14,B01,CH1,C00000,CMP001,2,7,41.74
O001349,2024-12-06,14,B01,CH1,C00000,CMP000,2,7,49.55
O001350,2024-12-06,20,B01,CH1,C00000,CMP001,4,13,114.32
O001351,2024-12-06,20,B01,CH1,C00000,CMP001,1,3,19.69
O001352,2024-12-07,21,B01,CH1,C03862,CMP001,3,8,71.03
O001353,2024-12-07,19,B01,CH3,C00000,CMP000,0,5,43.3
O001354,2024-12-07,14,B01,CH1,C00000,CMP000,6,16,135.2
O001355,2024-12-07,19,B01,CH4,C00000,CMP000,0,1,14.5
O001356,2024-12-07,21,B01,CH1,C00000,CMP000,4,11,100.2
O001357,2024-12-08,21,B01,CH1,C00000,CMP000,2,7,69.45
O001358,2024-12-08,13,B01,CH2,C00000,CMP000,0,2,16.05
O001359,2024-12-08,12,B01,CH1,C00000,CMP000,3,8,71.4
O001360,2024-12-08,20,B01,CH2,C00000,CMP000,0,5,95.45
O001361,2024-12-08,13,B01,CH1,C03822,CMP001,4,9,76.12
O001362,2024-12-08,20,B01,CH2,C00000,CMP000,0,5,46.65
O001363,2024-12-08,17,B01,CH1,C00000,CMP000,1,3,28.85
O001364,2024-12-08,19,B01,CH1,C00000,CMP000,2,5,66.45
O001365,2024-12-08,20,B01,CH1,C02410,CMP000,2,7,72.8
O001366,2024-12-09,21,B01,CH4,C02263,CMP000,0,4,26.5
O001367,2024-12-09,19,B01,CH2,C00000,CMP000,0,7,66.2
O001368,2024-12-09,16,B01,CH3,C00000,CMP000,0,3,19.25
O001369,2024-12-09,19,B01,CH4,C04462,CMP000,0,2,25.4
O001370,2024-12-09,22,B01,CH1,C04958,CMP000,2,7,55.65
O001371,2024-12-11,14,B01,CH1,C00000,CMP001,3,9,67.25
O001372,2024-12-11,18,B01,CH1,C00000,CMP000,1,2,21.1
O001373,2024-12-11,13,B01,CH1,C00000,CMP001,4,8,78.99
O001374,2024-12-11,19,B01,CH1,C04958,CMP001,2,7,53.88
O001375,2024-12-12,13,B01,CH1,C00000,CMP000,2,6,52.85
O001376,2024-12-12,19,B01,CH1,C00000,CMP001,2,7,77.31
O001377,2024-12-12,14,B01,CH1,C03118,CMP000,6,16,138.95
O001378,2024-12-12,18,B01,CH1,C00000,CMP000,2,8,65.4
O001379,2024-12-12,16,B01,CH1,C00000,CMP001,2,6,49.77
O001380,2024-12-12,12,B01,CH3,C00000,CMP000,0,4,44.9
O001381,2024-12-13,19,B01,CH2,C00000,CMP000,0,1,14.05
O001382,2024-12-13,18,B01,CH1,C01908,CMP000,5,16,141.0
O001383,2024-12-13,12,B01,CH1,C00000,CMP000,4,9,87.7
O001384,2024-12-13,19,B01,CH2,C00000,CMP000,0,2,19.5
O001385,2024-12-13,20,B01,CH1,C00000,CMP000,4,12,127.2
O001386,2024-12-14,19,B01,CH1,C00000,CMP000,5,17,139.45
O001387,2024-12-14,19,B01,CH2,C00000,CMP000,0,2,22.7
O001388,2024-12-14,19,B01,CH3,C00000,CMP000,0,2,26.5
O001389,2024-12-14,14,B01,CH1,C00000,CMP000,5,18,123.25
O001390,2024-12-15,15,B01,CH4,C00000,CMP000,0,8,57.65
O001391,2024-12-15,12,B01,CH1,C00000,CMP000,4,8,88.5
O001392,2024-12-15,17,B01,CH2,C00000,CMP000,0,6,46.9
O001393,2024-12-15,22,B01,CH1,C04958,CMP000,2,5,69.85
O001394,2024-12-15,20,B01,CH1,C01083,CMP000,3,9,77.2
O001395,2024-12-15,13,B01,CH1,C00000,CMP001,3,7,71.2
O001396,2024-12-15,19,B01,CH1,C00000,CMP000,2,9,64.85
O001397,2024-12-15,20,B01,CH1,C00000,CMP000,5,14,201.95
O001398,2024-12-15,16,B01,CH2,C00000,CMP000,0,5,61.4
O001399,2024-12-15,14,B01,CH1,C00000,CMP001,1,2,18.83
O001400,2024-12-15,20,B01,CH1,C00000,CMP001,4,10,101.58
O001401,2024-12-15,19,B01,CH2,C00000,CMP000,0,3,26.3
O001402,2024-12-16,17,B01,CH3,C00000,CMP000,0,3,21.5
O001403,2024-12-16,22,B01,CH1,C00000,CMP001,2,7,54.62
O001404,2024-12-16,14,B01,CH2,C02263,CMP000,0,2,35.85
O001405,2024-12-18,20,B01,CH4,C00000,CMP000,0,3,23.75
O001406,2024-12-18,20,B01,CH1,C00000,CMP001,4,10,120.1
O001407,2024-12-18,21,B01,CH2,C00000,CMP000,0,2,16.05
O001408,2024-12-18,20,B01,CH2,C00000,CMP000,0,2,27.65
O001409,2024-12-18,14,B01,CH1,C03306,CMP000,3,8,80.9
O001410,2024-12-18,20,B01,CH1,C00000,CMP000,2,6,55.75
O001411,2024-12-19,12,B01,CH1,C00000,CMP000,2,8,67.25
O001412,2024-12-19,13,B01,CH1,C02263,CMP000,2,5,43.55
O001413,2024-12-19,12,B01,CH1,C00000,CMP000,2,4,56.85
O001414,2024-12-19,20,B01,CH1,C00000,CMP001,4,11,119.84
O001415,2024-12-20,19,B01,CH2,C00000,CMP000,0,10,70.4
O001416,2024-12-20,17,B01,CH1,C00000,CMP001,4,15,103.97
O001417,2024-12-20,22,B01,CH2,C00000,CMP000,0,2,21.95
O001418,2024-12-20,22,B01,CH1,C00000,CMP000,2,5,58.7
O001419,2024-12-20,13,B01,CH1,C00996,CMP000,2,6,61.4
O001420,2024-12-20,22,B01,CH1,C00000,CMP000,4,13,110.25
O001421,2024-12-20,12,B01,CH1,C00000,CMP001,4,10,79.82
O001422,2024-12-20,20,B01,CH1,C00000,CMP000,3,11,105.0
O001423,2024-12-20,20,B01,CH1,C00000,CMP001,2,7,53.18
O001424,2024-12-20,20,B01,CH1,C00000,CMP001,1,4,27.89
O001425,2024-12-20,18,B01,CH4,C00000,CMP000,0,2,19.05
O001426,2024-12-20,13,B01,CH1,C00000,CMP001,5,14,108.88
O001427,2024-12-20,17,B01,CH4,C00299,CMP000,0,6,46.0
O001428,2024-12-21,14,B01,CH1,C00000,CMP001,2,6,42.09
O001429,2024-12-21,21,B01,CH1,C00000,CMP000,2,6,57.75
O001430,2024-12-21,14,B01,CH1,C02750,CMP000,2,8,78.3
O001431,2024-12-21,19,B01,CH4,C00000,CMP000,0,5,44.9
O001432,2024-12-21,17,B01,CH2,C00000,CMP000,0,1,13.15
O001433,2024-12-21,18,B01,CH1,C04958,CMP000,4,11,102.85
O001434,2024-12-22,12,B01,CH2,C03715,CMP000,0,2,24.05
O001435,2024-12-22,19,B01,CH4,C00000,CMP000,0,5,45.1
O001436,2024-12-22,19,B01,CH3,C00000,CMP000,0,1,23.6
O001437,2024-12-22,21,B01,CH1,C01749,CMP000,2,6,62.1
O001438,2024-12-22,12,B01,CH1,C00000,CMP000,2,6,49.3
O001439,2024-12-23,12,B01,CH1,C00000,CMP000,2,5,40.2
O001440,2024-12-23,13,B01,CH1,C00000,CMP000,2,6,47.2
O001441,2024-12-23,13,B01,CH1,C02832,CMP000,2,6,43.45
O001442,2024-12-23,19,B01,CH1,C00000,CMP000,3,7,70.0
O001443,2024-12-26,21,B01,CH2,C01654,CMP000,0,3,22.7
O001444,2024-12-26,22,B01,CH1,C04958,CMP000,4,10,84.75
O001445,2024-12-27,19,B01,CH1,C00000,CMP000,4,14,135.3
O001446,2024-12-27,14,B01,CH1,C00000,CMP000,3,7,92.25
O001447,2024-12-27,20,B01,CH1,C00000,CMP000,8,25,230.35
O001448,2024-12-28,20,B01,CH1,C00000,CMP000,2,5,72.3
O001449,2024-12-28,14,B01,CH1,C00000,CMP000,1,3,18.35
O001450,2024-12-29,22,B01,CH2,C00000,CMP000,0,3,35.4
O001451,2024-12-29,16,B01,CH3,C00000,CMP000,0,2,17.7
O001452,2024-12-30,13,B01,CH3,C00000,CMP000,0,6,58.05
O001453,2024-12-30,21,B01,CH1,C04958,CMP000,2,8,63.75
O001454,2024-12-30,15,B01,CH1,C00000,CMP000,2,7,51.0
O001455,2025-01-01,17,B01,CH4,C04961,CMP000,0,7,59.35
O001456,2025-01-01,16,B01,CH3,C00000,CMP000,0,1,13.15
O001457,2025-01-02,22,B01,CH3,C00466,CMP000,0,3,25.4
O001458,2025-01-02,14,B01,CH3,C00000,CMP000,0,2,19.05
O001459,2025-01-02,17,B01,CH1,C00000,CMP000,2,7,55.75
O001460,2025-01-02,17,B01,CH1,C00000,CMP000,4,12,123.05
O001461,2025-01-02,19,B01,CH1,C04894,CMP000,4,12,146.0
O001462,2025-01-02,18,B01,CH4,C00000,CMP000,0,1,14.95
O001463,2025-01-02,17,B01,CH1,C00000,CMP000,4,14,128.75
O001464,2025-01-02,19,B01,CH1,C01687,CMP000,7,21,203.55
O001465,2025-01-03,18,B01,CH2,C00000,CMP000,0,6,54.6
O001466,2025-01-03,19,B01,CH1,C00466,CMP000,2,5,63.05
O001467,2025-01-03,20,B01,CH1,C02318,CMP000,2,5,50.15
O001468,2025-01-03,14,B01,CH1,C00000,CMP000,2,6,58.85
O001469,2025-01-03,21,B01,CH1,C00000,CMP000,3,10,88.45
O001470,2025-01-04,22,B01,CH1,C04958,CMP000,2,7,51.25
O001471,2025-01-04,19,B01,CH1,C00000,CMP000,1,2,50.8
O001472,2025-01-04,14,B01,CH1,C01818,CMP000,7,20,177.4
O001473,2025-01-04,22,B01,CH4,C00000,CMP000,0,2,15.9
O001474,2025-01-04,20,B01,CH1,C03831,CMP000,1,4,25.85
O001475,2025-01-05,16,B01,CH3,C00000,CMP000,0,2,17.7
O001476,2025-01-05,21,B01,CH1,C00000,CMP000,4,13,114.0
O001477,2025-01-05,17,B01,CH1,C00000,CMP000,5,20,155.2
O001478,2025-01-05,13,B01,CH2,C00000,CMP000,0,2,18.6
O001479,2025-01-05,13,B01,CH2,C00000,CMP000,0,2,16.8
O001480,2025-01-06,19,B01,CH3,C00000,CMP000,0,1,12.7
O001481,2025-01-06,21,B01,CH1,C00000,CMP002,2,6,44.87
O001482,2025-01-08,16,B01,CH1,C00200,CMP002,2,3,32.64
O001483,2025-01-08,19,B01,CH1,C00000,CMP000,4,17,127.7
O001484,2025-01-08,20,B01,CH1,C00000,CMP002,2,7,43.66
O001485,2025-01-09,21,B01,CH1,C00000,CMP002,1,3,16.69
O001486,2025-01-09,19,B01,CH1,C00000,CMP000,4,16,134.0
O001487,2025-01-10,18,B01,CH1,C00000,CMP002,2,5,40.83
O001488,2025-01-10,20,B01,CH4,C04280,CMP000,0,8,67.95
O001489,2025-01-11,13,B01,CH1,C00000,CMP002,3,9,67.5
O001490,2025-01-11,18,B01,CH2,C03549,CMP000,0,5,51.4
O001491,2025-01-11,18,B01,CH1,C00000,CMP002,3,10,74.59
O001492,2025-01-11,21,B01,CH1,C00000,CMP002,2,7,50.92
O001493,2025-01-11,19,B01,CH1,C00000,CMP002,1,3,19.74
O001494,2025-01-11,21,B01,CH3,C00000,CMP000,0,9,69.9
O001495,2025-01-12,19,B01,CH1,C00000,CMP000,2,10,77.55
O001496,2025-01-12,19,B01,CH4,C02421,CMP000,0,2,22.85
O001497,2025-01-12,12,B01,CH1,C00000,CMP000,6,17,148.95
O001498,2025-01-12,21,B01,CH3,C00646,CMP000,0,5,42.5
O001499,2025-01-13,18,B01,CH1,C01990,CMP000,2,7,70.95
O001500,2025-01-13,20,B01,CH1,C03306,CMP000,4,15,136.65
O001501,2025-01-13,13,B01,CH1,C03103,CMP002,7,22,149.06
O001502,2025-01-13,20,B01,CH1,C01064,CMP002,6,21,153.34
O001503,2025-01-13,13,B01,CH3,C00000,CMP000,0,4,31.75
O001504,2025-01-13,20,B01,CH1,C00000,CMP000,4,11,97.5
O001505,2025-01-15,22,B01,CH1,C00000,CMP002,4,11,89.49
O001506,2025-01-15,20,B01,CH1,C02263,CMP000,6,19,157.15
O001507,2025-01-15,17,B01,CH2,C00000,CMP000,0,8,76.4
O001508,2025-01-15,18,B01,CH1,C04958,CMP000,2,6,49.25
O001509,2025-01-16,16,B01,CH2,C00000,CMP000,0,1,19.95
O001510,2025-01-16,20,B01,CH1,C03306,CMP000,4,13,119.8
O001511,2025-01-16,16,B01,CH1,C03524,CMP002,2,6,71.2
O001512,2025-01-17,13,B01,CH1,C03346,CMP000,2,3,36.0
O001513,2025-01-17,14,B01,CH1,C00000,CMP002,5,13,93.77
O001514,2025-01-17,20,B01,CH1,C00000,CMP000,2,5,47.35
O001515,2025-01-17,22,B01,CH2,C00000,CMP000,0,2,19.5
O001516,2025-01-18,21,B01,CH4,C01305,CMP000,0,3,34.45
O001517,2025-01-18,19,B01,CH1,C00000,CMP000,4,13,110.3
O001518,2025-01-18,12,B01,CH1,C00000,CMP000,2,6,52.45
O001519,2025-01-18,18,B01,CH1,C00000,CMP000,6,22,230.3
O001520,2025-01-19,17,B01,CH1,C00000,CMP002,2,8,70.24
O001521,2025-01-19,19,B01,CH1,C01064,CMP002,1,3,16.52
O001522,2025-01-19,20,B01,CH3,C00000,CMP000,0,6,51.3
O001523,2025-01-19,19,B01,CH1,C03831,CMP002,2,6,42.48
O001524,2025-01-19,19,B01,CH1,C00000,CMP002,6,20,190.0
O001525,2025-01-19,14,B01,CH3,C00000,CMP000,0,1,14.05
O001526,2025-01-19,12,B01,CH1,C00000,CMP000,2,7,59.55
O001527,2025-01-20,19,B01,CH4,C00000,CMP000,0,6,55.1
O001528,2025-01-20,12,B01,CH1,C00000,CMP002,3,9,62.05
O001529,2025-01-20,21,B01,CH3,C03831,CMP000,0,5,42.5
O001530,2025-01-20,14,B01,CH1,C04013,CMP000,1,2,20.85
O001531,2025-01-20,18,B01,CH1,C00000,CMP002,1,4,32.07
O001532,2025-01-22,20,B01,CH1,C00000,CMP000,2,6,58.5
O001533,2025-01-22,22,B01,CH1,C00000,CMP000,3,8,68.05
O001534,2025-01-22,13,B01,CH3,C00000,CMP000,0,8,58.45
O001535,2025-01-22,19,B01,CH4,C00000,CMP000,0,2,18.6
O001536,2025-01-22,12,B01,CH1,C00000,CMP002,2,6,37.06
O001537,2025-01-22,15,B01,CH1,C00068,CMP002,2,6,34.21
O001538,2025-01-22,18,B01,CH1,C00000,CMP000,2,6,60.25
O001539,2025-01-22,21,B01,CH3,C00000,CMP000,0,3,21.05
O001540,2025-01-23,21,B01,CH1,C04958,CMP002,1,4,22.93
O001541,2025-01-23,19,B01,CH1,C00000,CMP002,7,18,140.59
O001542,2025-01-24,19,B01,CH1,C00000,CMP002,2,7,54.7
O001543,2025-01-24,21,B01,CH1,C00000,CMP000,4,14,146.05
O001544,2025-01-24,19,B01,CH1,C00000,CMP000,2,8,62.65
O001545,2025-01-24,18,B01,CH3,C03381,CMP000,0,4,50.05
O001546,2025-01-24,19,B01,CH1,C00000,CMP002,1,4,29.84
O001547,2025-01-24,13,B01,CH1,C00000,CMP002,1,2,23.85
O001548,2025-01-24,19,B01,CH1,C00000,CMP000,6,18,160.0
O001549,2025-01-25,13,B01,CH1,C00000,CMP002,1,1,10.88
O001550,2025-01-25,18,B01,CH1,C00000,CMP000,2,5,52.15
O001551,2025-01-25,17,B01,CH2,C00000,CMP000,0,1,14.5
O001552,2025-01-25,20,B01,CH2,C00000,CMP000,0,6,71.85
O001553,2025-01-25,18,B01,CH1,C00000,CMP002,2,7,44.17
O001554,2025-01-25,12,B01,CH1,C01591,CMP000,3,8,95.3
O001555,2025-01-25,19,B01,CH4,C00000,CMP000,0,4,26.5
O001556,2025-01-26,21,B01,CH1,C00000,CMP002,6,18,153.58
O001557,2025-01-26,21,B01,CH1,C00000,CMP000,2,6,47.9
O001558,2025-01-26,13,B01,CH1,C00000,CMP002,5,17,133.92
O001559,2025-01-26,18,B01,CH2,C00000,CMP000,0,7,56.7
O001560,2025-01-26,18,B01,CH1,C00000,CMP000,8,22,250.7
O001561,2025-01-26,19,B01,CH1,C03533,CMP002,5,16,118.62
O001562,2025-01-27,17,B01,CH1,C03118,CMP000,2,8,87.75
O001563,2025-01-27,19,B01,CH2,C00000,CMP000,0,8,61.7
O001564,2025-01-27,19,B01,CH1,C00000,CMP000,4,12,115.4
O001565,2025-01-27,16,B01,CH1,C01064,CMP000,2,6,74.45
O001566,2025-01-27,19,B01,CH1,C00000,CMP000,6,22,201.4
O001567,2025-01-27,18,B01,CH3,C00000,CMP000,0,3,30.85
O001568,2025-01-27,19,B01,CH1,C02955,CMP000,1,2,18.85
O001569,2025-01-27,13,B01,CH1,C03278,CMP000,2,6,46.9
O001570,2025-01-29,12,B01,CH1,C00000,CMP002,2,7,42.55
O001571,2025-01-29,14,B01,CH1,C00000,CMP000,5,11,127.5
O001572,2025-01-29,12,B01,CH1,C00000,CMP000,1,3,20.6
O001573,2025-01-29,13,B01,CH1,C02668,CMP002,6,15,114.54
O001574,2025-01-30,19,B01,CH4,C04947,CMP000,0,3,31.3
O001575,2025-01-30,20,B01,CH1,C01001,CMP002,4,12,84.3
O001576,2025-01-30,21,B01,CH2,C00000,CMP000,0,2,19.5
O001577,2025-01-30,16,B01,CH1,C00000,CMP002,3,13,77.55
O001578,2025-01-30,20,B01,CH1,C00000,CMP000,2,7,93.0
O001579,2025-01-31,20,B01,CH1,C00000,CMP000,2,8,68.1
O001580,2025-01-31,18,B01,CH1,C00000,CMP000,2,7,55.35
O001581,2025-01-31,16,B01,CH3,C00000,CMP000,0,7,70.75
O001582,2025-01-31,20,B01,CH1,C02926,CMP002,2,7,41.52
O001583,2025-01-31,19,B01,CH1,C00000,CMP000,3,10,96.45
O001584,2025-01-31,14,B01,CH1,C03306,CMP002,2,5,30.96
O001585,2025-01-31,15,B01,CH1,C00299,CMP000,4,13,99.25
O001586,2025-01-31,22,B01,CH1,C00000,CMP002,5,11,95.48
O001587,2025-01-31,20,B01,CH1,C02285,CMP000,3,9,117.1
O001588,2025-01-31,18,B01,CH1,C00000,CMP002,3,10,60.21
O001589,2025-01-31,20,B01,CH3,C00000,CMP000,0,2,16.6
O001590,2025-01-31,19,B01,CH1,C00000,CMP000,1,4,28.1
O001591,2025-02-01,18,B01,CH1,C00506,CMP000,2,8,65.4
O001592,2025-02-01,13,B01,CH1,C00000,CMP000,4,10,118.6
O001593,2025-02-01,14,B01,CH1,C00000,CMP000,3,9,70.15
O001594,2025-02-01,22,B01,CH1,C00000,CMP000,3,11,110.2
O001595,2025-02-01,17,B01,CH2,C00000,CMP000,0,11,82.05
O001596,2025-02-02,12,B01,CH1,C02464,CMP000,2,8,72.45
O001597,2025-02-02,19,B01,CH2,C00000,CMP000,0,4,46.7
O001598,2025-02-02,21,B01,CH3,C00000,CMP000,0,2,22.7
O001599,2025-02-02,19,B01,CH3,C00000,CMP000,0,12,85.1
O001600,2025-02-02,12,B01,CH3,C00000,CMP000,0,2,29.9
O001601,2025-02-02,17,B01,CH4,C04575,CMP000,0,4,45.9
O001602,2025-02-03,14,B01,CH1,C02263,CMP000,2,5,40.1
O001603,2025-02-03,19,B01,CH1,C00117,CMP000,2,5,50.6
O001604,2025-02-05,18,B01,CH1,C04958,CMP000,6,18,190.05
O001605,2025-02-05,20,B01,CH2,C00506,CMP000,0,1,12.7
O001606,2025-02-05,15,B01,CH1,C04171,CMP000,3,10,97.2
O001607,2025-02-05,22,B01,CH1,C00000,CMP000,2,7,62.3
O001608,2025-02-05,14,B01,CH1,C00200,CMP000,3,7,80.7
O001609,2025-02-05,12,B01,CH1,C00000,CMP000,1,2,18.75
O001610,2025-02-06,17,B01,CH1,C00000,CMP000,3,9,87.1
O001611,2025-02-06,15,B01,CH1,C00000,CMP000,2,6,66.95
O001612,2025-02-06,20,B01,CH1,C00000,CMP000,5,18,152.35
O001613,2025-02-06,15,B01,CH1,C00000,CMP000,3,11,82.3
O001614,2025-02-07,22,B01,CH1,C04029,CMP000,4,11,119.0
O001615,2025-02-07,21,B01,CH1,C00000,CMP000,1,4,33.1
O001616,2025-02-07,22,B01,CH1,C04958,CMP000,4,13,154.2
O001617,2025-02-07,14,B01,CH1,C01229,CMP000,5,12,121.1
O001618,2025-02-07,20,B01,CH1,C00000,CMP000,3,10,103.35
O001619,2025-02-08,19,B01,CH1,C00000,CMP000,3,13,124.7
O001620,2025-02-08,22,B01,CH1,C00000,CMP000,3,8,102.05
O001621,2025-02-08,16,B01,CH3,C00000,CMP000,0,3,30.85
O001622,2025-02-08,21,B01,CH4,C00000,CMP000,0,4,36.45
O001623,2025-02-09,20,B01,CH1,C00089,CMP000,2,8,55.25
O001624,2025-02-09,18,B01,CH1,C00000,CMP000,2,6,53.95
O001625,2025-02-09,21,B01,CH3,C00000,CMP000,0,7,66.4
O001626,2025-02-12,22,B01,CH1,C00000,CMP000,3,9,78.45
O001627,2025-02-12,13,B01,CH1,C00000,CMP000,3,7,99.75
O001628,2025-02-12,22,B01,CH1,C00000,CMP000,4,13,143.65
O001629,2025-02-12,17,B01,CH2,C00000,CMP000,0,5,57.35
O001630,2025-02-13,12,B01,CH1,C01064,CMP000,2,4,40.8
O001631,2025-02-13,21,B01,CH2,C00000,CMP000,0,1,15.85
O001632,2025-02-13,18,B01,CH1,C00000,CMP000,8,21,230.6
O001633,2025-02-14,20,B01,CH1,C00000,CMP000,2,6,48.1
O001634,2025-02-14,17,B01,CH1,C03277,CMP000,2,5,46.5
O001635,2025-02-14,17,B01,CH3,C00000,CMP000,0,10,95.45
O001636,2025-02-15,13,B01,CH1,C00299,CMP000,2,5,49.0
O001637,2025-02-15,18,B01,CH2,C00000,CMP000,0,4,33.75
O001638,2025-02-15,14,B01,CH1,C00000,CMP000,1,3,31.75
O001639,2025-02-15,21,B01,CH1,C04958,CMP000,4,11,95.05
O001640,2025-02-15,20,B01,CH2,C04958,CMP000,0,5,59.2
O001641,2025-02-16,20,B01,CH1,C00000,CMP000,3,10,104.05
O001642,2025-02-16,19,B01,CH1,C01409,CMP000,3,9,106.2
O001643,2025-02-16,17,B01,CH1,C03555,CMP000,3,13,109.5
O001644,2025-02-16,20,B01,CH1,C00000,CMP000,4,14,114.85
O001645,2025-02-16,14,B01,CH1,C00000,CMP000,2,5,52.8
O001646,2025-02-16,19,B01,CH1,C00000,CMP000,3,8,72.65
O001647,2025-02-16,19,B01,CH1,C00000,CMP000,4,14,159.8
O001648,2025-02-16,15,B01,CH3,C00000,CMP000,0,5,39.65
O001649,2025-02-17,20,B01,CH1,C00000,CMP000,3,11,86.05
O001650,2025-02-19,22,B01,CH1,C00017,CMP000,3,10,88.1
O001651,2025-02-20,12,B01,CH1,C03718,CMP000,2,5,48.5
O001652,2025-02-20,17,B01,CH4,C00000,CMP000,0,5,45.55
O001653,2025-02-20,18,B01,CH1,C00000,CMP000,2,6,55.9
O001654,2025-02-21,15,B01,CH1,C00000,CMP000,1,4,39.0
O001655,2025-02-21,14,B01,CH1,C00000,CMP000,3,10,92.85
O001656,2025-02-21,20,B01,CH3,C00000,CMP000,0,2,16.95
O001657,2025-02-22,18,B01,CH1,C00000,CMP000,2,6,51.75
O001658,2025-02-22,19,B01,CH1,C00000,CMP000,3,10,105.85
O001659,2025-02-22,19,B01,CH1,C00000,CMP000,3,6,65.75
O001660,2025-02-22,21,B01,CH1,C00000,CMP000,2,8,69.05
O001661,2025-02-22,20,B01,CH1,C00000,CMP000,2,7,49.65
O001662,2025-02-23,22,B01,CH1,C00000,CMP000,4,13,110.25
O001663,2025-02-23,20,B01,CH1,C00000,CMP000,5,13,147.25
O001664,2025-02-23,20,B01,CH1,C03858,CMP000,2,6,79.2
O001665,2025-02-23,16,B01,CH2,C00000,CMP000,0,3,31.75
O001666,2025-02-23,16,B01,CH1,C00000,CMP000,7,24,202.1
O001667,2025-02-23,19,B01,CH1,C03533,CMP000,3,7,81.85
O001668,2025-02-24,18,B01,CH2,C00000,CMP000,0,10,87.95
O001669,2025-02-24,22,B01,CH1,C00000,CMP000,5,16,130.5
O001670,2025-02-26,21,B01,CH1,C00000,CMP000,3,8,94.3
O001671,2025-02-26,14,B01,CH1,C03822,CMP000,2,9,70.3
O001672,2025-02-27,19,B01,CH2,C00000,CMP000,0,3,23.3
O001673,2025-02-27,20,B01,CH1,C04958,CMP000,2,7,60.6
O001674,2025-02-27,18,B01,CH1,C00000,CMP000,2,7,55.4
O001675,2025-02-28,20,B01,CH1,C00000,CMP000,3,10,89.8
O001676,2025-02-28,18,B01,CH1,C03346,CMP000,5,18,208.45
O001677,2025-02-28,16,B01,CH1,C00000,CMP000,2,7,54.25
O001678,2025-02-28,22,B01,CH3,C00000,CMP000,0,1,14.05
O001679,2025-02-28,22,B01,CH1,C02262,CMP000,4,17,136.4
O001680,2025-02-28,21,B01,CH1,C00000,CMP000,2,9,80.35
O001681,2025-02-28,19,B01,CH1,C00000,CMP000,4,12,117.05
O001682,2025-03-01,19,B01,CH3,C00000,CMP000,0,2,21.15
O001683,2025-03-01,15,B01,CH1,C02546,CMP000,6,18,165.15
O001684,2025-03-01,21,B01,CH2,C00000,CMP000,0,2,24.25
O001685,2025-03-01,16,B01,CH3,C04956,CMP000,0,2,23.85
O001686,2025-03-01,18,B01,CH1,C04196,CMP000,2,7,65.35
O001687,2025-03-01,21,B01,CH1,C02513,CMP000,5,13,141.4
O001688,2025-03-02,12,B01,CH4,C04958,CMP000,0,5,48.4
O001689,2025-03-02,18,B01,CH1,C04958,CMP000,8,31,285.6
O001690,2025-03-02,19,B01,CH1,C00000,CMP000,3,8,78.7
O001691,2025-03-03,13,B01,CH1,C00000,CMP000,2,7,61.35
O001692,2025-03-05,19,B01,CH1,C00000,CMP000,3,13,127.3
O001693,2025-03-05,21,B01,CH4,C00000,CMP000,0,3,32.7
O001694,2025-03-05,14,B01,CH1,C01206,CMP000,2,5,46.7
O001695,2025-03-06,14,B01,CH1,C00000,CMP000,4,9,116.05
O001696,2025-03-06,18,B01,CH1,C00000,CMP000,5,15,131.45
O001697,2025-03-06,20,B01,CH1,C02941,CMP000,3,10,87.1
O001698,2025-03-07,13,B01,CH1,C00000,CMP000,2,5,53.9
O001699,2025-03-07,15,B01,CH2,C00000,CMP000,0,10,92.1
O001700,2025-03-07,17,B01,CH1,C00000,CMP000,2,5,54.55
O001701,2025-03-08,22,B01,CH3,C00000,CMP000,0,2,22.15
O001702,2025-03-08,22,B01,CH1,C00000,CMP000,2,6,52.9
O001703,2025-03-08,19,B01,CH1,C00000,CMP000,5,13,154.0
O001704,2025-03-08,19,B01,CH1,C00000,CMP000,4,12,138.15
O001705,2025-03-08,16,B01,CH2,C00000,CMP000,0,6,50.25
O001706,2025-03-08,14,B01,CH1,C00000,CMP000,1,2,23.55
O001707,2025-03-09,20,B01,CH1,C00000,CMP000,5,18,210.5
O001708,2025-03-09,19,B01,CH4,C04958,CMP000,0,7,54.6
O001709,2025-03-09,14,B01,CH1,C00000,CMP000,4,14,116.9
O001710,2025-03-09,20,B01,CH3,C00000,CMP000,0,6,49.3
O001711,2025-03-09,16,B01,CH1,C00000,CMP000,4,11,116.7
O001712,2025-03-09,16,B01,CH2,C00000,CMP000,0,1,13.0
O001713,2025-03-09,19,B01,CH2,C00000,CMP000,0,4,27.6
O001714,2025-03-10,19,B01,CH3,C00000,CMP000,0,2,19.7
O001715,2025-03-10,19,B01,CH2,C00000,CMP000,0,4,36.25
O001716,2025-03-10,14,B01,CH1,C00000,CMP000,2,3,33.85
O001717,2025-03-12,19,B01,CH4,C00000,CMP000,0,5,41.6
O001718,2025-03-13,21,B01,CH2,C00000,CMP000,0,2,19.7
O001719,2025-03-13,19,B01,CH1,C00000,CMP000,3,10,124.05
O001720,2025-03-13,12,B01,CH1,C04956,CMP000,6,19,143.65
O001721,2025-03-13,16,B01,CH1,C01064,CMP000,4,11,136.5
O001722,2025-03-14,15,B01,CH4,C00000,CMP000,0,6,45.45
O001723,2025-03-14,18,B01,CH3,C00000,CMP000,0,8,102.85
O001724,2025-03-14,19,B01,CH3,C00000,CMP000,0,3,31.05
O001725,2025-03-14,18,B01,CH1,C02263,CMP000,4,14,171.95
O001726,2025-03-14,13,B01,CH4,C00000,CMP000,0,3,31.45
O001727,2025-03-14,22,B01,CH1,C00156,CMP000,2,6,74.55
O001728,2025-03-14,17,B01,CH4,C00000,CMP000,0,1,14.9
O001729,2025-03-14,20,B01,CH1,C02263,CMP000,8,30,296.8
O001730,2025-03-15,17,B01,CH1,C00000,CMP000,4,8,88.2
O001731,2025-03-15,22,B01,CH1,C02468,CMP000,4,11,101.4
O001732,2025-03-15,20,B01,CH1,C00069,CMP000,3,9,80.55
O001733,2025-03-15,19,B01,CH1,C00000,CMP000,3,10,79.65
O001734,2025-03-16,19,B01,CH1,C00000,CMP000,3,10,87.8
O001735,2025-03-16,19,B01,CH1,C00000,CMP000,2,7,62.9
O001736,2025-03-16,13,B01,CH1,C01740,CMP000,2,4,41.8
O001737,2025-03-16,19,B01,CH1,C01749,CMP000,2,7,57.05
O001738,2025-03-16,20,B01,CH1,C00000,CMP000,4,9,90.2
O001739,2025-03-17,17,B01,CH3,C00000,CMP000,0,3,38.45
O001740,2025-03-17,13,B01,CH1,C00000,CMP000,2,5,42.45
O001741,2025-03-17,12,B01,CH1,C00000,CMP000,4,10,107.95
O001742,2025-03-17,15,B01,CH1,C00000,CMP000,4,12,119.5
O001743,2025-03-17,15,B01,CH1,C00146,CMP000,2,6,53.5
O001744,2025-03-17,15,B01,CH4,C00000,CMP000,0,3,19.95
O001745,2025-03-19,13,B01,CH1,C02439,CMP000,2,8,77.0
O001746,2025-03-19,13,B01,CH1,C00000,CMP000,4,9,107.8
O001747,2025-03-19,18,B01,CH4,C00000,CMP000,0,5,39.35
O001748,2025-03-19,17,B01,CH1,C00000,CMP000,3,11,97.2
O001749,2025-03-20,13,B01,CH1,C02941,CMP000,2,6,56.05
O001750,2025-03-20,19,B01,CH1,C00000,CMP000,6,21,201.55
O001751,2025-03-20,18,B01,CH4,C02941,CMP000,0,2,18.3
O001752,2025-03-21,17,B01,CH1,C00000,CMP000,2,8,85.25
O001753,2025-03-21,22,B01,CH4,C00000,CMP000,0,2,18.0
O001754,2025-03-21,19,B01,CH1,C00000,CMP000,2,7,93.0
O001755,2025-03-21,18,B01,CH1,C00466,CMP000,2,5,52.1
O001756,2025-03-21,20,B01,CH1,C00000,CMP000,8,24,257.55
O001757,2025-03-22,21,B01,CH3,C00000,CMP000,0,2,18.0
O001758,2025-03-22,18,B01,CH1,C04958,CMP000,2,7,111.3
O001759,2025-03-22,20,B01,CH1,C00000,CMP000,4,13,110.9
O001760,2025-03-22,21,B01,CH2,C00000,CMP000,0,2,20.2
O001761,2025-03-22,21,B01,CH1,C00000,CMP000,2,7,92.75
O001762,2025-03-22,13,B01,CH1,C00000,CMP000,4,15,139.7
O001763,2025-03-22,22,B01,CH1,C00000,CMP000,1,3,31.1
O001764,2025-03-22,13,B01,CH1,C01864,CMP000,4,12,119.25
O001765,2025-03-22,13,B01,CH1,C00000,CMP000,3,7,86.5
O001766,2025-03-22,22,B01,CH1,C02329,CMP000,2,9,76.9
O001767,2025-03-22,12,B01,CH1,C00000,CMP000,4,9,105.2
O001768,2025-03-23,20,B01,CH1,C00000,CMP000,1,4,31.0
O001769,2025-03-23,22,B01,CH1,C00000,CMP000,7,23,226.55
O001770,2025-03-23,18,B01,CH2,C00000,CMP000,0,3,39.9
O001771,2025-03-23,14,B01,CH3,C00000,CMP000,0,4,38.95
O001772,2025-03-23,20,B01,CH1,C00000,CMP000,2,7,66.45
O001773,2025-03-23,19,B01,CH1,C00000,CMP000,2,7,57.55
O001774,2025-03-23,17,B01,CH1,C00000,CMP000,6,20,201.25
O001775,2025-03-24,15,B01,CH1,C04958,CMP000,4,14,136.3
O001776,2025-03-24,12,B01,CH1,C04450,CMP000,4,13,125.25
O001777,2025-03-24,13,B01,CH1,C00000,CMP000,1,3,33.15
O001778,2025-03-24,18,B01,CH1,C00000,CMP000,1,3,34.15
O001779,2025-03-26,20,B01,CH1,C00357,CMP000,2,6,49.55
O001780,2025-03-26,12,B01,CH1,C00000,CMP000,4,12,111.0
O001781,2025-03-27,20,B01,CH1,C03670,CMP000,2,7,72.15
O001782,2025-03-27,13,B01,CH3,C04958,CMP000,0,2,20.2
O001783,2025-03-28,21,B01,CH1,C04462,CMP000,4,12,127.75
O001784,2025-03-28,22,B01,CH1,C00000,CMP000,8,27,290.85
O001785,2025-03-28,13,B01,CH1,C01900,CMP000,8,23,212.7
O001786,2025-03-28,12,B01,CH1,C00000,CMP000,4,10,101.3
O001787,2025-03-28,20,B01,CH1,C04958,CMP000,6,17,195.85
O001788,2025-03-28,21,B01,CH2,C00000,CMP000,0,2,23.3
O001789,2025-03-28,12,B01,CH1,C00000,CMP000,4,11,100.5
O001790,2025-03-29,13,B01,CH1,C00000,CMP000,1,4,31.0
O001791,2025-03-29,21,B01,CH1,C00000,CMP000,4,13,110.75
O001792,2025-03-29,19,B01,CH1,C00000,CMP000,2,5,41.75
O001793,2025-03-29,21,B01,CH1,C00000,CMP000,3,10,97.1
O001794,2025-03-29,13,B01,CH1,C00000,CMP000,2,6,69.0
O001795,2025-03-29,19,B01,CH1,C00000,CMP000,2,5,50.5
O001796,2025-03-29,21,B01,CH1,C00000,CMP000,4,12,125.25
O001797,2025-03-29,21,B01,CH1,C00000,CMP000,8,29,264.65
O001798,2025-03-29,20,B01,CH1,C00000,CMP000,2,7,76.3
O001799,2025-03-30,21,B01,CH3,C00000,CMP000,0,9,89.65
O001800,2025-03-30,13,B01,CH1,C04958,CMP000,2,6,43.6
O001801,2025-03-30,17,B01,CH1,C00000,CMP000,7,18,250.95
O001802,2025-03-31,13,B01,CH1,C00000,CMP000,1,4,31.75
O001803,2025-03-31,13,B01,CH1,C00000,CMP000,2,7,67.85
O001804,2025-04-02,15,B01,CH3,C00000,CMP000,0,3,34.6
O001805,2025-04-02,17,B01,CH1,C00000,CMP000,2,4,50.5
O001806,2025-04-02,12,B01,CH1,C02262,CMP000,2,4,44.05
O001807,2025-04-02,17,B01,CH1,C00000,CMP000,3,8,78.95
O001808,2025-04-02,19,B01,CH2,C00076,CMP000,0,4,33.5
O001809,2025-04-02,20,B01,CH1,C00000,CMP000,4,10,107.05
O001810,2025-04-02,13,B01,CH3,C00000,CMP000,0,3,44.7
O001811,2025-04-02,12,B01,CH1,C00000,CMP000,2,6,60.3
O001812,2025-04-03,18,B01,CH4,C02941,CMP000,0,7,84.95
O001813,2025-04-04,12,B01,CH1,C00000,CMP000,2,7,54.15
O001814,2025-04-04,13,B01,CH1,C02382,CMP000,3,7,65.2
O001815,2025-04-04,12,B01,CH1,C02619,CMP000,1,2,22.6
O001816,2025-04-04,21,B01,CH3,C00000,CMP000,0,3,24.35
O001817,2025-04-04,19,B01,CH1,C01064,CMP000,3,11,92.15
O001818,2025-04-04,14,B01,CH1,C00000,CMP000,2,5,54.0
O001819,2025-04-04,18,B01,CH1,C00000,CMP000,4,16,169.3
O001820,2025-04-05,17,B01,CH4,C00000,CMP000,0,3,20.4
O001821,2025-04-05,15,B01,CH1,C00000,CMP000,4,12,109.25
O001822,2025-04-05,14,B01,CH1,C03306,CMP000,3,6,60.8
O001823,2025-04-06,20,B01,CH1,C00839,CMP000,2,6,47.9
O001824,2025-04-06,18,B01,CH1,C03306,CMP000,1,1,20.2
O001825,2025-04-06,20,B01,CH3,C00000,CMP000,0,6,64.2
O001826,2025-04-06,13,B01,CH1,C00299,CMP000,2,5,76.75
O001827,2025-04-07,17,B01,CH2,C00000,CMP000,0,2,19.95
O001828,2025-04-07,20,B01,CH4,C02569,CMP003,0,3,25.6
O001829,2025-04-07,19,B01,CH3,C00000,CMP000,0,1,14.9
O001830,2025-04-09,19,B01,CH1,C00000,CMP000,1,2,21.15
O001831,2025-04-09,18,B01,CH1,C02263,CMP000,2,6,80.45
O001832,2025-04-10,18,B01,CH1,C00000,CMP000,4,10,127.4
O001833,2025-04-10,12,B01,CH3,C02941,CMP000,0,7,61.8
O001834,2025-04-10,18,B01,CH1,C00000,CMP000,5,15,143.25
O001835,2025-04-10,22,B01,CH1,C00000,CMP000,8,25,241.5
O001836,2025-04-10,16,B01,CH3,C01395,CMP000,0,3,27.15
O001837,2025-04-11,19,B01,CH1,C00000,CMP000,1,3,29.85
O001838,2025-04-11,13,B01,CH1,C00000,CMP000,3,8,96.4
O001839,2025-04-11,17,B01,CH1,C00000,CMP000,2,6,54.85
O001840,2025-04-11,19,B01,CH1,C00000,CMP000,7,19,202.0
O001841,2025-04-11,15,B01,CH1,C00000,CMP000,2,4,46.65
O001842,2025-04-11,14,B01,CH1,C00000,CMP000,2,6,69.3
O001843,2025-04-12,14,B01,CH1,C03822,CMP000,7,18,201.2
O001844,2025-04-12,18,B01,CH1,C00000,CMP000,2,8,71.15
O001845,2025-04-12,22,B01,CH1,C03118,CMP000,2,7,66.4
O001846,2025-04-12,18,B01,CH1,C00000,CMP000,8,26,247.65
O001847,2025-04-12,14,B01,CH1,C00000,CMP000,2,3,35.55
O001848,2025-04-12,19,B01,CH1,C00000,CMP000,2,7,66.95
O001849,2025-04-12,19,B01,CH2,C00000,CMP000,0,4,44.95
O001850,2025-04-12,13,B01,CH3,C00000,CMP000,0,4,34.65
O001851,2025-04-12,22,B01,CH1,C00000,CMP000,4,12,112.3
O001852,2025-04-12,13,B01,CH1,C00000,CMP000,2,8,59.2
O001853,2025-04-12,17,B01,CH2,C00000,CMP000,0,6,45.0
O001854,2025-04-12,20,B01,CH1,C00000,CMP000,2,7,53.7
O001855,2025-04-12,19,B01,CH1,C00000,CMP000,2,5,52.95
O001856,2025-04-12,20,B01,CH4,C00000,CMP000,0,4,53.1
O001857,2025-04-13,20,B01,CH1,C02829,CMP000,4,13,128.7
O001858,2025-04-13,20,B01,CH4,C02262,CMP003,0,3,25.4
O001859,2025-04-13,20,B01,CH1,C00000,CMP000,3,10,80.55
O001860,2025-04-14,13,B01,CH1,C00000,CMP000,4,12,114.0
O001861,2025-04-14,18,B01,CH4,C00000,CMP000,0,2,27.9
O001862,2025-04-14,13,B01,CH1,C00000,CMP000,2,5,48.3
O001863,2025-04-14,19,B01,CH1,C00000,CMP000,3,9,87.05
O001864,2025-04-14,20,B01,CH1,C00000,CMP000,3,9,93.35
O001865,2025-04-16,20,B01,CH3,C00000,CMP000,0,7,72.45
O001866,2025-04-16,21,B01,CH2,C00000,CMP000,0,5,66.1
O001867,2025-04-16,22,B01,CH2,C00799,CMP000,0,4,31.05
O001868,2025-04-17,15,B01,CH1,C00000,CMP000,5,14,135.25
O001869,2025-04-17,13,B01,CH1,C00000,CMP000,1,3,32.75
O001870,2025-04-17,17,B01,CH1,C00000,CMP000,2,7,68.25
O001871,2025-04-17,19,B01,CH1,C00357,CMP000,4,12,123.45
O001872,2025-04-17,21,B01,CH1,C00000,CMP000,1,3,30.3
O001873,2025-04-17,18,B01,CH1,C00000,CMP000,3,10,91.25
O001874,2025-04-17,19,B01,CH1,C00000,CMP000,2,6,52.4
O001875,2025-04-18,20,B01,CH1,C00000,CMP000,2,9,113.5
O001876,2025-04-18,22,B01,CH4,C02439,CMP003,0,2,18.08
O001877,2025-04-18,21,B01,CH1,C00224,CMP000,1,4,35.1
O001878,2025-04-18,20,B01,CH1,C00651,CMP000,3,9,92.9
O001879,2025-04-18,20,B01,CH1,C00000,CMP000,4,12,111.8
O001880,2025-04-18,21,B01,CH1,C00000,CMP000,4,14,121.2
O001881,2025-04-18,19,B01,CH1,C04958,CMP000,4,9,87.6
O001882,2025-04-18,15,B01,CH1,C00000,CMP000,4,11,156.85
O001883,2025-04-19,18,B01,CH4,C00000,CMP000,0,3,24.05
O001884,2025-04-19,17,B01,CH4,C00000,CMP000,0,6,55.55
O001885,2025-04-19,18,B01,CH1,C00000,CMP000,2,8,69.75
O001886,2025-04-19,18,B01,CH1,C00000,CMP000,7,21,178.45
O001887,2025-04-19,19,B01,CH1,C00000,CMP000,2,6,64.0
O001888,2025-04-19,20,B01,CH3,C00000,CMP000,0,2,17.05
O001889,2025-04-19,17,B01,CH1,C00000,CMP000,2,6,51.2
O001890,2025-04-20,20,B01,CH1,C00000,CMP000,2,5,41.55
O001891,2025-04-20,19,B01,CH1,C00000,CMP000,3,10,81.8
O001892,2025-04-20,12,B01,CH1,C01667,CMP000,1,2,19.25
O001893,2025-04-20,14,B01,CH1,C00000,CMP000,2,6,60.85
O001894,2025-04-20,18,B01,CH1,C00000,CMP000,2,8,71.95
O001895,2025-04-20,18,B01,CH1,C01229,CMP000,2,7,61.3
O001896,2025-04-20,22,B01,CH1,C03822,CMP000,1,3,30.1
O001897,2025-04-20,20,B01,CH4,C00227,CMP000,0,3,23.75
O001898,2025-04-21,21,B01,CH1,C01749,CMP000,2,7,69.65
O001899,2025-04-24,19,B01,CH1,C00000,CMP000,4,13,110.15
O001900,2025-04-24,20,B01,CH1,C02263,CMP000,4,12,126.35
O001901,2025-04-24,16,B01,CH1,C00000,CMP000,2,5,55.6
O001902,2025-04-24,18,B01,CH1,C00000,CMP000,4,13,132.15
O001903,2025-04-24,12,B01,CH1,C00000,CMP000,5,12,143.15
O001904,2025-04-24,20,B01,CH1,C00000,CMP000,1,4,38.05
O001905,2025-04-25,20,B01,CH3,C00000,CMP000,0,2,19.7
O001906,2025-04-25,18,B01,CH2,C00000,CMP000,0,2,18.75
O001907,2025-04-25,17,B01,CH1,C04958,CMP000,2,8,67.75
O001908,2025-04-25,22,B01,CH4,C00000,CMP000,0,4,36.35
O001909,2025-04-26,20,B01,CH2,C00000,CMP000,0,6,42.8
O001910,2025-04-26,21,B01,CH1,C00000,CMP000,3,9,114.1
O001911,2025-04-26,18,B01,CH1,C00000,CMP000,3,10,116.15
O001912,2025-04-26,14,B01,CH1,C03403,CMP000,2,7,51.0
O001913,2025-04-26,15,B01,CH4,C00000,CMP003,0,2,16.56
O001914,2025-04-26,18,B01,CH1,C00227,CMP000,2,6,60.6
O001915,2025-04-27,20,B01,CH1,C00000,CMP000,1,5,42.35
O001916,2025-04-27,21,B01,CH1,C00910,CMP000,3,12,120.4
O001917,2025-04-27,17,B01,CH4,C00000,CMP000,0,3,33.65
O001918,2025-04-27,13,B01,CH1,C00000,CMP000,4,11,99.1
O001919,2025-04-27,13,B01,CH1,C00000,CMP000,2,6,54.3
O001920,2025-04-27,22,B01,CH1,C04244,CMP000,6,21,230.3
O001921,2025-04-27,21,B01,CH1,C00765,CMP000,4,9,119.6
O001922,2025-04-28,19,B01,CH1,C02421,CMP000,7,22,232.0
O001923,2025-04-28,13,B01,CH2,C00068,CMP000,0,9,99.3
O001924,2025-04-28,21,B01,CH1,C00000,CMP000,2,6,62.0
O001925,2025-04-28,20,B01,CH1,C01990,CMP000,4,13,112.7
O001926,2025-04-28,12,B01,CH1,C00000,CMP000,4,11,101.8
O001927,2025-04-30,20,B01,CH1,C00000,CMP000,2,8,92.2
O001928,2025-04-30,21,B01,CH1,C00000,CMP000,6,19,206.8
O001929,2025-04-30,19,B01,CH1,C03306,CMP000,4,15,160.85
O001930,2025-04-30,16,B01,CH1,C00000,CMP000,3,9,99.6
O001931,2025-04-30,13,B01,CH1,C00000,CMP000,1,3,30.05
O001932,2025-05-01,18,B01,CH3,C00000,CMP000,0,1,16.85
O001933,2025-05-01,19,B01,CH1,C00000,CMP000,4,18,148.85
O001934,2025-05-01,19,B01,CH1,C00000,CMP000,2,5,60.4
O001935,2025-05-01,18,B01,CH3,C00000,CMP000,0,2,29.35
O001936,2025-05-01,12,B01,CH1,C00000,CMP000,7,18,169.55
O001937,2025-05-01,14,B01,CH1,C00000,CMP000,2,8,65.95
O001938,2025-05-02,18,B01,CH1,C04958,CMP000,3,6,79.2
O001939,2025-05-02,21,B01,CH1,C00000,CMP000,2,5,55.5
O001940,2025-05-02,19,B01,CH1,C01914,CMP000,2,9,83.4
O001941,2025-05-02,19,B01,CH1,C00000,CMP000,2,5,59.35
O001942,2025-05-02,18,B01,CH4,C00000,CMP000,0,2,26.45
O001943,2025-05-02,20,B01,CH1,C00000,CMP000,2,6,71.95
O001944,2025-05-02,22,B01,CH1,C04958,CMP000,3,12,107.0
O001945,2025-05-03,22,B01,CH4,C00000,CMP000,0,3,30.1
O001946,2025-05-03,16,B01,CH1,C00000,CMP000,4,14,122.8
O001947,2025-05-03,22,B01,CH1,C00000,CMP000,4,11,96.45
O001948,2025-05-03,14,B01,CH1,C00000,CMP000,5,17,147.5
O001949,2025-05-03,22,B01,CH1,C00000,CMP000,2,8,60.35
O001950,2025-05-03,12,B01,CH1,C00000,CMP000,6,18,190.15
O001951,2025-05-03,14,B01,CH1,C04004,CMP000,2,8,56.5
O001952,2025-05-03,13,B01,CH1,C00000,CMP000,4,12,96.5
O001953,2025-05-03,21,B01,CH1,C00000,CMP000,4,12,125.35
O001954,2025-05-03,15,B01,CH1,C00000,CMP000,2,6,59.45
O001955,2025-05-03,21,B01,CH1,C00000,CMP000,2,9,72.95
O001956,2025-05-03,19,B01,CH1,C02941,CMP000,6,16,169.55
O001957,2025-05-03,21,B01,CH3,C00000,CMP000,0,3,20.5
O001958,2025-05-04,20,B01,CH1,C02669,CMP000,4,15,131.65
O001959,2025-05-04,21,B01,CH1,C00000,CMP000,2,7,77.65
O001960,2025-05-04,16,B01,CH1,C00000,CMP000,6,21,249.75
O001961,2025-05-04,12,B01,CH1,C04004,CMP000,2,3,37.95
O001962,2025-05-05,14,B01,CH1,C03306,CMP000,2,6,56.0
O001963,2025-05-05,17,B01,CH1,C03346,CMP000,2,9,89.25
O001964,2025-05-05,22,B01,CH1,C02838,CMP000,4,8,132.05
O001965,2025-05-05,16,B01,CH3,C03302,CMP000,0,5,47.35
O001966,2025-05-05,18,B01,CH2,C00000,CMP000,0,3,39.45
O001967,2025-05-07,21,B01,CH2,C01064,CMP000,0,3,30.8
O001968,2025-05-07,20,B01,CH1,C02351,CMP000,2,5,48.8
O001969,2025-05-08,14,B01,CH4,C00000,CMP000,0,2,25.3
O001970,2025-05-08,21,B01,CH1,C00000,CMP000,2,8,67.8
O001971,2025-05-08,13,B01,CH1,C00000,CMP000,2,6,49.85
O001972,2025-05-08,16,B01,CH3,C00000,CMP000,0,1,13.0
O001973,2025-05-09,21,B01,CH1,C00000,CMP000,2,8,71.3
O001974,2025-05-09,13,B01,CH1,C04958,CMP000,3,10,76.9
O001975,2025-05-09,19,B01,CH1,C00000,CMP000,2,6,48.3
O001976,2025-05-09,14,B01,CH1,C00000,CMP000,3,5,57.05
O001977,2025-05-10,20,B01,CH1,C00000,CMP000,4,15,146.65
O001978,2025-05-10,16,B01,CH1,C00000,CMP000,2,6,69.95
O001979,2025-05-10,19,B01,CH4,C00000,CMP000,0,3,32.7
O001980,2025-05-10,22,B01,CH1,C00000,CMP000,4,13,110.2
O001981,2025-05-10,22,B01,CH3,C00000,CMP000,0,2,21.15
O001982,2025-05-10,19,B01,CH1,C00000,CMP000,3,12,113.0
O001983,2025-05-10,15,B01,CH1,C00000,CMP000,2,6,57.55
O001984,2025-05-11,18,B01,CH4,C00000,CMP000,0,3,31.0
O001985,2025-05-11,19,B01,CH1,C00000,CMP000,2,4,45.05
O001986,2025-05-11,21,B01,CH1,C02263,CMP000,4,13,178.45
O001987,2025-05-12,19,B01,CH1,C00000,CMP000,2,7,58.4
O001988,2025-05-15,18,B01,CH1,C03591,CMP000,2,8,69.15
O001989,2025-05-15,14,B01,CH1,C01001,CMP000,4,12,99.05
O001990,2025-05-15,21,B01,CH1,C00000,CMP000,4,12,124.45
O001991,2025-05-16,14,B01,CH2,C00000,CMP000,0,7,50.0
O001992,2025-05-16,13,B01,CH3,C00000,CMP000,0,1,13.95
O001993,2025-05-16,19,B01,CH4,C00000,CMP000,0,6,65.7
O001994,2025-05-16,12,B01,CH1,C00000,CMP000,2,4,42.8
O001995,2025-05-17,17,B01,CH1,C00000,CMP000,4,11,113.05
O001996,2025-05-17,20,B01,CH1,C00000,CMP000,3,10,100.35
O001997,2025-05-17,21,B01,CH1,C01749,CMP000,2,6,65.7
O001998,2025-05-17,17,B01,CH1,C00000,CMP000,4,16,128.95
O001999,2025-05-17,21,B01,CH1,C00000,CMP000,2,7,66.15
O002000,2025-05-17,15,B01,CH1,C01179,CMP000,3,13,104.25
O002001,2025-05-17,19,B01,CH1,C00000,CMP000,4,15,155.7
O002002,2025-05-17,12,B01,CH3,C00000,CMP000,0,2,21.65
O002003,2025-05-17,19,B01,CH1,C00000,CMP000,4,13,123.9
O002004,2025-05-18,18,B01,CH1,C00000,CMP000,4,14,154.3
O002005,2025-05-18,14,B01,CH1,C00000,CMP000,7,18,178.35
O002006,2025-05-18,21,B01,CH1,C00000,CMP000,2,8,85.8
O002007,2025-05-18,13,B01,CH1,C00000,CMP000,2,5,52.55
O002008,2025-05-18,16,B01,CH4,C00000,CMP000,0,4,37.5
O002009,2025-05-18,15,B01,CH1,C00000,CMP000,1,4,32.4
O002010,2025-05-18,22,B01,CH2,C00000,CMP000,0,4,40.2
O002011,2025-05-18,17,B01,CH1,C00000,CMP000,2,7,57.5
O002012,2025-05-18,20,B01,CH1,C00000,CMP000,3,5,74.05
O002013,2025-05-18,22,B01,CH1,C00000,CMP000,3,8,96.45
O002014,2025-05-19,21,B01,CH1,C00000,CMP000,4,16,141.4
O002015,2025-05-19,21,B01,CH1,C03023,CMP000,7,23,221.65
O002016,2025-05-19,20,B01,CH1,C00000,CMP000,3,7,89.75
O002017,2025-05-19,18,B01,CH1,C00000,CMP000,3,10,81.25
O002018,2025-05-21,22,B01,CH1,C00000,CMP000,4,14,117.65
O002019,2025-05-21,21,B01,CH3,C00000,CMP000,0,3,38.95
O002020,2025-05-21,19,B01,CH1,C00000,CMP000,4,13,129.7
O002021,2025-05-21,19,B01,CH1,C00000,CMP000,2,7,63.8
O002022,2025-05-21,21,B01,CH2,C00000,CMP000,0,3,30.5
O002023,2025-05-22,19,B01,CH4,C00000,CMP000,0,6,58.0
O002024,2025-05-22,13,B01,CH1,C00000,CMP000,2,4,42.1
O002025,2025-05-22,20,B01,CH1,C00000,CMP000,4,11,108.0
O002026,2025-05-22,14,B01,CH1,C00000,CMP000,2,6,52.65
O002027,2025-05-23,19,B01,CH1,C04958,CMP000,4,15,127.7
O002028,2025-05-23,22,B01,CH1,C00299,CMP000,4,13,177.0
O002029,2025-05-23,22,B01,CH2,C00000,CMP000,0,3,20.45
O002030,2025-05-23,19,B01,CH1,C00000,CMP000,4,15,125.15
O002031,2025-05-23,13,B01,CH3,C00000,CMP000,0,2,19.7
O002032,2025-05-24,17,B01,CH1,C00000,CMP000,1,3,26.95
O002033,2025-05-24,12,B01,CH1,C00820,CMP000,2,6,47.7
O002034,2025-05-24,22,B01,CH1,C00000,CMP000,4,16,139.85
O002035,2025-05-24,21,B01,CH2,C00000,CMP000,0,11,114.25
O002036,2025-05-24,19,B01,CH1,C00000,CMP000,2,6,57.2
O002037,2025-05-24,19,B01,CH4,C00000,CMP000,0,3,26.0
O002038,2025-05-24,20,B01,CH4,C00000,CMP000,0,6,57.65
O002039,2025-05-24,19,B01,CH4,C04122,CMP000,0,4,35.05
O002040,2025-05-24,20,B01,CH2,C00000,CMP000,0,7,72.0
O002041,2025-05-24,22,B01,CH1,C00000,CMP000,5,15,130.0
O002042,2025-05-25,17,B01,CH3,C04958,CMP000,0,3,32.25
O002043,2025-05-25,22,B01,CH1,C04244,CMP000,2,9,81.1
O002044,2025-05-25,12,B01,CH1,C00000,CMP000,4,10,120.7
O002045,2025-05-25,14,B01,CH2,C04262,CMP000,0,3,21.35
O002046,2025-05-25,18,B01,CH1,C02105,CMP000,7,22,263.9
O002047,2025-05-25,22,B01,CH1,C00000,CMP000,5,17,173.75
O002048,2025-05-25,22,B01,CH1,C00000,CMP000,6,18,188.55
O002049,2025-05-26,20,B01,CH1,C03306,CMP000,6,21,228.7
O002050,2025-05-26,13,B01,CH1,C00000,CMP000,4,13,110.45
O002051,2025-05-26,18,B01,CH1,C00000,CMP000,2,6,55.15
O002052,2025-05-26,20,B01,CH1,C00000,CMP000,4,11,114.55
O002053,2025-05-28,18,B01,CH3,C00000,CMP000,0,3,29.85
O002054,2025-05-28,21,B01,CH1,C00000,CMP000,5,20,221.7
O002055,2025-05-28,21,B01,CH3,C00000,CMP000,0,1,14.9
O002056,2025-05-28,12,B01,CH3,C00000,CMP000,0,4,36.05
O002057,2025-05-28,18,B01,CH1,C01064,CMP000,4,10,99.55
O002058,2025-05-29,17,B01,CH1,C00000,CMP000,2,8,60.8
O002059,2025-05-30,19,B01,CH1,C00000,CMP000,3,10,95.95
O002060,2025-05-30,19,B01,CH1,C01226,CMP000,2,6,77.35
O002061,2025-05-30,21,B01,CH3,C00000,CMP000,0,4,42.75
O002062,2025-05-30,12,B01,CH1,C00000,CMP000,3,6,60.35
O002063,2025-05-31,18,B01,CH2,C03306,CMP000,0,3,46.15
O002064,2025-05-31,12,B01,CH1,C00000,CMP000,8,23,242.75
O002065,2025-05-31,22,B01,CH1,C00000,CMP000,2,7,70.0
O002066,2025-05-31,19,B01,CH1,C04958,CMP000,4,15,149.85
O002067,2025-05-31,21,B01,CH1,C00000,CMP000,4,11,110.55
O002068,2025-05-31,19,B01,CH3,C00000,CMP000,0,1,12.5
O002069,2025-05-31,22,B01,CH4,C00361,CMP000,0,3,28.1
O002070,2025-05-31,20,B01,CH3,C00000,CMP000,0,2,30.75
O002071,2025-05-31,12,B01,CH3,C03258,CMP000,0,5,51.0
O002072,2025-06-01,18,B01,CH1,C00000,CMP000,6,15,172.75
O002073,2025-06-01,17,B01,CH1,C00000,CMP000,2,3,59.1
O002074,2025-06-01,20,B01,CH1,C00000,CMP000,1,3,22.45
O002075,2025-06-01,14,B01,CH1,C00000,CMP000,2,8,67.0
O002076,2025-06-02,12,B01,CH1,C00000,CMP000,6,13,148.8
O002077,2025-06-04,20,B01,CH1,C00000,CMP000,1,3,29.15
O002078,2025-06-04,15,B01,CH1,C00000,CMP000,4,12,125.35
O002079,2025-06-04,12,B01,CH4,C03939,CMP000,0,10,100.8
O002080,2025-06-04,16,B01,CH3,C00000,CMP000,0,3,25.25
O002081,2025-06-04,17,B01,CH4,C00000,CMP000,0,1,13.45
O002082,2025-06-05,19,B01,CH1,C00000,CMP000,2,9,73.7
O002083,2025-06-05,22,B01,CH1,C02569,CMP000,2,5,40.15
O002084,2025-06-05,14,B01,CH1,C00000,CMP000,4,12,141.5
O002085,2025-06-05,22,B01,CH4,C03306,CMP000,0,8,65.15
O002086,2025-06-06,18,B01,CH3,C00000,CMP000,0,4,39.9
O002087,2025-06-06,19,B01,CH1,C00000,CMP000,7,22,188.3
O002088,2025-06-06,17,B01,CH4,C00000,CMP000,0,2,19.95
O002089,2025-06-06,20,B01,CH1,C00000,CMP000,6,20,200.25
O002090,2025-06-06,14,B01,CH1,C01229,CMP000,4,13,109.4
O002091,2025-06-06,19,B01,CH3,C00000,CMP000,0,1,13.0
O002092,2025-06-06,22,B01,CH1,C00000,CMP000,5,12,133.3
O002093,2025-06-06,19,B01,CH1,C00000,CMP000,2,9,88.05
O002094,2025-06-07,15,B01,CH2,C00000,CMP000,0,4,48.1
O002095,2025-06-07,21,B01,CH1,C00000,CMP000,2,5,49.35
O002096,2025-06-07,21,B01,CH1,C00000,CMP000,4,13,104.65
O002097,2025-06-07,17,B01,CH1,C04958,CMP000,3,7,71.15
O002098,2025-06-07,20,B01,CH1,C01406,CMP000,2,6,49.1
O002099,2025-06-07,13,B01,CH3,C00000,CMP000,0,3,25.7
O002100,2025-06-08,13,B01,CH1,C00506,CMP000,6,20,178.85
O002101,2025-06-08,14,B01,CH1,C02899,CMP000,2,5,39.95
O002102,2025-06-08,18,B01,CH1,C04958,CMP000,2,6,52.6
O002103,2025-06-08,22,B01,CH2,C00000,CMP000,0,8,75.2
O002104,2025-06-08,19,B01,CH3,C00000,CMP000,0,3,20.9
O002105,2025-06-08,22,B01,CH1,C01468,CMP000,8,29,253.3
O002106,2025-06-08,19,B01,CH1,C04958,CMP000,2,8,60.05
O002107,2025-06-09,22,B01,CH3,C00000,CMP000,0,3,34.85
O002108,2025-06-09,17,B01,CH1,C00000,CMP000,1,3,31.25
O002109,2025-06-09,12,B01,CH2,C00000,CMP000,0,5,51.0
O002110,2025-06-09,21,B01,CH2,C00000,CMP000,0,5,47.15
O002111,2025-06-09,21,B01,CH1,C00000,CMP000,3,8,90.85
O002112,2025-06-11,19,B01,CH1,C00000,CMP000,2,5,47.1
O002113,2025-06-11,22,B01,CH2,C00000,CMP000,0,8,81.3
O002114,2025-06-11,21,B01,CH3,C00000,CMP000,0,3,27.15
O002115,2025-06-11,12,B01,CH1,C00000,CMP000,4,10,89.25
O002116,2025-06-11,17,B01,CH1,C00000,CMP000,3,10,102.6
O002117,2025-06-11,15,B01,CH1,C00820,CMP000,2,5,50.35
O002118,2025-06-11,19,B01,CH1,C00000,CMP000,4,12,120.2
O002119,2025-06-12,13,B01,CH2,C00000,CMP000,0,2,20.2
O002120,2025-06-13,19,B01,CH1,C04958,CMP000,2,9,67.35
O002121,2025-06-13,19,B01,CH1,C00000,CMP000,5,14,155.7
O002122,2025-06-13,22,B01,CH3,C00227,CMP000,0,4,53.1
O002123,2025-06-13,16,B01,CH1,C01297,CMP000,6,22,190.45
O002124,2025-06-13,15,B01,CH1,C00000,CMP000,2,7,61.7
O002125,2025-06-13,18,B01,CH1,C00000,CMP000,2,6,52.75
O002126,2025-06-13,15,B01,CH1,C04258,CMP000,2,3,39.25
O002127,2025-06-14,17,B01,CH1,C04958,CMP000,2,8,79.2
O002128,2025-06-14,21,B01,CH1,C04958,CMP000,2,6,64.45
O002129,2025-06-14,13,B01,CH1,C00000,CMP000,2,6,55.5
O002130,2025-06-14,19,B01,CH2,C00000,CMP000,0,8,60.35
O002131,2025-06-14,20,B01,CH1,C00000,CMP000,4,12,138.1
O002132,2025-06-14,12,B01,CH4,C00000,CMP000,0,8,68.95
O002133,2025-06-14,20,B01,CH4,C04311,CMP000,0,3,22.8
O002134,2025-06-14,19,B01,CH1,C03948,CMP000,4,10,104.75
O002135,2025-06-14,19,B01,CH4,C00000,CMP000,0,7,64.3
O002136,2025-06-14,19,B01,CH2,C01064,CMP000,0,4,40.2
O002137,2025-06-15,17,B01,CH1,C00000,CMP000,1,3,31.75
O002138,2025-06-15,20,B01,CH1,C00000,CMP000,6,22,192.5
O002139,2025-06-15,15,B01,CH4,C00000,CMP000,0,1,13.45
O002140,2025-06-15,19,B01,CH1,C00000,CMP000,1,5,36.55
O002141,2025-06-15,19,B01,CH1,C00000,CMP000,5,15,160.25
O002142,2025-06-15,18,B01,CH2,C00000,CMP000,0,2,28.35
O002143,2025-06-15,20,B01,CH1,C03360,CMP000,2,6,63.8
O002144,2025-06-15,21,B01,CH1,C02514,CMP000,2,7,83.65
O002145,2025-06-16,18,B01,CH1,C00000,CMP000,3,10,110.6
O002146,2025-06-16,13,B01,CH3,C00000,CMP000,0,1,14.4
O002147,2025-06-16,20,B01,CH1,C00000,CMP000,2,5,38.7
O002148,2025-06-16,20,B01,CH1,C00000,CMP000,4,16,137.7
O002149,2025-06-18,22,B01,CH1,C02675,CMP000,3,12,102.9
O002150,2025-06-18,20,B01,CH1,C00000,CMP000,1,4,54.15
O002151,2025-06-18,17,B01,CH1,C00000,CMP000,1,3,32.2
O002152,2025-06-19,19,B01,CH1,C00000,CMP000,2,6,49.15
O002153,2025-06-19,21,B01,CH4,C00000,CMP000,0,7,65.7
O002154,2025-06-19,21,B01,CH1,C00068,CMP000,2,6,58.7
O002155,2025-06-19,20,B01,CH1,C00000,CMP000,2,10,102.65
O002156,2025-06-19,14,B01,CH1,C00000,CMP000,1,3,24.85
O002157,2025-06-19,19,B01,CH1,C03969,CMP000,4,12,98.6
O002158,2025-06-20,18,B01,CH3,C00000,CMP000,0,2,15.6
O002159,2025-06-20,18,B01,CH1,C00000,CMP000,2,8,69.15
O002160,2025-06-20,13,B01,CH4,C00000,CMP000,0,1,14.4
O002161,2025-06-20,22,B01,CH1,C00000,CMP000,4,10,96.55
O002162,2025-06-20,22,B01,CH1,C00000,CMP000,2,4,51.45
O002163,2025-06-20,18,B01,CH1,C00000,CMP000,1,4,27.2
O002164,2025-06-20,18,B01,CH1,C03232,CMP000,1,4,31.1
O002165,2025-06-21,19,B01,CH3,C00299,CMP000,0,2,23.85
O002166,2025-06-21,22,B01,CH1,C00000,CMP000,4,15,130.7
O002167,2025-06-21,21,B01,CH1,C00466,CMP000,4,9,110.3
O002168,2025-06-21,19,B01,CH1,C01167,CMP000,2,6,56.1
O002169,2025-06-21,20,B01,CH1,C00000,CMP000,4,7,127.9
O002170,2025-06-22,19,B01,CH1,C00227,CMP000,4,14,130.75
O002171,2025-06-22,21,B01,CH2,C00000,CMP000,0,4,31.1
O002172,2025-06-22,20,B01,CH1,C00000,CMP000,2,10,81.0
O002173,2025-06-22,14,B01,CH3,C00000,CMP000,0,3,49.05
O002174,2025-06-22,13,B01,CH1,C00651,CMP000,1,2,20.85
O002175,2025-06-22,22,B01,CH1,C00000,CMP000,4,11,105.8
O002176,2025-06-22,18,B01,CH2,C00000,CMP000,0,3,43.5
O002177,2025-06-22,18,B01,CH2,C00000,CMP000,0,10,131.0
O002178,2025-06-22,21,B01,CH1,C04850,CMP000,2,8,70.05
O002179,2025-06-23,19,B01,CH1,C00000,CMP000,5,18,161.2
O002180,2025-06-23,19,B01,CH1,C02941,CMP000,5,17,159.45
O002181,2025-06-25,19,B01,CH1,C00000,CMP000,2,5,49.45
O002182,2025-06-26,18,B01,CH1,C02256,CMP000,1,3,22.9
O002183,2025-06-26,15,B01,CH1,C03306,CMP000,1,3,76.9
O002184,2025-06-26,17,B01,CH1,C00000,CMP000,1,3,30.8
O002185,2025-06-26,12,B01,CH1,C00000,CMP000,2,5,39.95
O002186,2025-06-27,12,B01,CH1,C01818,CMP000,6,21,182.7
O002187,2025-06-27,19,B01,CH3,C00000,CMP000,0,5,39.35
O002188,2025-06-27,19,B01,CH1,C02263,CMP000,8,28,247.15
O002189,2025-06-27,12,B01,CH1,C02263,CMP000,4,14,106.35
O002190,2025-06-27,21,B01,CH1,C00000,CMP000,2,7,89.15
O002191,2025-06-27,18,B01,CH1,C01749,CMP000,2,5,41.1
O002192,2025-06-27,19,B01,CH1,C00000,CMP000,2,7,66.5
O002193,2025-06-27,18,B01,CH1,C00000,CMP000,2,5,46.95
O002194,2025-06-27,12,B01,CH1,C03916,CMP000,4,9,99.55
O002195,2025-06-27,18,B01,CH2,C00000,CMP000,0,8,77.2
O002196,2025-06-28,19,B01,CH2,C04958,CMP000,0,2,18.0
O002197,2025-06-28,14,B01,CH2,C00000,CMP000,0,2,16.55
O002198,2025-06-28,19,B01,CH2,C00000,CMP000,0,4,37.7
O002199,2025-06-28,21,B01,CH1,C01064,CMP000,4,10,112.2
O002200,2025-06-28,19,B01,CH1,C00000,CMP000,2,7,74.55
O002201,2025-06-28,13,B01,CH1,C03524,CMP000,2,6,63.45
O002202,2025-06-28,19,B01,CH3,C00000,CMP000,0,5,43.55
O002203,2025-06-28,14,B01,CH1,C00606,CMP000,3,7,58.9
O002204,2025-06-28,12,B01,CH1,C00000,CMP000,3,10,80.75
O002205,2025-06-28,21,B01,CH1,C00000,CMP000,2,4,51.2
O002206,2025-06-29,14,B01,CH2,C02005,CMP000,0,7,68.45
O002207,2025-06-29,21,B01,CH1,C00000,CMP000,1,2,21.15
O002208,2025-06-29,18,B01,CH1,C02420,CMP000,2,6,56.95
O002209,2025-06-29,21,B01,CH2,C04487,CMP000,0,1,14.4
O002210,2025-06-29,12,B01,CH1,C00000,CMP000,4,10,111.5
O002211,2025-06-29,16,B01,CH1,C03360,CMP000,2,6,57.5
O002212,2025-06-29,22,B01,CH1,C00000,CMP000,2,6,60.4
O002213,2025-06-29,13,B01,CH1,C00000,CMP000,3,9,122.85
O002214,2025-06-30,18,B01,CH4,C00000,CMP000,0,5,43.45
O002215,2025-06-30,13,B01,CH1,C00000,CMP000,8,24,223.65
O002216,2025-06-30,12,B01,CH1,C00000,CMP000,3,8,64.0
O002217,2025-07-02,17,B01,CH4,C00000,CMP000,0,5,41.15
O002218,2025-07-02,14,B01,CH1,C00000,CMP000,2,5,40.45
O002219,2025-07-03,22,B01,CH1,C03360,CMP004,1,2,21.15
O002220,2025-07-03,13,B01,CH4,C00000,CMP000,0,2,28.85
O002221,2025-07-03,18,B01,CH1,C00299,CMP004,2,5,54.85
O002222,2025-07-03,21,B01,CH1,C03838,CMP000,2,9,85.75
O002223,2025-07-03,19,B01,CH3,C00000,CMP000,0,9,101.95
O002224,2025-07-03,21,B01,CH1,C00000,CMP000,3,8,100.0
O002225,2025-07-04,18,B01,CH2,C00000,CMP000,0,2,24.05
O002226,2025-07-04,21,B01,CH4,C00000,CMP000,0,6,54.6
O002227,2025-07-04,13,B01,CH3,C00000,CMP000,0,2,20.7
O002228,2025-07-04,19,B01,CH1,C00000,CMP000,4,15,128.1
O002229,2025-07-04,21,B01,CH4,C02262,CMP000,0,5,102.0
O002230,2025-07-04,20,B01,CH1,C00000,CMP004,8,25,234.67
O002231,2025-07-04,20,B01,CH1,C00000,CMP000,7,27,218.2
O002232,2025-07-04,12,B01,CH1,C02269,CMP000,2,5,42.5
O002233,2025-07-04,21,B01,CH1,C00000,CMP000,2,6,59.75
O002234,2025-07-05,15,B01,CH4,C00000,CMP000,0,3,27.7
O002235,2025-07-05,12,B01,CH1,C00000,CMP000,4,11,179.0
O002236,2025-07-05,21,B01,CH1,C00000,CMP000,1,4,32.25
O002237,2025-07-05,19,B01,CH1,C01190,CMP000,2,6,55.15
O002238,2025-07-05,13,B01,CH1,C00000,CMP004,1,2,21.45
O002239,2025-07-05,17,B01,CH1,C04958,CMP004,2,7,56.95
O002240,2025-07-05,19,B01,CH4,C02421,CMP000,0,3,35.8
O002241,2025-07-05,16,B01,CH1,C00466,CMP000,2,5,65.85
O002242,2025-07-05,22,B01,CH1,C00000,CMP004,2,5,44.0
O002243,2025-07-05,20,B01,CH2,C00000,CMP000,0,4,44.55
O002244,2025-07-06,20,B01,CH1,C00000,CMP000,1,3,25.2
O002245,2025-07-06,18,B01,CH1,C00000,CMP000,4,15,139.95
O002246,2025-07-06,19,B01,CH1,C00000,CMP000,4,11,109.95
O002247,2025-07-06,18,B01,CH2,C00000,CMP000,0,3,33.4
O002248,2025-07-06,22,B01,CH2,C00000,CMP000,0,1,15.4
O002249,2025-07-07,14,B01,CH2,C04894,CMP000,0,5,56.95
O002250,2025-07-07,18,B01,CH1,C03360,CMP000,3,11,109.7
O002251,2025-07-07,18,B01,CH1,C00000,CMP000,5,15,145.25
O002252,2025-07-07,14,B01,CH1,C02569,CMP000,2,4,45.5
O002253,2025-07-09,19,B01,CH1,C00000,CMP000,4,12,146.9
O002254,2025-07-09,21,B01,CH1,C00000,CMP000,2,7,70.1
O002255,2025-07-09,20,B01,CH1,C02030,CMP000,6,19,260.2
O002256,2025-07-09,19,B01,CH1,C00000,CMP000,3,8,77.6
O002257,2025-07-09,13,B01,CH1,C04958,CMP000,6,19,231.7
O002258,2025-07-10,17,B01,CH3,C00111,CMP000,0,2,18.75
O002259,2025-07-10,14,B01,CH1,C02105,CMP000,2,7,60.65
O002260,2025-07-10,15,B01,CH1,C00000,CMP004,2,6,46.2
O002261,2025-07-10,22,B01,CH3,C03306,CMP000,0,4,55.8
O002262,2025-07-10,19,B01,CH1,C00000,CMP004,2,8,60.9
O002263,2025-07-10,18,B01,CH4,C00000,CMP000,0,3,26.95
O002264,2025-07-10,13,B01,CH3,C00000,CMP000,0,5,44.05
O002265,2025-07-10,22,B01,CH1,C00820,CMP004,1,4,28.7
O002266,2025-07-10,20,B01,CH1,C01903,CMP000,4,11,93.0
O002267,2025-07-11,22,B01,CH3,C00000,CMP000,0,5,42.5
O002268,2025-07-11,19,B01,CH1,C00000,CMP000,1,4,31.95
O002269,2025-07-11,22,B01,CH1,C00000,CMP004,3,10,85.5
O002270,2025-07-11,14,B01,CH1,C02105,CMP004,2,6,48.35
O002271,2025-07-12,12,B01,CH1,C00820,CMP004,4,9,74.75
O002272,2025-07-12,20,B01,CH1,C00000,CMP000,3,8,68.5
O002273,2025-07-12,13,B01,CH1,C04262,CMP004,2,6,59.85
O002274,2025-07-12,19,B01,CH1,C00000,CMP000,2,7,60.55
O002275,2025-07-12,13,B01,CH1,C00000,CMP000,2,7,60.45
O002276,2025-07-12,13,B01,CH1,C00000,CMP000,4,11,105.5
O002277,2025-07-12,14,B01,CH1,C04958,CMP000,4,12,111.65
O002278,2025-07-12,21,B01,CH4,C00000,CMP000,0,4,35.75
O002279,2025-07-13,20,B01,CH1,C03670,CMP000,1,5,44.75
O002280,2025-07-13,12,B01,CH1,C00000,CMP000,1,2,26.75
O002281,2025-07-13,20,B01,CH1,C00000,CMP000,4,13,140.85
O002282,2025-07-13,21,B01,CH1,C00000,CMP000,2,7,61.35
O002283,2025-07-13,20,B01,CH2,C00000,CMP000,0,5,44.55
O002284,2025-07-13,19,B01,CH1,C04959,CMP000,1,4,27.6
O002285,2025-07-13,13,B01,CH1,C00000,CMP000,7,19,167.85
O002286,2025-07-13,19,B01,CH3,C04190,CMP000,0,2,18.0
O002287,2025-07-13,17,B01,CH1,C02263,CMP000,4,13,129.95
O002288,2025-07-14,18,B01,CH1,C00000,CMP000,2,9,70.5
O002289,2025-07-16,21,B01,CH4,C02941,CMP000,0,2,28.35
O002290,2025-07-16,13,B01,CH4,C00000,CMP000,0,2,19.25
O002291,2025-07-16,17,B01,CH4,C00000,CMP000,0,3,29.35
O002292,2025-07-16,19,B01,CH2,C00299,CMP000,0,10,105.8
O002293,2025-07-16,14,B01,CH1,C00000,CMP000,8,22,217.8
O002294,2025-07-17,18,B01,CH3,C00000,CMP000,0,3,19.55
O002295,2025-07-17,18,B01,CH1,C00000,CMP000,2,7,73.7
O002296,2025-07-17,18,B01,CH1,C03306,CMP000,2,6,45.5
O002297,2025-07-17,21,B01,CH2,C00000,CMP000,0,4,39.2
O002298,2025-07-17,14,B01,CH1,C00000,CMP000,2,4,44.25
O002299,2025-07-17,12,B01,CH1,C00000,CMP000,2,5,51.65
O002300,2025-07-17,21,B01,CH3,C00000,CMP000,0,7,81.2
O002301,2025-07-17,21,B01,CH1,C00000,CMP004,1,3,23.85
O002302,2025-07-17,16,B01,CH3,C00000,CMP000,0,2,16.1
O002303,2025-07-18,18,B01,CH1,C00000,CMP000,6,16,179.8
O002304,2025-07-18,12,B01,CH1,C00000,CMP000,3,8,82.05
O002305,2025-07-18,13,B01,CH1,C00000,CMP000,4,14,116.2
O002306,2025-07-18,22,B01,CH1,C00000,CMP000,3,8,77.8
O002307,2025-07-18,19,B01,CH1,C00463,CMP000,1,3,31.25
O002308,2025-07-18,14,B01,CH1,C00000,CMP000,4,11,116.05
O002309,2025-07-18,20,B01,CH3,C00000,CMP000,0,2,18.0
O002310,2025-07-18,21,B01,CH1,C00000,CMP000,4,12,106.7
O002311,2025-07-18,18,B01,CH4,C01064,CMP000,0,2,18.55
O002312,2025-07-18,19,B01,CH1,C00000,CMP004,4,10,110.65
O002313,2025-07-18,19,B01,CH3,C00000,CMP000,0,1,13.95
O002314,2025-07-18,20,B01,CH3,C00000,CMP000,0,2,17.3
O002315,2025-07-18,13,B01,CH1,C03360,CMP000,1,2,57.7
O002316,2025-07-19,21,B01,CH3,C00000,CMP000,0,5,43.45
O002317,2025-07-19,20,B01,CH1,C00000,CMP000,2,5,45.05
O002318,2025-07-19,16,B01,CH1,C00000,CMP000,1,2,44.25
O002319,2025-07-19,12,B01,CH1,C00000,CMP004,2,5,90.9
O002320,2025-07-19,20,B01,CH1,C02263,CMP000,2,4,52.9
O002321,2025-07-19,20,B01,CH1,C00000,CMP004,2,6,61.7
O002322,2025-07-19,13,B01,CH1,C00000,CMP000,3,10,80.25
O002323,2025-07-19,20,B01,CH3,C00000,CMP000,0,1,20.2
O002324,2025-07-19,19,B01,CH1,C00000,CMP000,2,9,72.3
O002325,2025-07-19,22,B01,CH1,C04959,CMP000,3,5,54.8
O002326,2025-07-19,20,B01,CH1,C00000,CMP000,4,11,119.3
O002327,2025-07-19,12,B01,CH1,C00000,CMP000,2,6,79.85
O002328,2025-07-20,19,B01,CH1,C00000,CMP000,2,9,71.9
O002329,2025-07-20,22,B01,CH1,C00069,CMP000,4,13,121.25
O002330,2025-07-20,21,B01,CH4,C00000,CMP000,0,3,36.35
O002331,2025-07-20,18,B01,CH1,C02262,CMP004,2,5,58.95
O002332,2025-07-20,20,B01,CH1,C04533,CMP004,5,17,187.12
O002333,2025-07-20,20,B01,CH1,C00000,CMP000,1,4,37.55
O002334,2025-07-21,19,B01,CH2,C00000,CMP000,0,5,42.55
O002335,2025-07-21,17,B01,CH1,C00000,CMP000,1,2,19.9
O002336,2025-07-21,19,B01,CH4,C00000,CMP000,0,2,16.85
O002337,2025-07-21,20,B01,CH1,C00000,CMP000,1,2,19.25
O002338,2025-07-21,15,B01,CH1,C02941,CMP004,1,3,25.8
O002339,2025-07-23,18,B01,CH2,C00000,CMP000,0,11,116.85
O002340,2025-07-23,18,B01,CH1,C00000,CMP004,3,9,87.05
O002341,2025-07-23,20,B01,CH1,C02234,CMP000,1,5,37.2
O002342,2025-07-23,21,B01,CH1,C01749,CMP004,3,10,83.02
O002343,2025-07-23,20,B01,CH3,C00000,CMP000,0,7,76.4
O002344,2025-07-23,14,B01,CH1,C00000,CMP000,3,8,72.2
O002345,2025-07-23,22,B01,CH4,C00000,CMP000,0,5,49.75
O002346,2025-07-23,17,B01,CH1,C00000,CMP004,2,4,38.2
O002347,2025-07-24,17,B01,CH1,C03080,CMP000,4,13,159.95
O002348,2025-07-24,18,B01,CH1,C00000,CMP004,2,4,58.42
O002349,2025-07-24,22,B01,CH3,C01172,CMP000,0,2,19.25
O002350,2025-07-24,20,B01,CH1,C04445,CMP000,2,7,88.95
O002351,2025-07-24,22,B01,CH1,C00000,CMP000,4,12,130.55
O002352,2025-07-24,12,B01,CH4,C00000,CMP000,0,3,25.0
O002353,2025-07-24,21,B01,CH1,C00000,CMP000,4,11,102.0
O002354,2025-07-25,16,B01,CH1,C04958,CMP000,2,5,57.7
O002355,2025-07-25,19,B01,CH2,C00000,CMP000,0,3,30.8
O002356,2025-07-25,19,B01,CH3,C00000,CMP000,0,3,25.0
O002357,2025-07-25,21,B01,CH1,C00227,CMP000,1,3,23.3
O002358,2025-07-25,14,B01,CH1,C00522,CMP000,1,2,19.55
O002359,2025-07-25,14,B01,CH1,C04958,CMP004,2,6,56.25
O002360,2025-07-25,13,B01,CH4,C00000,CMP000,0,5,53.15
O002361,2025-07-25,18,B01,CH1,C03306,CMP000,4,10,107.55
O002362,2025-07-25,18,B01,CH1,C00000,CMP000,2,5,58.4
O002363,2025-07-26,12,B01,CH1,C00000,CMP000,2,5,43.6
O002364,2025-07-26,22,B01,CH1,C00000,CMP000,2,5,71.15
O002365,2025-07-26,12,B01,CH1,C00000,CMP000,5,15,144.05
O002366,2025-07-26,20,B01,CH1,C00000,CMP000,1,3,26.1
O002367,2025-07-26,19,B01,CH1,C01542,CMP004,3,11,85.82
O002368,2025-07-26,19,B01,CH3,C00839,CMP000,0,6,59.4
O002369,2025-07-26,20,B01,CH1,C03670,CMP000,3,12,99.45
O002370,2025-07-26,18,B01,CH1,C02817,CMP004,6,21,206.4
O002371,2025-07-26,17,B01,CH1,C00000,CMP000,1,3,49.25
O002372,2025-07-27,20,B01,CH1,C00000,CMP000,1,3,23.85
O002373,2025-07-27,15,B01,CH1,C04958,CMP004,4,14,116.85
O002374,2025-07-27,18,B01,CH1,C00000,CMP000,2,5,68.8
O002375,2025-07-27,13,B01,CH1,C00000,CMP000,3,10,86.75
O002376,2025-07-27,20,B01,CH1,C00000,CMP000,5,16,162.65
O002377,2025-07-28,19,B01,CH1,C00000,CMP004,4,15,173.4
O002378,2025-07-28,19,B01,CH1,C00000,CMP000,1,4,32.25
O002379,2025-07-28,21,B01,CH1,C00000,CMP000,2,7,86.9
O002380,2025-07-28,16,B01,CH1,C00000,CMP000,3,9,110.35
O002381,2025-07-28,16,B01,CH1,C00000,CMP000,3,10,118.85
O002382,2025-07-28,17,B01,CH4,C03360,CMP000,0,5,48.4
O002383,2025-07-30,12,B01,CH1,C00000,CMP000,4,11,126.7
O002384,2025-07-30,16,B01,CH1,C00000,CMP000,3,8,86.75
O002385,2025-07-30,12,B01,CH1,C00000,CMP000,5,15,142.5
O002386,2025-07-31,16,B01,CH1,C00000,CMP004,4,15,147.02
O002387,2025-07-31,19,B01,CH1,C00820,CMP000,3,8,145.25
O002388,2025-07-31,21,B01,CH2,C04958,CMP000,0,1,15.85
O002389,2025-07-31,16,B01,CH1,C00000,CMP004,2,5,69.65
O002390,2025-08-01,17,B01,CH1,C03306,CMP000,3,7,84.3
O002391,2025-08-01,19,B01,CH4,C00000,CMP000,0,3,30.1
O002392,2025-08-01,18,B01,CH2,C00000,CMP000,0,2,17.8
O002393,2025-08-01,22,B01,CH1,C03831,CMP004,4,7,80.35
O002394,2025-08-01,21,B01,CH4,C00000,CMP000,0,7,57.25
O002395,2025-08-01,14,B01,CH1,C00000,CMP000,4,11,98.8
O002396,2025-08-01,12,B01,CH1,C00000,CMP004,1,4,28.2
O002397,2025-08-01,14,B01,CH1,C00000,CMP000,2,7,69.95
O002398,2025-08-01,18,B01,CH1,C00765,CMP000,4,12,128.1
O002399,2025-08-01,19,B01,CH2,C00000,CMP000,0,2,17.3
O002400,2025-08-01,13,B01,CH3,C04423,CMP000,0,3,22.4
O002401,2025-08-02,17,B01,CH1,C00000,CMP004,5,13,146.02
O002402,2025-08-02,12,B01,CH1,C00000,CMP000,5,15,137.95
O002403,2025-08-02,22,B01,CH3,C00000,CMP000,0,9,94.0
O002404,2025-08-02,18,B01,CH1,C03306,CMP004,3,8,75.77
O002405,2025-08-02,19,B01,CH1,C00000,CMP000,4,16,154.0
O002406,2025-08-02,17,B01,CH1,C00000,CMP000,4,15,156.6
O002407,2025-08-02,20,B01,CH1,C04563,CMP004,2,5,50.35
O002408,2025-08-02,13,B01,CH1,C00000,CMP000,2,6,55.55
O002409,2025-08-02,12,B01,CH1,C00000,CMP000,3,7,71.95
O002410,2025-08-03,22,B01,CH1,C02817,CMP000,3,8,71.5
O002411,2025-08-03,20,B01,CH4,C00000,CMP000,0,3,26.45
O002412,2025-08-03,20,B01,CH1,C00000,CMP000,3,9,93.45
O002413,2025-08-03,18,B01,CH3,C00000,CMP000,0,6,49.3
O002414,2025-08-03,20,B01,CH1,C00000,CMP000,4,13,117.8
O002415,2025-08-04,17,B01,CH1,C00000,CMP000,5,16,148.1
O002416,2025-08-04,19,B01,CH3,C01342,CMP000,0,2,21.2
O002417,2025-08-04,15,B01,CH3,C00000,CMP000,0,2,17.05
O002418,2025-08-04,22,B01,CH1,C00000,CMP000,2,9,94.75
O002419,2025-08-04,20,B01,CH1,C02269,CMP000,4,11,101.2
O002420,2025-08-06,14,B01,CH1,C00000,CMP000,4,12,125.25
O002421,2025-08-06,22,B01,CH3,C04958,CMP000,0,5,44.05
O002422,2025-08-06,18,B01,CH1,C00000,CMP000,4,13,120.1
O002423,2025-08-06,17,B01,CH1,C00839,CMP004,5,12,157.55
O002424,2025-08-06,16,B01,CH3,C04958,CMP000,0,2,19.5
O002425,2025-08-07,17,B01,CH1,C00000,CMP004,5,15,130.87
O002426,2025-08-07,16,B01,CH1,C00000,CMP000,1,3,38.0
O002427,2025-08-07,14,B01,CH3,C00000,CMP000,0,3,24.05
O002428,2025-08-07,20,B01,CH1,C04958,CMP004,2,5,43.85
O002429,2025-08-08,21,B01,CH1,C00000,CMP000,2,6,52.2
O002430,2025-08-08,12,B01,CH1,C00076,CMP004,8,24,199.02
O002431,2025-08-08,21,B01,CH1,C00000,CMP000,4,13,161.9
O002432,2025-08-08,13,B01,CH1,C00000,CMP000,3,10,89.7
O002433,2025-08-08,21,B01,CH1,C00820,CMP000,2,6,75.15
O002434,2025-08-08,21,B01,CH1,C02263,CMP000,2,7,88.0
O002435,2025-08-08,17,B01,CH1,C00000,CMP004,2,8,60.4
O002436,2025-08-08,20,B01,CH1,C00000,CMP004,2,5,46.9
O002437,2025-08-08,20,B01,CH3,C00000,CMP000,0,2,19.25
O002438,2025-08-08,13,B01,CH1,C00000,CMP000,2,6,62.1
O002439,2025-08-08,20,B01,CH1,C00000,CMP000,4,10,128.5
O002440,2025-08-08,18,B01,CH4,C00000,CMP000,0,4,48.1
O002441,2025-08-08,22,B01,CH1,C00000,CMP000,5,16,141.55
O002442,2025-08-08,13,B01,CH1,C00000,CMP000,6,23,228.7
O002443,2025-08-08,21,B01,CH1,C04894,CMP000,2,6,68.6
O002444,2025-08-09,17,B01,CH1,C00000,CMP000,2,7,85.6
O002445,2025-08-09,18,B01,CH1,C00000,CMP000,1,5,38.7
O002446,2025-08-09,13,B01,CH1,C00000,CMP000,3,11,91.3
O002447,2025-08-09,21,B01,CH1,C00000,CMP000,4,12,123.55
O002448,2025-08-09,22,B01,CH4,C00000,CMP000,0,3,22.8
O002449,2025-08-09,19,B01,CH1,C00000,CMP000,4,14,120.2
O002450,2025-08-09,17,B01,CH1,C00227,CMP004,2,7,101.1
O002451,2025-08-09,18,B01,CH4,C00000,CMP000,0,3,29.55
O002452,2025-08-10,20,B01,CH1,C04004,CMP000,1,4,34.8
O002453,2025-08-10,19,B01,CH1,C01790,CMP000,1,3,24.1
O002454,2025-08-10,17,B01,CH3,C00000,CMP000,0,4,55.3
O002455,2025-08-10,18,B01,CH1,C00000,CMP000,1,2,24.5
O002456,2025-08-10,20,B01,CH1,C00000,CMP004,3,13,94.15
O002457,2025-08-10,21,B01,CH1,C00000,CMP000,1,4,38.0
O002458,2025-08-11,18,B01,CH1,C02030,CMP000,2,8,65.25
O002459,2025-08-11,18,B01,CH1,C01064,CMP000,3,7,84.3
O002460,2025-08-11,21,B01,CH1,C00000,CMP004,2,9,80.45
O002461,2025-08-11,19,B01,CH1,C00000,CMP000,2,6,51.45
O002462,2025-08-13,12,B01,CH1,C00000,CMP000,5,15,122.15
O002463,2025-08-13,21,B01,CH1,C00000,CMP000,1,2,20.65
O002464,2025-08-13,17,B01,CH1,C00000,CMP004,2,5,53.82
O002465,2025-08-13,18,B01,CH4,C00466,CMP000,0,3,43.3
O002466,2025-08-13,21,B01,CH2,C00000,CMP000,0,4,43.75
O002467,2025-08-13,14,B01,CH3,C00000,CMP000,0,11,94.5
O002468,2025-08-14,21,B01,CH1,C04949,CMP000,5,16,198.45
O002469,2025-08-14,20,B01,CH1,C00000,CMP000,2,5,60.35
O002470,2025-08-14,13,B01,CH1,C00000,CMP000,2,7,62.25
O002471,2025-08-14,13,B01,CH1,C00000,CMP000,6,17,204.15
O002472,2025-08-14,18,B01,CH1,C04130,CMP000,2,6,84.4
O002473,2025-08-15,14,B01,CH1,C00000,CMP004,7,21,198.2
O002474,2025-08-15,14,B01,CH4,C02468,CMP000,0,3,54.35
O002475,2025-08-15,20,B01,CH1,C00000,CMP004,4,12,125.42
O002476,2025-08-15,18,B01,CH3,C00000,CMP000,0,2,18.95
O002477,2025-08-15,13,B01,CH1,C00082,CMP004,1,3,29.55
O002478,2025-08-15,17,B01,CH1,C04305,CMP000,4,11,130.0
O002479,2025-08-15,15,B01,CH2,C00000,CMP000,0,3,23.8
O002480,2025-08-15,13,B01,CH1,C00000,CMP000,5,13,186.9
O002481,2025-08-16,19,B01,CH1,C00000,CMP000,4,13,162.1
O002482,2025-08-16,20,B01,CH1,C01229,CMP000,4,11,138.3
O002483,2025-08-16,12,B01,CH1,C00000,CMP000,7,19,227.45
O002484,2025-08-16,19,B01,CH1,C01229,CMP000,2,7,69.8
O002485,2025-08-16,13,B01,CH1,C03670,CMP000,2,8,64.0
O002486,2025-08-16,18,B01,CH3,C03391,CMP000,0,2,17.8
O002487,2025-08-16,19,B01,CH3,C00000,CMP000,0,3,21.95
O002488,2025-08-16,22,B01,CH1,C00000,CMP004,2,7,62.17
O002489,2025-08-16,20,B01,CH1,C04958,CMP004,2,6,70.72
O002490,2025-08-16,16,B01,CH1,C00000,CMP000,1,3,30.3
O002491,2025-08-17,14,B01,CH2,C00000,CMP000,0,3,26.2
O002492,2025-08-17,14,B01,CH1,C00000,CMP000,4,10,103.65
O002493,2025-08-17,20,B01,CH1,C00000,CMP000,6,23,199.95
O002494,2025-08-17,12,B01,CH1,C00000,CMP000,3,7,79.85
O002495,2025-08-17,12,B01,CH1,C00171,CMP000,2,4,37.4
O002496,2025-08-17,18,B01,CH1,C00000,CMP004,2,6,55.1
O002497,2025-08-17,22,B01,CH3,C00000,CMP000,0,2,18.75
O002498,2025-08-17,17,B01,CH1,C04958,CMP000,3,10,83.3
O002499,2025-08-17,21,B01,CH4,C00000,CMP000,0,2,28.1
O002500,2025-08-18,19,B01,CH1,C00000,CMP004,3,8,85.65
O002501,2025-08-18,13,B01,CH1,C02285,CMP000,4,10,90.2
O002502,2025-08-18,14,B01,CH2,C03306,CMP000,0,1,16.85
O002503,2025-08-18,16,B01,CH3,C00000,CMP000,0,5,40.9
O002504,2025-08-20,19,B01,CH1,C01520,CMP000,6,19,222.3
O002505,2025-08-20,18,B01,CH1,C00000,CMP000,3,9,75.5
O002506,2025-08-20,15,B01,CH1,C00000,CMP000,4,16,130.7
O002507,2025-08-20,13,B01,CH1,C02263,CMP004,2,5,60.3
O002508,2025-08-20,19,B01,CH1,C02404,CMP004,4,12,94.45
O002509,2025-08-20,20,B01,CH4,C00000,CMP000,0,8,134.35
O002510,2025-08-20,14,B01,CH1,C00000,CMP000,1,2,21.85
O002511,2025-08-20,22,B01,CH1,C01213,CMP000,4,12,128.7
O002512,2025-08-20,19,B01,CH1,C00000,CMP000,3,8,86.3
O002513,2025-08-21,21,B01,CH1,C00227,CMP000,4,15,129.75
O002514,2025-08-21,20,B01,CH1,C02251,CMP000,5,20,155.05
O002515,2025-08-22,18,B01,CH1,C00000,CMP000,2,6,57.7
O002516,2025-08-22,17,B01,CH1,C00000,CMP000,2,8,58.15
O002517,2025-08-22,18,B01,CH1,C02263,CMP004,2,6,58.05
O002518,2025-08-22,13,B01,CH2,C00000,CMP000,0,2,23.1
O002519,2025-08-22,18,B01,CH1,C02263,CMP000,1,3,25.95
O002520,2025-08-22,18,B01,CH1,C00000,CMP000,6,22,184.35
O002521,2025-08-22,18,B01,CH1,C01064,CMP000,2,8,65.4
O002522,2025-08-23,13,B01,CH4,C00000,CMP000,0,2,16.55
O002523,2025-08-23,20,B01,CH1,C02298,CMP000,2,7,62.25
O002524,2025-08-23,20,B01,CH1,C00000,CMP004,3,11,102.67
O002525,2025-08-23,14,B01,CH1,C00000,CMP000,4,9,96.3
O002526,2025-08-23,13,B01,CH1,C00000,CMP000,2,8,72.35
O002527,2025-08-23,12,B01,CH1,C04958,CMP000,4,10,109.5
O002528,2025-08-24,19,B01,CH1,C00000,CMP004,6,20,215.17
O002529,2025-08-24,17,B01,CH1,C04894,CMP000,4,10,99.85
O002530,2025-08-24,18,B01,CH2,C01499,CMP000,0,8,75.35
O002531,2025-08-24,20,B01,CH3,C01017,CMP000,0,7,72.85
O002532,2025-08-24,22,B01,CH1,C02817,CMP000,3,9,85.1
O002533,2025-08-24,13,B01,CH1,C00000,CMP000,2,4,43.5
O002534,2025-08-24,19,B01,CH4,C00000,CMP000,0,5,50.2
O002535,2025-08-25,21,B01,CH1,C00000,CMP004,4,11,95.82
O002536,2025-08-25,22,B01,CH1,C04209,CMP000,5,12,169.35
O002537,2025-08-25,12,B01,CH3,C04197,CMP000,0,2,30.3
O002538,2025-08-27,15,B01,CH4,C00000,CMP000,0,8,66.3
O002539,2025-08-27,20,B01,CH1,C00506,CMP000,2,6,76.95
O002540,2025-08-27,17,B01,CH3,C00000,CMP000,0,4,41.9
O002541,2025-08-27,18,B01,CH4,C03232,CMP000,0,4,37.7
O002542,2025-08-27,14,B01,CH1,C04958,CMP000,3,8,82.35
O002543,2025-08-28,13,B01,CH1,C01406,CMP000,7,21,203.9
O002544,2025-08-28,13,B01,CH1,C00000,CMP000,1,2,16.15
O002545,2025-08-28,12,B01,CH1,C00000,CMP000,4,15,120.0
O002546,2025-08-28,19,B01,CH3,C00000,CMP000,0,4,41.35
O002547,2025-08-28,21,B01,CH3,C02569,CMP000,0,3,24.05
O002548,2025-08-28,22,B01,CH1,C00000,CMP000,4,12,110.25
O002549,2025-08-28,18,B01,CH1,C00000,CMP000,3,9,89.0
O002550,2025-08-29,14,B01,CH1,C00163,CMP004,1,2,24.77
O002551,2025-08-29,17,B01,CH1,C04130,CMP000,2,8,74.45
O002552,2025-08-29,19,B01,CH1,C00000,CMP000,3,7,61.65
O002553,2025-08-29,20,B01,CH2,C00000,CMP000,0,2,29.3
O002554,2025-08-29,14,B01,CH1,C00000,CMP004,4,12,112.92
O002555,2025-08-29,14,B01,CH1,C00000,CMP000,3,10,92.3
O002556,2025-08-29,22,B01,CH1,C04958,CMP000,2,5,50.8
O002557,2025-08-29,16,B01,CH1,C00000,CMP000,6,18,226.75
O002558,2025-08-29,17,B01,CH4,C00000,CMP000,0,10,99.6
O002559,2025-08-30,16,B01,CH1,C00000,CMP000,3,9,78.7
O002560,2025-08-30,20,B01,CH1,C00000,CMP000,1,2,35.1
O002561,2025-08-30,17,B01,CH3,C00000,CMP000,0,2,28.85
O002562,2025-08-30,19,B01,CH1,C02933,CMP000,1,4,35.9
O002563,2025-08-30,19,B01,CH3,C00000,CMP000,0,2,27.4
O002564,2025-08-30,20,B01,CH3,C00000,CMP000,0,3,22.6
O002565,2025-08-30,12,B01,CH1,C00000,CMP000,5,15,132.9
O002566,2025-08-31,12,B01,CH1,C00820,CMP000,2,7,51.2
O002567,2025-08-31,19,B01,CH1,C00000,CMP000,2,7,90.4
O002568,2025-08-31,14,B01,CH1,C01663,CMP000,3,8,82.2
O002569,2025-08-31,19,B01,CH3,C00000,CMP000,0,2,20.2
O002570,2025-08-31,18,B01,CH3,C00000,CMP000,0,6,59.85
O002571,2025-08-31,19,B01,CH2,C00000,CMP000,0,4,40.8
O002572,2025-09-01,19,B01,CH3,C00000,CMP000,0,3,23.8
O002573,2025-09-03,20,B01,CH1,C00000,CMP000,4,15,131.05
O002574,2025-09-03,19,B01,CH2,C00000,CMP000,0,2,17.8
O002575,2025-09-03,19,B01,CH1,C00000,CMP000,7,21,199.95
O002576,2025-09-03,13,B01,CH1,C04958,CMP000,4,9,94.35
O002577,2025-09-04,18,B01,CH1,C00000,CMP000,2,4,43.3
O002578,2025-09-04,20,B01,CH1,C00000,CMP000,1,3,31.25
O002579,2025-09-04,22,B01,CH1,C00000,CMP000,6,18,160.05
O002580,2025-09-04,21,B01,CH1,C00000,CMP000,1,3,25.95
O002581,2025-09-05,20,B01,CH4,C00000,CMP000,0,6,47.1
O002582,2025-09-05,16,B01,CH1,C00000,CMP000,2,7,55.65
O002583,2025-09-05,16,B01,CH1,C00000,CMP000,2,7,67.85
O002584,2025-09-05,22,B01,CH1,C00000,CMP000,2,5,66.85
O002585,2025-09-06,19,B01,CH1,C00000,CMP000,4,13,134.35
O002586,2025-09-06,22,B01,CH1,C00000,CMP000,4,14,120.35
O002587,2025-09-06,21,B01,CH1,C00000,CMP000,6,20,222.85
O002588,2025-09-06,17,B01,CH1,C00125,CMP000,2,7,76.3
O002589,2025-09-06,18,B01,CH1,C03360,CMP000,2,5,50.5
O002590,2025-09-06,19,B01,CH4,C00000,CMP000,0,4,39.45
O002591,2025-09-06,18,B01,CH1,C00000,CMP000,2,3,32.2
O002592,2025-09-07,17,B01,CH3,C00000,CMP000,0,4,44.95
O002593,2025-09-07,19,B01,CH1,C00000,CMP000,2,7,63.6
O002594,2025-09-08,19,B01,CH4,C00000,CMP000,0,4,74.75
O002595,2025-09-08,15,B01,CH1,C02105,CMP000,2,7,84.0
O002596,2025-09-08,19,B01,CH3,C00000,CMP000,0,2,19.7
O002597,2025-09-08,20,B01,CH1,C00000,CMP000,2,7,72.25
O002598,2025-09-08,18,B01,CH1,C00000,CMP000,4,13,105.35
O002599,2025-09-10,14,B01,CH1,C00000,CMP000,4,11,105.8
O002600,2025-09-11,13,B01,CH1,C04958,CMP000,4,9,108.7
O002601,2025-09-11,21,B01,CH1,C00000,CMP000,4,14,122.7
O002602,2025-09-11,18,B01,CH1,C00000,CMP000,4,15,152.15
O002603,2025-09-11,21,B01,CH1,C00000,CMP000,2,4,38.85
O002604,2025-09-11,20,B01,CH3,C00000,CMP000,0,3,32.9
O002605,2025-09-11,20,B01,CH1,C00000,CMP000,4,15,142.85
O002606,2025-09-12,18,B01,CH4,C00000,CMP000,0,1,15.85
O002607,2025-09-12,17,B01,CH3,C00000,CMP000,0,4,25.7
O002608,2025-09-12,12,B01,CH1,C00000,CMP000,2,5,57.55
O002609,2025-09-12,14,B01,CH1,C00000,CMP000,2,5,46.35
O002610,2025-09-12,18,B01,CH1,C00000,CMP000,2,7,67.35
O002611,2025-09-13,22,B01,CH1,C00839,CMP000,1,3,34.45
O002612,2025-09-13,12,B01,CH1,C00522,CMP000,2,5,70.4
O002613,2025-09-13,15,B01,CH2,C00000,CMP000,0,1,14.9
O002614,2025-09-13,19,B01,CH1,C00000,CMP000,4,12,106.8
O002615,2025-09-13,18,B01,CH1,C00000,CMP000,6,16,173.45
O002616,2025-09-13,19,B01,CH1,C00000,CMP000,5,14,130.3
O002617,2025-09-13,20,B01,CH3,C03146,CMP000,0,3,30.3
O002618,2025-09-13,19,B01,CH1,C00000,CMP000,4,15,207.95
O002619,2025-09-13,18,B01,CH1,C00000,CMP000,3,12,107.1
O002620,2025-09-13,17,B01,CH3,C00000,CMP000,0,8,76.45
O002621,2025-09-13,19,B01,CH1,C00000,CMP000,4,16,160.6
O002622,2025-09-13,19,B01,CH4,C00000,CMP000,0,7,69.45
O002623,2025-09-13,21,B01,CH4,C00000,CMP000,0,7,56.8
O002624,2025-09-13,14,B01,CH4,C00000,CMP000,0,6,50.7
O002625,2025-09-13,21,B01,CH1,C01064,CMP000,2,8,69.1
O002626,2025-09-14,20,B01,CH3,C00000,CMP000,0,3,28.9
O002627,2025-09-14,13,B01,CH4,C00000,CMP000,0,5,41.4
O002628,2025-09-14,12,B01,CH1,C00000,CMP000,7,20,214.7
O002629,2025-09-14,13,B01,CH1,C00000,CMP000,1,3,25.2
O002630,2025-09-14,12,B01,CH3,C00000,CMP000,0,3,28.85
O002631,2025-09-15,13,B01,CH1,C00000,CMP000,4,13,120.05
O002632,2025-09-15,17,B01,CH1,C00000,CMP000,2,8,70.65
O002633,2025-09-15,15,B01,CH1,C00000,CMP000,7,17,205.45
O002634,2025-09-15,15,B01,CH1,C00000,CMP000,2,5,50.05
O002635,2025-09-17,20,B01,CH1,C00000,CMP000,2,6,50.75
O002636,2025-09-17,21,B01,CH4,C03232,CMP000,0,4,32.45
O002637,2025-09-18,19,B01,CH2,C00299,CMP000,0,1,25.0
O002638,2025-09-19,21,B01,CH1,C00000,CMP000,1,3,24.05
O002639,2025-09-19,20,B01,CH1,C00000,CMP000,6,21,218.05
O002640,2025-09-19,15,B01,CH1,C00000,CMP000,2,7,61.1
O002641,2025-09-19,14,B01,CH1,C01007,CMP000,3,10,90.35
O002642,2025-09-19,20,B01,CH1,C00000,CMP000,2,4,41.65
O002643,2025-09-19,19,B01,CH1,C02941,CMP000,6,17,193.2
O002644,2025-09-20,21,B01,CH1,C00000,CMP000,2,7,118.9
O002645,2025-09-20,22,B01,CH3,C00308,CMP000,0,3,22.4
O002646,2025-09-20,19,B01,CH1,C02245,CMP000,2,6,57.1
O002647,2025-09-20,18,B01,CH1,C03306,CMP000,2,6,81.3
O002648,2025-09-20,19,B01,CH1,C03306,CMP000,2,8,88.95
O002649,2025-09-21,14,B01,CH1,C03061,CMP000,2,5,51.3
O002650,2025-09-21,14,B01,CH1,C00000,CMP000,2,7,55.55
O002651,2025-09-21,14,B01,CH1,C00000,CMP000,1,3,35.6
O002652,2025-09-21,19,B01,CH1,C00000,CMP000,3,8,133.9
O002653,2025-09-21,16,B01,CH1,C00000,CMP000,1,4,52.4
O002654,2025-09-21,13,B01,CH1,C03237,CMP000,2,5,59.65
O002655,2025-09-21,19,B01,CH1,C04958,CMP000,2,6,51.95
O002656,2025-09-21,13,B01,CH1,C00000,CMP000,4,12,141.4
O002657,2025-09-21,19,B01,CH1,C00001,CMP000,2,6,52.45
O002658,2025-09-22,21,B01,CH1,C02941,CMP000,2,7,56.45
O002659,2025-09-22,14,B01,CH1,C00765,CMP000,2,7,54.9
O002660,2025-09-22,12,B01,CH1,C00000,CMP000,3,7,62.9
O002661,2025-09-24,16,B01,CH2,C00000,CMP000,0,7,84.2
O002662,2025-09-25,19,B01,CH1,C00000,CMP000,2,9,75.8
O002663,2025-09-26,13,B01,CH4,C00000,CMP000,0,5,41.15
O002664,2025-09-26,19,B01,CH3,C00000,CMP000,0,2,28.35
O002665,2025-09-26,20,B01,CH1,C00000,CMP000,2,5,53.1
O002666,2025-09-26,12,B01,CH3,C00000,CMP000,0,4,29.55
O002667,2025-09-26,18,B01,CH1,C02569,CMP000,3,8,88.0
O002668,2025-09-26,14,B01,CH4,C00000,CMP000,0,2,24.55
O002669,2025-09-27,16,B01,CH1,C04958,CMP000,2,6,60.1
O002670,2025-09-27,18,B01,CH1,C00000,CMP000,2,6,63.15
O002671,2025-09-27,21,B01,CH1,C02263,CMP000,2,8,73.3
O002672,2025-09-27,17,B01,CH1,C00000,CMP000,2,7,66.45
O002673,2025-09-27,22,B01,CH1,C00000,CMP000,2,6,68.75
O002674,2025-09-27,13,B01,CH1,C03754,CMP000,1,3,26.45
O002675,2025-09-27,15,B01,CH1,C04958,CMP000,4,11,109.45
O002676,2025-09-27,21,B01,CH4,C00820,CMP000,0,1,14.9
O002677,2025-09-27,19,B01,CH1,C01947,CMP000,3,10,96.95
O002678,2025-09-27,19,B01,CH1,C00000,CMP000,2,5,48.0
O002679,2025-09-27,21,B01,CH1,C00000,CMP000,4,11,190.2
O002680,2025-09-27,19,B01,CH1,C00466,CMP000,7,24,253.3
O002681,2025-09-28,19,B01,CH1,C00000,CMP000,1,3,28.35
O002682,2025-09-28,14,B01,CH1,C00000,CMP000,3,7,73.85
O002683,2025-09-28,14,B01,CH1,C00000,CMP000,1,3,24.35
O002684,2025-09-28,17,B01,CH3,C00000,CMP000,0,2,26.45
O002685,2025-09-28,14,B01,CH1,C00000,CMP000,4,10,115.95
O002686,2025-09-28,19,B01,CH3,C00000,CMP000,0,5,45.4
O002687,2025-09-28,20,B01,CH1,C00000,CMP000,6,18,210.55
O002688,2025-09-29,22,B01,CH1,C00134,CMP000,3,12,107.9
O002689,2025-09-29,20,B01,CH1,C01789,CMP000,2,8,64.0
O002690,2025-09-29,14,B01,CH1,C00000,CMP000,2,7,48.15
O002691,2025-09-29,18,B01,CH1,C01395,CMP000,1,4,38.45
O002692,2025-10-01,16,B01,CH2,C02941,CMP000,0,4,38.45
O002693,2025-10-01,13,B01,CH1,C00000,CMP000,7,22,195.3
O002694,2025-10-01,19,B01,CH1,C00000,CMP000,2,12,84.75
O002695,2025-10-01,13,B01,CH1,C00000,CMP000,2,6,44.2
O002696,2025-10-02,13,B01,CH2,C00000,CMP000,0,7,60.15
O002697,2025-10-02,15,B01,CH3,C00000,CMP000,0,4,38.7
O002698,2025-10-02,21,B01,CH1,C00000,CMP000,2,7,63.5
O002699,2025-10-02,12,B01,CH1,C00000,CMP000,2,8,66.6
O002700,2025-10-02,22,B01,CH1,C00000,CMP000,1,3,25.0
O002701,2025-10-02,13,B01,CH1,C00000,CMP000,8,25,246.15
O002702,2025-10-02,14,B01,CH2,C00000,CMP000,0,8,69.2
O002703,2025-10-03,21,B01,CH3,C00000,CMP000,0,11,94.75
O002704,2025-10-03,19,B01,CH1,C04958,CMP000,3,11,116.85
O002705,2025-10-03,14,B01,CH1,C00000,CMP000,7,21,190.2
O002706,2025-10-03,20,B01,CH2,C00000,CMP000,0,3,49.05
O002707,2025-10-03,15,B01,CH1,C04958,CMP000,2,6,52.75
O002708,2025-10-03,21,B01,CH1,C00000,CMP000,2,5,64.15
O002709,2025-10-03,18,B01,CH2,C00000,CMP000,0,7,59.65
O002710,2025-10-03,18,B01,CH4,C00000,CMP000,0,2,24.05
O002711,2025-10-04,18,B01,CH1,C00000,CMP000,1,3,22.9
O002712,2025-10-04,21,B01,CH1,C00000,CMP000,2,8,75.55
O002713,2025-10-04,20,B01,CH1,C00000,CMP000,8,27,261.4
O002714,2025-10-04,22,B01,CH1,C00156,CMP000,5,15,132.4
O002715,2025-10-05,17,B01,CH4,C00000,CMP000,0,4,47.65
O002716,2025-10-05,12,B01,CH3,C00000,CMP000,0,3,28.1
O002717,2025-10-06,13,B01,CH1,C00000,CMP000,2,7,79.55
O002718,2025-10-06,22,B01,CH1,C03467,CMP000,1,4,32.2
O002719,2025-10-06,19,B01,CH1,C00000,CMP000,2,6,83.15
O002720,2025-10-06,15,B01,CH1,C00000,CMP000,2,6,65.35
O002721,2025-10-06,13,B01,CH3,C00000,CMP000,0,3,30.1
O002722,2025-10-08,21,B01,CH1,C00605,CMP000,2,6,83.15
O002723,2025-10-08,20,B01,CH1,C03300,CMP000,4,11,94.7
O002724,2025-10-09,17,B01,CH1,C00000,CMP000,2,4,45.9
O002725,2025-10-09,16,B01,CH4,C00000,CMP000,0,1,22.6
O002726,2025-10-09,18,B01,CH1,C00000,CMP000,1,2,26.15
O002727,2025-10-09,14,B01,CH1,C00000,CMP000,4,11,115.15
O002728,2025-10-10,17,B01,CH4,C01226,CMP000,0,2,22.6
O002729,2025-10-10,18,B01,CH1,C01576,CMP000,4,13,148.05
O002730,2025-10-10,13,B01,CH1,C00000,CMP000,2,6,59.15
O002731,2025-10-10,18,B01,CH1,C00000,CMP005,2,5,41.87
O002732,2025-10-10,21,B01,CH1,C01017,CMP000,2,7,58.05
O002733,2025-10-10,21,B01,CH1,C00000,CMP000,3,9,81.7
O002734,2025-10-11,22,B01,CH1,C00000,CMP000,2,6,51.55
O002735,2025-10-11,12,B01,CH1,C01547,CMP000,2,5,54.8
O002736,2025-10-11,17,B01,CH1,C00000,CMP000,6,18,243.15
O002737,2025-10-11,18,B01,CH1,C00000,CMP005,4,15,127.43
O002738,2025-10-11,21,B01,CH3,C00000,CMP000,0,4,35.8
O002739,2025-10-11,19,B01,CH1,C00000,CMP000,2,8,101.45
O002740,2025-10-12,18,B01,CH1,C00000,CMP000,5,17,153.4
O002741,2025-10-12,19,B01,CH1,C00000,CMP000,4,14,116.35
O002742,2025-10-12,19,B01,CH1,C00000,CMP005,4,15,110.17
O002743,2025-10-12,17,B01,CH2,C00000,CMP000,0,7,71.9
O002744,2025-10-13,18,B01,CH1,C00000,CMP005,3,8,69.4
O002745,2025-10-13,14,B01,CH1,C00000,CMP000,4,11,98.15
O002746,2025-10-15,13,B01,CH1,C00000,CMP000,4,11,118.25
O002747,2025-10-15,22,B01,CH1,C00000,CMP000,4,14,126.6
O002748,2025-10-15,22,B01,CH1,C00000,CMP000,2,9,73.25
O002749,2025-10-15,13,B01,CH1,C01144,CMP000,6,15,146.15
O002750,2025-10-16,21,B01,CH1,C00000,CMP000,4,11,115.3
O002751,2025-10-16,19,B01,CH1,C00000,CMP000,3,9,111.9
O002752,2025-10-16,19,B01,CH3,C00000,CMP000,0,2,19.7
O002753,2025-10-17,13,B01,CH1,C00000,CMP000,5,13,131.9
O002754,2025-10-17,12,B01,CH1,C04894,CMP000,6,22,186.05
O002755,2025-10-18,19,B01,CH1,C00000,CMP000,3,8,83.95
O002756,2025-10-18,22,B01,CH4,C00000,CMP000,0,1,14.9
O002757,2025-10-18,14,B01,CH1,C00000,CMP000,2,6,62.85
O002758,2025-10-18,13,B01,CH1,C01011,CMP000,3,7,63.4
O002759,2025-10-18,14,B01,CH1,C00000,CMP005,4,11,98.77
O002760,2025-10-18,20,B01,CH3,C00000,CMP000,0,6,63.25
O002761,2025-10-18,12,B01,CH1,C00000,CMP000,2,5,41.6
O002762,2025-10-18,22,B01,CH1,C00000,CMP005,2,8,59.04
O002763,2025-10-19,13,B01,CH1,C02849,CMP000,2,5,50.8
O002764,2025-10-19,19,B01,CH1,C00000,CMP000,3,10,89.2
O002765,2025-10-19,21,B01,CH1,C02068,CMP000,5,17,151.1
O002766,2025-10-19,12,B01,CH2,C00000,CMP000,0,4,57.0
O002767,2025-10-19,18,B01,CH1,C00000,CMP000,4,17,231.8
O002768,2025-10-20,21,B01,CH4,C00000,CMP000,0,3,20.95
O002769,2025-10-20,12,B01,CH3,C00000,CMP000,0,5,55.3
O002770,2025-10-20,18,B01,CH1,C00000,CMP000,2,5,63.95
O002771,2025-10-20,14,B01,CH1,C00000,CMP000,1,4,32.2
O002772,2025-10-22,16,B01,CH1,C00000,CMP000,4,13,162.35
O002773,2025-10-22,22,B01,CH1,C00000,CMP000,3,9,87.0
O002774,2025-10-22,18,B01,CH1,C00000,CMP000,2,4,51.45
O002775,2025-10-22,19,B01,CH1,C00000,CMP000,5,15,127.75
O002776,2025-10-22,19,B01,CH1,C00000,CMP000,4,15,147.75
O002777,2025-10-23,22,B01,CH1,C00000,CMP005,1,3,27.97
O002778,2025-10-23,18,B01,CH1,C00000,CMP000,2,7,68.3
O002779,2025-10-23,20,B01,CH2,C00000,CMP000,0,4,29.1
O002780,2025-10-23,21,B01,CH1,C00000,CMP000,2,6,56.45
O002781,2025-10-23,12,B01,CH1,C04958,CMP000,1,4,34.6
O002782,2025-10-23,18,B01,CH3,C00000,CMP000,0,4,26.2
O002783,2025-10-23,21,B01,CH1,C00000,CMP000,4,13,119.6
O002784,2025-10-23,20,B01,CH2,C00000,CMP000,0,4,43.75
O002785,2025-10-24,18,B01,CH3,C01654,CMP000,0,4,36.55
O002786,2025-10-24,18,B01,CH1,C00000,CMP000,2,5,55.55
O002787,2025-10-24,17,B01,CH2,C01818,CMP000,0,5,43.05
O002788,2025-10-25,18,B01,CH4,C00000,CMP000,0,2,18.0
O002789,2025-10-25,22,B01,CH1,C03580,CMP005,2,6,43.36
O002790,2025-10-25,20,B01,CH1,C00000,CMP000,8,25,249.25
O002791,2025-10-25,12,B01,CH1,C00000,CMP000,4,12,127.95
O002792,2025-10-25,14,B01,CH1,C00000,CMP000,2,5,56.3
O002793,2025-10-25,18,B01,CH1,C04262,CMP000,2,7,76.95
O002794,2025-10-25,17,B01,CH1,C01971,CMP000,3,12,93.3
O002795,2025-10-25,20,B01,CH4,C00000,CMP000,0,4,31.0
O002796,2025-10-25,22,B01,CH1,C00000,CMP005,1,3,29.85
O002797,2025-10-26,18,B01,CH1,C00000,CMP000,2,6,54.65
O002798,2025-10-26,19,B01,CH1,C04533,CMP000,1,4,40.4
O002799,2025-10-26,20,B01,CH1,C00200,CMP000,4,16,134.5
O002800,2025-10-26,20,B01,CH1,C03729,CMP000,3,9,111.25
O002801,2025-10-26,13,B01,CH2,C00000,CMP000,0,3,32.95
O002802,2025-10-26,22,B01,CH2,C00000,CMP000,0,2,17.8
O002803,2025-10-26,19,B01,CH1,C03757,CMP000,4,12,115.05
O002804,2025-10-26,12,B01,CH1,C01667,CMP000,2,6,57.15
O002805,2025-10-26,20,B01,CH2,C00000,CMP000,0,2,17.05
O002806,2025-10-27,18,B01,CH1,C04958,CMP005,2,5,40.3
O002807,2025-10-27,17,B01,CH1,C00000,CMP000,2,3,45.5
O002808,2025-10-27,17,B01,CH1,C02464,CMP000,2,5,55.6
O002809,2025-10-27,20,B01,CH1,C00000,CMP000,2,8,116.8
O002810,2025-10-27,18,B01,CH1,C00000,CMP000,8,24,242.5
O002811,2025-10-29,20,B01,CH1,C00000,CMP005,3,6,48.45
O002812,2025-10-29,20,B01,CH1,C00000,CMP000,4,13,106.9
O002813,2025-10-29,19,B01,CH1,C01144,CMP000,1,3,25.6
O002814,2025-10-29,21,B01,CH1,C00000,CMP000,2,6,61.05
O002815,2025-10-29,20,B01,CH1,C00000,CMP000,4,12,117.8
O002816,2025-10-30,20,B01,CH4,C00000,CMP000,0,2,30.3
O002817,2025-10-30,15,B01,CH1,C00000,CMP000,4,13,122.25
O002818,2025-10-30,21,B01,CH4,C00000,CMP000,0,1,62.5
O002819,2025-10-30,19,B01,CH1,C01064,CMP005,1,2,18.02
O002820,2025-10-30,13,B01,CH1,C00000,CMP000,2,5,44.1
O002821,2025-10-31,21,B01,CH1,C00000,CMP000,4,15,117.35
O002822,2025-10-31,12,B01,CH2,C00000,CMP000,0,1,18.75
O002823,2025-10-31,21,B01,CH1,C01064,CMP000,2,7,72.8
O002824,2025-10-31,22,B01,CH3,C00000,CMP000,0,2,19.25
O002825,2025-10-31,22,B01,CH3,C00000,CMP000,0,3,29.55
O002826,2025-10-31,14,B01,CH2,C00000,CMP000,0,3,49.05
O002827,2025-10-31,12,B01,CH1,C04028,CMP000,2,5,51.65
O002828,2025-10-31,21,B01,CH4,C00000,CMP000,0,3,36.55
O002829,2025-11-01,18,B01,CH1,C00000,CMP000,5,18,158.8
O002830,2025-11-01,12,B01,CH1,C02941,CMP000,5,15,132.4
O002831,2025-11-01,20,B01,CH4,C00000,CMP000,0,1,16.85
O002832,2025-11-01,18,B01,CH1,C00000,CMP000,5,13,141.45
O002833,2025-11-01,19,B01,CH4,C02807,CMP000,0,3,51.65
O002834,2025-11-01,21,B01,CH2,C02547,CMP000,0,12,94.25
O002835,2025-11-01,20,B01,CH1,C04947,CMP000,2,5,51.3
O002836,2025-11-01,22,B01,CH1,C00789,CMP000,2,8,63.5
O002837,2025-11-01,20,B01,CH1,C02933,CMP000,4,13,119.0
O002838,2025-11-01,18,B01,CH1,C02941,CMP000,2,6,47.15
O002839,2025-11-02,18,B01,CH4,C00000,CMP000,0,5,67.8
O002840,2025-11-02,13,B01,CH3,C00000,CMP000,0,4,37.25
O002841,2025-11-02,19,B01,CH3,C00000,CMP000,0,5,39.95
O002842,2025-11-02,22,B01,CH3,C00000,CMP000,0,7,68.3
O002843,2025-11-02,18,B01,CH1,C00000,CMP000,5,18,158.65
O002844,2025-11-03,14,B01,CH1,C00000,CMP000,8,24,215.2
O002845,2025-11-03,18,B01,CH1,C00000,CMP000,1,2,24.5
O002846,2025-11-03,19,B01,CH2,C01420,CMP000,0,6,54.6
O002847,2025-11-03,12,B01,CH1,C02975,CMP000,2,5,45.05
O002848,2025-11-03,17,B01,CH1,C00000,CMP000,2,5,54.35
O002849,2025-11-03,19,B01,CH1,C04269,CMP000,2,7,59.4
O002850,2025-11-03,13,B01,CH2,C00000,CMP000,0,2,19.25
O002851,2025-11-03,13,B01,CH1,C00000,CMP000,1,2,22.1
O002852,2025-11-03,13,B01,CH1,C00000,CMP000,4,10,93.05
O002853,2025-11-03,18,B01,CH1,C00000,CMP000,2,7,57.4
O002854,2025-11-05,14,B01,CH1,C00000,CMP000,4,9,130.1
O002855,2025-11-05,20,B01,CH1,C00000,CMP000,3,9,82.85
O002856,2025-11-05,19,B01,CH4,C00000,CMP000,0,2,18.75
O002857,2025-11-06,16,B01,CH1,C00466,CMP000,2,6,63.5
O002858,2025-11-06,21,B01,CH1,C00000,CMP000,7,21,277.85
O002859,2025-11-06,21,B01,CH1,C00000,CMP000,5,14,151.65
O002860,2025-11-06,13,B01,CH1,C02421,CMP000,4,10,85.95
O002861,2025-11-06,21,B01,CH3,C00000,CMP000,0,4,31.45
O002862,2025-11-06,13,B01,CH1,C00000,CMP000,4,9,87.35
O002863,2025-11-06,19,B01,CH1,C04958,CMP000,4,12,125.35
O002864,2025-11-07,18,B01,CH1,C00000,CMP000,6,27,231.6
O002865,2025-11-07,21,B01,CH1,C00000,CMP000,2,7,70.9
O002866,2025-11-07,17,B01,CH3,C00000,CMP000,0,4,37.25
O002867,2025-11-07,12,B01,CH1,C02813,CMP000,2,5,45.9
O002868,2025-11-08,19,B01,CH1,C00000,CMP000,2,7,62.35
O002869,2025-11-08,22,B01,CH1,C00125,CMP000,3,10,95.25
O002870,2025-11-09,19,B01,CH2,C00000,CMP000,0,1,15.4
O002871,2025-11-09,12,B01,CH3,C00466,CMP000,0,6,63.2
O002872,2025-11-09,13,B01,CH4,C00000,CMP000,0,4,48.8
O002873,2025-11-09,18,B01,CH1,C02263,CMP000,5,15,129.4
O002874,2025-11-09,21,B01,CH1,C00000,CMP000,1,4,35.45
O002875,2025-11-09,17,B01,CH1,C00000,CMP000,3,10,91.4
O002876,2025-11-09,21,B01,CH3,C00000,CMP000,0,2,23.1
O002877,2025-11-09,12,B01,CH1,C03139,CMP000,2,7,65.5
O002878,2025-11-09,13,B01,CH1,C00000,CMP000,2,5,44.5
O002879,2025-11-09,20,B01,CH1,C04429,CMP000,7,19,184.4
O002880,2025-11-09,19,B01,CH1,C00000,CMP000,3,8,83.15
O002881,2025-11-10,18,B01,CH2,C00000,CMP000,0,3,23.3
O002882,2025-11-10,20,B01,CH1,C03306,CMP000,2,8,68.5
O002883,2025-11-10,20,B01,CH1,C00000,CMP000,3,10,89.25
O002884,2025-11-10,19,B01,CH1,C00000,CMP000,2,5,44.25
O002885,2025-11-12,22,B01,CH1,C04958,CMP000,2,5,67.15
O002886,2025-11-12,13,B01,CH1,C00000,CMP000,4,10,157.15
O002887,2025-11-12,22,B01,CH4,C00000,CMP000,0,8,71.9
O002888,2025-11-13,18,B01,CH1,C04958,CMP000,1,3,99.5
O002889,2025-11-13,12,B01,CH2,C00000,CMP000,0,4,46.2
O002890,2025-11-13,22,B01,CH1,C00000,CMP000,3,9,80.65
O002891,2025-11-13,22,B01,CH1,C04958,CMP000,4,9,114.75
O002892,2025-11-13,21,B01,CH1,C00000,CMP000,2,7,90.75
O002893,2025-11-14,20,B01,CH3,C00000,CMP000,0,4,38.7
O002894,2025-11-14,20,B01,CH1,C00000,CMP000,1,3,26.6
O002895,2025-11-14,14,B01,CH1,C00000,CMP000,2,5,60.4
O002896,2025-11-14,18,B01,CH1,C00863,CMP000,1,4,38.0
O002897,2025-11-14,20,B01,CH1,C03538,CMP000,2,7,53.3
O002898,2025-11-14,17,B01,CH1,C00000,CMP000,4,12,123.05
O002899,2025-11-14,19,B01,CH1,C00000,CMP000,3,8,80.35
O002900,2025-11-14,19,B01,CH4,C00000,CMP000,0,10,111.85
O002901,2025-11-15,21,B01,CH1,C00000,CMP000,4,15,153.3
O002902,2025-11-15,22,B01,CH1,C00000,CMP000,2,7,66.2
O002903,2025-11-15,22,B01,CH1,C01064,CMP000,6,14,146.3
O002904,2025-11-15,22,B01,CH1,C04958,CMP000,4,13,126.15
O002905,2025-11-15,20,B01,CH2,C00000,CMP000,0,2,35.6
O002906,2025-11-15,19,B01,CH4,C00000,CMP000,0,2,16.55
O002907,2025-11-15,13,B01,CH1,C04958,CMP000,4,13,143.95
O002908,2025-11-16,18,B01,CH1,C00000,CMP000,2,7,82.25
O002909,2025-11-16,20,B01,CH1,C00000,CMP000,2,7,59.85
O002910,2025-11-16,14,B01,CH4,C00000,CMP000,0,2,31.55
O002911,2025-11-16,22,B01,CH1,C00000,CMP000,6,20,191.9
O002912,2025-11-16,14,B01,CH1,C02263,CMP000,2,4,95.05
O002913,2025-11-16,19,B01,CH1,C00000,CMP000,1,3,34.35
O002914,2025-11-16,20,B01,CH4,C00000,CMP000,0,5,33.5
O002915,2025-11-17,17,B01,CH1,C00000,CMP000,8,29,260.75
O002916,2025-11-17,17,B01,CH2,C00000,CMP000,0,8,91.8
O002917,2025-11-17,12,B01,CH1,C00000,CMP006,2,5,43.48
O002918,2025-11-17,22,B01,CH1,C00000,CMP000,3,10,117.15
O002919,2025-11-17,19,B01,CH3,C00000,CMP000,0,3,22.35
O002920,2025-11-17,19,B01,CH1,C03360,CMP000,2,6,58.15
O002921,2025-11-19,14,B01,CH1,C00000,CMP000,2,5,42.1
O002922,2025-11-19,13,B01,CH1,C02668,CMP000,1,1,15.4
O002923,2025-11-19,20,B01,CH1,C02669,CMP006,4,10,79.29
O002924,2025-11-19,21,B01,CH1,C04359,CMP000,1,4,35.3
O002925,2025-11-19,20,B01,CH1,C00820,CMP000,2,4,46.45
O002926,2025-11-19,17,B01,CH1,C00000,CMP000,6,21,237.35
O002927,2025-11-20,22,B01,CH1,C00000,CMP000,4,15,127.25
O002928,2025-11-20,18,B01,CH1,C01229,CMP006,4,15,139.84
O002929,2025-11-20,20,B01,CH1,C00000,CMP006,1,4,56.79
O002930,2025-11-21,13,B01,CH1,C00000,CMP006,2,7,49.36
O002931,2025-11-21,19,B01,CH1,C00000,CMP000,2,8,65.7
O002932,2025-11-21,14,B01,CH3,C00000,CMP000,0,6,50.0
O002933,2025-11-21,18,B01,CH3,C00000,CMP000,0,5,34.45
O002934,2025-11-21,18,B01,CH1,C00000,CMP006,5,14,118.33
O002935,2025-11-21,21,B01,CH1,C00000,CMP000,2,4,38.45
O002936,2025-11-21,20,B01,CH4,C00000,CMP000,0,2,24.05
O002937,2025-11-21,12,B01,CH4,C00000,CMP000,0,5,47.4
O002938,2025-11-22,20,B01,CH1,C00000,CMP006,5,14,127.86
O002939,2025-11-22,18,B01,CH1,C00000,CMP006,5,19,146.75
O002940,2025-11-22,16,B01,CH1,C00000,CMP000,2,8,79.85
O002941,2025-11-22,18,B01,CH4,C00000,CMP000,0,3,26.45
O002942,2025-11-22,19,B01,CH1,C00000,CMP000,3,10,97.4
O002943,2025-11-23,20,B01,CH1,C00000,CMP000,8,25,238.65
O002944,2025-11-23,17,B01,CH4,C00000,CMP000,0,3,43.3
O002945,2025-11-23,14,B01,CH1,C00000,CMP006,2,6,52.84
O002946,2025-11-23,21,B01,CH1,C00000,CMP000,5,17,158.55
O002947,2025-11-24,20,B01,CH1,C00000,CMP000,6,22,201.35
O002948,2025-11-24,18,B01,CH3,C00000,CMP000,0,4,42.1
O002949,2025-11-26,13,B01,CH3,C03346,CMP000,0,1,13.45
O002950,2025-11-26,13,B01,CH4,C00000,CMP000,0,3,30.8
O002951,2025-11-27,19,B01,CH1,C00000,CMP000,3,7,69.2
O002952,2025-11-27,19,B01,CH2,C00000,CMP000,0,2,18.75
O002953,2025-11-27,19,B01,CH1,C00000,CMP000,1,3,19.95
O002954,2025-11-27,12,B01,CH1,C03045,CMP006,2,4,53.21
O002955,2025-11-27,19,B01,CH2,C00000,CMP000,0,3,32.9
O002956,2025-11-27,20,B01,CH1,C00000,CMP000,2,5,60.65
O002957,2025-11-27,21,B01,CH4,C00000,CMP000,0,4,52.2
O002958,2025-11-27,13,B01,CH1,C00506,CMP000,2,4,46.15
O002959,2025-11-28,17,B01,CH2,C00000,CMP000,0,5,47.6
O002960,2025-11-28,18,B01,CH1,C00000,CMP000,2,4,41.1
O002961,2025-11-28,19,B01,CH3,C00000,CMP000,0,1,15.4
O002962,2025-11-28,16,B01,CH1,C00000,CMP000,3,8,74.4
O002963,2025-11-28,12,B01,CH1,C04958,CMP006,2,4,57.73
O002964,2025-11-29,21,B01,CH1,C02420,CMP006,2,4,39.2
O002965,2025-11-29,14,B01,CH4,C03306,CMP000,0,9,77.15
O002966,2025-11-29,20,B01,CH1,C03232,CMP000,3,7,72.95
O002967,2025-11-29,14,B01,CH1,C00000,CMP000,4,10,94.4
O002968,2025-11-29,19,B01,CH1,C00000,CMP006,2,6,55.27
O002969,2025-11-29,16,B01,CH4,C00000,CMP000,0,1,14.9
O002970,2025-11-29,22,B01,CH1,C01064,CMP000,2,4,45.2
O002971,2025-11-29,19,B01,CH4,C00000,CMP000,0,5,43.5
O002972,2025-11-29,20,B01,CH1,C00000,CMP006,4,13,133.53
O002973,2025-11-29,13,B01,CH2,C00000,CMP000,0,4,26.25
O002974,2025-11-29,19,B01,CH1,C03346,CMP000,3,10,77.4
O002975,2025-11-29,12,B01,CH1,C00000,CMP006,1,3,28.21
O002976,2025-11-30,14,B01,CH1,C00000,CMP000,2,4,45.7
O002977,2025-11-30,21,B01,CH1,C00000,CMP000,4,12,142.15
O002978,2025-11-30,20,B01,CH3,C00000,CMP000,0,8,90.85
O002979,2025-11-30,22,B01,CH2,C00000,CMP000,0,2,24.55
O002980,2025-11-30,20,B01,CH1,C03809,CMP006,3,10,86.09
O002981,2025-11-30,14,B01,CH1,C00000,CMP006,4,13,106.19
O002982,2025-11-30,19,B01,CH2,C03360,CMP000,0,10,104.1
O002983,2025-11-30,19,B01,CH3,C04958,CMP000,0,7,71.65
O002984,2025-12-01,14,B01,CH4,C00000,CMP000,0,6,61.55
O002985,2025-12-01,20,B01,CH1,C04745,CMP006,4,13,123.27
O002986,2025-12-01,19,B01,CH1,C00000,CMP000,4,12,111.1
O002987,2025-12-01,12,B01,CH1,C02424,CMP000,4,9,93.85
O002988,2025-12-01,15,B01,CH1,C00820,CMP000,5,20,185.15
O002989,2025-12-01,20,B01,CH2,C00000,CMP000,0,2,29.8
O002990,2025-12-03,19,B01,CH1,C00000,CMP006,2,7,53.74
O002991,2025-12-03,18,B01,CH1,C00000,CMP006,3,8,66.11
O002992,2025-12-03,19,B01,CH2,C03130,CMP000,0,3,31.9
O002993,2025-12-03,14,B01,CH1,C00466,CMP000,5,16,139.7
O002994,2025-12-03,15,B01,CH1,C00000,CMP000,2,6,52.75
O002995,2025-12-04,14,B01,CH3,C00000,CMP000,0,3,22.4
O002996,2025-12-04,21,B01,CH1,C00000,CMP000,2,5,64.9
O002997,2025-12-04,19,B01,CH1,C00200,CMP006,3,9,82.18
O002998,2025-12-04,22,B01,CH3,C00000,CMP000,0,10,100.95
O002999,2025-12-04,19,B01,CH3,C00000,CMP000,0,2,16.55
O003000,2025-12-05,20,B01,CH1,C00000,CMP006,3,10,87.34
O003001,2025-12-05,21,B01,CH1,C00677,CMP000,7,19,246.05
O003002,2025-12-05,17,B01,CH1,C02019,CMP006,2,6,58.5
O003003,2025-12-05,12,B01,CH1,C00000,CMP000,1,3,26.6
O003004,2025-12-05,12,B01,CH1,C00000,CMP000,2,5,42.85
O003005,2025-12-06,17,B01,CH1,C04894,CMP006,2,8,61.51
O003006,2025-12-06,13,B01,CH4,C02846,CMP000,0,12,121.85
O003007,2025-12-06,19,B01,CH1,C00000,CMP006,6,20,195.87
O003008,2025-12-06,20,B01,CH1,C00000,CMP000,2,6,59.5
O003009,2025-12-06,19,B01,CH2,C00000,CMP000,0,5,62.55
O003010,2025-12-06,21,B01,CH3,C00000,CMP000,0,5,37.25
O003011,2025-12-06,13,B01,CH1,C00000,CMP006,1,3,47.62
O003012,2025-12-06,22,B01,CH2,C00506,CMP000,0,2,19.7
O003013,2025-12-06,20,B01,CH3,C00000,CMP000,0,3,33.95
O003014,2025-12-06,14,B01,CH1,C00000,CMP006,2,4,40.85
O003015,2025-12-06,17,B01,CH1,C00000,CMP000,8,27,217.7
O003016,2025-12-06,18,B01,CH4,C02005,CMP000,0,11,141.5
O003017,2025-12-06,19,B01,CH1,C00000,CMP006,2,5,38.12
O003018,2025-12-06,12,B01,CH1,C00000,CMP006,4,10,95.46
O003019,2025-12-06,19,B01,CH2,C00000,CMP000,0,3,45.0
O003020,2025-12-06,17,B01,CH3,C00000,CMP000,0,2,18.1
O003021,2025-12-06,16,B01,CH1,C04130,CMP000,7,23,234.75
O003022,2025-12-06,12,B01,CH1,C04888,CMP000,3,7,58.65
O003023,2025-12-06,18,B01,CH4,C00000,CMP000,0,2,21.65
O003024,2025-12-07,13,B01,CH4,C00000,CMP000,0,6,59.25
O003025,2025-12-07,18,B01,CH1,C00820,CMP006,2,9,62.9
O003026,2025-12-07,12,B01,CH4,C00000,CMP000,0,7,88.3
O003027,2025-12-07,14,B01,CH1,C03103,CMP000,3,7,116.35
O003028,2025-12-07,22,B01,CH4,C03300,CMP000,0,3,25.2
O003029,2025-12-07,19,B01,CH3,C00000,CMP000,0,5,50.0
O003030,2025-12-07,18,B01,CH1,C00000,CMP000,1,5,35.1
O003031,2025-12-07,17,B01,CH1,C02936,CMP000,3,9,93.15
O003032,2025-12-08,12,B01,CH1,C00000,CMP000,3,9,110.6
O003033,2025-12-08,18,B01,CH3,C00000,CMP000,0,2,16.1
O003034,2025-12-08,19,B01,CH1,C02450,CMP000,4,11,111.35
O003035,2025-12-10,18,B01,CH1,C00859,CMP006,8,28,228.79
O003036,2025-12-10,20,B01,CH1,C00000,CMP006,3,9,76.66
O003037,2025-12-10,20,B01,CH1,C00000,CMP000,3,10,108.3
O003038,2025-12-10,19,B01,CH4,C00000,CMP000,0,6,44.45
O003039,2025-12-10,20,B01,CH4,C00000,CMP000,0,4,35.8
O003040,2025-12-11,12,B01,CH1,C02921,CMP000,3,10,87.6
O003041,2025-12-11,18,B01,CH3,C00000,CMP000,0,2,28.85
O003042,2025-12-11,12,B01,CH2,C00000,CMP000,0,2,17.6
O003043,2025-12-11,20,B01,CH2,C00000,CMP000,0,6,65.65
O003044,2025-12-11,17,B01,CH4,C00000,CMP000,0,4,52.9
O003045,2025-12-11,18,B01,CH1,C00000,CMP000,1,2,20.35
O003046,2025-12-11,19,B01,CH4,C00000,CMP000,0,4,36.05
O003047,2025-12-11,21,B01,CH1,C00000,CMP006,1,3,26.23
O003048,2025-12-11,17,B01,CH1,C00000,CMP006,6,18,183.62
O003049,2025-12-11,21,B01,CH1,C03934,CMP000,2,5,47.4
O003050,2025-12-11,19,B01,CH1,C00000,CMP000,2,8,87.4
O003051,2025-12-11,20,B01,CH4,C04958,CMP000,0,5,47.35
O003052,2025-12-12,20,B01,CH1,C00000,CMP000,3,11,86.1
O003053,2025-12-12,19,B01,CH2,C01064,CMP000,0,5,53.4
O003054,2025-12-12,22,B01,CH1,C00000,CMP006,4,12,110.67
O003055,2025-12-12,19,B01,CH3,C03493,CMP000,0,3,30.8
O003056,2025-12-12,12,B01,CH1,C00000,CMP006,1,2,19.01
O003057,2025-12-12,13,B01,CH1,C00000,CMP000,2,6,47.35
O003058,2025-12-12,19,B01,CH1,C00051,CMP006,4,12,102.39
O003059,2025-12-12,12,B01,CH1,C00043,CMP000,5,12,115.65
O003060,2025-12-12,12,B01,CH1,C00000,CMP006,6,19,148.7
O003061,2025-12-12,22,B01,CH1,C00000,CMP006,2,6,54.39
O003062,2025-12-12,20,B01,CH1,C00000,CMP000,1,3,27.7
O003063,2025-12-13,18,B01,CH1,C02407,CMP000,2,5,51.1
O003064,2025-12-13,21,B01,CH1,C00000,CMP000,2,11,96.75
O003065,2025-12-13,20,B01,CH1,C00000,CMP006,2,9,58.53
O003066,2025-12-13,20,B01,CH3,C00000,CMP000,0,3,35.8
O003067,2025-12-13,21,B01,CH1,C00000,CMP000,2,5,46.35
O003068,2025-12-13,21,B01,CH1,C00000,CMP000,4,11,106.0
O003069,2025-12-13,17,B01,CH1,C00000,CMP006,2,7,58.43
O003070,2025-12-13,20,B01,CH1,C00000,CMP006,5,15,155.52
O003071,2025-12-14,16,B01,CH1,C02262,CMP000,3,9,94.55
O003072,2025-12-14,17,B01,CH1,C04958,CMP006,3,6,68.54
O003073,2025-12-14,18,B01,CH2,C00000,CMP000,0,3,24.25
O003074,2025-12-14,20,B01,CH1,C01343,CMP000,2,8,73.3
O003075,2025-12-14,18,B01,CH1,C00000,CMP006,4,15,170.62
O003076,2025-12-14,12,B01,CH1,C02262,CMP006,1,2,22.36
O003077,2025-12-14,19,B01,CH1,C00000,CMP000,4,15,138.0
O003078,2025-12-14,12,B01,CH3,C00000,CMP000,0,3,23.8
O003079,2025-12-14,20,B01,CH1,C00000,CMP000,1,3,27.4
O003080,2025-12-15,13,B01,CH1,C00000,CMP000,8,25,211.15
O003081,2025-12-15,19,B01,CH1,C04958,CMP000,1,5,39.25
O003082,2025-12-15,20,B01,CH1,C01600,CMP000,8,22,209.25
O003083,2025-12-15,19,B01,CH1,C00000,CMP000,4,13,138.1
O003084,2025-12-17,21,B01,CH1,C02481,CMP000,2,7,66.55
O003085,2025-12-17,13,B01,CH4,C00000,CMP000,0,9,91.4
O003086,2025-12-17,12,B01,CH1,C04958,CMP006,2,3,28.55
O003087,2025-12-17,22,B01,CH3,C00000,CMP000,0,3,34.15
O003088,2025-12-17,18,B01,CH3,C00000,CMP000,0,3,25.5
O003089,2025-12-17,13,B01,CH1,C00000,CMP006,1,3,25.43
O003090,2025-12-17,18,B01,CH1,C00000,CMP006,2,6,61.69
O003091,2025-12-17,21,B01,CH1,C01064,CMP000,2,4,44.45
O003092,2025-12-18,12,B01,CH1,C03302,CMP006,1,2,16.51
O003093,2025-12-18,12,B01,CH4,C00000,CMP000,0,5,49.05
O003094,2025-12-18,12,B01,CH1,C00000,CMP000,2,7,60.15
O003095,2025-12-18,13,B01,CH3,C00000,CMP000,0,7,56.5
O003096,2025-12-18,13,B01,CH1,C00000,CMP006,2,6,54.87
O003097,2025-12-18,16,B01,CH1,C00000,CMP000,4,15,132.05
O003098,2025-12-19,20,B01,CH1,C00361,CMP006,4,14,116.79
O003099,2025-12-19,12,B01,CH1,C00000,CMP000,8,21,198.35
O003100,2025-12-19,18,B01,CH1,C00000,CMP000,4,12,124.8
O003101,2025-12-19,17,B01,CH3,C02941,CMP000,0,7,67.35
O003102,2025-12-19,19,B01,CH1,C04035,CMP006,1,4,34.53
O003103,2025-12-19,19,B01,CH1,C03300,CMP006,6,26,252.7
O003104,2025-12-19,20,B01,CH4,C01064,CMP000,0,1,20.2
O003105,2025-12-19,14,B01,CH1,C02105,CMP000,5,14,136.35
O003106,2025-12-19,17,B01,CH1,C00000,CMP000,2,6,68.75
O003107,2025-12-19,20,B01,CH2,C00000,CMP000,0,8,69.5
O003108,2025-12-20,18,B01,CH1,C02464,CMP000,6,23,212.6
O003109,2025-12-20,21,B01,CH2,C00000,CMP000,0,3,21.85
O003110,2025-12-20,22,B01,CH3,C00000,CMP000,0,7,80.85
O003111,2025-12-20,20,B01,CH2,C00000,CMP000,0,3,29.35
O003112,2025-12-20,12,B01,CH1,C04958,CMP000,6,13,133.0
O003113,2025-12-20,12,B01,CH1,C04888,CMP000,1,3,24.75
O003114,2025-12-20,21,B01,CH1,C00000,CMP000,2,8,65.0
O003115,2025-12-20,20,B01,CH1,C01064,CMP000,2,6,65.9
O003116,2025-12-20,21,B01,CH1,C00000,CMP006,2,7,78.94
O003117,2025-12-20,18,B01,CH2,C02846,CMP000,0,2,18.75
O003118,2025-12-20,19,B01,CH3,C00000,CMP000,0,5,54.85
O003119,2025-12-20,21,B01,CH3,C00000,CMP000,0,1,14.4
O003120,2025-12-20,22,B01,CH1,C00000,CMP000,3,10,107.25
O003121,2025-12-20,12,B01,CH1,C04958,CMP000,2,5,49.1
O003122,2025-12-20,19,B01,CH1,C00000,CMP000,3,11,104.0
O003123,2025-12-20,20,B01,CH1,C00000,CMP000,4,12,116.15
O003124,2025-12-21,21,B01,CH4,C00000,CMP000,0,1,15.85
O003125,2025-12-21,22,B01,CH1,C03821,CMP000,3,9,90.8
O003126,2025-12-21,18,B01,CH1,C00000,CMP000,8,19,195.0
O003127,2025-12-21,13,B01,CH1,C03360,CMP006,4,8,89.41
O003128,2025-12-21,14,B01,CH1,C03326,CMP000,2,6,71.2
O003129,2025-12-21,22,B01,CH1,C04958,CMP000,2,4,46.45
O003130,2025-12-21,20,B01,CH1,C00000,CMP000,2,5,57.9
O003131,2025-12-22,19,B01,CH1,C01916,CMP000,1,2,21.15
O003132,2025-12-22,21,B01,CH1,C00000,CMP000,3,8,126.0
O003133,2025-12-22,13,B01,CH1,C00000,CMP000,4,11,103.65
O003134,2025-12-22,18,B01,CH1,C00000,CMP000,2,6,83.5
O003135,2025-12-22,19,B01,CH3,C04450,CMP000,0,2,16.55
O003136,2025-12-22,17,B01,CH4,C00820,CMP000,0,4,44.45
O003137,2025-12-22,19,B01,CH1,C00000,CMP000,2,8,80.45
O003138,2025-12-22,21,B01,CH1,C00000,CMP000,2,9,73.75
O003139,2025-12-22,14,B01,CH4,C00000,CMP000,0,6,59.85
O003140,2025-12-24,20,B01,CH2,C00000,CMP000,0,3,25.5
O003141,2025-12-24,18,B01,CH3,C02846,CMP000,0,2,27.4
O003142,2025-12-24,13,B01,CH1,C02524,CMP000,2,6,51.55
O003143,2025-12-26,21,B01,CH4,C00466,CMP000,0,2,22.6
O003144,2025-12-26,13,B01,CH1,C00000,CMP000,1,4,31.95
O003145,2025-12-26,20,B01,CH2,C00000,CMP000,0,4,47.15
O003146,2025-12-27,22,B01,CH1,C00000,CMP000,2,6,83.85
O003147,2025-12-27,22,B01,CH2,C00000,CMP000,0,5,47.65
O003148,2025-12-27,21,B01,CH1,C02263,CMP000,3,12,102.9
O003149,2025-12-27,13,B01,CH1,C04958,CMP000,4,11,91.15
O003150,2025-12-28,14,B01,CH4,C00000,CMP000,0,1,13.45
O003151,2025-12-28,19,B01,CH1,C01971,CMP000,3,6,75.7
O003152,2025-12-28,20,B01,CH1,C00000,CMP000,3,8,84.85
O003153,2025-12-28,17,B01,CH1,C00000,CMP000,5,15,158.45
O003154,2025-12-28,12,B01,CH2,C04958,CMP000,0,3,23.75
O003155,2025-12-28,21,B01,CH1,C00000,CMP000,2,4,45.7
O003156,2025-12-28,19,B01,CH3,C00000,CMP000,0,6,48.8
O003157,2025-12-29,18,B01,CH3,C00000,CMP000,0,8,81.75
O003158,2025-12-29,18,B01,CH2,C00000,CMP000,0,2,18.75
O003159,2025-12-31,17,B01,CH1,C00000,CMP000,4,13,122.1
O003160,2025-12-31,19,B01,CH1,C00000,CMP000,1,2,25.0
O003161,2025-12-31,13,B01,CH1,C00000,CMP000,3,11,97.3
O003162,2026-01-01,20,B01,CH2,C00000,CMP000,0,5,45.9
O003163,2026-01-01,21,B01,CH1,C00000,CMP000,6,22,209.85
O003164,2026-01-01,12,B01,CH1,C00000,CMP000,3,9,77.3
O003165,2026-01-02,21,B01,CH1,C00000,CMP000,4,12,111.4
O003166,2026-01-02,22,B01,CH1,C04958,CMP000,4,12,143.6
O003167,2026-01-02,18,B01,CH1,C00000,CMP000,7,21,207.65
O003168,2026-01-02,20,B01,CH1,C04958,CMP000,1,3,26.7
O003169,2026-01-02,20,B01,CH4,C02941,CMP000,0,3,33.65
O003170,2026-01-02,21,B01,CH1,C00000,CMP000,4,14,127.95
O003171,2026-01-03,21,B01,CH1,C00000,CMP000,2,6,62.05
O003172,2026-01-03,21,B01,CH2,C00000,CMP000,0,2,16.1
O003173,2026-01-03,13,B01,CH1,C04947,CMP000,2,6,50.7
O003174,2026-01-03,18,B01,CH1,C00000,CMP000,6,23,248.85
O003175,2026-01-03,20,B01,CH1,C02941,CMP000,2,5,47.1
O003176,2026-01-03,21,B01,CH1,C00000,CMP000,1,3,20.9
O003177,2026-01-04,22,B01,CH3,C00000,CMP000,0,2,47.6
O003178,2026-01-04,22,B01,CH4,C00000,CMP000,0,4,44.25
O003179,2026-01-04,20,B01,CH2,C02528,CMP000,0,3,25.2
O003180,2026-01-04,21,B01,CH4,C00288,CMP000,0,6,52.65
O003181,2026-01-05,20,B01,CH1,C00000,CMP000,2,6,50.35
O003182,2026-01-05,17,B01,CH1,C00000,CMP000,1,3,22.9
O003183,2026-01-07,13,B01,CH1,C02820,CMP000,4,12,118.25
O003184,2026-01-08,20,B01,CH1,C02424,CMP000,3,8,81.9
O003185,2026-01-08,14,B01,CH1,C02547,CMP007,6,13,100.13
O003186,2026-01-08,19,B01,CH1,C00000,CMP000,1,3,30.3
O003187,2026-01-08,21,B01,CH1,C00000,CMP000,5,16,153.25
O003188,2026-01-08,17,B01,CH3,C00000,CMP000,0,3,80.75
O003189,2026-01-09,17,B01,CH3,C00238,CMP000,0,1,14.9
O003190,2026-01-09,20,B01,CH1,C04958,CMP000,5,14,135.9
O003191,2026-01-09,13,B01,CH4,C00000,CMP000,0,5,45.45
O003192,2026-01-09,13,B01,CH1,C00000,CMP007,1,1,10.8
O003193,2026-01-09,22,B01,CH3,C00000,CMP000,0,5,53.4
O003194,2026-01-09,13,B01,CH1,C02941,CMP007,2,9,49.51
O003195,2026-01-10,13,B01,CH1,C03346,CMP000,2,4,48.1
O003196,2026-01-10,20,B01,CH1,C00000,CMP000,7,20,212.9
O003197,2026-01-10,20,B01,CH1,C00000,CMP000,3,11,93.0
O003198,2026-01-10,17,B01,CH1,C04914,CMP000,1,3,26.95
O003199,2026-01-10,20,B01,CH4,C00000,CMP000,0,9,78.8
O003200,2026-01-10,20,B01,CH1,C00000,CMP007,2,7,49.9
O003201,2026-01-10,21,B01,CH1,C00000,CMP000,4,17,142.85
O003202,2026-01-11,19,B01,CH4,C00000,CMP000,0,1,13.0
O003203,2026-01-11,19,B01,CH1,C00986,CMP000,6,17,182.25
O003204,2026-01-11,19,B01,CH4,C01064,CMP000,0,5,36.3
O003205,2026-01-11,13,B01,CH1,C03426,CMP000,2,5,54.55
O003206,2026-01-11,18,B01,CH1,C00000,CMP007,8,28,212.93
O003207,2026-01-11,13,B01,CH3,C04958,CMP000,0,6,43.6
O003208,2026-01-12,13,B01,CH1,C03677,CMP007,6,15,113.24
O003209,2026-01-12,19,B01,CH2,C01064,CMP000,0,6,52.25
O003210,2026-01-14,13,B01,CH1,C04057,CMP007,2,5,39.65
O003211,2026-01-14,17,B01,CH4,C00000,CMP000,0,2,17.5
O003212,2026-01-14,21,B01,CH1,C00000,CMP007,1,3,25.34
O003213,2026-01-14,22,B01,CH3,C00000,CMP000,0,8,125.45
O003214,2026-01-14,19,B01,CH1,C00000,CMP000,1,4,30.3
O003215,2026-01-14,13,B01,CH1,C00000,CMP000,2,5,48.8
O003216,2026-01-15,12,B01,CH1,C00000,CMP000,4,10,104.25
O003217,2026-01-15,20,B01,CH1,C00000,CMP007,2,6,42.92
O003218,2026-01-15,19,B01,CH4,C00000,CMP000,0,1,13.45
O003219,2026-01-15,20,B01,CH3,C00000,CMP000,0,2,24.8
O003220,2026-01-15,18,B01,CH3,C00000,CMP000,0,3,21.85
O003221,2026-01-15,12,B01,CH3,C02124,CMP000,0,2,18.0
O003222,2026-01-15,20,B01,CH1,C04958,CMP007,2,7,62.76
O003223,2026-01-15,20,B01,CH1,C00000,CMP007,8,27,226.25
O003224,2026-01-16,17,B01,CH1,C00000,CMP000,2,9,76.25
O003225,2026-01-16,22,B01,CH1,C00000,CMP000,3,9,100.2
O003226,2026-01-16,19,B01,CH1,C00000,CMP007,4,13,114.45
O003227,2026-01-16,18,B01,CH1,C00000,CMP000,3,13,146.5
O003228,2026-01-17,19,B01,CH1,C00000,CMP000,4,11,115.9
O003229,2026-01-17,14,B01,CH2,C00000,CMP000,0,3,43.0
O003230,2026-01-17,20,B01,CH3,C01064,CMP000,0,5,51.25
O003231,2026-01-17,22,B01,CH1,C01749,CMP007,2,6,80.76
O003232,2026-01-18,19,B01,CH1,C04958,CMP007,4,16,112.03
O003233,2026-01-18,14,B01,CH1,C02849,CMP000,2,4,46.95
O003234,2026-01-18,21,B01,CH3,C00000,CMP000,0,7,75.75
O003235,2026-01-18,21,B01,CH1,C00000,CMP000,2,3,36.5
O003236,2026-01-18,13,B01,CH1,C00000,CMP007,2,7,50.18
O003237,2026-01-19,20,B01,CH4,C03085,CMP000,0,7,63.25
O003238,2026-01-19,22,B01,CH1,C00000,CMP000,3,10,80.35
O003239,2026-01-19,21,B01,CH1,C00000,CMP007,2,7,72.97
O003240,2026-01-19,13,B01,CH1,C00000,CMP007,4,13,106.45
O003241,2026-01-19,19,B01,CH1,C03718,CMP000,2,6,75.0
O003242,2026-01-21,13,B01,CH2,C04958,CMP000,0,1,16.85
O003243,2026-01-21,21,B01,CH2,C02054,CMP000,0,6,65.65
O003244,2026-01-21,12,B01,CH2,C00000,CMP000,0,5,49.3
O003245,2026-01-22,17,B01,CH4,C00000,CMP000,0,6,85.15
O003246,2026-01-23,13,B01,CH1,C00000,CMP007,4,9,90.38
O003247,2026-01-23,21,B01,CH1,C00000,CMP000,2,5,52.4
O003248,2026-01-23,15,B01,CH1,C00000,CMP007,3,9,63.71
O003249,2026-01-23,19,B01,CH4,C00000,CMP000,0,1,13.45
O003250,2026-01-23,18,B01,CH3,C00000,CMP000,0,2,18.75
O003251,2026-01-23,12,B01,CH1,C02263,CMP007,2,5,39.37
O003252,2026-01-24,12,B01,CH1,C00000,CMP000,4,10,146.85
O003253,2026-01-24,20,B01,CH4,C00000,CMP000,0,10,97.05
O003254,2026-01-24,21,B01,CH1,C03271,CMP000,5,19,236.7
O003255,2026-01-25,19,B01,CH2,C00000,CMP000,0,3,46.65
O003256,2026-01-25,20,B01,CH1,C03061,CMP007,5,15,144.28
O003257,2026-01-25,21,B01,CH4,C01118,CMP000,0,2,21.65
O003258,2026-01-25,20,B01,CH1,C01498,CMP007,2,5,39.43
O003259,2026-01-26,17,B01,CH1,C00000,CMP000,1,3,24.85
O003260,2026-01-26,19,B01,CH1,C00000,CMP007,4,10,91.69
O003261,2026-01-28,16,B01,CH3,C04821,CMP000,0,2,39.4
O003262,2026-01-28,12,B01,CH1,C00506,CMP000,4,11,100.3
O003263,2026-01-28,19,B01,CH1,C04958,CMP000,2,9,76.0
O003264,2026-01-29,20,B01,CH3,C00000,CMP000,0,8,77.9
O003265,2026-01-29,13,B01,CH1,C00000,CMP007,2,7,40.99
O003266,2026-01-29,21,B01,CH1,C00000,CMP007,4,15,107.95
O003267,2026-01-29,13,B01,CH1,C00000,CMP007,2,7,39.54
O003268,2026-01-29,13,B01,CH1,C03718,CMP000,5,13,124.65
O003269,2026-01-30,13,B01,CH1,C01297,CMP000,2,8,62.95
O003270,2026-01-30,21,B01,CH2,C00000,CMP000,0,1,25.0
O003271,2026-01-30,22,B01,CH1,C00000,CMP007,2,6,73.81
O003272,2026-01-30,21,B01,CH1,C04958,CMP000,2,5,54.85
O003273,2026-01-30,22,B01,CH1,C00000,CMP000,2,7,59.2
O003274,2026-01-30,18,B01,CH2,C00193,CMP000,0,2,17.8
O003275,2026-01-31,20,B01,CH4,C00000,CMP000,0,5,73.55
O003276,2026-01-31,12,B01,CH1,C00000,CMP000,4,12,121.5
O003277,2026-01-31,18,B01,CH4,C00000,CMP000,0,8,77.95
O003278,2026-01-31,22,B01,CH1,C00000,CMP007,1,3,20.31
O003279,2026-01-31,19,B01,CH4,C04958,CMP000,0,2,24.05
O003280,2026-01-31,18,B01,CH4,C00463,CMP000,0,5,55.5
O003281,2026-01-31,13,B01,CH1,C04334,CMP007,1,4,25.08
O003282,2026-01-31,15,B01,CH1,C00000,CMP000,2,9,114.7
O003283,2026-02-01,21,B01,CH2,C00000,CMP000,0,2,19.5
O003284,2026-02-01,21,B01,CH1,C00000,CMP000,2,4,70.5
O003285,2026-02-01,12,B01,CH1,C00000,CMP000,2,5,53.0
O003286,2026-02-01,22,B01,CH1,C03278,CMP000,3,9,76.2
O003287,2026-02-01,19,B01,CH1,C00000,CMP000,2,7,59.3
O003288,2026-02-02,20,B01,CH1,C00000,CMP000,4,17,174.8
O003289,2026-02-02,21,B01,CH2,C00000,CMP000,0,6,120.2
O003290,2026-02-02,18,B01,CH1,C00820,CMP000,6,18,176.5
O003291,2026-02-02,20,B01,CH1,C00000,CMP000,2,8,65.5
O003292,2026-02-04,14,B01,CH2,C02407,CMP000,0,2,20.5
O003293,2026-02-04,19,B01,CH4,C00000,CMP000,0,7,83.2
O003294,2026-02-04,20,B01,CH1,C00000,CMP000,7,23,232.0
O003295,2026-02-05,13,B01,CH1,C00222,CMP000,1,4,35.5
O003296,2026-02-05,21,B01,CH1,C00000,CMP000,8,30,292.1
O003297,2026-02-05,19,B01,CH1,C00000,CMP000,1,2,25.0
O003298,2026-02-05,19,B01,CH2,C00000,CMP000,0,7,108.9
O003299,2026-02-06,19,B01,CH3,C02054,CMP000,0,3,33.2
O003300,2026-02-06,15,B01,CH1,C00000,CMP000,2,7,70.5
O003301,2026-02-06,22,B01,CH4,C00000,CMP000,0,2,41.5
O003302,2026-02-06,20,B01,CH4,C00000,CMP000,0,3,33.2
O003303,2026-02-06,14,B01,CH1,C01226,CMP000,1,5,39.2
O003304,2026-02-07,18,B01,CH3,C00000,CMP000,0,1,15.5
O003305,2026-02-07,19,B01,CH2,C00000,CMP000,0,2,20.5
O003306,2026-02-07,13,B01,CH1,C00000,CMP000,1,3,26.8
O003307,2026-02-07,22,B01,CH1,C00000,CMP000,2,8,72.0
O003308,2026-02-07,12,B01,CH1,C00000,CMP000,6,15,171.2
O003309,2026-02-07,16,B01,CH1,C00000,CMP000,2,6,65.3
O003310,2026-02-07,13,B01,CH3,C00000,CMP000,0,11,91.9
O003311,2026-02-07,12,B01,CH1,C03306,CMP000,2,6,51.7
O003312,2026-02-07,14,B01,CH1,C00000,CMP000,5,15,152.8
O003313,2026-02-07,13,B01,CH4,C00000,CMP000,0,1,16.0
O003314,2026-02-08,19,B01,CH3,C00000,CMP000,0,3,24.7
O003315,2026-02-08,19,B01,CH4,C00000,CMP000,0,3,22.8
O003316,2026-02-08,13,B01,CH3,C00000,CMP000,0,2,18.2
O003317,2026-02-08,21,B01,CH1,C03877,CMP000,1,3,24.5
O003318,2026-02-09,14,B01,CH1,C00000,CMP000,2,4,46.7
O003319,2026-02-09,19,B01,CH1,C00000,CMP000,6,20,193.3
O003320,2026-02-11,19,B01,CH1,C00000,CMP008,4,14,86.17
O003321,2026-02-11,18,B01,CH1,C00000,CMP000,5,15,171.2
O003322,2026-02-11,17,B01,CH1,C00000,CMP000,4,14,138.2
O003323,2026-02-11,19,B01,CH1,C00000,CMP000,7,20,206.7
O003324,2026-02-11,22,B01,CH3,C02899,CMP000,0,4,39.0
O003325,2026-02-11,13,B01,CH1,C00000,CMP000,2,4,35.9
O003326,2026-02-11,19,B01,CH1,C02263,CMP000,3,12,125.7
O003327,2026-02-11,17,B01,CH1,C00000,CMP000,2,5,51.5
O003328,2026-02-11,17,B01,CH4,C00000,CMP000,0,3,25.2
O003329,2026-02-12,13,B01,CH4,C00000,CMP000,0,5,43.7
O003330,2026-02-12,19,B01,CH1,C00000,CMP000,2,9,107.2
O003331,2026-02-12,12,B01,CH1,C00000,CMP000,4,9,80.7
O003332,2026-02-13,12,B01,CH1,C01343,CMP000,6,17,155.1
O003333,2026-02-13,12,B01,CH1,C02846,CMP000,5,14,182.6
O003334,2026-02-13,17,B01,CH2,C04958,CMP000,0,4,52.0
O003335,2026-02-13,19,B01,CH3,C00000,CMP000,0,3,34.3
O003336,2026-02-13,22,B01,CH1,C02941,CMP000,4,14,163.5
O003337,2026-02-13,16,B01,CH4,C00000,CMP000,0,3,27.8
O003338,2026-02-13,22,B01,CH1,C00000,CMP000,4,17,176.0
O003339,2026-02-14,19,B01,CH3,C00036,CMP000,0,2,21.5
O003340,2026-02-14,19,B01,CH1,C00467,CMP000,2,8,75.2
O003341,2026-02-14,14,B01,CH4,C00000,CMP000,0,4,53.7
O003342,2026-02-14,13,B01,CH1,C00000,CMP000,2,6,68.3
O003343,2026-02-15,20,B01,CH2,C00000,CMP000,0,7,87.0
O003344,2026-02-15,19,B01,CH3,C01542,CMP000,0,3,22.3
O003345,2026-02-15,16,B01,CH3,C00000,CMP000,0,4,44.7
O003346,2026-02-15,21,B01,CH3,C00000,CMP000,0,3,25.5
O003347,2026-02-15,12,B01,CH1,C00000,CMP000,2,6,58.7
O003348,2026-02-15,17,B01,CH1,C00000,CMP000,2,5,56.0
O003349,2026-02-16,16,B01,CH3,C00000,CMP000,0,2,19.5
O003350,2026-02-16,18,B01,CH1,C00000,CMP000,2,5,53.3
O003351,2026-02-18,21,B01,CH1,C00717,CMP000,2,5,49.7
O003352,2026-02-18,19,B01,CH1,C00000,CMP008,4,9,70.0
O003353,2026-02-18,18,B01,CH3,C01542,CMP000,0,3,33.7
O003354,2026-02-18,14,B01,CH1,C04937,CMP000,2,5,69.8
O003355,2026-02-19,18,B01,CH4,C00000,CMP000,0,2,25.2
O003356,2026-02-19,22,B01,CH1,C02846,CMP000,6,19,198.2
O003357,2026-02-19,13,B01,CH1,C00000,CMP000,4,11,124.2
O003358,2026-02-19,20,B01,CH1,C04958,CMP000,2,6,54.3
O003359,2026-02-20,14,B01,CH1,C00000,CMP000,2,7,55.0
O003360,2026-02-20,21,B01,CH1,C01749,CMP000,3,13,134.2
O003361,2026-02-20,18,B01,CH1,C00000,CMP000,4,12,137.7
O003362,2026-02-20,17,B01,CH2,C00000,CMP000,0,2,19.5
O003363,2026-02-20,18,B01,CH1,C03360,CMP000,2,9,109.8
O003364,2026-02-20,22,B01,CH1,C00000,CMP000,3,9,106.8
O003365,2026-02-20,18,B01,CH2,C00361,CMP000,0,3,42.5
O003366,2026-02-21,18,B01,CH4,C02263,CMP000,0,1,16.5
O003367,2026-02-21,17,B01,CH4,C00000,CMP000,0,3,21.7
O003368,2026-02-21,15,B01,CH1,C00000,CMP000,2,8,94.7
O003369,2026-02-21,21,B01,CH4,C00000,CMP000,0,5,48.7
O003370,2026-02-21,21,B01,CH2,C00000,CMP000,0,2,20.3
O003371,2026-02-22,19,B01,CH3,C04958,CMP000,0,7,69.5
O003372,2026-02-22,16,B01,CH1,C01156,CMP000,1,2,18.7
O003373,2026-02-22,16,B01,CH1,C04075,CMP000,6,18,212.5
O003374,2026-02-22,20,B01,CH4,C00000,CMP000,0,2,20.3
O003375,2026-02-22,21,B01,CH1,C00000,CMP000,2,6,58.8
O003376,2026-02-23,18,B01,CH3,C00000,CMP000,0,6,76.5
O003377,2026-02-23,17,B01,CH4,C00000,CMP000,0,3,24.2
O003378,2026-02-23,18,B01,CH2,C00000,CMP000,0,2,19.2
O003379,2026-02-25,12,B01,CH1,C00000,CMP008,1,4,25.9
O003380,2026-02-25,18,B01,CH1,C00000,CMP000,2,4,88.0
O003381,2026-02-25,14,B01,CH1,C00000,CMP000,2,5,57.9
O003382,2026-02-26,19,B01,CH1,C00000,CMP000,2,7,72.0
O003383,2026-02-27,18,B01,CH1,C00000,CMP000,1,2,56.0
O003384,2026-02-27,20,B01,CH1,C00000,CMP000,2,7,65.0
O003385,2026-02-27,15,B01,CH2,C00000,CMP000,0,1,19.5
O003386,2026-02-27,19,B01,CH1,C03708,CMP000,2,10,78.2
O003387,2026-02-27,14,B01,CH1,C00000,CMP000,2,5,42.3
O003388,2026-02-27,15,B01,CH1,C00000,CMP000,2,8,84.5
O003389,2026-02-27,20,B01,CH2,C00000,CMP000,0,3,35.3
O003390,2026-02-27,14,B01,CH4,C00000,CMP000,0,3,37.5
O003391,2026-02-28,18,B01,CH4,C00000,CMP000,0,3,39.7
O003392,2026-02-28,12,B01,CH3,C00000,CMP000,0,9,78.2
O003393,2026-02-28,21,B01,CH1,C00000,CMP000,2,7,69.5
O003394,2026-02-28,12,B01,CH1,C03391,CMP000,1,5,39.5
O003395,2026-02-28,22,B01,CH1,C00000,CMP000,2,6,59.0
O003396,2026-02-28,12,B01,CH3,C00000,CMP000,0,6,52.7
O003397,2026-03-01,15,B01,CH4,C00000,CMP000,0,3,33.5
O003398,2026-03-01,18,B01,CH4,C00000,CMP000,0,2,18.7
O003399,2026-03-01,12,B01,CH1,C00000,CMP000,7,18,183.5
O003400,2026-03-01,13,B01,CH1,C01554,CMP000,4,11,120.9
O003401,2026-03-01,18,B01,CH1,C03677,CMP000,2,6,64.0
O003402,2026-03-01,20,B01,CH1,C00000,CMP000,2,7,82.1
O003403,2026-03-01,19,B01,CH3,C00000,CMP000,0,7,54.5
O003404,2026-03-01,12,B01,CH1,C00000,CMP000,3,11,105.5
O003405,2026-03-02,20,B01,CH3,C00000,CMP000,0,4,37.5
O003406,2026-03-02,19,B01,CH1,C04958,CMP000,1,3,31.7
O003407,2026-03-02,20,B01,CH1,C00000,CMP000,7,22,200.8
O003408,2026-03-04,21,B01,CH1,C00000,CMP008,2,6,39.06
O003409,2026-03-04,21,B01,CH1,C02262,CMP000,4,9,95.3
O003410,2026-03-04,20,B01,CH3,C00000,CMP000,0,4,70.0
O003411,2026-03-04,16,B01,CH1,C00000,CMP000,5,21,185.8
O003412,2026-03-04,21,B01,CH1,C00000,CMP000,4,11,103.9
O003413,2026-03-04,22,B01,CH1,C02421,CMP000,4,16,162.8
O003414,2026-03-05,18,B01,CH1,C00000,CMP000,2,5,78.0
O003415,2026-03-06,20,B01,CH2,C00000,CMP000,0,8,93.4
O003416,2026-03-06,13,B01,CH1,C00000,CMP000,1,5,41.3
O003417,2026-03-06,13,B01,CH1,C02919,CMP000,4,14,110.6
O003418,2026-03-06,21,B01,CH1,C00000,CMP000,2,7,61.0
O003419,2026-03-06,19,B01,CH2,C02017,CMP000,0,2,19.5
O003420,2026-03-06,20,B01,CH1,C00000,CMP000,2,7,61.1
O003421,2026-03-06,17,B01,CH2,C02209,CMP000,0,4,53.5
O003422,2026-03-06,18,B01,CH1,C00000,CMP000,1,5,41.0
O003423,2026-03-06,13,B01,CH1,C00000,CMP000,3,11,99.6
O003424,2026-03-07,19,B01,CH1,C00000,CMP000,2,6,53.6
O003425,2026-03-07,18,B01,CH1,C00000,CMP000,2,8,76.5
O003426,2026-03-07,19,B01,CH1,C02919,CMP000,2,7,63.3
O003427,2026-03-07,12,B01,CH4,C00000,CMP000,0,4,37.2
O003428,2026-03-07,16,B01,CH1,C00000,CMP000,2,6,69.0
O003429,2026-03-07,12,B01,CH1,C00000,CMP000,2,6,57.0
O003430,2026-03-07,15,B01,CH1,C00000,CMP000,4,15,146.5
O003431,2026-03-07,16,B01,CH1,C00000,CMP000,1,3,34.0
O003432,2026-03-07,19,B01,CH1,C00000,CMP000,4,12,125.8
O003433,2026-03-07,19,B01,CH1,C00000,CMP000,1,2,19.5
O003434,2026-03-07,15,B01,CH1,C00000,CMP000,2,4,53.8
O003435,2026-03-08,15,B01,CH1,C00000,CMP000,2,6,75.9
O003436,2026-03-08,20,B01,CH3,C02404,CMP000,0,1,13.0
O003437,2026-03-08,14,B01,CH1,C03718,CMP000,1,3,24.5
O003438,2026-03-08,13,B01,CH2,C00000,CMP000,0,2,19.0
O003439,2026-03-08,19,B01,CH2,C00000,CMP000,0,2,22.0
O003440,2026-03-08,20,B01,CH1,C00000,CMP000,2,5,46.2
O003441,2026-03-08,18,B01,CH1,C00000,CMP000,3,7,78.0
O003442,2026-03-08,20,B01,CH1,C03061,CMP000,5,22,192.1
O003443,2026-03-09,16,B01,CH1,C00000,CMP000,4,10,111.3
O003444,2026-03-09,13,B01,CH1,C00000,CMP000,4,13,119.6
O003445,2026-03-11,19,B01,CH2,C00000,CMP000,0,4,41.2
O003446,2026-03-11,19,B01,CH1,C00000,CMP008,4,17,109.2
O003447,2026-03-11,16,B01,CH2,C00000,CMP000,0,8,69.4
O003448,2026-03-11,17,B01,CH1,C03165,CMP000,2,6,87.0
O003449,2026-03-11,20,B01,CH1,C00000,CMP000,4,13,184.5
O003450,2026-03-11,20,B01,CH4,C00000,CMP000,0,3,34.2
O003451,2026-03-12,14,B01,CH4,C00000,CMP000,0,3,22.3
O003452,2026-03-12,17,B01,CH3,C00000,CMP000,0,3,21.3
O003453,2026-03-12,20,B01,CH1,C00673,CMP000,2,5,59.0
O003454,2026-03-12,22,B01,CH1,C00000,CMP000,4,14,124.5
O003455,2026-03-13,19,B01,CH1,C00000,CMP000,2,7,59.0
O003456,2026-03-13,13,B01,CH1,C00000,CMP000,2,5,48.2
O003457,2026-03-13,12,B01,CH1,C02263,CMP000,3,8,103.5
O003458,2026-03-13,20,B01,CH1,C00000,CMP000,4,11,109.2
O003459,2026-03-13,13,B01,CH1,C03831,CMP000,2,6,61.0
O003460,2026-03-14,21,B01,CH1,C02936,CMP000,3,10,95.0
O003461,2026-03-14,19,B01,CH3,C01740,CMP000,0,1,17.5
O003462,2026-03-14,21,B01,CH2,C00000,CMP000,0,2,25.8
O003463,2026-03-14,20,B01,CH1,C00000,CMP000,2,6,78.8
O003464,2026-03-14,22,B01,CH4,C00000,CMP000,0,5,48.9
O003465,2026-03-14,20,B01,CH3,C00000,CMP000,0,3,27.0
O003466,2026-03-14,20,B01,CH4,C00000,CMP000,0,4,41.2
O003467,2026-03-15,15,B01,CH2,C00000,CMP000,0,4,43.3
O003468,2026-03-15,21,B01,CH1,C04428,CMP000,2,4,63.8
O003469,2026-03-15,18,B01,CH4,C00000,CMP000,0,2,22.0
O003470,2026-03-15,18,B01,CH2,C00000,CMP000,0,6,57.0
O003471,2026-03-16,13,B01,CH1,C00000,CMP000,3,9,115.5
O003472,2026-03-16,19,B01,CH1,C00000,CMP000,4,12,108.0
O003473,2026-03-18,12,B01,CH1,C00000,CMP000,2,7,59.7
O003474,2026-03-18,20,B01,CH1,C00068,CMP000,4,11,149.7
O003475,2026-03-18,18,B01,CH4,C00000,CMP000,0,3,25.3
O003476,2026-03-19,14,B01,CH1,C00000,CMP000,5,17,137.7
O003477,2026-03-19,18,B01,CH4,C00000,CMP000,0,11,98.3
O003478,2026-03-19,16,B01,CH1,C04315,CMP000,2,6,54.6
O003479,2026-03-19,22,B01,CH1,C04958,CMP000,2,7,64.8
O003480,2026-03-19,19,B01,CH1,C00000,CMP000,3,11,122.3
O003481,2026-03-20,22,B01,CH1,C00000,CMP000,4,13,122.3
O003482,2026-03-20,14,B01,CH3,C00000,CMP000,0,1,15.5
O003483,2026-03-20,21,B01,CH1,C00000,CMP000,4,15,131.6
O003484,2026-03-20,17,B01,CH1,C00000,CMP000,1,3,28.5
O003485,2026-03-20,18,B01,CH3,C03306,CMP000,0,1,21.0
O003486,2026-03-20,19,B01,CH1,C02047,CMP000,3,12,129.3
O003487,2026-03-20,19,B01,CH1,C00000,CMP000,2,6,61.5
O003488,2026-03-21,19,B01,CH1,C00000,CMP000,2,9,75.6
O003489,2026-03-21,12,B01,CH1,C00000,CMP000,3,8,96.3
O003490,2026-03-21,22,B01,CH4,C00000,CMP000,0,5,50.2
O003491,2026-03-21,21,B01,CH1,C03826,CMP000,1,4,32.9
O003492,2026-03-22,13,B01,CH3,C01740,CMP000,0,5,50.0
O003493,2026-03-22,14,B01,CH1,C01228,CMP000,4,10,88.8
O003494,2026-03-23,13,B01,CH1,C04262,CMP000,2,4,40.7
O003495,2026-03-23,22,B01,CH1,C00000,CMP000,4,11,116.2
O003496,2026-03-23,20,B01,CH3,C00000,CMP000,0,5,53.7
O003497,2026-03-23,21,B01,CH3,C00000,CMP000,0,4,32.3
O003498,2026-03-25,22,B01,CH3,C00000,CMP000,0,2,18.2
O003499,2026-03-25,21,B01,CH3,C02924,CMP000,0,3,27.5
O003500,2026-03-26,13,B01,CH1,C00000,CMP000,4,8,77.9
O003501,2026-03-26,16,B01,CH1,C04958,CMP000,2,8,98.3
O003502,2026-03-26,21,B01,CH1,C02230,CMP000,2,6,71.2
O003503,2026-03-27,20,B01,CH1,C00000,CMP000,7,21,197.0
O003504,2026-03-27,20,B01,CH1,C00000,CMP000,8,24,273.0
O003505,2026-03-27,14,B01,CH1,C01499,CMP000,2,3,36.5
O003506,2026-03-27,21,B01,CH4,C00000,CMP000,0,4,52.0
O003507,2026-03-27,21,B01,CH1,C00000,CMP000,2,5,48.8
O003508,2026-03-27,22,B01,CH1,C00000,CMP000,2,5,46.0
O003509,2026-03-28,21,B01,CH1,C00000,CMP000,5,14,134.0
O003510,2026-03-28,22,B01,CH4,C00000,CMP000,0,1,16.5
O003511,2026-03-28,19,B01,CH4,C03360,CMP000,0,2,25.5
O003512,2026-03-28,21,B01,CH2,C00299,CMP000,0,1,17.5
O003513,2026-03-28,19,B01,CH4,C00000,CMP000,0,3,46.0
O003514,2026-03-28,13,B01,CH1,C00000,CMP000,2,7,62.3
O003515,2026-03-28,13,B01,CH4,C00000,CMP000,0,6,47.7
O003516,2026-03-29,19,B01,CH4,C00000,CMP000,0,9,107.0
O003517,2026-03-29,20,B01,CH1,C00000,CMP000,8,25,268.3
O003518,2026-03-29,21,B01,CH1,C00000,CMP000,1,2,32.5
O003519,2026-03-29,20,B01,CH3,C00000,CMP000,0,2,22.0
O003520,2026-03-29,13,B01,CH3,C00000,CMP000,0,6,63.2
O003521,2026-03-29,22,B01,CH4,C00000,CMP000,0,6,55.7
O003522,2026-03-29,15,B01,CH1,C00717,CMP000,4,11,109.0
O003523,2026-03-30,14,B01,CH1,C00000,CMP000,4,11,122.5
O003524,2026-03-30,19,B01,CH1,C00000,CMP000,7,23,220.5
O003525,2026-03-30,13,B01,CH2,C00000,CMP000,0,8,72.5
O003526,2026-03-30,22,B01,CH1,C02429,CMP000,2,8,65.8
O003527,2026-03-30,21,B01,CH1,C00000,CMP000,5,15,196.5
O003528,2026-03-30,20,B01,CH4,C00000,CMP000,0,5,44.8
O003529,2026-04-01,22,B01,CH4,C00000,CMP000,0,1,26.0
O003530,2026-04-01,18,B01,CH3,C04204,CMP000,0,2,22.0
O003531,2026-04-02,14,B01,CH4,C00000,CMP000,0,2,23.0
O003532,2026-04-02,20,B01,CH1,C00000,CMP000,4,10,93.1
O003533,2026-04-03,17,B01,CH3,C01064,CMP000,0,6,78.2
O003534,2026-04-03,18,B01,CH2,C00000,CMP000,0,3,32.2
O003535,2026-04-03,18,B01,CH1,C00000,CMP000,4,9,111.2
O003536,2026-04-03,19,B01,CH4,C00000,CMP000,0,3,42.7
O003537,2026-04-03,13,B01,CH1,C00000,CMP000,1,3,21.7
O003538,2026-04-03,21,B01,CH1,C01017,CMP000,2,4,57.0
O003539,2026-04-04,13,B01,CH1,C00000,CMP000,5,13,134.7
O003540,2026-04-04,18,B01,CH3,C00000,CMP000,0,2,19.5
O003541,2026-04-04,13,B01,CH1,C03729,CMP000,1,3,25.7
O003542,2026-04-04,20,B01,CH1,C00076,CMP000,2,5,50.0
O003543,2026-04-04,14,B01,CH1,C00000,CMP000,7,19,209.8
O003544,2026-04-04,19,B01,CH3,C00000,CMP000,0,2,26.0
O003545,2026-04-04,14,B01,CH1,C00000,CMP000,2,6,62.0
O003546,2026-04-05,16,B01,CH4,C00000,CMP000,0,3,25.2
O003547,2026-04-05,14,B01,CH1,C00000,CMP000,1,3,28.0
O003548,2026-04-05,13,B01,CH4,C00000,CMP000,0,7,69.7
O003549,2026-04-05,22,B01,CH1,C03271,CMP000,7,22,201.3
O003550,2026-04-05,19,B01,CH1,C00000,CMP000,3,10,90.5
O003551,2026-04-05,18,B01,CH1,C00000,CMP000,2,7,67.0
O003552,2026-04-05,19,B01,CH1,C00000,CMP000,1,3,24.0
O003553,2026-04-05,19,B01,CH3,C00000,CMP000,0,2,20.0
O003554,2026-04-06,21,B01,CH1,C02994,CMP000,4,8,94.5
O003555,2026-04-06,12,B01,CH1,C02464,CMP000,2,6,68.7
O003556,2026-04-08,18,B01,CH2,C00000,CMP000,0,6,54.9
O003557,2026-04-08,22,B01,CH3,C00000,CMP000,0,2,29.2
O003558,2026-04-08,17,B01,CH1,C00000,CMP000,4,14,119.6
O003559,2026-04-08,13,B01,CH1,C00000,CMP000,6,16,170.3
O003560,2026-04-08,20,B01,CH1,C00000,CMP000,1,5,49.6
O003561,2026-04-09,21,B01,CH1,C00000,CMP000,4,11,132.2
O003562,2026-04-09,16,B01,CH3,C00000,CMP000,0,5,55.9
O003563,2026-04-09,22,B01,CH1,C00000,CMP000,2,7,75.2
O003564,2026-04-10,22,B01,CH1,C00000,CMP000,1,3,38.0
O003565,2026-04-10,14,B01,CH1,C00000,CMP000,4,12,118.2
O003566,2026-04-10,20,B01,CH1,C00000,CMP000,3,8,102.7
O003567,2026-04-10,21,B01,CH3,C01749,CMP000,0,2,18.3
O003568,2026-04-10,15,B01,CH1,C00000,CMP000,3,8,76.7
O003569,2026-04-10,14,B01,CH1,C00227,CMP000,6,15,194.6
O003570,2026-04-10,21,B01,CH1,C00000,CMP000,2,7,65.2
O003571,2026-04-11,18,B01,CH3,C00000,CMP000,0,1,19.5
O003572,2026-04-11,19,B01,CH1,C00000,CMP000,3,11,103.0
O003573,2026-04-11,16,B01,CH1,C04958,CMP000,1,3,36.3
O003574,2026-04-11,20,B01,CH1,C00000,CMP000,2,7,70.2
O003575,2026-04-12,19,B01,CH1,C02838,CMP000,3,13,139.0
O003576,2026-04-12,14,B01,CH1,C00000,CMP000,2,6,55.1
O003577,2026-04-12,16,B01,CH1,C00000,CMP000,5,16,157.5
O003578,2026-04-13,18,B01,CH3,C00000,CMP000,0,4,31.5
O003579,2026-04-13,19,B01,CH1,C00000,CMP000,7,26,260.1
O003580,2026-04-13,22,B01,CH1,C00000,CMP000,2,8,65.2
O003581,2026-04-15,20,B01,CH1,C00000,CMP000,2,6,70.5
O003582,2026-04-15,22,B01,CH3,C02846,CMP000,0,3,27.2
O003583,2026-04-16,14,B01,CH1,C00000,CMP000,3,9,94.4
O003584,2026-04-16,14,B01,CH1,C02609,CMP000,4,12,138.0
O003585,2026-04-16,15,B01,CH1,C00000,CMP000,2,6,65.2
O003586,2026-04-17,19,B01,CH2,C00000,CMP000,0,4,58.5
O003587,2026-04-17,15,B01,CH1,C00000,CMP000,2,6,59.3
O003588,2026-04-17,18,B01,CH4,C00000,CMP000,0,2,21.0
O003589,2026-04-17,12,B01,CH1,C02933,CMP000,4,12,111.4
O003590,2026-04-17,19,B01,CH1,C04958,CMP000,4,11,100.9
O003591,2026-04-17,14,B01,CH3,C00000,CMP000,0,6,48.9
O003592,2026-04-17,22,B01,CH3,C00000,CMP000,0,2,18.2
O003593,2026-04-18,19,B01,CH1,C00000,CMP000,3,9,92.5
O003594,2026-04-18,14,B01,CH1,C00000,CMP000,3,9,92.7
O003595,2026-04-18,19,B01,CH3,C00083,CMP000,0,2,17.0
O003596,2026-04-19,20,B01,CH1,C00000,CMP000,4,12,123.9
O003597,2026-04-20,13,B01,CH1,C02263,CMP000,7,20,190.3
O003598,2026-04-20,19,B01,CH2,C00000,CMP000,0,3,39.5
O003599,2026-04-22,22,B01,CH1,C00000,CMP000,2,7,60.0
O003600,2026-04-22,12,B01,CH1,C00000,CMP000,6,20,186.3
O003601,2026-04-22,18,B01,CH3,C00000,CMP000,0,3,21.8
O003602,2026-04-22,21,B01,CH4,C00000,CMP000,0,5,43.7
O003603,2026-04-22,17,B01,CH1,C00200,CMP000,4,13,156.1
O003604,2026-04-23,22,B01,CH1,C00000,CMP000,2,8,68.0
O003605,2026-04-23,17,B01,CH2,C00000,CMP000,0,10,99.5
O003606,2026-04-23,18,B01,CH1,C04958,CMP000,2,5,49.2
O003607,2026-04-23,13,B01,CH3,C00000,CMP000,0,4,46.7
O003608,2026-04-23,18,B01,CH3,C00000,CMP000,0,6,61.7
O003609,2026-04-23,19,B01,CH1,C04958,CMP000,8,23,257.8
O003610,2026-04-23,19,B01,CH1,C00000,CMP000,1,4,29.2
O003611,2026-04-23,20,B01,CH1,C01206,CMP000,1,3,32.2
O003612,2026-04-24,21,B01,CH1,C00000,CMP000,3,8,82.3
O003613,2026-04-24,12,B01,CH1,C00000,CMP000,4,9,83.7
O003614,2026-04-24,19,B01,CH1,C00000,CMP000,4,15,123.7
O003615,2026-04-24,19,B01,CH3,C00000,CMP000,0,6,47.4
O003616,2026-04-24,17,B01,CH3,C00000,CMP000,0,2,21.5
O003617,2026-04-24,13,B01,CH1,C00000,CMP000,6,18,214.4
O003618,2026-04-24,22,B01,CH1,C00000,CMP000,2,9,117.8
O003619,2026-04-24,22,B01,CH1,C00000,CMP000,7,20,213.2
O003620,2026-04-24,13,B01,CH1,C04958,CMP000,4,11,114.8
O003621,2026-04-25,19,B01,CH1,C00000,CMP000,2,6,63.7
O003622,2026-04-25,14,B01,CH1,C00000,CMP000,6,16,168.4
O003623,2026-04-25,15,B01,CH1,C00000,CMP000,4,13,146.1
O003624,2026-04-25,20,B01,CH4,C00000,CMP000,0,2,18.7
O003625,2026-04-25,18,B01,CH1,C03306,CMP000,2,6,100.2
O003626,2026-04-25,21,B01,CH1,C00000,CMP000,2,4,50.2
O003627,2026-04-25,20,B01,CH4,C00309,CMP000,0,2,19.5
O003628,2026-04-25,18,B01,CH4,C00000,CMP000,0,2,16.7
O003629,2026-04-25,13,B01,CH3,C00000,CMP000,0,4,42.7
O003630,2026-04-26,13,B01,CH1,C00000,CMP000,2,5,43.9
O003631,2026-04-26,18,B01,CH3,C00000,CMP000,0,11,102.0
O003632,2026-04-26,20,B01,CH3,C00686,CMP000,0,8,73.2
O003633,2026-04-26,17,B01,CH4,C00000,CMP000,0,5,68.2
O003634,2026-04-26,21,B01,CH2,C00000,CMP000,0,4,49.2
O003635,2026-04-26,19,B01,CH2,C00000,CMP000,0,10,83.7
O003636,2026-04-26,16,B01,CH4,C00000,CMP000,0,6,80.5
O003637,2026-04-26,20,B01,CH1,C00000,CMP000,3,13,112.5
O003638,2026-04-26,12,B01,CH1,C02585,CMP000,2,8,78.0
O003639,2026-04-26,19,B01,CH2,C00000,CMP000,0,6,60.0
O003640,2026-04-27,19,B01,CH4,C00076,CMP000,0,1,21.0
O003641,2026-04-27,13,B01,CH2,C04475,CMP000,0,2,18.3
O003642,2026-04-27,19,B01,CH2,C00000,CMP000,0,3,23.7
O003643,2026-04-27,21,B01,CH1,C00000,CMP000,4,13,132.7
O003644,2026-04-29,21,B01,CH1,C00000,CMP000,4,16,133.4
O003645,2026-04-29,20,B01,CH1,C00000,CMP008,2,5,35.21
O003646,2026-04-29,18,B01,CH4,C00000,CMP000,0,4,40.9
O003647,2026-04-29,20,B01,CH1,C00000,CMP008,4,11,101.01
O003648,2026-04-29,17,B01,CH3,C02930,CMP000,0,7,56.2
O003649,2026-04-29,21,B01,CH4,C00000,CMP000,0,2,22.0
O003650,2026-04-29,12,B01,CH1,C00000,CMP008,5,15,96.67
O003651,2026-04-29,20,B01,CH1,C00000,CMP008,1,2,14.56
O003652,2026-04-30,19,B01,CH3,C00000,CMP000,0,4,43.5
O003653,2026-04-30,13,B01,CH4,C00000,CMP000,0,3,26.7
O003654,2026-04-30,19,B01,CH1,C00000,CMP000,2,6,66.2
O003655,2026-04-30,13,B01,CH1,C04958,CMP000,2,6,51.0
O003656,2026-05-01,22,B01,CH4,C02941,CMP000,0,2,21.5
O003657,2026-05-01,20,B01,CH1,C00000,CMP000,2,7,62.2
O003658,2026-05-01,13,B01,CH1,C00000,CMP000,2,4,48.0
O003659,2026-05-01,12,B01,CH1,C00000,CMP000,2,8,61.4
O003660,2026-05-01,22,B01,CH1,C00000,CMP000,4,11,101.3
O003661,2026-05-01,22,B01,CH1,C03061,CMP000,2,5,51.3
O003662,2026-05-01,19,B01,CH1,C00000,CMP000,2,7,70.5
O003663,2026-05-02,20,B01,CH1,C00000,CMP000,1,2,20.5
O003664,2026-05-02,13,B01,CH1,C00000,CMP000,3,8,66.2
O003665,2026-05-02,19,B01,CH4,C00000,CMP000,0,4,62.0
O003666,2026-05-03,14,B01,CH1,C00000,CMP000,6,16,158.0
O003667,2026-05-03,12,B01,CH1,C00000,CMP000,4,10,91.1
O003668,2026-05-03,13,B01,CH1,C00000,CMP000,2,6,48.0
O003669,2026-05-03,14,B01,CH1,C02263,CMP000,4,12,108.2
O003670,2026-05-03,22,B01,CH1,C00000,CMP000,8,28,277.5
O003671,2026-05-03,19,B01,CH1,C03356,CMP000,3,10,78.5
O003672,2026-05-03,19,B01,CH1,C00000,CMP000,4,12,110.5
O003673,2026-05-03,21,B01,CH1,C00000,CMP000,2,6,61.3
O003674,2026-05-03,19,B01,CH3,C02263,CMP000,0,2,29.2
O003675,2026-05-03,13,B01,CH2,C00000,CMP000,0,5,47.5
O003676,2026-05-04,19,B01,CH3,C00000,CMP000,0,2,22.5
O003677,2026-05-04,14,B01,CH1,C00000,CMP000,3,8,87.2
O003678,2026-05-04,14,B01,CH1,C00000,CMP000,7,20,210.2
O003679,2026-05-06,18,B01,CH3,C00506,CMP000,0,4,41.0
O003680,2026-05-06,15,B01,CH1,C00000,CMP000,6,17,185.2
O003681,2026-05-07,13,B01,CH3,C00000,CMP000,0,3,38.2
O003682,2026-05-07,12,B01,CH1,C00000,CMP000,2,7,75.8
O003683,2026-05-07,18,B01,CH3,C00000,CMP000,0,3,22.2
O003684,2026-05-07,19,B01,CH1,C00000,CMP000,3,7,76.0
O003685,2026-05-08,21,B01,CH1,C00000,CMP000,2,7,67.0
O003686,2026-05-08,22,B01,CH3,C00000,CMP000,0,3,25.0
O003687,2026-05-08,21,B01,CH1,C00000,CMP000,2,8,65.6
O003688,2026-05-08,19,B01,CH1,C00000,CMP000,2,6,51.5
O003689,2026-05-08,15,B01,CH1,C00000,CMP000,1,3,31.8
O003690,2026-05-08,13,B01,CH1,C02994,CMP000,7,19,210.0
O003691,2026-05-08,20,B01,CH1,C00000,CMP000,1,2,31.5
O003692,2026-05-09,12,B01,CH1,C00000,CMP000,2,5,54.2
O003693,2026-05-09,13,B01,CH1,C04122,CMP000,5,13,149.7
O003694,2026-05-09,18,B01,CH3,C00000,CMP000,0,2,21.5
O003695,2026-05-09,21,B01,CH1,C00000,CMP000,4,11,110.5
O003696,2026-05-09,18,B01,CH4,C03346,CMP000,0,4,29.7
O003697,2026-05-09,19,B01,CH4,C00000,CMP000,0,4,29.2
O003698,2026-05-09,22,B01,CH1,C00000,CMP000,2,8,96.1
O003699,2026-05-10,19,B01,CH1,C00000,CMP000,4,13,128.4
O003700,2026-05-10,12,B01,CH1,C00000,CMP000,4,10,116.7
O003701,2026-05-10,20,B01,CH1,C00000,CMP000,3,10,91.0
O003702,2026-05-10,15,B01,CH4,C03600,CMP000,0,12,112.5
O003703,2026-05-10,19,B01,CH1,C00000,CMP000,2,7,62.5
O003704,2026-05-10,19,B01,CH1,C00486,CMP000,5,14,141.8
O003705,2026-05-10,13,B01,CH3,C00000,CMP000,0,4,39.2
O003706,2026-05-10,19,B01,CH2,C00000,CMP000,0,2,22.5
O003707,2026-05-10,18,B01,CH1,C00000,CMP000,2,7,81.5
O003708,2026-05-10,20,B01,CH1,C04958,CMP000,2,6,64.0
O003709,2026-05-10,18,B01,CH1,C00000,CMP000,2,6,69.5
O003710,2026-05-11,17,B01,CH1,C02263,CMP000,2,4,38.3
O003711,2026-05-11,16,B01,CH4,C04262,CMP000,0,2,19.5
O003712,2026-05-13,13,B01,CH1,C00000,CMP000,1,2,24.8
O003713,2026-05-13,22,B01,CH1,C02285,CMP000,2,7,53.4
O003714,2026-05-13,21,B01,CH4,C00000,CMP000,0,7,61.4
O003715,2026-05-14,18,B01,CH1,C02933,CMP000,7,23,251.4
O003716,2026-05-14,20,B01,CH1,C00765,CMP000,4,13,156.0
O003717,2026-05-14,22,B01,CH3,C04488,CMP000,0,9,82.3
O003718,2026-05-14,13,B01,CH3,C00000,CMP000,0,2,28.5
O003719,2026-05-14,20,B01,CH1,C00000,CMP000,3,6,76.0
O003720,2026-05-14,13,B01,CH1,C04958,CMP000,2,5,56.5
O003721,2026-05-15,20,B01,CH1,C00000,CMP000,1,4,33.0
O003722,2026-05-15,19,B01,CH1,C00000,CMP000,4,12,166.8
O003723,2026-05-15,19,B01,CH2,C00000,CMP000,0,3,31.7
O003724,2026-05-15,12,B01,CH1,C03306,CMP000,6,13,142.6
O003725,2026-05-15,21,B01,CH4,C00234,CMP000,0,6,56.3
O003726,2026-05-15,13,B01,CH1,C00000,CMP000,4,11,99.2
O003727,2026-05-15,21,B01,CH4,C00000,CMP000,0,6,71.2
O003728,2026-05-16,19,B01,CH1,C03545,CMP000,5,14,170.5
O003729,2026-05-16,16,B01,CH1,C00000,CMP000,2,6,61.5
O003730,2026-05-16,18,B01,CH1,C00000,CMP000,2,6,55.7
O003731,2026-05-16,13,B01,CH1,C01415,CMP000,2,8,64.9
O003732,2026-05-16,22,B01,CH2,C00915,CMP000,0,8,76.4
O003733,2026-05-16,18,B01,CH1,C01057,CMP000,1,4,42.0
O003734,2026-05-16,16,B01,CH3,C00000,CMP000,0,5,65.0
O003735,2026-05-16,19,B01,CH3,C00000,CMP000,0,6,57.5
O003736,2026-05-17,16,B01,CH1,C02718,CMP000,2,6,52.1
O003737,2026-05-17,16,B01,CH1,C00820,CMP000,2,5,48.1
O003738,2026-05-17,15,B01,CH3,C00000,CMP000,0,5,41.4
O003739,2026-05-17,22,B01,CH1,C00000,CMP000,5,17,164.8
O003740,2026-05-17,12,B01,CH1,C03300,CMP000,3,7,71.7
O003741,2026-05-17,19,B01,CH1,C00000,CMP000,4,12,111.1
O003742,2026-05-18,20,B01,CH2,C04958,CMP000,0,4,55.2
O003743,2026-05-18,21,B01,CH4,C00000,CMP000,0,1,14.5
O003744,2026-05-18,22,B01,CH1,C01211,CMP000,2,4,39.7
O003745,2026-05-18,21,B01,CH4,C02219,CMP000,0,3,50.0
O003746,2026-05-18,14,B01,CH1,C00000,CMP000,8,23,237.8
O003747,2026-05-20,16,B01,CH3,C04894,CMP000,0,4,62.7
O003748,2026-05-20,14,B01,CH2,C00000,CMP000,0,6,77.5
O003749,2026-05-20,20,B01,CH3,C00000,CMP000,0,3,28.2
O003750,2026-05-20,18,B01,CH1,C00000,CMP000,6,20,191.4
O003751,2026-05-20,22,B01,CH1,C03061,CMP000,2,6,59.5
O003752,2026-05-20,19,B01,CH1,C00000,CMP000,2,6,63.5
O003753,2026-05-20,13,B01,CH3,C00000,CMP000,0,6,82.7
O003754,2026-05-21,13,B01,CH1,C00000,CMP000,4,10,97.0
O003755,2026-05-21,22,B01,CH1,C00000,CMP000,3,10,86.5
O003756,2026-05-21,12,B01,CH1,C00000,CMP000,4,10,97.6
O003757,2026-05-21,13,B01,CH2,C00000,CMP000,0,1,17.5
O003758,2026-05-21,18,B01,CH1,C00227,CMP000,8,26,245.6
O003759,2026-05-21,16,B01,CH1,C00000,CMP000,2,7,73.5
O003760,2026-05-21,18,B01,CH1,C00000,CMP000,5,15,191.1
O003761,2026-05-22,20,B01,CH1,C00000,CMP000,1,3,34.3
O003762,2026-05-22,21,B01,CH1,C00000,CMP000,1,2,19.8
O003763,2026-05-22,21,B01,CH1,C00000,CMP000,2,6,52.2
O003764,2026-05-22,17,B01,CH1,C00000,CMP000,4,11,184.9
O003765,2026-05-22,21,B01,CH1,C00000,CMP000,4,15,166.0
O003766,2026-05-22,21,B01,CH1,C01812,CMP000,2,8,68.8
O003767,2026-05-23,17,B01,CH1,C04958,CMP000,6,18,173.2
O003768,2026-05-23,12,B01,CH1,C02835,CMP000,6,18,179.3
O003769,2026-05-23,20,B01,CH1,C03422,CMP000,1,2,20.8
O003770,2026-05-23,22,B01,CH3,C00466,CMP000,0,1,16.5
O003771,2026-05-23,19,B01,CH4,C01064,CMP000,0,1,16.0
O003772,2026-05-23,20,B01,CH2,C03232,CMP000,0,6,69.5
O003773,2026-05-24,20,B01,CH1,C02284,CMP000,2,5,43.5
O003774,2026-05-24,20,B01,CH3,C00000,CMP000,0,8,71.8
O003775,2026-05-24,16,B01,CH1,C00000,CMP000,2,8,74.9
O003776,2026-05-24,17,B01,CH3,C00000,CMP000,0,3,27.3
O003777,2026-05-24,17,B01,CH2,C00000,CMP000,0,6,51.7
O003778,2026-05-24,18,B01,CH2,C00978,CMP000,0,4,60.0
O003779,2026-05-24,13,B01,CH1,C00000,CMP000,6,17,157.4
O003780,2026-05-24,20,B01,CH2,C00000,CMP000,0,4,42.7
O003781,2026-05-24,18,B01,CH1,C00000,CMP000,2,7,64.8
O003782,2026-05-25,19,B01,CH1,C00000,CMP000,4,8,110.0
O003783,2026-05-25,21,B01,CH1,C00000,CMP000,1,4,31.8
O003784,2026-05-25,12,B01,CH1,C00000,CMP000,8,25,254.1
O003785,2026-05-25,20,B01,CH2,C04958,CMP000,0,5,39.2
O003786,2026-05-25,19,B01,CH1,C03297,CMP000,2,6,59.0
O003787,2026-05-25,21,B01,CH4,C00000,CMP000,0,2,24.5
O003788,2026-05-25,19,B01,CH3,C00000,CMP000,0,5,40.9
O003789,2026-05-27,21,B01,CH1,C00000,CMP000,2,6,115.0
O003790,2026-05-27,19,B01,CH1,C00000,CMP000,4,14,132.0
O003791,2026-05-28,21,B01,CH1,C00000,CMP000,4,14,120.0
O003792,2026-05-28,22,B01,CH1,C04958,CMP000,1,3,36.3
O003793,2026-05-28,22,B01,CH2,C03302,CMP000,0,5,44.6
O003794,2026-05-28,22,B01,CH1,C00000,CMP000,6,20,229.3
O003795,2026-05-28,18,B01,CH4,C02569,CMP000,0,4,43.2
O003796,2026-05-28,13,B01,CH1,C02263,CMP000,3,9,76.6
O003797,2026-05-28,14,B01,CH2,C00000,CMP000,0,1,14.5
O003798,2026-05-28,13,B01,CH1,C00000,CMP000,5,12,120.6
O003799,2026-05-28,18,B01,CH1,C00000,CMP000,2,6,51.7
O003800,2026-05-28,19,B01,CH1,C02284,CMP000,1,1,26.0
O003801,2026-05-29,19,B01,CH1,C00000,CMP000,4,14,148.0
O003802,2026-05-29,20,B01,CH1,C00000,CMP000,2,7,61.3
O003803,2026-05-30,22,B01,CH1,C00765,CMP000,1,4,77.3
O003804,2026-05-30,21,B01,CH4,C00000,CMP000,0,6,52.7
O003805,2026-05-30,21,B01,CH1,C00000,CMP000,6,23,219.6
O003806,2026-05-30,15,B01,CH1,C00000,CMP000,7,21,246.7
O003807,2026-05-30,19,B01,CH1,C00000,CMP000,8,25,259.4
O003808,2026-05-30,15,B01,CH1,C00000,CMP000,4,11,111.8
O003809,2026-05-30,13,B01,CH1,C00000,CMP000,1,3,26.2
O003810,2026-05-30,19,B01,CH1,C00000,CMP000,2,6,54.5
O003811,2026-05-30,14,B01,CH1,C04958,CMP000,6,16,162.1
O003812,2026-05-30,19,B01,CH1,C00000,CMP000,1,5,41.7
O003813,2026-05-30,20,B01,CH1,C01064,CMP000,2,7,70.6
O003814,2026-05-31,22,B01,CH1,C00000,CMP000,2,7,66.2
O003815,2026-05-31,18,B01,CH1,C00000,CMP000,2,4,44.0
O003816,2026-06-01,21,B01,CH3,C04768,CMP000,0,7,62.7
O003817,2026-06-01,18,B01,CH3,C00000,CMP000,0,5,46.7
O003818,2026-06-01,13,B01,CH1,C00000,CMP000,4,14,149.6
O003819,2026-06-03,17,B01,CH4,C00000,CMP000,0,5,42.2
O003820,2026-06-03,21,B01,CH1,C00000,CMP000,5,16,170.8
O003821,2026-06-03,20,B01,CH4,C00000,CMP000,0,9,87.9
O003822,2026-06-03,20,B01,CH1,C02263,CMP000,2,7,54.9
O003823,2026-06-03,19,B01,CH1,C00000,CMP000,4,16,143.1
O003824,2026-06-04,16,B01,CH1,C00000,CMP000,4,16,190.6
O003825,2026-06-04,16,B01,CH1,C03646,CMP000,4,15,138.9
O003826,2026-06-04,18,B01,CH1,C00000,CMP000,2,4,41.5
O003827,2026-06-04,20,B01,CH3,C00000,CMP000,0,2,19.0
O003828,2026-06-05,17,B01,CH2,C00227,CMP000,0,2,22.5
O003829,2026-06-05,18,B01,CH3,C00000,CMP000,0,3,26.0
O003830,2026-06-05,12,B01,CH3,C00000,CMP000,0,4,37.2
O003831,2026-06-05,19,B01,CH1,C04269,CMP000,2,6,75.0
O003832,2026-06-05,18,B01,CH1,C00000,CMP000,5,14,122.7
O003833,2026-06-05,18,B01,CH2,C00000,CMP000,0,6,78.2
O003834,2026-06-05,12,B01,CH1,C00000,CMP000,2,5,48.7
O003835,2026-06-05,19,B01,CH1,C00000,CMP000,2,7,59.9
O003836,2026-06-05,19,B01,CH1,C00000,CMP000,2,7,97.7
O003837,2026-06-05,14,B01,CH1,C02064,CMP000,2,7,73.2
O003838,2026-06-05,14,B01,CH1,C02030,CMP000,2,7,59.7
O003839,2026-06-06,16,B01,CH2,C00000,CMP000,0,2,18.3
O003840,2026-06-06,14,B01,CH3,C00000,CMP000,0,8,61.2
O003841,2026-06-06,21,B01,CH1,C00000,CMP000,4,13,127.5
O003842,2026-06-06,21,B01,CH1,C00227,CMP000,4,12,113.0
O003843,2026-06-06,22,B01,CH1,C03306,CMP000,4,15,152.3
O003844,2026-06-06,19,B01,CH4,C00000,CMP000,0,5,36.2
O003845,2026-06-06,22,B01,CH1,C00000,CMP000,2,5,60.8
O003846,2026-06-06,21,B01,CH3,C00000,CMP000,0,3,33.7
O003847,2026-06-06,15,B01,CH2,C00000,CMP000,0,2,24.2
O003848,2026-06-06,20,B01,CH1,C00000,CMP000,2,5,59.5
O003849,2026-06-06,20,B01,CH1,C00000,CMP000,2,7,60.9
O003850,2026-06-06,20,B01,CH1,C00000,CMP000,1,2,18.7
O003851,2026-06-07,12,B01,CH1,C00000,CMP000,4,10,121.5
O003852,2026-06-07,18,B01,CH1,C00000,CMP000,4,9,107.6
O003853,2026-06-07,16,B01,CH2,C00000,CMP000,0,5,48.5
O003854,2026-06-07,20,B01,CH1,C04958,CMP000,4,9,145.3
O003855,2026-06-07,21,B01,CH1,C00000,CMP000,5,15,195.2
O003856,2026-06-07,17,B01,CH1,C00000,CMP000,3,6,67.7
O003857,2026-06-07,15,B01,CH1,C04958,CMP000,2,9,73.0
O003858,2026-06-07,20,B01,CH1,C00000,CMP000,2,4,43.5
O003859,2026-06-07,14,B01,CH1,C00918,CMP000,6,19,213.3
O003860,2026-06-08,20,B01,CH4,C00000,CMP000,0,6,47.7
O003861,2026-06-08,14,B01,CH1,C00000,CMP000,4,12,108.5
O003862,2026-06-08,20,B01,CH3,C00000,CMP000,0,3,27.5
O003863,2026-06-10,14,B01,CH1,C00000,CMP000,4,10,111.2
O003864,2026-06-10,21,B01,CH1,C01939,CMP000,3,10,119.0
O003865,2026-06-11,15,B01,CH1,C00082,CMP000,2,6,55.3
O003866,2026-06-11,18,B01,CH1,C00000,CMP000,2,7,56.7
O003867,2026-06-11,20,B01,CH1,C03861,CMP000,2,3,47.3
O003868,2026-06-11,21,B01,CH1,C02263,CMP000,2,6,54.1
O003869,2026-06-11,12,B01,CH3,C00000,CMP000,0,2,20.5
O003870,2026-06-11,21,B01,CH1,C00000,CMP000,3,9,92.8
O003871,2026-06-12,19,B01,CH1,C00000,CMP000,4,12,129.1
O003872,2026-06-12,21,B01,CH1,C00000,CMP000,2,6,60.0
O003873,2026-06-12,19,B01,CH1,C03838,CMP000,4,13,117.8
O003874,2026-06-13,22,B01,CH1,C00000,CMP000,4,12,115.1
O003875,2026-06-13,12,B01,CH4,C00000,CMP000,0,4,43.0
O003876,2026-06-13,20,B01,CH1,C00000,CMP000,4,12,106.0
O003877,2026-06-13,21,B01,CH1,C04958,CMP000,5,17,208.6
O003878,2026-06-13,22,B01,CH1,C00000,CMP000,4,8,93.8
O003879,2026-06-13,18,B01,CH4,C00000,CMP000,0,1,21.0
O003880,2026-06-13,19,B01,CH1,C00000,CMP000,2,4,41.8
O003881,2026-06-14,13,B01,CH1,C00000,CMP000,2,6,59.0
O003882,2026-06-14,20,B01,CH1,C00000,CMP000,1,3,38.5
O003883,2026-06-14,13,B01,CH1,C00820,CMP000,1,4,33.3
O003884,2026-06-14,22,B01,CH4,C00000,CMP000,0,5,49.5
O003885,2026-06-14,20,B01,CH4,C03306,CMP000,0,4,39.5
O003886,2026-06-14,21,B01,CH1,C00000,CMP000,5,12,118.8
O003887,2026-06-14,19,B01,CH4,C00000,CMP000,0,7,69.9
O003888,2026-06-14,13,B01,CH4,C00000,CMP000,0,4,58.5
O003889,2026-06-14,18,B01,CH1,C00695,CMP000,2,6,88.5
O003890,2026-06-14,19,B01,CH4,C00000,CMP000,0,4,54.2
O003891,2026-06-15,13,B01,CH3,C00000,CMP000,0,4,44.0
O003892,2026-06-15,12,B01,CH1,C00000,CMP000,2,6,59.8
O003893,2026-06-15,16,B01,CH1,C03271,CMP000,2,9,113.8
O003894,2026-06-15,22,B01,CH1,C00000,CMP000,3,10,103.3
O003895,2026-06-15,21,B01,CH1,C00000,CMP000,2,8,78.5
O003896,2026-06-15,21,B01,CH1,C00000,CMP000,1,2,22.5
O003897,2026-06-15,12,B01,CH1,C00000,CMP000,6,15,165.0
O003898,2026-06-17,22,B01,CH1,C00000,CMP000,4,18,177.4
O003899,2026-06-17,14,B01,CH1,C00227,CMP000,3,8,84.2
O003900,2026-06-17,12,B01,CH1,C00000,CMP000,2,5,69.8
O003901,2026-06-17,17,B01,CH1,C00000,CMP000,4,12,156.3
O003902,2026-06-17,19,B01,CH4,C00000,CMP000,0,4,54.2
O003903,2026-06-17,14,B01,CH1,C00000,CMP000,2,7,55.2
O003904,2026-06-17,17,B01,CH1,C00000,CMP000,2,9,98.6
O003905,2026-06-17,19,B01,CH2,C00000,CMP000,0,4,39.3
O003906,2026-06-17,20,B01,CH1,C00000,CMP000,4,11,113.6
O003907,2026-06-17,18,B01,CH3,C00000,CMP000,0,1,21.0
O003908,2026-06-18,22,B01,CH1,C02941,CMP000,6,18,190.2
O003909,2026-06-18,21,B01,CH1,C00000,CMP000,2,6,67.5
O003910,2026-06-18,13,B01,CH4,C00000,CMP000,0,3,32.5
O003911,2026-06-18,19,B01,CH1,C00000,CMP000,4,15,171.5
O003912,2026-06-18,18,B01,CH3,C00000,CMP000,0,1,16.5
O003913,2026-06-18,16,B01,CH3,C00000,CMP000,0,1,30.0
O003914,2026-06-19,21,B01,CH1,C02263,CMP000,4,13,137.5
O003915,2026-06-19,22,B01,CH4,C04443,CMP000,0,2,19.0
O003916,2026-06-19,14,B01,CH1,C00000,CMP000,4,9,94.3
O003917,2026-06-19,15,B01,CH2,C00000,CMP000,0,9,79.0
O003918,2026-06-19,22,B01,CH1,C00000,CMP000,2,7,61.3
O003919,2026-06-19,19,B01,CH4,C00000,CMP000,0,5,41.4
O003920,2026-06-20,19,B01,CH1,C00000,CMP000,1,4,43.8
O003921,2026-06-20,18,B01,CH1,C00000,CMP000,2,5,94.0
O003922,2026-06-20,14,B01,CH1,C00000,CMP000,2,5,49.2
O003923,2026-06-20,20,B01,CH2,C00000,CMP000,0,2,38.0
O003924,2026-06-20,18,B01,CH4,C00000,CMP000,0,3,22.7
O003925,2026-06-20,17,B01,CH2,C00000,CMP000,0,5,44.5
O003926,2026-06-21,12,B01,CH1,C00820,CMP000,6,15,152.5
O003927,2026-06-21,22,B01,CH1,C00000,CMP000,4,12,146.0
O003928,2026-06-21,18,B01,CH4,C00000,CMP000,0,2,16.7
O003929,2026-06-21,18,B01,CH1,C00000,CMP000,2,6,80.3
O003930,2026-06-21,17,B01,CH1,C00000,CMP000,1,3,23.8
O003931,2026-06-21,20,B01,CH1,C00000,CMP000,4,15,138.7
O003932,2026-06-21,13,B01,CH1,C00000,CMP000,2,6,56.5
O003933,2026-06-21,13,B01,CH1,C01740,CMP000,2,4,54.0
O003934,2026-06-22,21,B01,CH1,C00000,CMP000,1,4,29.2
O003935,2026-06-22,18,B01,CH1,C02846,CMP000,2,5,53.8
O003936,2026-06-22,16,B01,CH1,C00000,CMP000,2,8,63.3
O003937,2026-06-24,19,B01,CH1,C02817,CMP000,8,27,280.9
O003938,2026-06-24,20,B01,CH2,C00000,CMP000,0,5,47.8
O003939,2026-06-24,12,B01,CH2,C00000,CMP000,0,1,21.0
O003940,2026-06-24,21,B01,CH1,C00000,CMP000,6,21,209.3
O003941,2026-06-25,14,B01,CH1,C04958,CMP000,2,6,68.8
O003942,2026-06-25,20,B01,CH1,C00093,CMP000,2,4,41.0
O003943,2026-06-25,17,B01,CH2,C01342,CMP000,0,7,82.7
O003944,2026-06-25,22,B01,CH4,C00000,CMP000,0,2,19.5
O003945,2026-06-25,14,B01,CH1,C00000,CMP000,1,3,20.7
O003946,2026-06-25,14,B01,CH1,C00522,CMP000,4,12,128.8
O003947,2026-06-25,20,B01,CH3,C00000,CMP000,0,4,28.3
O003948,2026-06-26,21,B01,CH2,C00361,CMP000,0,9,105.9
O003949,2026-06-26,17,B01,CH1,C00000,CMP000,4,11,103.7
O003950,2026-06-26,18,B01,CH1,C00910,CMP000,2,8,81.5
O003951,2026-06-26,20,B01,CH4,C04269,CMP000,0,3,26.2
O003952,2026-06-26,20,B01,CH1,C03718,CMP000,2,6,63.4
O003953,2026-06-27,18,B01,CH1,C00820,CMP000,2,5,57.3
O003954,2026-06-27,19,B01,CH3,C00000,CMP000,0,7,72.2
O003955,2026-06-27,14,B01,CH1,C00000,CMP000,2,4,35.8
O003956,2026-06-27,18,B01,CH1,C00000,CMP000,3,10,100.6
O003957,2026-06-27,21,B01,CH1,C00000,CMP000,5,14,129.5
O003958,2026-06-27,21,B01,CH1,C02817,CMP000,1,5,39.8
O003959,2026-06-27,20,B01,CH3,C00000,CMP000,0,6,67.5
O003960,2026-06-27,18,B01,CH1,C00000,CMP000,2,7,59.0
O003961,2026-06-27,19,B01,CH1,C00000,CMP000,1,3,39.7
O003962,2026-06-27,17,B01,CH1,C03023,CMP000,1,3,33.2
O003963,2026-06-27,14,B01,CH1,C00000,CMP000,1,3,22.8
O003964,2026-06-28,18,B01,CH3,C00000,CMP000,0,2,20.5
O003965,2026-06-28,22,B01,CH2,C00000,CMP000,0,6,54.4
O003966,2026-06-28,20,B01,CH3,C02290,CMP000,0,5,44.7
O003967,2026-06-28,20,B01,CH1,C00000,CMP000,2,6,64.0
O003968,2026-06-28,17,B01,CH1,C00000,CMP000,2,6,61.5
O003969,2026-06-28,19,B01,CH2,C00000,CMP000,0,2,18.7
O003970,2026-06-28,12,B01,CH1,C02846,CMP000,2,5,62.5
O003971,2026-06-28,21,B01,CH1,C00000,CMP000,3,12,105.4
O003972,2026-06-29,12,B01,CH1,C00000,CMP000,1,3,51.5
O003973,2026-06-29,20,B01,CH1,C00000,CMP000,2,6,59.5
O003974,2026-06-29,14,B01,CH4,C01554,CMP000,0,2,21.0
O003975,2026-06-29,18,B01,CH2,C00000,CMP000,0,3,22.7
O003976,2026-07-01,19,B01,CH1,C04958,CMP000,4,12,127.3
O003977,2026-07-01,13,B01,CH1,C01064,CMP000,2,6,59.7
O003978,2026-07-03,12,B01,CH1,C03360,CMP000,2,4,46.0
O003979,2026-07-03,20,B01,CH3,C00000,CMP000,0,7,75.7
O003980,2026-07-03,20,B01,CH1,C00000,CMP000,2,6,50.2
O003981,2026-07-03,17,B01,CH2,C00000,CMP000,0,2,25.0
O003982,2026-07-03,12,B01,CH3,C00000,CMP000,0,5,43.7
O003983,2026-07-03,21,B01,CH3,C00000,CMP000,0,4,27.2
O003984,2026-07-03,13,B01,CH1,C00000,CMP000,8,21,227.8
O003985,2026-07-04,12,B01,CH1,C02428,CMP000,2,6,60.2
O003986,2026-07-04,12,B01,CH1,C00000,CMP000,4,10,141.6
O003987,2026-07-04,15,B01,CH4,C00000,CMP000,0,6,49.2
O003988,2026-07-04,17,B01,CH1,C00000,CMP000,2,7,67.0
O003989,2026-07-04,18,B01,CH4,C04362,CMP000,0,3,23.3
O003990,2026-07-04,13,B01,CH1,C00000,CMP000,2,7,67.0
O003991,2026-07-04,18,B01,CH1,C00000,CMP000,3,9,129.2
O003992,2026-07-04,18,B01,CH1,C04947,CMP000,4,11,115.4
O003993,2026-07-04,17,B01,CH1,C00000,CMP000,5,15,153.8
O003994,2026-07-05,19,B01,CH1,C00000,CMP000,2,8,70.8
O003995,2026-07-05,21,B01,CH3,C00000,CMP000,0,4,71.7
O003996,2026-07-05,18,B01,CH1,C00651,CMP000,1,3,25.8
O003997,2026-07-05,21,B01,CH1,C01790,CMP000,4,8,88.5
O003998,2026-07-05,21,B01,CH1,C00000,CMP000,4,10,138.0
O003999,2026-07-05,19,B01,CH4,C00000,CMP000,0,3,29.7
O004000,2026-07-05,16,B01,CH3,C00000,CMP000,0,7,73.4
O004001,2026-07-08,14,B01,CH1,C04958,CMP000,3,8,79.0
O004002,2026-07-08,16,B01,CH1,C01939,CMP000,3,6,64.6
O004003,2026-07-08,22,B01,CH1,C03271,CMP000,2,6,56.5
O004004,2026-07-08,19,B01,CH1,C00000,CMP000,3,9,98.5
O004005,2026-07-08,19,B01,CH1,C03549,CMP000,3,8,87.3
O004006,2026-07-09,17,B01,CH3,C00000,CMP000,0,1,16.5
O004007,2026-07-10,21,B01,CH1,C00000,CMP000,3,10,103.5
O004008,2026-07-10,19,B01,CH4,C00000,CMP000,0,1,16.5
O004009,2026-07-10,22,B01,CH1,C00000,CMP000,1,3,27.3
O004010,2026-07-10,13,B01,CH1,C00000,CMP000,3,7,74.8
O004011,2026-07-10,16,B01,CH3,C00000,CMP000,0,4,49.3
O004012,2026-07-10,19,B01,CH2,C00000,CMP000,0,2,17.3
O004013,2026-07-10,19,B01,CH1,C04202,CMP000,3,7,65.5
O004014,2026-07-10,15,B01,CH4,C00000,CMP000,0,7,65.9
O004015,2026-07-11,17,B01,CH3,C00000,CMP000,0,1,19.5
O004016,2026-07-11,13,B01,CH3,C00000,CMP000,0,2,24.0
O004017,2026-07-11,22,B01,CH4,C00000,CMP000,0,4,34.8
O004018,2026-07-11,12,B01,CH1,C00000,CMP000,1,4,30.7
O004019,2026-07-11,19,B01,CH1,C00000,CMP000,4,15,133.0
O004020,2026-07-11,18,B01,CH4,C00000,CMP000,0,9,141.1
O004021,2026-07-11,18,B01,CH1,C03863,CMP000,4,13,134.8
O004022,2026-07-11,21,B01,CH1,C02263,CMP000,5,19,172.3
O004023,2026-07-11,14,B01,CH4,C00000,CMP000,0,6,46.7
O004024,2026-07-11,19,B01,CH1,C01198,CMP000,1,5,38.2
O004025,2026-07-12,12,B01,CH4,C00000,CMP000,0,2,18.2
O004026,2026-07-12,19,B01,CH1,C03993,CMP000,4,13,118.5
O004027,2026-07-12,18,B01,CH2,C00000,CMP000,0,5,61.5
O004028,2026-07-12,22,B01,CH1,C01654,CMP000,6,21,197.8
O004029,2026-07-12,19,B01,CH1,C00000,CMP000,2,4,58.0
O004030,2026-07-13,12,B01,CH1,C00000,CMP000,3,9,74.4
O004031,2026-07-13,20,B01,CH1,C00000,CMP000,1,6,71.5
O004032,2026-07-15,21,B01,CH3,C00000,CMP000,0,3,47.5
O004033,2026-07-15,21,B01,CH3,C00000,CMP000,0,2,31.0
O004034,2026-07-16,20,B01,CH2,C00000,CMP000,0,3,38.5
O004035,2026-07-16,14,B01,CH1,C00000,CMP000,7,18,267.0
O004036,2026-07-16,21,B01,CH1,C00299,CMP000,4,13,107.9
O004037,2026-07-16,22,B01,CH4,C00000,CMP000,0,2,23.5
O004038,2026-07-16,20,B01,CH1,C00000,CMP000,2,6,53.7
O004039,2026-07-16,20,B01,CH1,C00000,CMP000,2,6,130.0
O004040,2026-07-16,19,B01,CH4,C00000,CMP000,0,1,17.5
O004041,2026-07-16,19,B01,CH4,C00000,CMP000,0,3,24.2
O004042,2026-07-17,13,B01,CH1,C00000,CMP000,4,9,123.4
O004043,2026-07-17,14,B01,CH3,C00000,CMP000,0,4,55.5
O004044,2026-07-17,18,B01,CH2,C00000,CMP000,0,2,16.2
O004045,2026-07-17,15,B01,CH3,C00000,CMP000,0,1,22.0
O004046,2026-07-17,17,B01,CH1,C00000,CMP000,1,3,35.3
O004047,2026-07-17,20,B01,CH3,C00000,CMP000,0,1,14.5
O004048,2026-07-17,18,B01,CH4,C00820,CMP000,0,4,46.5
O004049,2026-07-17,17,B01,CH2,C00000,CMP000,0,6,63.4
O004050,2026-07-17,17,B01,CH1,C01757,CMP000,2,7,61.7
O004051,2026-07-17,19,B01,CH3,C04958,CMP000,0,3,24.7
O004052,2026-07-17,21,B01,CH2,C00000,CMP000,0,2,35.5
O004053,2026-07-18,14,B01,CH1,C00000,CMP000,3,9,78.2
O004054,2026-07-18,20,B01,CH1,C00000,CMP000,4,15,183.3
O004055,2026-07-18,19,B01,CH3,C00000,CMP000,0,4,43.2
O004056,2026-07-18,12,B01,CH1,C00000,CMP000,2,6,65.0
O004057,2026-07-18,19,B01,CH1,C03718,CMP000,2,8,77.5
O004058,2026-07-18,20,B01,CH1,C01749,CMP000,1,3,29.5
O004059,2026-07-19,13,B01,CH1,C01064,CMP000,5,12,119.0
O004060,2026-07-19,13,B01,CH4,C00000,CMP000,0,4,33.5
O004061,2026-07-19,20,B01,CH1,C02924,CMP000,2,6,69.3
O004062,2026-07-19,20,B01,CH1,C00000,CMP000,1,2,27.0
O004063,2026-07-19,18,B01,CH1,C00000,CMP000,7,23,244.9
O004064,2026-07-19,17,B01,CH1,C00986,CMP000,4,13,117.5
O004065,2026-07-19,18,B01,CH2,C00000,CMP000,0,2,17.2
O004066,2026-07-20,22,B01,CH1,C00000,CMP000,2,7,61.3
O004067,2026-07-20,19,B01,CH1,C00000,CMP000,8,21,221.6
O004068,2026-07-22,22,B01,CH1,C00000,CMP000,2,6,64.2
O004069,2026-07-22,14,B01,CH1,C00000,CMP000,2,5,64.3
O004070,2026-07-22,21,B01,CH1,C04745,CMP000,1,3,30.8
O004071,2026-07-22,19,B01,CH4,C00000,CMP000,0,3,61.5
O004072,2026-07-23,12,B01,CH3,C00000,CMP000,0,3,41.5
O004073,2026-07-23,19,B01,CH1,C00000,CMP000,8,22,267.4
O004074,2026-07-23,19,B01,CH3,C00000,CMP000,0,4,46.3
O004075,2026-07-23,18,B01,CH2,C00000,CMP000,0,6,61.2
O004076,2026-07-24,16,B01,CH2,C00000,CMP000,0,4,47.9
O004077,2026-07-24,13,B01,CH1,C00000,CMP000,4,9,89.0
O004078,2026-07-24,17,B01,CH3,C00000,CMP000,0,3,42.0
O004079,2026-07-24,18,B01,CH3,C00000,CMP000,0,3,22.7
O004080,2026-07-24,19,B01,CH1,C00000,CMP000,2,6,55.8
O004081,2026-07-24,13,B01,CH1,C00000,CMP000,2,4,36.9
O004082,2026-07-25,17,B01,CH3,C00000,CMP000,0,3,28.5
O004083,2026-07-25,21,B01,CH1,C02263,CMP000,7,18,190.1
O004084,2026-07-25,16,B01,CH3,C00000,CMP000,0,3,21.2
O004085,2026-07-25,22,B01,CH1,C00000,CMP000,2,5,50.5
O004086,2026-07-25,20,B01,CH2,C00000,CMP000,0,10,111.2
O004087,2026-07-25,21,B01,CH1,C00000,CMP000,2,5,50.5
O004088,2026-07-25,18,B01,CH1,C00000,CMP000,5,16,256.7
O004089,2026-07-25,14,B01,CH1,C00000,CMP000,1,2,23.0
O004090,2026-07-25,13,B01,CH1,C00000,CMP000,5,11,158.0
O004091,2026-07-25,19,B01,CH1,C00000,CMP000,2,6,73.2
O004092,2026-07-26,21,B01,CH1,C00000,CMP000,2,6,66.0
O004093,2026-07-26,18,B01,CH3,C00000,CMP000,0,2,16.3
O004094,2026-07-26,17,B01,CH1,C00000,CMP000,5,16,194.0
O004095,2026-07-26,12,B01,CH1,C04958,CMP000,2,7,56.7
O004096,2026-07-26,20,B01,CH2,C00000,CMP000,0,3,51.0
O004097,2026-07-26,19,B01,CH1,C04958,CMP000,2,8,69.1
O004098,2026-07-26,14,B01,CH1,C03533,CMP000,2,4,42.9
O004099,2026-07-26,12,B01,CH1,C00000,CMP000,2,7,63.2
O004100,2026-07-27,17,B01,CH1,C00000,CMP000,3,8,88.7
O004101,2026-07-27,20,B01,CH1,C03783,CMP000,2,6,57.0
O004102,2026-07-30,19,B01,CH1,C00000,CMP000,2,5,50.1
O004103,2026-07-30,21,B01,CH3,C00000,CMP000,0,6,87.0
O004104,2026-07-30,17,B01,CH1,C00000,CMP000,4,13,139.3
O004105,2026-07-30,22,B01,CH1,C00000,CMP000,2,8,95.8
O004106,2026-07-30,18,B01,CH3,C00000,CMP000,0,3,35.3
O004107,2026-07-30,22,B01,CH1,C00000,CMP000,2,7,72.6
O004108,2026-07-31,19,B01,CH2,C00000,CMP000,0,2,18.2
O004109,2026-07-31,19,B01,CH1,C03061,CMP000,4,10,127.9
O004110,2026-07-31,17,B01,CH1,C02941,CMP000,5,18,184.7
O004111,2026-07-31,20,B01,CH1,C00000,CMP000,4,14,156.6
O004112,2026-07-31,13,B01,CH1,C00000,CMP000,1,3,40.8
O004113,2026-07-31,14,B01,CH3,C00000,CMP000,0,1,15.0
O004114,2026-07-31,13,B01,CH3,C00000,CMP000,0,3,26.0
O004115,2026-07-31,14,B01,CH3,C02256,CMP000,0,5,78.0
O004116,2026-07-31,15,B01,CH1,C04958,CMP000,4,14,161.2
O004117,2026-08-01,14,B01,CH1,C00000,CMP000,4,9,94.5
O004118,2026-08-01,20,B01,CH1,C00000,CMP000,2,6,56.0
O004119,2026-08-01,13,B01,CH1,C00000,CMP000,2,6,58.8
O004120,2026-08-01,20,B01,CH1,C01064,CMP000,2,4,51.5
O004121,2026-08-01,18,B01,CH4,C03082,CMP000,0,4,38.5
O004122,2026-08-01,18,B01,CH1,C00000,CMP000,3,11,107.6
O004123,2026-08-01,17,B01,CH1,C00000,CMP000,3,11,93.3
O004124,2026-08-01,19,B01,CH1,C01654,CMP000,4,13,123.6
O004125,2026-08-02,18,B01,CH1,C00000,CMP000,2,6,72.5
O004126,2026-08-02,13,B01,CH1,C00000,CMP000,2,6,82.3
O004127,2026-08-02,13,B01,CH1,C00000,CMP000,1,4,40.5
O004128,2026-08-02,18,B01,CH1,C00000,CMP000,4,13,161.2
O004129,2026-08-02,16,B01,CH1,C00000,CMP000,2,6,67.5
O004130,2026-08-02,18,B01,CH1,C00000,CMP000,1,3,46.0
O004131,2026-08-02,13,B01,CH1,C04958,CMP000,3,8,83.9
O004132,2026-08-02,15,B01,CH3,C00000,CMP000,0,7,66.9
O004133,2026-08-02,21,B01,CH1,C00000,CMP000,1,3,28.5
O004134,2026-08-03,20,B01,CH1,C00000,CMP000,2,8,68.8
O004135,2026-08-05,17,B01,CH4,C00000,CMP000,0,3,48.7
O004136,2026-08-05,14,B01,CH4,C00000,CMP000,0,10,83.5
O004137,2026-08-05,13,B01,CH1,C00000,CMP000,3,7,60.5
O004138,2026-08-05,21,B01,CH2,C00000,CMP000,0,3,25.0
O004139,2026-08-05,18,B01,CH1,C00000,CMP000,2,6,86.5
O004140,2026-08-06,21,B01,CH1,C00000,CMP000,3,12,106.1
O004141,2026-08-06,18,B01,CH1,C00000,CMP000,6,23,221.5
O004142,2026-08-06,19,B01,CH3,C00000,CMP000,0,6,58.7
O004143,2026-08-06,22,B01,CH4,C00000,CMP000,0,2,17.3
O004144,2026-08-07,12,B01,CH1,C00000,CMP000,4,10,95.7
O004145,2026-08-07,22,B01,CH1,C02421,CMP000,8,27,374.5
O004146,2026-08-07,19,B01,CH1,C00000,CMP000,6,17,175.5
O004147,2026-08-07,22,B01,CH1,C00000,CMP000,2,7,74.5
O004148,2026-08-07,14,B01,CH1,C00000,CMP000,2,4,40.5
O004149,2026-08-07,13,B01,CH2,C03360,CMP000,0,8,85.2
O004150,2026-08-08,22,B01,CH1,C00000,CMP000,3,8,74.4
O004151,2026-08-08,12,B01,CH2,C02209,CMP000,0,3,34.7
O004152,2026-08-08,13,B01,CH1,C03360,CMP000,2,6,68.2
O004153,2026-08-08,18,B01,CH1,C03454,CMP000,2,5,48.0
O004154,2026-08-08,12,B01,CH1,C02263,CMP000,2,7,89.7
O004155,2026-08-08,20,B01,CH4,C00000,CMP000,0,10,106.4
O004156,2026-08-08,15,B01,CH3,C01818,CMP000,0,6,59.3
O004157,2026-08-08,14,B01,CH1,C00000,CMP000,2,5,48.3
O004158,2026-08-08,20,B01,CH1,C00000,CMP000,2,6,97.3
O004159,2026-08-09,18,B01,CH3,C00000,CMP000,0,3,21.7
O004160,2026-08-09,12,B01,CH3,C00000,CMP000,0,7,53.2
O004161,2026-08-09,19,B01,CH1,C00000,CMP000,4,10,109.7
O004162,2026-08-09,19,B01,CH3,C00000,CMP000,0,3,37.5
O004163,2026-08-10,12,B01,CH4,C00000,CMP000,0,6,73.7
O004164,2026-08-10,17,B01,CH4,C00000,CMP000,0,6,54.0
O004165,2026-08-12,20,B01,CH1,C00000,CMP000,2,6,60.2
O004166,2026-08-12,20,B01,CH4,C00000,CMP000,0,5,51.0
O004167,2026-08-12,20,B01,CH4,C00000,CMP000,0,7,80.7
O004168,2026-08-12,21,B01,CH2,C00000,CMP000,0,3,41.2
O004169,2026-08-12,18,B01,CH1,C00000,CMP000,2,6,51.9
O004170,2026-08-13,21,B01,CH1,C00000,CMP000,2,6,64.8
O004171,2026-08-13,17,B01,CH4,C02569,CMP000,0,7,73.7
O004172,2026-08-13,14,B01,CH3,C00000,CMP000,0,3,26.7
O004173,2026-08-13,15,B01,CH3,C00000,CMP000,0,6,53.7
O004174,2026-08-13,20,B01,CH1,C00000,CMP000,2,7,89.2
O004175,2026-08-13,21,B01,CH1,C00000,CMP000,2,6,57.3
O004176,2026-08-14,18,B01,CH1,C03716,CMP000,1,3,31.5
O004177,2026-08-14,20,B01,CH1,C00000,CMP000,5,15,199.3
O004178,2026-08-14,18,B01,CH1,C00000,CMP000,3,9,113.8
O004179,2026-08-15,22,B01,CH2,C00000,CMP000,0,5,65.3
O004180,2026-08-15,20,B01,CH3,C04785,CMP000,0,5,46.7
O004181,2026-08-15,17,B01,CH1,C04958,CMP000,4,12,114.5
O004182,2026-08-15,20,B01,CH1,C00000,CMP000,8,26,287.6
O004183,2026-08-15,20,B01,CH1,C00000,CMP000,4,12,112.1
O004184,2026-08-15,22,B01,CH1,C00000,CMP000,8,20,275.7
O004185,2026-08-16,20,B01,CH4,C00000,CMP000,0,2,19.3
O004186,2026-08-16,21,B01,CH1,C00000,CMP000,2,5,46.8
O004187,2026-08-16,19,B01,CH1,C00000,CMP000,4,15,133.5
O004188,2026-08-17,19,B01,CH1,C00000,CMP000,2,6,59.3
O004189,2026-08-17,15,B01,CH1,C00000,CMP000,2,7,68.2
O004190,2026-08-19,12,B01,CH2,C00000,CMP000,0,2,19.5
O004191,2026-08-19,21,B01,CH1,C02011,CMP000,2,6,48.6
O004192,2026-08-19,13,B01,CH1,C00000,CMP000,3,8,82.4
O004193,2026-08-20,14,B01,CH1,C04393,CMP000,1,4,34.3
O004194,2026-08-20,18,B01,CH3,C00000,CMP000,0,3,39.0
O004195,2026-08-20,22,B01,CH1,C01064,CMP000,1,3,33.5
O004196,2026-08-20,18,B01,CH4,C00000,CMP000,0,3,34.0
O004197,2026-08-20,14,B01,CH3,C04544,CMP000,0,2,49.5
O004198,2026-08-21,19,B01,CH1,C00000,CMP000,1,2,24.2
O004199,2026-08-21,18,B01,CH1,C04958,CMP000,3,9,111.0
O004200,2026-08-21,17,B01,CH1,C00000,CMP000,2,5,53.2
O004201,2026-08-21,20,B01,CH1,C00000,CMP000,3,8,88.7
O004202,2026-08-21,19,B01,CH2,C00000,CMP000,0,5,46.5
O004203,2026-08-21,14,B01,CH1,C00000,CMP000,4,12,130.0
O004204,2026-08-22,18,B01,CH4,C00000,CMP000,0,6,51.9
O004205,2026-08-22,15,B01,CH1,C00000,CMP000,8,26,266.0
O004206,2026-08-22,20,B01,CH1,C00000,CMP000,6,20,194.2
O004207,2026-08-22,17,B01,CH3,C00000,CMP000,0,4,39.2
O004208,2026-08-22,15,B01,CH1,C04987,CMP000,6,17,174.5
O004209,2026-08-22,15,B01,CH1,C00000,CMP000,3,10,102.8
O004210,2026-08-22,19,B01,CH3,C00000,CMP000,0,4,54.0
O004211,2026-08-22,20,B01,CH4,C00000,CMP000,0,1,14.5
O004212,2026-08-23,17,B01,CH1,C00000,CMP000,2,9,81.2
O004213,2026-08-23,14,B01,CH1,C00000,CMP000,6,12,133.9
O004214,2026-08-23,21,B01,CH1,C00000,CMP000,3,12,122.8
O004215,2026-08-23,17,B01,CH3,C00000,CMP000,0,1,22.0
O004216,2026-08-23,19,B01,CH3,C00000,CMP000,0,4,86.3
O004217,2026-08-23,17,B01,CH1,C00000,CMP000,3,9,92.3
O004218,2026-08-24,19,B01,CH1,C00000,CMP000,2,7,80.0
O004219,2026-08-24,20,B01,CH1,C01740,CMP000,3,9,84.2
O004220,2026-08-24,22,B01,CH1,C02844,CMP000,4,17,159.0
O004221,2026-08-24,22,B01,CH1,C00000,CMP000,1,2,18.2
O004222,2026-08-26,20,B01,CH1,C00000,CMP000,2,6,55.0
O004223,2026-08-26,17,B01,CH2,C00000,CMP000,0,5,39.2
O004224,2026-08-26,13,B01,CH1,C01749,CMP000,2,5,53.2
O004225,2026-08-27,17,B01,CH1,C04958,CMP000,3,7,123.3
O004226,2026-08-27,13,B01,CH3,C00000,CMP000,0,5,44.8
O004227,2026-08-27,18,B01,CH1,C00466,CMP000,2,5,78.7
O004228,2026-08-27,18,B01,CH1,C00000,CMP000,2,6,52.8
O004229,2026-08-27,18,B01,CH3,C00000,CMP000,0,5,55.2
O004230,2026-08-27,16,B01,CH3,C00000,CMP000,0,5,53.7
O004231,2026-08-27,18,B01,CH4,C00906,CMP000,0,1,19.5
O004232,2026-08-28,18,B01,CH3,C00000,CMP000,0,4,39.0
O004233,2026-08-28,13,B01,CH1,C00000,CMP000,1,3,37.5
O004234,2026-08-28,19,B01,CH3,C02941,CMP000,0,6,57.4
O004235,2026-08-28,21,B01,CH1,C00000,CMP000,4,12,126.8
O004236,2026-08-28,18,B01,CH1,C00000,CMP000,1,3,32.8
O004237,2026-08-28,21,B01,CH1,C00000,CMP000,2,8,82.9
O004238,2026-08-28,19,B01,CH1,C02054,CMP000,4,15,124.0
O004239,2026-08-28,19,B01,CH1,C00000,CMP000,4,12,134.9
O004240,2026-08-28,12,B01,CH1,C00000,CMP000,2,6,65.8
O004241,2026-08-29,12,B01,CH1,C00000,CMP000,2,5,61.5
O004242,2026-08-29,14,B01,CH1,C00000,CMP000,4,11,116.2
O004243,2026-08-29,20,B01,CH1,C03306,CMP000,1,3,43.0
O004244,2026-08-29,19,B01,CH1,C04958,CMP000,1,2,31.5
O004245,2026-08-29,17,B01,CH1,C00000,CMP000,2,6,66.8
O004246,2026-08-29,20,B01,CH1,C00000,CMP000,4,10,107.3
O004247,2026-08-29,22,B01,CH1,C00000,CMP000,2,8,71.3
O004248,2026-08-29,12,B01,CH1,C00000,CMP000,2,5,42.8
O004249,2026-08-29,13,B01,CH1,C00000,CMP000,2,5,43.7
O004250,2026-08-29,17,B01,CH1,C00000,CMP000,3,7,82.0
O004251,2026-08-30,20,B01,CH1,C00000,CMP000,3,11,118.7
O004252,2026-08-30,18,B01,CH1,C04950,CMP000,2,6,77.0
O004253,2026-08-30,13,B01,CH4,C03730,CMP000,0,3,56.5
O004254,2026-08-30,18,B01,CH1,C00000,CMP000,4,17,162.8
O004255,2026-08-30,19,B01,CH1,C00000,CMP000,2,7,60.9
O004256,2026-08-31,12,B01,CH1,C00000,CMP000,2,6,54.5
O004257,2026-08-31,20,B01,CH3,C00000,CMP000,0,8,77.4
O004258,2026-08-31,20,B01,CH1,C00000,CMP000,2,8,68.2
O004259,2026-08-31,13,B01,CH1,C01749,CMP000,3,7,68.7
O004260,2026-09-02,22,B01,CH3,C00000,CMP000,0,3,47.0
O004261,2026-09-02,16,B01,CH3,C00000,CMP000,0,2,21.0
O004262,2026-09-02,12,B01,CH1,C02668,CMP000,1,3,46.3
O004263,2026-09-02,21,B01,CH1,C00000,CMP000,2,7,61.3
O004264,2026-09-02,12,B01,CH1,C00000,CMP000,2,4,41.2
O004265,2026-09-02,14,B01,CH4,C00000,CMP000,0,2,22.0
O004266,2026-09-02,19,B01,CH1,C00000,CMP000,6,19,229.1
O004267,2026-09-03,19,B01,CH2,C03306,CMP000,0,5,44.3
O004268,2026-09-03,20,B01,CH1,C03648,CMP000,2,5,56.5
O004269,2026-09-03,22,B01,CH1,C00000,CMP000,2,7,66.7
O004270,2026-09-03,12,B01,CH4,C00000,CMP000,0,4,39.8
O004271,2026-09-03,21,B01,CH4,C00000,CMP000,0,2,44.5
O004272,2026-09-03,13,B01,CH1,C04675,CMP000,5,16,137.1
O004273,2026-09-03,18,B01,CH1,C00000,CMP000,3,12,118.0
O004274,2026-09-03,19,B01,CH3,C00000,CMP000,0,6,49.9
O004275,2026-09-04,20,B01,CH4,C00000,CMP000,0,8,97.0
O004276,2026-09-04,18,B01,CH3,C00000,CMP000,0,4,60.5
O004277,2026-09-04,12,B01,CH1,C00299,CMP000,2,7,64.2
O004278,2026-09-05,15,B01,CH1,C00000,CMP000,2,5,45.7
O004279,2026-09-05,19,B01,CH1,C00820,CMP000,1,2,19.3
O004280,2026-09-05,12,B01,CH1,C00000,CMP000,4,10,121.5
O004281,2026-09-05,19,B01,CH1,C00299,CMP000,4,13,161.3
O004282,2026-09-05,19,B01,CH4,C03550,CMP000,0,3,29.5
O004283,2026-09-05,15,B01,CH1,C00000,CMP000,2,6,76.0
O004284,2026-09-05,18,B01,CH1,C04440,CMP000,2,6,54.3
O004285,2026-09-05,16,B01,CH4,C00000,CMP000,0,7,85.9
O004286,2026-09-05,21,B01,CH3,C00000,CMP000,0,4,29.2
O004287,2026-09-05,13,B01,CH1,C00000,CMP000,2,6,62.5
O004288,2026-09-05,12,B01,CH3,C00000,CMP000,0,9,138.2
O004289,2026-09-05,17,B01,CH2,C00000,CMP000,0,2,18.5
O004290,2026-09-06,21,B01,CH2,C00000,CMP000,0,3,25.5
O004291,2026-09-06,22,B01,CH1,C00267,CMP000,1,3,31.7
O004292,2026-09-06,18,B01,CH1,C00000,CMP000,6,18,229.9
O004293,2026-09-06,22,B01,CH1,C00463,CMP000,2,9,67.0
O004294,2026-09-06,19,B01,CH1,C01052,CMP000,2,6,78.5
O004295,2026-09-07,12,B01,CH1,C00000,CMP000,3,9,99.8
O004296,2026-09-07,18,B01,CH3,C03366,CMP000,0,4,39.5
O004297,2026-09-07,21,B01,CH1,C00000,CMP000,2,7,91.3
O004298,2026-09-09,21,B01,CH2,C00000,CMP000,0,5,64.2
O004299,2026-09-10,21,B01,CH1,C01818,CMP000,1,3,29.0
O004300,2026-09-11,18,B01,CH2,C00000,CMP000,0,2,21.5
O004301,2026-09-11,13,B01,CH1,C04358,CMP000,5,13,114.9
O004302,2026-09-11,20,B01,CH1,C00000,CMP000,3,11,101.2
O004303,2026-09-11,21,B01,CH1,C02941,CMP000,4,12,117.4
O004304,2026-09-11,18,B01,CH2,C00000,CMP000,0,5,44.7
O004305,2026-09-11,17,B01,CH1,C00839,CMP000,3,8,78.5
O004306,2026-09-11,20,B01,CH1,C00000,CMP000,4,14,140.7
O004307,2026-09-11,18,B01,CH3,C00000,CMP000,0,6,49.2
O004308,2026-09-11,21,B01,CH1,C00466,CMP000,3,10,80.8
O004309,2026-09-12,21,B01,CH4,C00000,CMP000,0,3,35.0
O004310,2026-09-12,20,B01,CH3,C00000,CMP000,0,8,80.5
O004311,2026-09-12,21,B01,CH1,C00000,CMP000,2,4,43.5
O004312,2026-09-12,19,B01,CH2,C00820,CMP000,0,2,19.5
O004313,2026-09-12,13,B01,CH1,C02569,CMP000,2,6,47.7
O004314,2026-09-12,16,B01,CH1,C00000,CMP000,4,19,183.4
O004315,2026-09-12,19,B01,CH1,C00000,CMP000,3,7,86.3
O004316,2026-09-12,17,B01,CH1,C02941,CMP000,3,10,98.2
O004317,2026-09-12,22,B01,CH1,C00000,CMP000,2,7,61.1
O004318,2026-09-13,22,B01,CH1,C00000,CMP000,2,10,75.8
O004319,2026-09-13,21,B01,CH1,C00000,CMP000,2,8,67.5
O004320,2026-09-13,19,B01,CH1,C00000,CMP000,2,5,66.5
O004321,2026-09-13,22,B01,CH1,C00558,CMP000,4,14,167.9
O004322,2026-09-13,14,B01,CH1,C00000,CMP000,3,9,90.7
O004323,2026-09-13,21,B01,CH1,C01654,CMP000,4,15,134.9
O004324,2026-09-14,17,B01,CH1,C00000,CMP000,4,12,129.3
O004325,2026-09-14,21,B01,CH1,C00000,CMP000,3,8,86.8
O004326,2026-09-14,19,B01,CH3,C00000,CMP000,0,1,34.0
O004327,2026-09-14,13,B01,CH1,C02941,CMP000,2,5,50.7
O004328,2026-09-14,13,B01,CH3,C00000,CMP000,0,3,41.5
O004329,2026-09-14,21,B01,CH1,C00000,CMP000,3,8,77.5
O004330,2026-09-16,17,B01,CH3,C00000,CMP000,0,4,38.5
O004331,2026-09-16,20,B01,CH1,C00000,CMP000,2,7,79.1
O004332,2026-09-16,22,B01,CH1,C00000,CMP000,4,12,117.3
O004333,2026-09-16,19,B01,CH3,C00000,CMP000,0,4,45.0
O004334,2026-09-16,17,B01,CH1,C00000,CMP000,4,14,141.3
O004335,2026-09-16,20,B01,CH1,C04004,CMP000,4,11,103.6
O004336,2026-09-16,21,B01,CH1,C00000,CMP000,3,10,114.0
O004337,2026-09-17,21,B01,CH3,C00000,CMP000,0,2,17.3
O004338,2026-09-17,22,B01,CH1,C00234,CMP000,4,14,192.2
O004339,2026-09-17,22,B01,CH1,C00000,CMP000,4,14,131.6
O004340,2026-09-17,19,B01,CH1,C00000,CMP000,2,8,65.1
O004341,2026-09-17,16,B01,CH1,C02439,CMP000,4,9,90.9
O004342,2026-09-18,19,B01,CH1,C00000,CMP000,5,13,142.6
O004343,2026-09-18,19,B01,CH3,C00000,CMP000,0,5,38.8
O004344,2026-09-18,21,B01,CH1,C00820,CMP000,2,6,56.9
O004345,2026-09-18,22,B01,CH2,C00000,CMP000,0,4,45.7
O004346,2026-09-18,19,B01,CH1,C00000,CMP000,2,9,101.8
O004347,2026-09-18,22,B01,CH3,C00000,CMP000,0,2,21.0
O004348,2026-09-18,20,B01,CH3,C00000,CMP000,0,3,25.8
O004349,2026-09-18,19,B01,CH2,C00000,CMP000,0,3,29.7
O004350,2026-09-18,17,B01,CH1,C01982,CMP000,2,6,58.0
O004351,2026-09-18,21,B01,CH3,C00000,CMP000,0,3,27.0
O004352,2026-09-19,18,B01,CH3,C00000,CMP000,0,2,19.2
O004353,2026-09-19,17,B01,CH1,C00299,CMP000,2,7,67.7
O004354,2026-09-19,17,B01,CH4,C00000,CMP000,0,4,43.0
O004355,2026-09-19,12,B01,CH1,C00000,CMP000,2,5,55.9
O004356,2026-09-20,22,B01,CH1,C00000,CMP000,2,6,58.3
O004357,2026-09-20,19,B01,CH2,C00000,CMP000,0,4,41.2
O004358,2026-09-20,18,B01,CH4,C00000,CMP000,0,2,20.5
O004359,2026-09-20,18,B01,CH1,C04767,CMP000,3,11,116.5
O004360,2026-09-20,19,B01,CH1,C03822,CMP000,4,13,126.2
O004361,2026-09-23,19,B01,CH3,C00000,CMP000,0,4,52.0
O004362,2026-09-23,13,B01,CH1,C00000,CMP000,6,17,196.1
O004363,2026-09-23,15,B01,CH1,C04197,CMP000,2,5,49.0
O004364,2026-09-23,21,B01,CH1,C00000,CMP000,4,15,133.8
O004365,2026-09-23,13,B01,CH1,C01064,CMP000,2,7,60.5
O004366,2026-09-24,19,B01,CH1,C00000,CMP000,2,6,68.0
O004367,2026-09-24,18,B01,CH1,C00000,CMP000,4,11,121.6
O004368,2026-09-24,13,B01,CH1,C00000,CMP000,2,5,47.5
O004369,2026-09-24,19,B01,CH3,C02738,CMP000,0,2,18.7
O004370,2026-09-25,12,B01,CH1,C00820,CMP000,2,6,56.3
O004371,2026-09-25,12,B01,CH1,C04650,CMP000,3,6,63.5
O004372,2026-09-25,12,B01,CH3,C00000,CMP000,0,5,51.5
O004373,2026-09-25,20,B01,CH1,C01818,CMP000,3,12,128.5
O004374,2026-09-26,19,B01,CH2,C00000,CMP000,0,6,54.4
O004375,2026-09-26,17,B01,CH1,C00000,CMP000,1,3,29.8
O004376,2026-09-26,20,B01,CH1,C00000,CMP000,5,15,135.2
O004377,2026-09-26,19,B01,CH1,C00000,CMP000,3,7,95.8
O004378,2026-09-26,17,B01,CH1,C00000,CMP000,2,7,65.5
O004379,2026-09-26,17,B01,CH1,C00000,CMP000,3,10,89.5
O004380,2026-09-26,20,B01,CH1,C00000,CMP000,1,5,42.7
O004381,2026-09-27,20,B01,CH1,C04199,CMP000,2,6,69.0
O004382,2026-09-27,22,B01,CH1,C00000,CMP000,2,8,95.3
O004383,2026-09-27,19,B01,CH3,C00000,CMP000,0,7,67.4
O004384,2026-09-27,21,B01,CH1,C00000,CMP000,6,17,234.8
O004385,2026-09-27,20,B01,CH4,C00000,CMP000,0,2,23.5
O004386,2026-09-27,13,B01,CH1,C03023,CMP000,4,12,120.7
O004387,2026-09-27,22,B01,CH3,C00000,CMP000,0,1,16.5
O004388,2026-09-28,17,B01,CH1,C03969,CMP000,6,18,205.8
O004389,2026-09-28,16,B01,CH1,C00000,CMP000,4,15,152.7
O004390,2026-09-28,20,B01,CH2,C00000,CMP000,0,1,22.0
O004391,2026-09-30,21,B01,CH1,C00000,CMP000,2,7,74.8
O004392,2024-01-01,12,B02,CH1,C03040,CMP000,4,10,91.6
O004393,2024-01-01,19,B02,CH1,C00000,CMP000,2,6,51.05
O004394,2024-01-01,18,B02,CH1,C04096,CMP000,2,7,57.3
O004395,2024-01-01,22,B02,CH3,C00000,CMP000,0,1,30.85
O004396,2024-01-01,18,B02,CH1,C00000,CMP000,2,3,33.3
O004397,2024-01-03,22,B02,CH1,C00539,CMP000,3,10,97.05
O004398,2024-01-03,20,B02,CH2,C00000,CMP000,0,2,21.95
O004399,2024-01-04,19,B02,CH1,C00007,CMP000,2,7,81.0
O004400,2024-01-04,22,B02,CH1,C00000,CMP000,2,6,51.5
O004401,2024-01-04,16,B02,CH4,C04396,CMP000,0,2,17.25
O004402,2024-01-04,17,B02,CH2,C00000,CMP000,0,6,64.9
O004403,2024-01-04,19,B02,CH1,C00000,CMP000,4,11,113.3
O004404,2024-01-05,20,B02,CH1,C00000,CMP000,6,18,146.55
O004405,2024-01-05,18,B02,CH1,C00000,CMP000,1,3,22.2
O004406,2024-01-05,22,B02,CH1,C03115,CMP000,3,11,111.6
O004407,2024-01-05,18,B02,CH4,C00000,CMP000,0,7,58.7
O004408,2024-01-06,21,B02,CH3,C00000,CMP000,0,3,23.3
O004409,2024-01-06,19,B02,CH1,C00000,CMP000,2,4,39.5
O004410,2024-01-06,21,B02,CH1,C00000,CMP000,5,18,145.05
O004411,2024-01-06,13,B02,CH2,C00000,CMP000,0,2,15.6
O004412,2024-01-06,22,B02,CH1,C00000,CMP000,4,14,109.95
O004413,2024-01-06,20,B02,CH1,C00000,CMP000,3,10,84.0
O004414,2024-01-06,17,B02,CH1,C00000,CMP000,2,5,89.35
O004415,2024-01-06,22,B02,CH1,C00000,CMP000,3,7,61.85
O004416,2024-01-06,21,B02,CH1,C03389,CMP000,1,3,28.8
O004417,2024-01-06,19,B02,CH1,C00000,CMP000,2,7,75.9
O004418,2024-01-07,21,B02,CH4,C00000,CMP000,0,7,57.5
O004419,2024-01-07,22,B02,CH1,C02929,CMP000,5,16,130.65
O004420,2024-01-07,22,B02,CH1,C00000,CMP000,2,7,73.9
O004421,2024-01-07,20,B02,CH1,C04105,CMP000,3,10,83.0
O004422,2024-01-07,21,B02,CH1,C01486,CMP000,2,5,41.75
O004423,2024-01-07,21,B02,CH1,C00000,CMP000,2,9,92.15
O004424,2024-01-08,13,B02,CH1,C00000,CMP000,3,8,70.95
O004425,2024-01-08,21,B02,CH1,C00000,CMP000,2,7,71.65
O004426,2024-01-08,20,B02,CH1,C04096,CMP000,2,8,65.95
O004427,2024-01-08,13,B02,CH1,C00000,CMP000,1,3,26.5
O004428,2024-01-08,19,B02,CH1,C03389,CMP000,4,13,104.1
O004429,2024-01-10,13,B02,CH1,C00000,CMP000,2,6,42.05
O004430,2024-01-10,20,B02,CH4,C00000,CMP000,0,2,17.25
O004431,2024-01-10,20,B02,CH1,C00000,CMP000,4,17,142.6
O004432,2024-01-11,18,B02,CH1,C00000,CMP000,3,12,126.35
O004433,2024-01-11,22,B02,CH1,C04096,CMP000,1,2,24.05
O004434,2024-01-11,13,B02,CH1,C00000,CMP000,2,5,44.25
O004435,2024-01-11,19,B02,CH3,C00000,CMP000,0,3,22.85
O004436,2024-01-11,12,B02,CH1,C00000,CMP000,2,5,59.85
O004437,2024-01-12,19,B02,CH1,C02486,CMP000,5,16,162.65
O004438,2024-01-12,19,B02,CH1,C01362,CMP000,5,18,141.7
O004439,2024-01-12,21,B02,CH1,C03530,CMP000,2,8,79.55
O004440,2024-01-12,20,B02,CH1,C00000,CMP000,2,6,61.45
O004441,2024-01-13,19,B02,CH1,C04108,CMP000,2,8,67.05
O004442,2024-01-13,21,B02,CH1,C00169,CMP000,1,4,37.6
O004443,2024-01-13,21,B02,CH2,C03164,CMP000,0,5,45.25
O004444,2024-01-13,17,B02,CH1,C00523,CMP000,2,4,37.15
O004445,2024-01-13,14,B02,CH1,C00000,CMP000,4,10,85.3
O004446,2024-01-13,14,B02,CH1,C00000,CMP000,2,7,52.15
O004447,2024-01-13,18,B02,CH1,C04096,CMP000,4,9,108.8
O004448,2024-01-13,12,B02,CH1,C00000,CMP000,4,11,89.5
O004449,2024-01-14,14,B02,CH1,C00000,CMP000,6,13,118.7
O004450,2024-01-14,17,B02,CH1,C00000,CMP000,2,7,80.05
O004451,2024-01-14,19,B02,CH3,C00000,CMP000,0,2,18.15
O004452,2024-01-14,19,B02,CH1,C02606,CMP000,2,9,68.3
O004453,2024-01-14,21,B02,CH1,C00000,CMP000,5,16,155.25
O004454,2024-01-14,20,B02,CH1,C03885,CMP000,2,9,60.7
O004455,2024-01-14,14,B02,CH1,C00000,CMP000,4,11,129.7
O004456,2024-01-15,21,B02,CH1,C01308,CMP000,4,12,131.7
O004457,2024-01-15,13,B02,CH1,C04778,CMP000,4,9,96.75
O004458,2024-01-15,22,B02,CH2,C00000,CMP000,0,5,42.05
O004459,2024-01-17,20,B02,CH1,C03690,CMP000,2,7,56.9
O004460,2024-01-17,19,B02,CH4,C00000,CMP000,0,9,85.75
O004461,2024-01-17,16,B02,CH4,C00782,CMP000,0,2,24.05
O004462,2024-01-18,13,B02,CH1,C00000,CMP000,2,5,46.15
O004463,2024-01-18,16,B02,CH1,C01233,CMP000,1,4,32.0
O004464,2024-01-18,21,B02,CH1,C00000,CMP000,7,20,173.15
O004465,2024-01-18,19,B02,CH1,C04096,CMP000,8,23,249.55
O004466,2024-01-19,21,B02,CH2,C00000,CMP000,0,5,42.35
O004467,2024-01-19,21,B02,CH1,C02135,CMP000,2,6,54.65
O004468,2024-01-19,13,B02,CH1,C03115,CMP000,2,5,70.15
O004469,2024-01-19,18,B02,CH1,C00000,CMP000,1,2,17.05
O004470,2024-01-19,16,B02,CH1,C00000,CMP000,3,10,119.05
O004471,2024-01-19,14,B02,CH1,C04644,CMP000,2,5,60.25
O004472,2024-01-19,19,B02,CH1,C00000,CMP000,2,5,43.1
O004473,2024-01-19,20,B02,CH1,C00000,CMP000,2,7,63.9
O004474,2024-01-19,20,B02,CH1,C00000,CMP000,4,13,143.0
O004475,2024-01-19,12,B02,CH1,C00000,CMP000,2,8,57.35
O004476,2024-01-20,19,B02,CH1,C04064,CMP000,6,16,138.8
O004477,2024-01-20,19,B02,CH1,C00000,CMP000,2,4,39.25
O004478,2024-01-21,19,B02,CH1,C00000,CMP000,4,11,85.2
O004479,2024-01-21,16,B02,CH3,C00000,CMP000,0,4,37.65
O004480,2024-01-22,17,B02,CH1,C00000,CMP000,7,25,236.45
O004481,2024-01-22,13,B02,CH1,C03034,CMP000,2,6,54.65
O004482,2024-01-22,12,B02,CH1,C03577,CMP000,2,5,48.5
O004483,2024-01-24,14,B02,CH1,C00000,CMP000,6,17,140.65
O004484,2024-01-24,21,B02,CH3,C00000,CMP000,0,4,44.5
O004485,2024-01-24,21,B02,CH1,C04778,CMP000,2,6,52.4
O004486,2024-01-24,12,B02,CH1,C00000,CMP000,4,7,84.4
O004487,2024-01-24,20,B02,CH3,C00000,CMP000,0,6,100.4
O004488,2024-01-25,18,B02,CH1,C02929,CMP000,7,24,193.85
O004489,2024-01-25,13,B02,CH1,C00000,CMP000,4,10,89.5
O004490,2024-01-25,12,B02,CH1,C00000,CMP000,2,7,48.1
O004491,2024-01-26,19,B02,CH1,C01259,CMP000,2,6,64.6
O004492,2024-01-26,12,B02,CH1,C00000,CMP000,4,13,94.7
O004493,2024-01-26,20,B02,CH1,C03867,CMP000,1,3,25.65
O004494,2024-01-26,19,B02,CH1,C00000,CMP000,6,22,204.95
O004495,2024-01-26,18,B02,CH2,C00000,CMP000,0,9,64.1
O004496,2024-01-26,21,B02,CH1,C02973,CMP000,8,25,254.0
O004497,2024-01-26,22,B02,CH1,C03516,CMP000,6,18,152.85
O004498,2024-01-26,14,B02,CH1,C00000,CMP000,2,5,69.4
O004499,2024-01-26,15,B02,CH1,C00000,CMP000,8,27,243.55
O004500,2024-01-27,19,B02,CH1,C00000,CMP000,4,14,129.3
O004501,2024-01-27,15,B02,CH1,C01155,CMP000,4,11,112.25
O004502,2024-01-27,20,B02,CH1,C00000,CMP000,3,9,97.25
O004503,2024-01-27,14,B02,CH1,C00000,CMP000,4,12,91.25
O004504,2024-01-27,19,B02,CH1,C04096,CMP000,3,9,79.55
O004505,2024-01-28,20,B02,CH1,C03463,CMP000,2,7,56.7
O004506,2024-01-28,13,B02,CH3,C00000,CMP000,0,1,12.25
O004507,2024-01-28,18,B02,CH1,C02560,CMP000,2,6,50.6
O004508,2024-01-28,20,B02,CH1,C00000,CMP000,2,7,51.0
O004509,2024-01-29,12,B02,CH3,C01819,CMP000,0,2,33.55
O004510,2024-01-29,15,B02,CH1,C00000,CMP000,4,14,135.9
O004511,2024-01-29,18,B02,CH1,C00000,CMP000,3,10,79.8
O004512,2024-01-29,18,B02,CH1,C04851,CMP000,4,15,140.8
O004513,2024-01-31,22,B02,CH1,C00000,CMP000,6,19,162.6
O004514,2024-01-31,17,B02,CH1,C00000,CMP000,5,14,139.3
O004515,2024-01-31,20,B02,CH1,C00539,CMP000,2,7,70.1
O004516,2024-02-01,20,B02,CH2,C00000,CMP000,0,9,77.05
O004517,2024-02-01,19,B02,CH1,C00000,CMP000,2,6,59.0
O004518,2024-02-01,14,B02,CH1,C00000,CMP000,4,13,113.8
O004519,2024-02-01,12,B02,CH1,C01972,CMP000,2,6,56.75
O004520,2024-02-02,19,B02,CH1,C00000,CMP000,1,4,29.3
O004521,2024-02-02,20,B02,CH1,C00000,CMP000,6,23,210.9
O004522,2024-02-02,18,B02,CH1,C00000,CMP000,2,8,75.6
O004523,2024-02-02,20,B02,CH1,C01972,CMP000,4,11,119.5
O004524,2024-02-02,22,B02,CH4,C04778,CMP000,0,1,23.6
O004525,2024-02-02,18,B02,CH1,C00000,CMP000,2,5,47.85
O004526,2024-02-02,13,B02,CH2,C00000,CMP000,0,4,36.3
O004527,2024-02-03,18,B02,CH1,C00000,CMP000,3,9,88.65
O004528,2024-02-03,20,B02,CH1,C04778,CMP000,2,6,57.3
O004529,2024-02-04,17,B02,CH2,C00000,CMP000,0,2,27.25
O004530,2024-02-04,17,B02,CH2,C00000,CMP000,0,3,28.75
O004531,2024-02-04,21,B02,CH1,C00000,CMP000,2,5,43.7
O004532,2024-02-04,17,B02,CH1,C00000,CMP000,5,17,144.8
O004533,2024-02-05,18,B02,CH1,C02757,CMP000,8,26,287.25
O004534,2024-02-05,20,B02,CH1,C00000,CMP000,2,6,49.7
O004535,2024-02-05,19,B02,CH1,C04096,CMP000,1,4,41.0
O004536,2024-02-05,21,B02,CH1,C00000,CMP000,1,2,18.6
O004537,2024-02-07,17,B02,CH1,C00000,CMP000,2,5,63.9
O004538,2024-02-07,18,B02,CH1,C03885,CMP000,2,6,48.8
O004539,2024-02-07,18,B02,CH1,C02753,CMP000,3,9,82.55
O004540,2024-02-07,14,B02,CH1,C00000,CMP000,2,4,40.05
O004541,2024-02-07,13,B02,CH4,C00169,CMP000,0,3,20.25
O004542,2024-02-08,12,B02,CH4,C00000,CMP000,0,2,18.15
O004543,2024-02-08,12,B02,CH3,C00000,CMP000,0,2,19.95
O004544,2024-02-08,14,B02,CH1,C02753,CMP000,4,12,111.05
O004545,2024-02-08,18,B02,CH1,C00000,CMP000,2,5,73.45
O004546,2024-02-08,17,B02,CH1,C00000,CMP000,5,15,127.9
O004547,2024-02-08,20,B02,CH1,C00000,CMP000,2,5,45.15
O004548,2024-02-09,14,B02,CH2,C00000,CMP000,0,10,86.55
O004549,2024-02-09,20,B02,CH1,C00000,CMP000,2,7,56.95
O004550,2024-02-09,19,B02,CH1,C00000,CMP000,2,6,53.95
O004551,2024-02-09,19,B02,CH1,C00000,CMP000,2,7,56.7
O004552,2024-02-09,12,B02,CH3,C04917,CMP000,0,10,65.45
O004553,2024-02-09,18,B02,CH2,C00000,CMP000,0,7,56.45
O004554,2024-02-09,14,B02,CH1,C00000,CMP000,3,9,64.45
O004555,2024-02-09,20,B02,CH2,C00000,CMP000,0,3,19.8
O004556,2024-02-09,20,B02,CH1,C02802,CMP000,2,7,61.0
O004557,2024-02-09,20,B02,CH1,C00000,CMP000,3,9,86.85
O004558,2024-02-09,22,B02,CH4,C00000,CMP000,0,6,54.15
O004559,2024-02-09,18,B02,CH2,C00000,CMP000,0,2,19.05
O004560,2024-02-10,21,B02,CH4,C00000,CMP000,0,2,16.95
O004561,2024-02-10,20,B02,CH3,C02753,CMP000,0,2,34.0
O004562,2024-02-10,13,B02,CH1,C00000,CMP000,2,6,98.85
O004563,2024-02-10,14,B02,CH1,C00000,CMP000,2,6,66.95
O004564,2024-02-10,19,B02,CH1,C00000,CMP000,4,13,141.65
O004565,2024-02-11,21,B02,CH4,C00000,CMP000,0,2,23.15
O004566,2024-02-11,13,B02,CH4,C00000,CMP000,0,7,60.5
O004567,2024-02-11,19,B02,CH4,C00000,CMP000,0,3,30.85
O004568,2024-02-11,17,B02,CH1,C00000,CMP000,7,22,178.05
O004569,2024-02-11,12,B02,CH1,C00000,CMP000,2,4,41.9
O004570,2024-02-12,20,B02,CH1,C01135,CMP000,4,14,129.95
O004571,2024-02-12,20,B02,CH1,C02929,CMP000,2,6,61.7
O004572,2024-02-12,22,B02,CH4,C00000,CMP000,0,1,19.95
O004573,2024-02-12,21,B02,CH3,C00000,CMP000,0,8,72.15
O004574,2024-02-12,21,B02,CH3,C03581,CMP000,0,5,42.85
O004575,2024-02-12,21,B02,CH1,C00000,CMP000,4,12,112.0
O004576,2024-02-14,18,B02,CH2,C00000,CMP000,0,5,46.0
O004577,2024-02-14,19,B02,CH1,C00000,CMP000,2,7,58.75
O004578,2024-02-15,19,B02,CH2,C00000,CMP000,0,6,52.15
O004579,2024-02-15,20,B02,CH1,C01259,CMP000,4,12,140.65
O004580,2024-02-15,15,B02,CH1,C00000,CMP000,7,23,219.45
O004581,2024-02-15,19,B02,CH3,C00000,CMP000,0,5,40.85
O004582,2024-02-15,18,B02,CH3,C00000,CMP000,0,3,53.5
O004583,2024-02-15,17,B02,CH4,C00000,CMP000,0,9,85.9
O004584,2024-02-16,17,B02,CH1,C04023,CMP000,2,6,59.15
O004585,2024-02-16,12,B02,CH3,C00000,CMP000,0,6,58.9
O004586,2024-02-16,18,B02,CH1,C00000,CMP000,2,7,52.45
O004587,2024-02-16,19,B02,CH1,C01252,CMP000,2,6,61.2
O004588,2024-02-16,19,B02,CH2,C00000,CMP000,0,5,64.85
O004589,2024-02-16,19,B02,CH4,C03047,CMP000,0,3,33.15
O004590,2024-02-16,17,B02,CH1,C00000,CMP000,1,3,22.85
O004591,2024-02-17,13,B02,CH1,C04096,CMP000,3,10,75.65
O004592,2024-02-17,22,B02,CH3,C00274,CMP000,0,3,39.45
O004593,2024-02-17,22,B02,CH1,C00000,CMP000,1,3,30.85
O004594,2024-02-17,15,B02,CH4,C03463,CMP000,0,6,64.9
O004595,2024-02-17,20,B02,CH1,C00000,CMP000,2,7,52.65
O004596,2024-02-17,14,B02,CH1,C03115,CMP000,2,6,66.65
O004597,2024-02-18,19,B02,CH1,C00000,CMP000,3,9,72.15
O004598,2024-02-18,19,B02,CH1,C00000,CMP000,2,5,69.15
O004599,2024-02-18,18,B02,CH1,C00000,CMP000,5,17,145.4
O004600,2024-02-18,19,B02,CH1,C00000,CMP000,2,9,66.3
O004601,2024-02-18,12,B02,CH1,C00000,CMP000,1,2,21.95
O004602,2024-02-19,19,B02,CH1,C00000,CMP000,5,13,124.5
O004603,2024-02-19,12,B02,CH1,C00000,CMP000,2,4,33.0
O004604,2024-02-19,14,B02,CH1,C00000,CMP000,2,7,73.45
O004605,2024-02-19,18,B02,CH3,C00000,CMP000,0,3,31.5
O004606,2024-02-19,20,B02,CH2,C00000,CMP000,0,7,48.3
O004607,2024-02-21,18,B02,CH1,C00000,CMP000,2,5,44.95
O004608,2024-02-21,19,B02,CH1,C00000,CMP000,2,7,50.2
O004609,2024-02-21,20,B02,CH1,C00000,CMP000,4,13,112.35
O004610,2024-02-21,18,B02,CH3,C00000,CMP000,0,4,40.35
O004611,2024-02-22,12,B02,CH1,C00007,CMP000,2,4,55.6
O004612,2024-02-22,17,B02,CH1,C04005,CMP000,2,5,52.4
O004613,2024-02-23,14,B02,CH2,C00000,CMP000,0,2,18.4
O004614,2024-02-23,19,B02,CH1,C04296,CMP000,2,6,53.15
O004615,2024-02-23,22,B02,CH1,C00169,CMP000,5,18,155.85
O004616,2024-02-23,14,B02,CH1,C00000,CMP000,1,4,33.25
O004617,2024-02-24,19,B02,CH1,C04604,CMP000,1,6,39.75
O004618,2024-02-24,19,B02,CH1,C00000,CMP000,1,3,24.5
O004619,2024-02-24,19,B02,CH4,C00000,CMP000,0,3,29.5
O004620,2024-02-24,17,B02,CH1,C00000,CMP000,1,2,27.7
O004621,2024-02-25,20,B02,CH1,C00000,CMP000,2,5,41.9
O004622,2024-02-25,14,B02,CH1,C04778,CMP000,3,7,64.85
O004623,2024-02-25,16,B02,CH2,C00000,CMP000,0,5,42.35
O004624,2024-02-25,12,B02,CH1,C00000,CMP000,2,6,49.9
O004625,2024-02-25,18,B02,CH1,C00000,CMP000,3,11,116.05
O004626,2024-02-25,22,B02,CH4,C01553,CMP000,0,1,13.6
O004627,2024-02-26,19,B02,CH1,C00000,CMP000,3,9,108.6
O004628,2024-02-26,18,B02,CH1,C00000,CMP000,2,8,63.95
O004629,2024-02-26,17,B02,CH1,C00000,CMP000,2,6,69.6
O004630,2024-02-26,21,B02,CH1,C00000,CMP000,2,8,60.5
O004631,2024-02-28,20,B02,CH1,C00000,CMP000,3,10,102.05
O004632,2024-02-28,20,B02,CH1,C00573,CMP000,4,10,93.25
O004633,2024-02-29,13,B02,CH1,C02486,CMP000,6,19,215.3
O004634,2024-02-29,22,B02,CH1,C00000,CMP000,2,5,56.7
O004635,2024-02-29,20,B02,CH2,C04697,CMP000,0,2,22.85
O004636,2024-02-29,21,B02,CH1,C00000,CMP000,5,19,189.3
O004637,2024-03-01,21,B02,CH2,C00000,CMP000,0,10,89.15
O004638,2024-03-01,14,B02,CH3,C00000,CMP000,0,2,26.75
O004639,2024-03-01,20,B02,CH1,C02731,CMP000,4,14,126.65
O004640,2024-03-01,21,B02,CH1,C00000,CMP000,2,7,59.15
O004641,2024-03-01,17,B02,CH1,C00000,CMP000,3,11,96.8
O004642,2024-03-01,20,B02,CH2,C00000,CMP000,0,4,34.65
O004643,2024-03-01,17,B02,CH4,C04778,CMP000,0,10,94.7
O004644,2024-03-02,18,B02,CH4,C00000,CMP000,0,2,15.15
O004645,2024-03-02,22,B02,CH1,C00000,CMP000,1,4,26.05
O004646,2024-03-02,13,B02,CH1,C02247,CMP000,2,7,79.1
O004647,2024-03-02,17,B02,CH4,C00000,CMP000,0,4,39.2
O004648,2024-03-02,20,B02,CH1,C01362,CMP000,2,6,50.5
O004649,2024-03-03,21,B02,CH1,C00000,CMP000,4,15,121.25
O004650,2024-03-03,22,B02,CH1,C00000,CMP000,4,10,104.0
O004651,2024-03-03,22,B02,CH2,C00000,CMP000,0,8,61.6
O004652,2024-03-03,17,B02,CH1,C03867,CMP000,3,10,102.05
O004653,2024-03-03,12,B02,CH1,C00970,CMP000,8,24,213.05
O004654,2024-03-03,12,B02,CH1,C00000,CMP000,5,13,146.15
O004655,2024-03-03,20,B02,CH1,C00000,CMP000,8,24,234.1
O004656,2024-03-03,18,B02,CH1,C01696,CMP000,2,5,42.9
O004657,2024-03-03,22,B02,CH3,C00000,CMP000,0,3,20.7
O004658,2024-03-03,12,B02,CH3,C00000,CMP000,0,3,32.65
O004659,2024-03-04,17,B02,CH1,C04778,CMP000,2,5,46.05
O004660,2024-03-04,18,B02,CH1,C02957,CMP000,2,8,76.9
O004661,2024-03-04,15,B02,CH3,C00000,CMP000,0,5,37.85
O004662,2024-03-04,12,B02,CH1,C00000,CMP000,2,5,43.8
O004663,2024-03-06,17,B02,CH3,C00000,CMP000,0,4,36.9
O004664,2024-03-06,21,B02,CH1,C04778,CMP000,4,11,96.0
O004665,2024-03-06,14,B02,CH1,C04778,CMP000,2,6,57.05
O004666,2024-03-07,18,B02,CH4,C00000,CMP000,0,2,22.7
O004667,2024-03-07,13,B02,CH1,C01233,CMP000,3,10,83.5
O004668,2024-03-07,17,B02,CH1,C00000,CMP000,3,8,67.75
O004669,2024-03-07,15,B02,CH1,C04851,CMP000,4,10,88.85
O004670,2024-03-07,19,B02,CH2,C00000,CMP000,0,5,37.85
O004671,2024-03-07,19,B02,CH1,C02866,CMP000,2,6,48.9
O004672,2024-03-07,22,B02,CH1,C00000,CMP000,4,15,127.1
O004673,2024-03-08,13,B02,CH3,C00000,CMP000,0,2,16.6
O004674,2024-03-08,19,B02,CH1,C02192,CMP000,4,16,121.9
O004675,2024-03-08,16,B02,CH1,C00000,CMP000,2,4,37.8
O004676,2024-03-08,13,B02,CH3,C04778,CMP000,0,5,52.35
O004677,2024-03-08,18,B02,CH4,C03885,CMP000,0,5,33.75
O004678,2024-03-08,13,B02,CH1,C00000,CMP000,2,3,32.0
O004679,2024-03-08,19,B02,CH1,C00000,CMP000,1,4,29.05
O004680,2024-03-08,15,B02,CH1,C00000,CMP000,4,13,111.55
O004681,2024-03-08,20,B02,CH1,C00000,CMP000,2,5,41.7
O004682,2024-03-08,20,B02,CH1,C00000,CMP000,3,13,113.75
O004683,2024-03-08,22,B02,CH4,C00000,CMP000,0,4,38.25
O004684,2024-03-08,22,B02,CH2,C00000,CMP000,0,4,26.5
O004685,2024-03-08,12,B02,CH3,C00000,CMP000,0,4,44.0
O004686,2024-03-08,19,B02,CH1,C04430,CMP000,4,12,101.9
O004687,2024-03-09,12,B02,CH1,C00000,CMP000,2,4,38.1
O004688,2024-03-09,12,B02,CH3,C00000,CMP000,0,7,53.5
O004689,2024-03-09,22,B02,CH2,C00000,CMP000,0,2,22.5
O004690,2024-03-09,13,B02,CH1,C03516,CMP000,2,6,38.95
O004691,2024-03-09,20,B02,CH1,C02374,CMP000,2,3,32.35
O004692,2024-03-09,19,B02,CH1,C00970,CMP000,4,14,116.05
O004693,2024-03-09,12,B02,CH4,C00000,CMP000,0,3,22.95
O004694,2024-03-09,20,B02,CH1,C00000,CMP000,2,7,67.8
O004695,2024-03-10,20,B02,CH1,C00000,CMP000,3,11,90.7
O004696,2024-03-10,20,B02,CH1,C00000,CMP000,4,12,110.25
O004697,2024-03-10,17,B02,CH1,C00660,CMP000,2,10,71.5
O004698,2024-03-10,17,B02,CH4,C00000,CMP000,0,6,46.9
O004699,2024-03-10,18,B02,CH1,C00000,CMP000,2,7,51.45
O004700,2024-03-10,22,B02,CH3,C01152,CMP000,0,4,29.65
O004701,2024-03-11,20,B02,CH1,C03975,CMP000,2,8,67.85
O004702,2024-03-11,13,B02,CH1,C02957,CMP000,4,13,107.45
O004703,2024-03-11,20,B02,CH1,C00000,CMP000,2,5,43.55
O004704,2024-03-13,13,B02,CH4,C04005,CMP000,0,3,31.55
O004705,2024-03-13,19,B02,CH1,C00000,CMP000,3,8,82.55
O004706,2024-03-13,20,B02,CH1,C03885,CMP000,1,1,19.95
O004707,2024-03-13,13,B02,CH4,C00000,CMP000,0,1,14.5
O004708,2024-03-13,19,B02,CH1,C00000,CMP000,2,7,67.3
O004709,2024-03-13,19,B02,CH1,C00000,CMP000,2,5,45.05
O004710,2024-03-14,15,B02,CH1,C00000,CMP000,5,16,170.95
O004711,2024-03-14,19,B02,CH2,C00000,CMP000,0,4,33.75
O004712,2024-03-14,17,B02,CH1,C04604,CMP000,5,16,143.85
O004713,2024-03-14,20,B02,CH1,C00000,CMP000,3,6,88.45
O004714,2024-03-14,21,B02,CH1,C00000,CMP000,1,4,35.4
O004715,2024-03-14,14,B02,CH1,C04096,CMP000,3,8,71.8
O004716,2024-03-15,20,B02,CH4,C00000,CMP000,0,2,16.6
O004717,2024-03-15,19,B02,CH1,C01497,CMP000,3,11,84.05
O004718,2024-03-15,19,B02,CH1,C00000,CMP000,4,15,112.75
O004719,2024-03-15,15,B02,CH1,C01696,CMP000,3,10,98.0
O004720,2024-03-15,21,B02,CH1,C00000,CMP000,2,4,46.1
O004721,2024-03-15,19,B02,CH1,C04778,CMP000,3,6,57.85
O004722,2024-03-15,18,B02,CH1,C01142,CMP000,5,17,143.0
O004723,2024-03-15,20,B02,CH1,C00000,CMP000,2,8,74.5
O004724,2024-03-15,18,B02,CH4,C00000,CMP000,0,3,20.6
O004725,2024-03-15,20,B02,CH1,C00000,CMP000,6,19,150.55
O004726,2024-03-15,19,B02,CH1,C00000,CMP000,1,4,33.6
O004727,2024-03-16,12,B02,CH1,C00000,CMP000,4,12,101.0
O004728,2024-03-16,19,B02,CH4,C00000,CMP000,0,4,29.65
O004729,2024-03-16,14,B02,CH1,C00000,CMP000,2,5,35.95
O004730,2024-03-17,19,B02,CH4,C00000,CMP000,0,1,27.2
O004731,2024-03-17,21,B02,CH3,C00000,CMP000,0,2,20.85
O004732,2024-03-17,18,B02,CH1,C00000,CMP000,2,7,55.05
O004733,2024-03-17,14,B02,CH1,C01678,CMP000,3,8,69.25
O004734,2024-03-17,19,B02,CH1,C00000,CMP000,2,6,44.8
O004735,2024-03-18,15,B02,CH1,C04096,CMP000,4,15,142.15
O004736,2024-03-20,13,B02,CH1,C00000,CMP000,2,5,46.1
O004737,2024-03-20,19,B02,CH1,C00000,CMP000,4,13,105.5
O004738,2024-03-20,19,B02,CH1,C00000,CMP000,4,13,121.25
O004739,2024-03-20,18,B02,CH1,C00000,CMP000,2,7,63.05
O004740,2024-03-20,17,B02,CH1,C00000,CMP000,2,5,48.8
O004741,2024-03-20,20,B02,CH2,C00000,CMP000,0,7,74.75
O004742,2024-03-20,18,B02,CH1,C00000,CMP000,2,7,52.15
O004743,2024-03-20,19,B02,CH3,C01210,CMP000,0,4,54.9
O004744,2024-03-20,19,B02,CH3,C00000,CMP000,0,2,16.35
O004745,2024-03-21,21,B02,CH2,C00827,CMP000,0,3,23.3
O004746,2024-03-21,19,B02,CH1,C00000,CMP000,4,12,128.15
O004747,2024-03-21,16,B02,CH1,C03560,CMP000,3,12,139.7
O004748,2024-03-22,18,B02,CH2,C00000,CMP000,0,3,53.35
O004749,2024-03-22,20,B02,CH2,C00027,CMP000,0,2,24.05
O004750,2024-03-22,20,B02,CH4,C00000,CMP000,0,3,31.75
O004751,2024-03-22,18,B02,CH1,C00000,CMP000,2,7,61.9
O004752,2024-03-22,17,B02,CH1,C00000,CMP000,2,6,51.45
O004753,2024-03-23,21,B02,CH1,C00000,CMP000,1,3,26.6
O004754,2024-03-23,13,B02,CH1,C00000,CMP000,2,7,50.7
O004755,2024-03-23,19,B02,CH1,C00000,CMP000,2,5,55.8
O004756,2024-03-23,19,B02,CH1,C00000,CMP000,2,5,45.8
O004757,2024-03-23,20,B02,CH1,C03700,CMP000,3,8,76.9
O004758,2024-03-23,19,B02,CH1,C00000,CMP000,2,9,70.35
O004759,2024-03-23,18,B02,CH1,C00000,CMP000,2,6,55.45
O004760,2024-03-23,13,B02,CH1,C00000,CMP000,3,11,101.2
O004761,2024-03-23,19,B02,CH1,C00000,CMP000,4,11,127.9
O004762,2024-03-23,20,B02,CH2,C00000,CMP000,0,3,32.65
O004763,2024-03-23,12,B02,CH1,C03164,CMP000,2,5,39.35
O004764,2024-03-23,17,B02,CH1,C00000,CMP000,2,6,43.55
O004765,2024-03-24,21,B02,CH1,C04096,CMP000,4,15,142.6
O004766,2024-03-24,21,B02,CH1,C00000,CMP000,3,12,101.45
O004767,2024-03-24,20,B02,CH1,C04697,CMP000,5,15,169.7
O004768,2024-03-24,15,B02,CH1,C01088,CMP000,5,16,156.3
O004769,2024-03-24,19,B02,CH1,C01855,CMP000,1,3,22.7
O004770,2024-03-24,12,B02,CH2,C00000,CMP000,0,4,61.7
O004771,2024-03-24,18,B02,CH4,C00000,CMP000,0,3,20.7
O004772,2024-03-24,13,B02,CH1,C01497,CMP000,1,4,26.05
O004773,2024-03-24,16,B02,CH1,C00000,CMP000,6,23,180.1
O004774,2024-03-25,18,B02,CH4,C00000,CMP000,0,2,16.35
O004775,2024-03-25,19,B02,CH1,C00000,CMP000,1,3,36.0
O004776,2024-03-25,14,B02,CH2,C00000,CMP000,0,2,16.8
O004777,2024-03-25,21,B02,CH1,C00970,CMP000,2,8,80.75
O004778,2024-03-27,22,B02,CH1,C00000,CMP000,1,2,21.45
O004779,2024-03-27,19,B02,CH1,C00376,CMP000,3,8,110.6
O004780,2024-03-27,18,B02,CH1,C00000,CMP000,2,6,55.15
O004781,2024-03-27,18,B02,CH1,C00000,CMP000,5,18,173.6
O004782,2024-03-27,19,B02,CH1,C00000,CMP000,2,4,63.65
O004783,2024-03-27,17,B02,CH1,C04778,CMP000,4,16,131.05
O004784,2024-03-27,21,B02,CH1,C01115,CMP000,1,4,48.5
O004785,2024-03-27,19,B02,CH3,C00000,CMP000,0,4,35.2
O004786,2024-03-28,13,B02,CH1,C03923,CMP000,3,8,75.4
O004787,2024-03-28,21,B02,CH1,C01150,CMP000,1,3,20.6
O004788,2024-03-28,14,B02,CH1,C00000,CMP000,3,9,86.7
O004789,2024-03-28,13,B02,CH4,C00000,CMP000,0,4,30.4
O004790,2024-03-28,19,B02,CH3,C00000,CMP000,0,4,27.4
O004791,2024-03-28,14,B02,CH1,C00000,CMP000,6,19,208.65
O004792,2024-03-29,20,B02,CH1,C00000,CMP000,5,12,105.55
O004793,2024-03-29,14,B02,CH1,C00000,CMP000,6,14,137.9
O004794,2024-03-29,18,B02,CH1,C00900,CMP000,2,7,46.3
O004795,2024-03-29,19,B02,CH1,C00000,CMP000,2,4,41.05
O004796,2024-03-29,15,B02,CH2,C00000,CMP000,0,4,47.65
O004797,2024-03-29,18,B02,CH1,C00000,CMP000,2,5,52.25
O004798,2024-03-29,20,B02,CH1,C00000,CMP000,4,12,106.65
O004799,2024-03-29,13,B02,CH1,C03867,CMP000,2,4,51.45
O004800,2024-03-29,21,B02,CH4,C02886,CMP000,0,6,46.15
O004801,2024-03-30,13,B02,CH1,C00000,CMP000,1,4,29.65
O004802,2024-03-30,19,B02,CH1,C03883,CMP000,4,12,129.9
O004803,2024-03-30,13,B02,CH3,C01259,CMP000,0,7,62.35
O004804,2024-03-30,16,B02,CH1,C00169,CMP000,1,2,17.4
O004805,2024-03-30,12,B02,CH1,C02929,CMP000,1,4,27.85
O004806,2024-03-30,13,B02,CH1,C00000,CMP000,4,7,85.55
O004807,2024-03-30,17,B02,CH3,C00000,CMP000,0,2,19.95
O004808,2024-03-30,18,B02,CH4,C01696,CMP000,0,3,37.2
O004809,2024-03-30,18,B02,CH1,C01819,CMP000,1,4,63.0
O004810,2024-03-31,21,B02,CH1,C00000,CMP000,4,11,101.05
O004811,2024-03-31,17,B02,CH3,C00000,CMP000,0,2,20.4
O004812,2024-03-31,22,B02,CH1,C00000,CMP000,3,11,82.75
O004813,2024-03-31,19,B02,CH4,C03811,CMP000,0,4,28.4
O004814,2024-03-31,21,B02,CH1,C00000,CMP000,4,15,126.1
O004815,2024-04-01,20,B02,CH1,C00000,CMP000,3,9,108.65
O004816,2024-04-01,16,B02,CH4,C00000,CMP000,0,9,69.15
O004817,2024-04-03,19,B02,CH3,C00000,CMP000,0,3,35.85
O004818,2024-04-03,18,B02,CH1,C00000,CMP000,4,13,100.8
O004819,2024-04-03,19,B02,CH1,C00000,CMP000,1,2,17.95
O004820,2024-04-03,22,B02,CH2,C00000,CMP000,0,3,36.1
O004821,2024-04-04,14,B02,CH4,C00000,CMP000,0,5,37.65
O004822,2024-04-04,21,B02,CH1,C00000,CMP000,4,12,151.9
O004823,2024-04-04,19,B02,CH1,C00000,CMP000,1,3,35.85
O004824,2024-04-04,13,B02,CH1,C00000,CMP000,2,4,45.2
O004825,2024-04-04,12,B02,CH1,C02753,CMP000,1,3,31.75
O004826,2024-04-04,15,B02,CH1,C00169,CMP000,6,21,158.4
O004827,2024-04-04,17,B02,CH1,C00000,CMP000,3,8,90.25
O004828,2024-04-04,22,B02,CH1,C00000,CMP000,1,4,34.5
O004829,2024-04-04,19,B02,CH3,C00000,CMP000,0,5,50.25
O004830,2024-04-04,14,B02,CH4,C00000,CMP000,0,3,32.05
O004831,2024-04-04,19,B02,CH3,C00000,CMP000,0,1,12.25
O004832,2024-04-05,22,B02,CH1,C00000,CMP000,2,9,74.1
O004833,2024-04-05,21,B02,CH1,C00000,CMP000,8,24,229.7
O004834,2024-04-05,14,B02,CH1,C00000,CMP000,5,15,154.55
O004835,2024-04-05,19,B02,CH1,C04778,CMP000,2,6,53.5
O004836,2024-04-05,12,B02,CH1,C04778,CMP000,4,13,95.45
O004837,2024-04-05,17,B02,CH1,C00000,CMP000,3,8,88.4
O004838,2024-04-05,18,B02,CH1,C00000,CMP000,1,2,16.95
O004839,2024-04-05,16,B02,CH4,C02865,CMP000,0,7,66.85
O004840,2024-04-05,20,B02,CH1,C00000,CMP000,1,4,35.8
O004841,2024-04-06,22,B02,CH1,C00523,CMP000,3,9,74.9
O004842,2024-04-06,20,B02,CH1,C00000,CMP000,1,3,28.1
O004843,2024-04-06,20,B02,CH1,C01298,CMP000,2,6,56.5
O004844,2024-04-06,19,B02,CH1,C02783,CMP000,1,4,37.9
O004845,2024-04-06,12,B02,CH4,C04756,CMP000,0,2,23.15
O004846,2024-04-06,19,B02,CH2,C00000,CMP000,0,3,19.7
O004847,2024-04-06,15,B02,CH1,C00000,CMP000,2,7,63.05
O004848,2024-04-06,20,B02,CH1,C00000,CMP000,2,7,56.05
O004849,2024-04-06,22,B02,CH1,C00000,CMP000,2,6,75.1
O004850,2024-04-06,19,B02,CH1,C02196,CMP000,3,10,83.25
O004851,2024-04-07,19,B02,CH1,C00000,CMP000,3,9,102.3
O004852,2024-04-07,18,B02,CH1,C00000,CMP000,3,9,94.85
O004853,2024-04-07,20,B02,CH1,C00000,CMP000,2,8,108.85
O004854,2024-04-07,21,B02,CH1,C00000,CMP000,3,10,110.1
O004855,2024-04-08,14,B02,CH1,C00000,CMP000,6,14,136.25
O004856,2024-04-08,21,B02,CH2,C00000,CMP000,0,4,43.25
O004857,2024-04-10,19,B02,CH1,C00000,CMP000,4,15,114.7
O004858,2024-04-10,14,B02,CH1,C00000,CMP000,2,5,38.45
O004859,2024-04-10,17,B02,CH3,C00000,CMP000,0,4,41.75
O004860,2024-04-10,20,B02,CH2,C02865,CMP000,0,6,47.55
O004861,2024-04-10,21,B02,CH1,C00000,CMP000,5,19,186.85
O004862,2024-04-10,16,B02,CH2,C00000,CMP000,0,6,58.95
O004863,2024-04-11,12,B02,CH1,C00000,CMP000,2,5,47.3
O004864,2024-04-11,21,B02,CH3,C00000,CMP000,0,2,17.7
O004865,2024-04-11,19,B02,CH1,C00000,CMP000,5,17,186.25
O004866,2024-04-11,19,B02,CH1,C03528,CMP000,4,16,114.7
O004867,2024-04-12,19,B02,CH1,C00000,CMP000,2,5,56.7
O004868,2024-04-12,15,B02,CH1,C00000,CMP000,4,12,126.35
O004869,2024-04-12,21,B02,CH1,C00897,CMP000,4,11,100.6
O004870,2024-04-12,18,B02,CH1,C00000,CMP000,8,31,298.1
O004871,2024-04-13,15,B02,CH1,C00000,CMP000,2,6,60.45
O004872,2024-04-13,14,B02,CH1,C00000,CMP000,3,7,63.65
O004873,2024-04-13,12,B02,CH2,C00000,CMP000,0,4,32.4
O004874,2024-04-13,12,B02,CH1,C00000,CMP000,2,5,49.45
O004875,2024-04-13,14,B02,CH1,C00000,CMP000,4,11,101.55
O004876,2024-04-13,22,B02,CH1,C00000,CMP000,3,12,124.25
O004877,2024-04-13,20,B02,CH1,C00000,CMP000,1,4,29.3
O004878,2024-04-13,15,B02,CH1,C00000,CMP000,2,6,57.75
O004879,2024-04-14,20,B02,CH1,C00000,CMP000,2,6,61.1
O004880,2024-04-14,17,B02,CH1,C00000,CMP000,2,7,57.25
O004881,2024-04-14,20,B02,CH1,C00000,CMP000,1,4,28.85
O004882,2024-04-14,14,B02,CH1,C01030,CMP000,1,3,31.75
O004883,2024-04-14,19,B02,CH1,C00000,CMP000,3,8,94.3
O004884,2024-04-14,14,B02,CH4,C00000,CMP000,0,2,30.1
O004885,2024-04-15,14,B02,CH1,C04778,CMP000,2,7,66.5
O004886,2024-04-15,20,B02,CH3,C00000,CMP000,0,3,24.95
O004887,2024-04-15,15,B02,CH1,C00000,CMP000,1,3,29.45
O004888,2024-04-15,12,B02,CH1,C00000,CMP000,4,14,112.35
O004889,2024-04-17,19,B02,CH1,C00000,CMP000,5,13,124.7
O004890,2024-04-17,17,B02,CH1,C00000,CMP000,2,8,61.95
O004891,2024-04-17,15,B02,CH1,C00000,CMP000,2,3,78.25
O004892,2024-04-18,18,B02,CH2,C00000,CMP000,0,2,16.8
O004893,2024-04-18,21,B02,CH1,C00000,CMP000,4,14,148.7
O004894,2024-04-18,20,B02,CH2,C00000,CMP000,0,3,20.25
O004895,2024-04-18,17,B02,CH1,C00000,CMP000,1,3,23.6
O004896,2024-04-19,20,B02,CH2,C00000,CMP000,0,2,15.9
O004897,2024-04-19,13,B02,CH1,C04778,CMP000,2,6,54.6
O004898,2024-04-19,19,B02,CH1,C00000,CMP000,4,11,108.6
O004899,2024-04-19,19,B02,CH1,C00000,CMP000,5,18,185.3
O004900,2024-04-19,20,B02,CH1,C00000,CMP000,1,3,34.45
O004901,2024-04-19,17,B02,CH3,C00523,CMP000,0,3,30.4
O004902,2024-04-19,18,B02,CH2,C01819,CMP000,0,1,23.6
O004903,2024-04-19,21,B02,CH1,C00291,CMP000,1,2,20.6
O004904,2024-04-19,22,B02,CH4,C00000,CMP000,0,4,31.1
O004905,2024-04-19,12,B02,CH1,C03047,CMP000,1,2,18.15
O004906,2024-04-20,15,B02,CH2,C00000,CMP000,0,5,39.65
O004907,2024-04-20,22,B02,CH1,C00000,CMP000,2,8,58.85
O004908,2024-04-20,13,B02,CH1,C00000,CMP000,3,7,72.3
O004909,2024-04-20,12,B02,CH1,C03586,CMP000,5,13,142.3
O004910,2024-04-20,22,B02,CH1,C00376,CMP000,8,24,250.85
O004911,2024-04-20,21,B02,CH1,C00000,CMP000,4,12,101.15
O004912,2024-04-20,12,B02,CH1,C00000,CMP000,2,7,63.2
O004913,2024-04-20,12,B02,CH1,C01696,CMP000,2,6,69.65
O004914,2024-04-20,16,B02,CH1,C00000,CMP000,3,9,81.05
O004915,2024-04-20,12,B02,CH1,C00000,CMP000,3,9,83.45
O004916,2024-04-21,14,B02,CH1,C00000,CMP000,2,5,47.05
O004917,2024-04-21,19,B02,CH2,C00000,CMP000,0,3,26.95
O004918,2024-04-21,12,B02,CH1,C00000,CMP000,4,11,91.95
O004919,2024-04-21,18,B02,CH3,C00000,CMP000,0,6,66.25
O004920,2024-04-22,13,B02,CH1,C00000,CMP000,2,5,54.4
O004921,2024-04-22,12,B02,CH2,C00000,CMP000,0,3,40.85
O004922,2024-04-24,19,B02,CH2,C00000,CMP000,0,2,20.6
O004923,2024-04-25,22,B02,CH1,C00000,CMP000,4,10,93.4
O004924,2024-04-25,22,B02,CH1,C00000,CMP000,4,13,114.8
O004925,2024-04-25,17,B02,CH3,C00000,CMP000,0,9,81.45
O004926,2024-04-25,20,B02,CH3,C00000,CMP000,0,4,40.85
O004927,2024-04-25,22,B02,CH1,C00000,CMP000,3,9,78.7
O004928,2024-04-26,20,B02,CH1,C01164,CMP000,8,24,195.5
O004929,2024-04-26,21,B02,CH1,C00027,CMP000,2,5,56.4
O004930,2024-04-26,19,B02,CH2,C00000,CMP000,0,8,73.25
O004931,2024-04-26,13,B02,CH1,C00000,CMP000,4,13,110.75
O004932,2024-04-26,17,B02,CH1,C04917,CMP000,1,5,63.5
O004933,2024-04-27,19,B02,CH1,C00000,CMP000,2,4,52.3
O004934,2024-04-27,21,B02,CH1,C00000,CMP000,3,10,87.85
O004935,2024-04-27,14,B02,CH1,C00000,CMP000,2,5,38.1
O004936,2024-04-27,14,B02,CH1,C00000,CMP000,2,6,52.15
O004937,2024-04-27,21,B02,CH1,C00000,CMP000,2,6,50.95
O004938,2024-04-27,18,B02,CH1,C00000,CMP000,2,5,40.35
O004939,2024-04-27,18,B02,CH1,C00000,CMP000,4,12,129.05
O004940,2024-04-27,21,B02,CH2,C03528,CMP000,0,3,25.4
O004941,2024-04-27,22,B02,CH3,C03463,CMP000,0,7,69.25
O004942,2024-04-27,20,B02,CH1,C00000,CMP000,2,6,43.6
O004943,2024-04-27,20,B02,CH4,C00000,CMP000,0,4,41.75
O004944,2024-04-27,18,B02,CH3,C00000,CMP000,0,5,43.4
O004945,2024-04-27,12,B02,CH1,C00000,CMP000,2,7,50.35
O004946,2024-04-27,19,B02,CH1,C00000,CMP000,2,5,44.45
O004947,2024-04-27,21,B02,CH1,C00000,CMP000,4,13,99.15
O004948,2024-04-27,19,B02,CH1,C00000,CMP000,3,11,91.8
O004949,2024-04-27,12,B02,CH1,C04731,CMP000,2,7,69.4
O004950,2024-04-27,20,B02,CH1,C00000,CMP000,2,9,69.15
O004951,2024-04-28,20,B02,CH3,C00000,CMP000,0,3,32.65
O004952,2024-04-28,18,B02,CH4,C00000,CMP000,0,3,30.65
O004953,2024-04-28,18,B02,CH1,C00298,CMP000,3,6,70.9
O004954,2024-04-28,14,B02,CH1,C00000,CMP000,1,3,22.7
O004955,2024-04-28,20,B02,CH1,C00000,CMP000,2,6,47.15
O004956,2024-04-28,13,B02,CH1,C02783,CMP000,8,24,203.6
O004957,2024-04-29,19,B02,CH1,C00000,CMP000,1,2,17.5
O004958,2024-04-29,13,B02,CH1,C04719,CMP000,6,18,147.85
O004959,2024-04-29,22,B02,CH1,C01941,CMP000,4,14,133.6
O004960,2024-04-29,18,B02,CH1,C00000,CMP000,3,9,113.7
O004961,2024-04-29,13,B02,CH1,C00000,CMP000,4,10,102.0
O004962,2024-04-29,18,B02,CH3,C01696,CMP000,0,7,124.25
O004963,2024-05-01,21,B02,CH1,C00000,CMP000,2,9,66.85
O004964,2024-05-01,19,B02,CH4,C00000,CMP000,0,5,50.05
O004965,2024-05-01,21,B02,CH1,C00829,CMP000,2,5,44.15
O004966,2024-05-01,15,B02,CH1,C00000,CMP000,4,17,160.15
O004967,2024-05-01,22,B02,CH1,C00000,CMP000,6,17,141.35
O004968,2024-05-01,21,B02,CH1,C00000,CMP000,4,13,126.4
O004969,2024-05-02,12,B02,CH1,C00000,CMP000,4,11,116.85
O004970,2024-05-02,20,B02,CH1,C02606,CMP000,4,12,110.75
O004971,2024-05-02,21,B02,CH4,C00000,CMP000,0,5,54.9
O004972,2024-05-02,17,B02,CH2,C00000,CMP000,0,1,17.7
O004973,2024-05-02,22,B02,CH1,C04096,CMP000,1,3,21.15
O004974,2024-05-03,13,B02,CH4,C00000,CMP000,0,3,20.6
O004975,2024-05-03,16,B02,CH1,C00577,CMP000,1,5,39.9
O004976,2024-05-03,21,B02,CH1,C00000,CMP000,1,2,20.1
O004977,2024-05-03,22,B02,CH1,C00000,CMP000,6,16,149.95
O004978,2024-05-03,21,B02,CH1,C00000,CMP000,2,8,88.4
O004979,2024-05-03,14,B02,CH1,C00000,CMP000,2,5,64.4
O004980,2024-05-03,12,B02,CH4,C03115,CMP000,0,3,37.6
O004981,2024-05-03,19,B02,CH1,C00000,CMP000,2,7,56.5
O004982,2024-05-03,19,B02,CH1,C00000,CMP000,2,7,54.9
O004983,2024-05-03,14,B02,CH1,C03565,CMP000,8,20,178.45
O004984,2024-05-04,12,B02,CH1,C00869,CMP000,2,4,37.35
O004985,2024-05-04,22,B02,CH1,C00000,CMP000,2,7,73.65
O004986,2024-05-04,20,B02,CH1,C00000,CMP000,3,9,91.05
O004987,2024-05-04,15,B02,CH2,C00000,CMP000,0,1,19.05
O004988,2024-05-04,20,B02,CH1,C00000,CMP000,2,8,75.25
O004989,2024-05-04,21,B02,CH1,C00000,CMP000,3,9,80.4
O004990,2024-05-04,17,B02,CH1,C04697,CMP000,2,7,58.3
O004991,2024-05-04,22,B02,CH4,C02973,CMP000,0,6,43.55
O004992,2024-05-04,17,B02,CH2,C00000,CMP000,0,2,33.1
O004993,2024-05-04,17,B02,CH1,C01904,CMP000,2,7,71.65
O004994,2024-05-04,14,B02,CH1,C00000,CMP000,1,3,19.8
O004995,2024-05-04,16,B02,CH4,C00000,CMP000,0,2,20.6
O004996,2024-05-04,19,B02,CH1,C00000,CMP000,1,3,33.55
O004997,2024-05-04,19,B02,CH3,C00000,CMP000,0,5,44.65
O004998,2024-05-05,22,B02,CH1,C00829,CMP000,2,8,62.55
O004999,2024-05-05,21,B02,CH1,C00000,CMP000,8,32,288.5
O005000,2024-05-05,19,B02,CH1,C04331,CMP000,5,16,144.6
O005001,2024-05-05,12,B02,CH1,C00000,CMP000,4,10,94.65
O005002,2024-05-05,20,B02,CH1,C02561,CMP000,1,4,39.0
O005003,2024-05-05,19,B02,CH1,C04778,CMP000,4,17,135.75
O005004,2024-05-05,14,B02,CH1,C00000,CMP000,2,5,47.2
O005005,2024-05-05,20,B02,CH1,C02866,CMP000,2,5,45.05
O005006,2024-05-06,19,B02,CH1,C03194,CMP000,3,9,119.0
O005007,2024-05-06,14,B02,CH3,C00000,CMP000,0,5,50.55
O005008,2024-05-06,18,B02,CH1,C00000,CMP000,2,6,47.0
O005009,2024-05-08,18,B02,CH1,C00000,CMP000,3,9,87.75
O005010,2024-05-08,20,B02,CH1,C00000,CMP000,2,6,47.6
O005011,2024-05-09,20,B02,CH1,C00000,CMP000,1,4,48.7
O005012,2024-05-09,12,B02,CH1,C00000,CMP000,1,3,23.4
O005013,2024-05-09,18,B02,CH1,C00000,CMP000,8,25,277.2
O005014,2024-05-09,20,B02,CH1,C00000,CMP000,2,6,65.3
O005015,2024-05-10,20,B02,CH1,C03516,CMP000,2,6,58.75
O005016,2024-05-10,14,B02,CH1,C04697,CMP000,6,16,147.9
O005017,2024-05-10,18,B02,CH1,C00000,CMP000,2,7,62.4
O005018,2024-05-10,21,B02,CH1,C04778,CMP000,4,13,113.4
O005019,2024-05-10,18,B02,CH4,C04778,CMP000,0,4,34.2
O005020,2024-05-10,19,B02,CH1,C00000,CMP000,2,8,83.45
O005021,2024-05-10,17,B02,CH1,C00000,CMP000,3,12,145.15
O005022,2024-05-10,19,B02,CH1,C00000,CMP000,2,4,49.9
O005023,2024-05-10,21,B02,CH1,C01968,CMP000,7,26,219.45
O005024,2024-05-10,20,B02,CH1,C03288,CMP000,7,30,224.15
O005025,2024-05-10,19,B02,CH1,C04096,CMP000,2,7,53.55
O005026,2024-05-11,21,B02,CH3,C04921,CMP000,0,2,19.05
O005027,2024-05-11,15,B02,CH1,C00000,CMP000,3,11,113.15
O005028,2024-05-11,20,B02,CH1,C00000,CMP000,5,15,148.45
O005029,2024-05-11,20,B02,CH2,C00000,CMP000,0,6,43.75
O005030,2024-05-11,19,B02,CH1,C01870,CMP000,2,6,56.25
O005031,2024-05-11,20,B02,CH1,C01696,CMP000,2,6,50.35
O005032,2024-05-11,21,B02,CH2,C00000,CMP000,0,5,41.9
O005033,2024-05-11,13,B02,CH1,C00000,CMP000,6,13,122.5
O005034,2024-05-11,22,B02,CH1,C00000,CMP000,4,18,145.05
O005035,2024-05-11,20,B02,CH1,C00000,CMP000,4,13,127.55
O005036,2024-05-12,17,B02,CH1,C04778,CMP000,2,6,98.7
O005037,2024-05-12,20,B02,CH1,C04697,CMP000,7,23,187.0
O005038,2024-05-12,18,B02,CH2,C00000,CMP000,0,3,20.7
O005039,2024-05-12,18,B02,CH1,C00000,CMP000,4,13,114.75
O005040,2024-05-12,13,B02,CH1,C02374,CMP000,2,5,55.6
O005041,2024-05-12,19,B02,CH1,C01972,CMP000,2,7,54.95
O005042,2024-05-13,14,B02,CH1,C00000,CMP000,2,4,36.45
O005043,2024-05-13,18,B02,CH1,C00000,CMP000,4,12,118.2
O005044,2024-05-13,21,B02,CH1,C00000,CMP000,3,8,98.4
O005045,2024-05-13,20,B02,CH1,C01904,CMP000,2,4,43.8
O005046,2024-05-13,18,B02,CH4,C00000,CMP000,0,3,19.35
O005047,2024-05-15,20,B02,CH1,C00000,CMP000,4,10,91.65
O005048,2024-05-15,22,B02,CH1,C00000,CMP000,7,23,205.3
O005049,2024-05-15,17,B02,CH1,C00000,CMP000,3,12,126.6
O005050,2024-05-15,16,B02,CH3,C00000,CMP000,0,2,16.95
O005051,2024-05-15,21,B02,CH1,C00000,CMP000,2,7,81.5
O005052,2024-05-15,13,B02,CH1,C00000,CMP000,4,12,92.8
O005053,2024-05-15,20,B02,CH1,C00000,CMP000,3,9,75.3
O005054,2024-05-15,19,B02,CH1,C00000,CMP000,4,14,130.1
O005055,2024-05-16,22,B02,CH1,C00000,CMP000,5,14,162.05
O005056,2024-05-16,20,B02,CH1,C00000,CMP000,4,11,104.8
O005057,2024-05-16,18,B02,CH1,C00578,CMP000,7,23,230.0
O005058,2024-05-16,17,B02,CH1,C00256,CMP000,4,17,165.3
O005059,2024-05-16,12,B02,CH1,C01016,CMP000,4,9,90.25
O005060,2024-05-16,13,B02,CH4,C00000,CMP000,0,1,23.6
O005061,2024-05-16,13,B02,CH1,C01150,CMP000,5,14,128.3
O005062,2024-05-17,16,B02,CH1,C00000,CMP000,4,12,113.2
O005063,2024-05-17,18,B02,CH1,C00000,CMP000,1,4,33.55
O005064,2024-05-17,22,B02,CH1,C00000,CMP000,1,3,27.2
O005065,2024-05-17,13,B02,CH1,C00000,CMP000,2,6,44.45
O005066,2024-05-17,22,B02,CH1,C00000,CMP000,7,20,166.4
O005067,2024-05-17,14,B02,CH1,C00000,CMP000,5,14,143.45
O005068,2024-05-17,13,B02,CH1,C00000,CMP000,3,9,99.3
O005069,2024-05-17,19,B02,CH1,C00000,CMP000,4,11,112.9
O005070,2024-05-17,13,B02,CH1,C00000,CMP000,2,6,68.45
O005071,2024-05-17,18,B02,CH2,C00000,CMP000,0,5,67.6
O005072,2024-05-17,22,B02,CH1,C00000,CMP000,3,11,104.3
O005073,2024-05-18,12,B02,CH1,C00000,CMP000,4,14,141.55
O005074,2024-05-18,15,B02,CH1,C00827,CMP000,2,4,56.7
O005075,2024-05-18,20,B02,CH1,C00000,CMP000,3,7,87.05
O005076,2024-05-18,21,B02,CH1,C00000,CMP000,2,6,50.95
O005077,2024-05-18,18,B02,CH1,C00000,CMP000,5,15,141.3
O005078,2024-05-18,18,B02,CH2,C00000,CMP000,0,3,23.6
O005079,2024-05-19,22,B02,CH1,C00000,CMP000,2,3,46.25
O005080,2024-05-19,20,B02,CH1,C00000,CMP000,1,4,26.85
O005081,2024-05-19,19,B02,CH4,C00000,CMP000,0,6,53.55
O005082,2024-05-19,14,B02,CH1,C00000,CMP000,2,9,82.3
O005083,2024-05-19,12,B02,CH1,C00000,CMP000,6,20,160.05
O005084,2024-05-19,20,B02,CH1,C02486,CMP000,2,8,89.1
O005085,2024-05-19,13,B02,CH1,C02374,CMP000,2,7,51.55
O005086,2024-05-20,22,B02,CH1,C00000,CMP000,2,8,97.05
O005087,2024-05-20,19,B02,CH4,C00000,CMP000,0,3,25.4
O005088,2024-05-20,12,B02,CH1,C00008,CMP000,3,6,73.35
O005089,2024-05-20,18,B02,CH1,C01678,CMP000,6,21,203.25
O005090,2024-05-22,12,B02,CH1,C00000,CMP000,4,11,88.45
O005091,2024-05-22,19,B02,CH1,C00000,CMP000,4,9,94.7
O005092,2024-05-23,12,B02,CH1,C02561,CMP000,2,7,49.65
O005093,2024-05-23,17,B02,CH3,C00000,CMP000,0,6,46.45
O005094,2024-05-23,14,B02,CH1,C02865,CMP000,2,5,51.25
O005095,2024-05-23,14,B02,CH1,C01696,CMP000,2,7,53.7
O005096,2024-05-23,16,B02,CH3,C00000,CMP000,0,5,69.85
O005097,2024-05-23,19,B02,CH1,C00000,CMP000,2,8,121.75
O005098,2024-05-23,18,B02,CH1,C00000,CMP000,2,6,52.8
O005099,2024-05-23,19,B02,CH1,C02688,CMP000,4,10,85.35
O005100,2024-05-24,22,B02,CH1,C00000,CMP000,6,15,153.1
O005101,2024-05-24,20,B02,CH2,C00000,CMP000,0,7,49.8
O005102,2024-05-24,14,B02,CH1,C04356,CMP000,2,5,48.1
O005103,2024-05-24,17,B02,CH1,C00000,CMP000,2,6,56.05
O005104,2024-05-24,14,B02,CH1,C00000,CMP000,2,3,45.8
O005105,2024-05-24,20,B02,CH1,C00000,CMP000,2,6,47.0
O005106,2024-05-24,17,B02,CH2,C00000,CMP000,0,3,35.55
O005107,2024-05-25,12,B02,CH1,C04921,CMP000,2,6,62.15
O005108,2024-05-25,22,B02,CH4,C04778,CMP000,0,5,39.0
O005109,2024-05-25,12,B02,CH1,C00000,CMP000,4,9,90.05
O005110,2024-05-25,14,B02,CH1,C02368,CMP000,6,19,153.3
O005111,2024-05-25,13,B02,CH1,C00000,CMP000,1,2,22.65
O005112,2024-05-25,22,B02,CH2,C00000,CMP000,0,2,17.05
O005113,2024-05-26,12,B02,CH1,C04778,CMP000,4,8,85.75
O005114,2024-05-26,17,B02,CH1,C00000,CMP000,2,6,75.0
O005115,2024-05-27,19,B02,CH4,C00000,CMP000,0,3,24.95
O005116,2024-05-27,20,B02,CH1,C02310,CMP000,4,14,121.0
O005117,2024-05-27,19,B02,CH1,C04407,CMP000,3,10,127.05
O005118,2024-05-29,20,B02,CH1,C00000,CMP000,2,5,54.4
O005119,2024-05-29,18,B02,CH1,C00000,CMP000,1,4,26.5
O005120,2024-05-29,12,B02,CH1,C00000,CMP000,2,6,44.65
O005121,2024-05-29,19,B02,CH1,C00000,CMP000,4,12,125.6
O005122,2024-05-29,18,B02,CH1,C00000,CMP000,4,13,132.3
O005123,2024-05-30,12,B02,CH1,C00000,CMP000,2,5,54.4
O005124,2024-05-30,18,B02,CH1,C03923,CMP000,2,8,86.0
O005125,2024-05-30,19,B02,CH2,C00000,CMP000,0,3,32.2
O005126,2024-05-30,22,B02,CH1,C00000,CMP000,4,15,144.0
O005127,2024-05-31,20,B02,CH1,C04697,CMP000,4,10,104.0
O005128,2024-05-31,22,B02,CH1,C00000,CMP000,2,5,51.2
O005129,2024-05-31,20,B02,CH1,C00000,CMP000,3,12,95.3
O005130,2024-05-31,22,B02,CH2,C00000,CMP000,0,3,19.7
O005131,2024-05-31,19,B02,CH1,C00000,CMP000,2,5,44.0
O005132,2024-05-31,18,B02,CH1,C00000,CMP000,4,10,89.55
O005133,2024-05-31,12,B02,CH1,C00000,CMP000,2,7,54.95
O005134,2024-05-31,13,B02,CH1,C00000,CMP000,2,5,48.7
O005135,2024-05-31,21,B02,CH1,C00000,CMP000,4,12,124.15
O005136,2024-06-01,20,B02,CH1,C03586,CMP000,2,4,42.15
O005137,2024-06-01,14,B02,CH1,C00000,CMP000,2,6,53.15
O005138,2024-06-01,20,B02,CH1,C01271,CMP000,1,2,19.5
O005139,2024-06-01,22,B02,CH1,C00000,CMP000,2,8,69.9
O005140,2024-06-01,12,B02,CH1,C00000,CMP000,1,3,22.05
O005141,2024-06-01,17,B02,CH1,C01819,CMP000,2,6,50.5
O005142,2024-06-01,21,B02,CH1,C04096,CMP000,2,7,56.95
O005143,2024-06-01,12,B02,CH1,C01150,CMP000,7,21,203.1
O005144,2024-06-02,18,B02,CH1,C00000,CMP000,4,9,98.85
O005145,2024-06-02,18,B02,CH1,C04697,CMP000,2,6,55.2
O005146,2024-06-02,19,B02,CH1,C00000,CMP000,4,12,116.55
O005147,2024-06-02,22,B02,CH1,C00027,CMP000,4,10,103.65
O005148,2024-06-03,17,B02,CH1,C00000,CMP000,2,5,59.1
O005149,2024-06-03,13,B02,CH2,C01696,CMP000,0,2,17.25
O005150,2024-06-03,16,B02,CH4,C00000,CMP000,0,4,41.0
O005151,2024-06-03,13,B02,CH1,C01259,CMP000,2,4,46.1
O005152,2024-06-03,19,B02,CH1,C00000,CMP000,4,13,139.2
O005153,2024-06-03,17,B02,CH1,C01361,CMP000,3,11,92.7
O005154,2024-06-03,20,B02,CH1,C02621,CMP000,1,3,26.1
O005155,2024-06-05,13,B02,CH1,C00000,CMP000,2,6,60.95
O005156,2024-06-05,19,B02,CH1,C00000,CMP000,8,27,252.1
O005157,2024-06-06,17,B02,CH1,C04820,CMP000,6,21,187.8
O005158,2024-06-06,22,B02,CH1,C02490,CMP000,2,5,37.65
O005159,2024-06-06,14,B02,CH1,C00000,CMP000,2,8,65.3
O005160,2024-06-07,19,B02,CH1,C00000,CMP000,3,11,90.25
O005161,2024-06-07,21,B02,CH2,C00000,CMP000,0,5,42.2
O005162,2024-06-07,14,B02,CH1,C00000,CMP000,1,2,17.25
O005163,2024-06-07,19,B02,CH1,C00000,CMP000,1,3,23.4
O005164,2024-06-07,17,B02,CH3,C00000,CMP000,0,3,23.15
O005165,2024-06-07,20,B02,CH1,C00000,CMP000,4,11,87.7
O005166,2024-06-07,22,B02,CH1,C00000,CMP000,4,16,173.85
O005167,2024-06-07,19,B02,CH2,C00000,CMP000,0,5,48.8
O005168,2024-06-07,17,B02,CH1,C00000,CMP000,7,21,212.0
O005169,2024-06-08,19,B02,CH4,C00000,CMP000,0,5,41.0
O005170,2024-06-08,19,B02,CH1,C00000,CMP000,3,10,83.7
O005171,2024-06-08,12,B02,CH1,C04778,CMP000,2,6,44.8
O005172,2024-06-08,19,B02,CH1,C00000,CMP000,2,5,73.05
O005173,2024-06-08,20,B02,CH4,C00000,CMP000,0,1,14.05
O005174,2024-06-08,20,B02,CH1,C00000,CMP000,4,12,125.4
O005175,2024-06-08,19,B02,CH1,C00000,CMP000,2,9,71.9
O005176,2024-06-09,21,B02,CH2,C04778,CMP000,0,3,23.3
O005177,2024-06-09,21,B02,CH2,C00000,CMP000,0,4,34.3
O005178,2024-06-09,13,B02,CH1,C00827,CMP000,4,12,101.55
O005179,2024-06-09,13,B02,CH1,C00000,CMP000,2,7,90.6
O005180,2024-06-09,19,B02,CH1,C00000,CMP000,2,5,85.05
O005181,2024-06-09,18,B02,CH2,C04978,CMP000,0,2,17.7
O005182,2024-06-10,22,B02,CH1,C04096,CMP000,1,4,44.7
O005183,2024-06-12,20,B02,CH1,C00000,CMP000,4,16,158.75
O005184,2024-06-12,21,B02,CH1,C04778,CMP000,4,13,107.55
O005185,2024-06-12,17,B02,CH3,C00000,CMP000,0,2,22.7
O005186,2024-06-12,21,B02,CH1,C04978,CMP000,2,5,57.35
O005187,2024-06-12,12,B02,CH1,C00000,CMP000,4,13,104.95
O005188,2024-06-12,13,B02,CH1,C01558,CMP000,3,7,64.65
O005189,2024-06-12,19,B02,CH1,C00000,CMP000,4,13,119.7
O005190,2024-06-13,13,B02,CH1,C00000,CMP000,7,21,173.1
O005191,2024-06-13,20,B02,CH4,C04331,CMP000,0,4,34.2
O005192,2024-06-13,17,B02,CH2,C00000,CMP000,0,2,18.15
O005193,2024-06-14,18,B02,CH1,C01601,CMP000,1,3,23.85
O005194,2024-06-14,19,B02,CH3,C00798,CMP000,0,3,27.65
O005195,2024-06-14,21,B02,CH3,C00000,CMP000,0,3,19.25
O005196,2024-06-14,19,B02,CH1,C04778,CMP000,2,8,121.15
O005197,2024-06-14,14,B02,CH4,C00000,CMP000,0,4,39.0
O005198,2024-06-14,20,B02,CH2,C00000,CMP000,0,9,80.5
O005199,2024-06-15,12,B02,CH1,C00000,CMP000,4,10,79.1
O005200,2024-06-15,18,B02,CH1,C00000,CMP000,3,8,62.5
O005201,2024-06-15,17,B02,CH1,C00000,CMP000,2,7,78.5
O005202,2024-06-15,19,B02,CH1,C00000,CMP000,4,15,147.4
O005203,2024-06-15,20,B02,CH1,C00000,CMP000,2,5,43.6
O005204,2024-06-15,18,B02,CH1,C00000,CMP000,4,11,98.5
O005205,2024-06-15,21,B02,CH4,C00000,CMP000,0,4,31.75
O005206,2024-06-15,16,B02,CH1,C00000,CMP000,1,2,19.5
O005207,2024-06-15,20,B02,CH4,C00000,CMP000,0,8,71.6
O005208,2024-06-15,19,B02,CH1,C00000,CMP000,2,6,53.95
O005209,2024-06-15,22,B02,CH1,C00000,CMP000,6,18,204.05
O005210,2024-06-15,16,B02,CH1,C04161,CMP000,4,13,140.05
O005211,2024-06-16,13,B02,CH1,C01150,CMP000,4,9,89.35
O005212,2024-06-16,12,B02,CH1,C02731,CMP000,2,6,44.9
O005213,2024-06-16,21,B02,CH1,C00000,CMP000,2,5,60.45
O005214,2024-06-16,18,B02,CH1,C00000,CMP000,7,22,250.3
O005215,2024-06-16,22,B02,CH1,C03040,CMP000,1,3,22.95
O005216,2024-06-16,18,B02,CH3,C02157,CMP000,0,2,19.05
O005217,2024-06-16,21,B02,CH1,C00000,CMP000,1,5,29.6
O005218,2024-06-17,13,B02,CH1,C00000,CMP000,6,15,136.75
O005219,2024-06-17,19,B02,CH4,C00000,CMP000,0,5,41.3
O005220,2024-06-17,19,B02,CH1,C00000,CMP000,2,6,54.0
O005221,2024-06-17,16,B02,CH2,C00000,CMP000,0,3,39.65
O005222,2024-06-17,19,B02,CH1,C00000,CMP000,4,15,135.25
O005223,2024-06-17,14,B02,CH1,C00000,CMP000,4,8,99.05
O005224,2024-06-17,20,B02,CH1,C00000,CMP000,4,10,92.4
O005225,2024-06-19,22,B02,CH1,C04356,CMP000,4,16,159.9
O005226,2024-06-19,20,B02,CH1,C00000,CMP000,2,9,91.15
O005227,2024-06-19,18,B02,CH1,C04957,CMP000,3,11,80.2
O005228,2024-06-19,20,B02,CH3,C00000,CMP000,0,2,16.95
O005229,2024-06-20,12,B02,CH1,C01449,CMP000,2,2,50.8
O005230,2024-06-20,20,B02,CH1,C00000,CMP000,1,3,29.05
O005231,2024-06-20,18,B02,CH1,C00000,CMP000,4,11,101.55
O005232,2024-06-21,13,B02,CH1,C04778,CMP000,5,14,131.95
O005233,2024-06-21,19,B02,CH1,C00000,CMP000,2,5,43.7
O005234,2024-06-21,17,B02,CH1,C00000,CMP000,2,7,58.95
O005235,2024-06-21,22,B02,CH4,C02957,CMP000,0,6,51.15
O005236,2024-06-21,18,B02,CH3,C04778,CMP000,0,3,38.1
O005237,2024-06-21,22,B02,CH1,C00000,CMP000,2,4,44.85
O005238,2024-06-21,13,B02,CH3,C00000,CMP000,0,5,38.3
O005239,2024-06-21,12,B02,CH2,C00000,CMP000,0,3,38.4
O005240,2024-06-21,17,B02,CH1,C04778,CMP000,2,7,59.9
O005241,2024-06-21,20,B02,CH4,C00000,CMP000,0,2,19.95
O005242,2024-06-21,18,B02,CH2,C00000,CMP000,0,3,38.55
O005243,2024-06-22,19,B02,CH1,C03565,CMP000,2,4,61.65
O005244,2024-06-22,17,B02,CH1,C00321,CMP000,4,12,115.9
O005245,2024-06-22,19,B02,CH1,C03115,CMP000,4,16,127.5
O005246,2024-06-22,15,B02,CH1,C02939,CMP000,2,5,38.65
O005247,2024-06-22,21,B02,CH1,C00000,CMP000,2,7,64.15
O005248,2024-06-22,18,B02,CH1,C00914,CMP000,4,12,121.45
O005249,2024-06-22,18,B02,CH1,C00000,CMP000,1,3,25.65
O005250,2024-06-22,22,B02,CH2,C00000,CMP000,0,6,45.1
O005251,2024-06-22,19,B02,CH1,C00000,CMP000,5,11,99.5
O005252,2024-06-22,13,B02,CH1,C00000,CMP000,1,3,20.25
O005253,2024-06-22,13,B02,CH1,C00810,CMP000,2,8,74.3
O005254,2024-06-22,14,B02,CH1,C00428,CMP000,5,15,131.65
O005255,2024-06-23,21,B02,CH1,C00000,CMP000,2,7,59.1
O005256,2024-06-23,16,B02,CH4,C00000,CMP000,0,9,77.8
O005257,2024-06-23,19,B02,CH1,C00000,CMP000,2,8,65.65
O005258,2024-06-23,19,B02,CH1,C00000,CMP000,6,19,214.3
O005259,2024-06-23,16,B02,CH1,C00000,CMP000,4,13,115.15
O005260,2024-06-24,19,B02,CH1,C04557,CMP000,4,14,134.1
O005261,2024-06-24,18,B02,CH1,C00000,CMP000,2,8,68.6
O005262,2024-06-24,21,B02,CH1,C04778,CMP000,4,17,189.55
O005263,2024-06-26,12,B02,CH1,C01696,CMP000,3,6,75.75
O005264,2024-06-26,20,B02,CH1,C04652,CMP000,4,12,145.1
O005265,2024-06-27,17,B02,CH4,C00000,CMP000,0,5,47.8
O005266,2024-06-27,19,B02,CH3,C00000,CMP000,0,1,14.95
O005267,2024-06-27,12,B02,CH1,C04978,CMP000,6,14,156.0
O005268,2024-06-27,18,B02,CH1,C00000,CMP000,4,15,120.2
O005269,2024-06-27,21,B02,CH1,C00000,CMP000,4,16,131.0
O005270,2024-06-27,19,B02,CH3,C00000,CMP000,0,8,67.45
O005271,2024-06-28,22,B02,CH1,C01150,CMP000,6,22,184.8
O005272,2024-06-28,19,B02,CH4,C00000,CMP000,0,1,19.05
O005273,2024-06-28,13,B02,CH1,C00000,CMP000,1,4,24.25
O005274,2024-06-28,18,B02,CH3,C00000,CMP000,0,4,87.55
O005275,2024-06-28,21,B02,CH3,C00000,CMP000,0,3,28.3
O005276,2024-06-28,19,B02,CH1,C00000,CMP000,4,12,102.2
O005277,2024-06-28,18,B02,CH1,C03463,CMP000,2,5,54.85
O005278,2024-06-29,20,B02,CH1,C00000,CMP000,2,5,42.35
O005279,2024-06-29,19,B02,CH3,C00000,CMP000,0,4,43.1
O005280,2024-06-29,14,B02,CH3,C01904,CMP000,0,5,37.95
O005281,2024-06-29,22,B02,CH1,C00000,CMP000,2,5,56.65
O005282,2024-06-29,22,B02,CH1,C00000,CMP000,2,9,81.45
O005283,2024-06-29,18,B02,CH2,C00000,CMP000,0,6,51.9
O005284,2024-06-29,19,B02,CH2,C00000,CMP000,0,5,37.95
O005285,2024-06-29,13,B02,CH1,C00523,CMP000,2,5,81.85
O005286,2024-06-29,13,B02,CH2,C00000,CMP000,0,3,22.4
O005287,2024-06-29,15,B02,CH2,C00000,CMP000,0,6,49.65
O005288,2024-06-29,22,B02,CH1,C00000,CMP000,1,3,26.55
O005289,2024-06-29,13,B02,CH1,C00000,CMP000,2,8,71.4
O005290,2024-06-29,13,B02,CH1,C00086,CMP000,3,8,77.1
O005291,2024-06-29,19,B02,CH1,C00511,CMP000,3,10,88.65
O005292,2024-06-30,21,B02,CH1,C00000,CMP000,4,12,143.75
O005293,2024-06-30,19,B02,CH1,C00000,CMP000,3,8,74.8
O005294,2024-06-30,14,B02,CH1,C00000,CMP000,4,10,124.95
O005295,2024-06-30,13,B02,CH1,C00000,CMP000,1,2,19.3
O005296,2024-06-30,19,B02,CH1,C00000,CMP000,4,13,115.2
O005297,2024-06-30,20,B02,CH2,C00000,CMP000,0,8,66.15
O005298,2024-06-30,15,B02,CH1,C00000,CMP000,4,10,114.45
O005299,2024-07-01,21,B02,CH1,C03244,CMP000,2,5,49.85
O005300,2024-07-03,12,B02,CH1,C00000,CMP000,2,6,66.4
O005301,2024-07-03,12,B02,CH4,C00000,CMP000,0,5,42.2
O005302,2024-07-03,18,B02,CH1,C00000,CMP000,3,7,79.4
O005303,2024-07-03,14,B02,CH1,C03194,CMP000,3,6,59.85
O005304,2024-07-04,19,B02,CH1,C00048,CMP000,2,6,48.35
O005305,2024-07-04,21,B02,CH1,C00000,CMP000,2,8,62.6
O005306,2024-07-04,20,B02,CH1,C00000,CMP000,6,21,180.95
O005307,2024-07-04,18,B02,CH3,C00000,CMP000,0,2,26.3
O005308,2024-07-04,14,B02,CH1,C00000,CMP000,5,17,147.9
O005309,2024-07-04,20,B02,CH2,C00000,CMP000,0,7,61.9
O005310,2024-07-04,18,B02,CH1,C00000,CMP000,2,6,45.35
O005311,2024-07-05,13,B02,CH3,C00000,CMP000,0,3,19.7
O005312,2024-07-05,20,B02,CH2,C00000,CMP000,0,2,17.25
O005313,2024-07-05,14,B02,CH1,C00000,CMP000,8,20,183.2
O005314,2024-07-05,21,B02,CH1,C04778,CMP000,4,14,159.05
O005315,2024-07-05,16,B02,CH1,C00000,CMP000,6,20,192.25
O005316,2024-07-05,19,B02,CH3,C00000,CMP000,0,3,22.4
O005317,2024-07-05,17,B02,CH1,C00000,CMP000,2,7,65.6
O005318,2024-07-05,14,B02,CH1,C02957,CMP000,4,10,87.25
O005319,2024-07-05,13,B02,CH1,C01973,CMP000,6,16,145.35
O005320,2024-07-05,17,B02,CH1,C00000,CMP000,3,9,72.45
O005321,2024-07-06,19,B02,CH1,C04356,CMP000,3,12,96.6
O005322,2024-07-06,18,B02,CH2,C00000,CMP000,0,3,24.95
O005323,2024-07-06,20,B02,CH1,C01590,CMP000,1,5,39.95
O005324,2024-07-06,18,B02,CH1,C00000,CMP000,2,6,48.05
O005325,2024-07-06,22,B02,CH3,C00000,CMP000,0,3,24.5
O005326,2024-07-06,20,B02,CH1,C00000,CMP000,2,9,91.35
O005327,2024-07-06,19,B02,CH1,C00000,CMP000,1,3,23.3
O005328,2024-07-06,18,B02,CH1,C03888,CMP000,2,6,61.0
O005329,2024-07-06,12,B02,CH1,C00000,CMP000,3,11,94.35
O005330,2024-07-07,22,B02,CH1,C04778,CMP000,1,2,39.45
O005331,2024-07-07,18,B02,CH3,C00000,CMP000,0,3,31.9
O005332,2024-07-07,21,B02,CH1,C00000,CMP000,4,16,149.3
O005333,2024-07-07,12,B02,CH1,C00000,CMP000,4,10,91.35
O005334,2024-07-07,21,B02,CH4,C00000,CMP000,0,5,45.35
O005335,2024-07-08,21,B02,CH1,C00000,CMP000,4,12,117.7
O005336,2024-07-08,20,B02,CH1,C00000,CMP000,4,13,151.3
O005337,2024-07-08,13,B02,CH1,C03115,CMP000,2,7,44.4
O005338,2024-07-08,18,B02,CH1,C00000,CMP000,4,18,140.55
O005339,2024-07-08,19,B02,CH3,C00000,CMP000,0,2,17.25
O005340,2024-07-08,21,B02,CH1,C00000,CMP000,6,19,183.05
O005341,2024-07-08,12,B02,CH1,C01678,CMP000,4,14,175.25
O005342,2024-07-08,14,B02,CH1,C00000,CMP000,2,7,49.35
O005343,2024-07-08,19,B02,CH1,C00000,CMP000,2,6,49.9
O005344,2024-07-08,18,B02,CH1,C00000,CMP000,4,13,130.1
O005345,2024-07-10,19,B02,CH1,C03888,CMP000,3,12,91.15
O005346,2024-07-10,20,B02,CH1,C00000,CMP000,1,3,24.95
O005347,2024-07-10,12,B02,CH1,C00000,CMP000,2,5,41.9
O005348,2024-07-10,22,B02,CH4,C00000,CMP000,0,6,60.35
O005349,2024-07-10,19,B02,CH2,C00000,CMP000,0,4,27.4
O005350,2024-07-11,13,B02,CH1,C00000,CMP000,6,16,159.35
O005351,2024-07-11,22,B02,CH1,C00000,CMP000,2,8,63.95
O005352,2024-07-11,12,B02,CH1,C00000,CMP000,2,5,43.75
O005353,2024-07-11,13,B02,CH1,C04407,CMP000,5,13,112.85
O005354,2024-07-11,13,B02,CH1,C00000,CMP000,2,5,49.25
O005355,2024-07-11,20,B02,CH1,C00710,CMP000,3,10,97.3
O005356,2024-07-11,19,B02,CH1,C00000,CMP000,4,10,98.85
O005357,2024-07-11,15,B02,CH3,C00000,CMP000,0,5,51.55
O005358,2024-07-11,18,B02,CH1,C01497,CMP000,2,6,51.4
O005359,2024-07-12,22,B02,CH1,C01696,CMP000,4,11,88.7
O005360,2024-07-12,16,B02,CH1,C00000,CMP000,2,7,59.15
O005361,2024-07-12,19,B02,CH3,C00000,CMP000,0,2,16.8
O005362,2024-07-12,14,B02,CH1,C00000,CMP000,2,6,50.85
O005363,2024-07-12,15,B02,CH1,C03401,CMP000,2,6,53.95
O005364,2024-07-12,13,B02,CH1,C04737,CMP000,4,11,100.35
O005365,2024-07-12,22,B02,CH1,C00000,CMP000,1,3,23.75
O005366,2024-07-12,13,B02,CH1,C00000,CMP000,2,4,59.05
O005367,2024-07-12,13,B02,CH1,C04356,CMP000,2,6,53.95
O005368,2024-07-13,20,B02,CH1,C02327,CMP000,4,16,125.75
O005369,2024-07-13,22,B02,CH1,C01514,CMP000,4,14,124.3
O005370,2024-07-13,22,B02,CH4,C03528,CMP000,0,4,26.15
O005371,2024-07-13,20,B02,CH1,C00970,CMP000,3,9,88.5
O005372,2024-07-13,21,B02,CH1,C00000,CMP000,6,19,196.1
O005373,2024-07-13,13,B02,CH1,C00000,CMP000,2,7,49.8
O005374,2024-07-13,15,B02,CH1,C01972,CMP000,1,3,30.35
O005375,2024-07-14,12,B02,CH1,C00523,CMP000,1,4,34.9
O005376,2024-07-14,22,B02,CH1,C00000,CMP000,4,12,120.55
O005377,2024-07-14,19,B02,CH1,C00000,CMP000,2,6,64.1
O005378,2024-07-14,18,B02,CH1,C01486,CMP000,1,4,41.95
O005379,2024-07-14,18,B02,CH1,C02873,CMP000,8,24,237.1
O005380,2024-07-14,20,B02,CH1,C00000,CMP000,3,8,67.3
O005381,2024-07-14,19,B02,CH1,C00000,CMP000,2,5,54.1
O005382,2024-07-14,17,B02,CH1,C00000,CMP000,2,9,75.5
O005383,2024-07-15,19,B02,CH1,C00000,CMP000,2,6,70.0
O005384,2024-07-15,17,B02,CH3,C00000,CMP000,0,3,21.05
O005385,2024-07-15,20,B02,CH4,C04716,CMP000,0,8,67.15
O005386,2024-07-15,19,B02,CH3,C00000,CMP000,0,3,25.4
O005387,2024-07-15,16,B02,CH1,C00000,CMP000,4,13,109.45
O005388,2024-07-15,18,B02,CH3,C04005,CMP000,0,3,20.6
O005389,2024-07-15,19,B02,CH1,C00007,CMP000,2,6,54.65
O005390,2024-07-15,19,B02,CH1,C02192,CMP000,3,12,89.2
O005391,2024-07-17,19,B02,CH1,C00000,CMP000,2,8,67.85
O005392,2024-07-17,13,B02,CH1,C01698,CMP000,3,8,78.65
O005393,2024-07-17,17,B02,CH1,C00000,CMP000,2,7,61.4
O005394,2024-07-17,16,B02,CH4,C00000,CMP000,0,7,59.3
O005395,2024-07-17,19,B02,CH1,C00000,CMP000,3,9,79.35
O005396,2024-07-18,20,B02,CH1,C00000,CMP000,2,6,48.25
O005397,2024-07-18,18,B02,CH1,C00000,CMP000,2,8,83.65
O005398,2024-07-18,14,B02,CH2,C00000,CMP000,0,2,16.8
O005399,2024-07-18,19,B02,CH1,C02724,CMP000,2,4,39.9
O005400,2024-07-18,12,B02,CH1,C00000,CMP000,2,5,61.85
O005401,2024-07-19,20,B02,CH4,C00000,CMP000,0,4,46.0
O005402,2024-07-19,20,B02,CH1,C00000,CMP000,6,21,179.45
O005403,2024-07-19,22,B02,CH1,C04044,CMP000,4,11,106.7
O005404,2024-07-19,18,B02,CH4,C00000,CMP000,0,4,26.05
O005405,2024-07-19,18,B02,CH2,C01358,CMP000,0,3,20.6
O005406,2024-07-19,20,B02,CH1,C04778,CMP000,2,6,53.55
O005407,2024-07-19,18,B02,CH1,C00000,CMP000,3,9,90.7
O005408,2024-07-19,21,B02,CH4,C00000,CMP000,0,10,90.15
O005409,2024-07-19,18,B02,CH1,C03040,CMP000,7,22,219.45
O005410,2024-07-19,13,B02,CH2,C03225,CMP000,0,3,25.85
O005411,2024-07-19,22,B02,CH1,C00000,CMP000,2,6,48.1
O005412,2024-07-19,18,B02,CH1,C00000,CMP000,1,3,27.9
O005413,2024-07-20,20,B02,CH2,C00000,CMP000,0,8,66.25
O005414,2024-07-20,18,B02,CH1,C00000,CMP000,1,3,71.35
O005415,2024-07-20,12,B02,CH1,C04975,CMP000,2,3,41.9
O005416,2024-07-20,20,B02,CH1,C04594,CMP000,2,6,54.2
O005417,2024-07-20,19,B02,CH1,C04356,CMP000,5,14,149.6
O005418,2024-07-20,13,B02,CH1,C03040,CMP000,1,3,33.55
O005419,2024-07-20,15,B02,CH1,C02864,CMP000,2,7,88.6
O005420,2024-07-20,12,B02,CH1,C00000,CMP000,2,4,45.8
O005421,2024-07-20,14,B02,CH1,C00000,CMP000,2,4,33.9
O005422,2024-07-20,14,B02,CH1,C00000,CMP000,4,11,100.35
O005423,2024-07-20,16,B02,CH1,C00000,CMP000,2,5,48.05
O005424,2024-07-21,12,B02,CH1,C00000,CMP000,3,8,75.85
O005425,2024-07-21,19,B02,CH1,C03885,CMP000,4,12,109.05
O005426,2024-07-21,21,B02,CH1,C00000,CMP000,4,15,118.95
O005427,2024-07-21,18,B02,CH1,C00000,CMP000,3,8,79.1
O005428,2024-07-21,19,B02,CH1,C01508,CMP000,3,9,77.2
O005429,2024-07-21,21,B02,CH1,C00000,CMP000,2,6,68.7
O005430,2024-07-21,16,B02,CH2,C00000,CMP000,0,4,52.65
O005431,2024-07-22,18,B02,CH4,C00000,CMP000,0,2,16.95
O005432,2024-07-22,13,B02,CH1,C00523,CMP000,2,7,59.1
O005433,2024-07-22,13,B02,CH1,C04588,CMP000,2,6,48.05
O005434,2024-07-24,21,B02,CH3,C00000,CMP000,0,8,91.5
O005435,2024-07-24,13,B02,CH1,C03690,CMP000,3,8,67.75
O005436,2024-07-24,20,B02,CH1,C00000,CMP000,7,23,201.6
O005437,2024-07-24,18,B02,CH1,C00000,CMP000,1,4,39.85
O005438,2024-07-24,20,B02,CH1,C00000,CMP000,3,11,85.3
O005439,2024-07-25,12,B02,CH3,C00000,CMP000,0,6,43.45
O005440,2024-07-25,19,B02,CH3,C00000,CMP000,0,5,38.3
O005441,2024-07-25,13,B02,CH1,C00000,CMP000,2,7,60.05
O005442,2024-07-25,16,B02,CH1,C00000,CMP000,4,9,110.15
O005443,2024-07-25,20,B02,CH1,C00000,CMP000,4,14,144.6
O005444,2024-07-25,17,B02,CH4,C04778,CMP000,0,4,43.55
O005445,2024-07-25,22,B02,CH1,C03040,CMP000,4,10,96.6
O005446,2024-07-25,17,B02,CH3,C00000,CMP000,0,6,98.6
O005447,2024-07-25,17,B02,CH1,C03867,CMP000,2,6,75.75
O005448,2024-07-26,14,B02,CH1,C04602,CMP000,2,7,63.05
O005449,2024-07-26,22,B02,CH1,C00000,CMP000,4,14,108.95
O005450,2024-07-26,17,B02,CH1,C01164,CMP000,3,12,122.55
O005451,2024-07-26,19,B02,CH1,C00000,CMP000,2,6,46.25
O005452,2024-07-26,21,B02,CH1,C00000,CMP000,3,9,94.3
O005453,2024-07-26,21,B02,CH1,C04356,CMP000,4,10,108.45
O005454,2024-07-26,21,B02,CH1,C01088,CMP000,1,4,40.5
O005455,2024-07-26,22,B02,CH3,C00000,CMP000,0,3,36.75
O005456,2024-07-26,21,B02,CH3,C00000,CMP000,0,10,97.45
O005457,2024-07-26,14,B02,CH3,C02929,CMP000,0,6,56.25
O005458,2024-07-26,18,B02,CH1,C00000,CMP000,3,10,99.1
O005459,2024-07-26,19,B02,CH1,C00000,CMP000,2,7,61.9
O005460,2024-07-27,22,B02,CH1,C03662,CMP000,2,5,53.7
O005461,2024-07-27,21,B02,CH2,C00000,CMP000,0,2,20.6
O005462,2024-07-27,18,B02,CH1,C04356,CMP000,6,21,183.75
O005463,2024-07-27,19,B02,CH1,C00000,CMP000,1,4,52.15
O005464,2024-07-27,21,B02,CH1,C03690,CMP000,4,8,82.7
O005465,2024-07-27,20,B02,CH1,C00000,CMP000,3,12,98.2
O005466,2024-07-27,16,B02,CH2,C00000,CMP000,0,4,35.55
O005467,2024-07-27,16,B02,CH1,C00000,CMP000,4,8,90.45
O005468,2024-07-27,21,B02,CH4,C00000,CMP000,0,4,49.9
O005469,2024-07-28,20,B02,CH1,C00000,CMP000,6,18,148.9
O005470,2024-07-28,19,B02,CH1,C00000,CMP000,4,14,145.5
O005471,2024-07-28,19,B02,CH1,C00000,CMP000,3,10,84.5
O005472,2024-07-28,22,B02,CH1,C02141,CMP000,2,6,89.8
O005473,2024-07-28,20,B02,CH1,C00000,CMP000,2,7,104.85
O005474,2024-07-28,21,B02,CH1,C00000,CMP000,5,17,149.95
O005475,2024-07-28,21,B02,CH1,C00000,CMP000,1,3,29.45
O005476,2024-07-28,19,B02,CH1,C00000,CMP000,2,7,58.75
O005477,2024-07-28,18,B02,CH2,C00000,CMP000,0,5,60.95
O005478,2024-07-28,13,B02,CH1,C00000,CMP000,8,16,144.1
O005479,2024-07-29,12,B02,CH3,C00000,CMP000,0,9,87.4
O005480,2024-07-29,17,B02,CH1,C00000,CMP000,2,6,70.3
O005481,2024-07-29,15,B02,CH1,C00000,CMP000,2,8,58.75
O005482,2024-07-29,21,B02,CH1,C00000,CMP000,2,5,49.65
O005483,2024-07-31,19,B02,CH2,C00000,CMP000,0,3,22.4
O005484,2024-07-31,17,B02,CH3,C00000,CMP000,0,3,31.3
O005485,2024-07-31,17,B02,CH1,C00000,CMP000,5,18,151.85
O005486,2024-07-31,22,B02,CH4,C04778,CMP000,0,8,95.95
O005487,2024-07-31,22,B02,CH3,C00000,CMP000,0,10,124.95
O005488,2024-07-31,14,B02,CH1,C00000,CMP000,2,6,57.6
O005489,2024-07-31,12,B02,CH1,C00000,CMP000,2,7,57.15
O005490,2024-08-01,19,B02,CH1,C01259,CMP000,4,12,105.2
O005491,2024-08-01,14,B02,CH1,C00000,CMP000,2,5,39.75
O005492,2024-08-01,19,B02,CH1,C04978,CMP000,4,14,113.8
O005493,2024-08-01,21,B02,CH1,C00000,CMP000,2,6,58.75
O005494,2024-08-01,21,B02,CH1,C00000,CMP000,1,5,66.65
O005495,2024-08-01,13,B02,CH1,C03355,CMP000,5,18,134.1
O005496,2024-08-01,18,B02,CH2,C03579,CMP000,0,7,72.1
O005497,2024-08-02,22,B02,CH3,C00000,CMP000,0,5,49.75
O005498,2024-08-02,21,B02,CH1,C01696,CMP000,3,10,120.2
O005499,2024-08-02,15,B02,CH3,C00000,CMP000,0,6,46.65
O005500,2024-08-02,12,B02,CH1,C00000,CMP000,2,5,36.65
O005501,2024-08-02,12,B02,CH2,C00000,CMP000,0,4,27.05
O005502,2024-08-02,13,B02,CH1,C00000,CMP000,7,18,240.95
O005503,2024-08-02,13,B02,CH1,C03516,CMP000,6,14,133.0
O005504,2024-08-02,22,B02,CH1,C00000,CMP000,2,6,48.6
O005505,2024-08-02,17,B02,CH1,C00007,CMP000,2,7,60.95
O005506,2024-08-03,18,B02,CH1,C00000,CMP000,5,12,127.4
O005507,2024-08-03,13,B02,CH3,C00000,CMP000,0,6,50.1
O005508,2024-08-03,19,B02,CH1,C00000,CMP000,3,8,89.25
O005509,2024-08-03,14,B02,CH1,C00000,CMP000,3,10,77.15
O005510,2024-08-03,17,B02,CH1,C00000,CMP000,5,16,127.6
O005511,2024-08-03,21,B02,CH1,C03726,CMP000,6,23,255.25
O005512,2024-08-03,22,B02,CH1,C00000,CMP000,2,8,63.05
O005513,2024-08-04,21,B02,CH1,C00000,CMP000,3,10,88.45
O005514,2024-08-04,13,B02,CH1,C00000,CMP000,3,7,81.7
O005515,2024-08-04,18,B02,CH2,C00000,CMP000,0,8,68.1
O005516,2024-08-04,13,B02,CH1,C00000,CMP000,2,4,41.4
O005517,2024-08-04,19,B02,CH1,C00000,CMP000,1,3,28.55
O005518,2024-08-04,12,B02,CH1,C00000,CMP000,2,6,47.35
O005519,2024-08-04,18,B02,CH4,C00970,CMP000,0,9,78.8
O005520,2024-08-05,21,B02,CH1,C01819,CMP000,4,15,155.7
O005521,2024-08-05,19,B02,CH1,C00000,CMP000,2,7,52.15
O005522,2024-08-05,13,B02,CH1,C01696,CMP000,6,24,206.35
O005523,2024-08-05,18,B02,CH1,C00000,CMP000,2,6,76.6
O005524,2024-08-05,17,B02,CH1,C00000,CMP000,3,9,98.35
O005525,2024-08-05,17,B02,CH2,C00000,CMP000,0,3,21.95
O005526,2024-08-07,22,B02,CH1,C00000,CMP000,5,14,137.2
O005527,2024-08-07,14,B02,CH1,C00000,CMP000,3,6,62.1
O005528,2024-08-07,21,B02,CH1,C00000,CMP000,4,13,127.7
O005529,2024-08-07,18,B02,CH1,C03933,CMP000,2,7,112.45
O005530,2024-08-08,22,B02,CH1,C02374,CMP000,5,19,175.85
O005531,2024-08-08,20,B02,CH1,C00000,CMP000,5,17,157.8
O005532,2024-08-08,22,B02,CH1,C00000,CMP000,3,8,69.1
O005533,2024-08-08,14,B02,CH1,C01870,CMP000,3,9,72.4
O005534,2024-08-09,17,B02,CH1,C03867,CMP000,2,5,60.5
O005535,2024-08-09,17,B02,CH2,C00000,CMP000,0,4,42.9
O005536,2024-08-09,19,B02,CH2,C00000,CMP000,0,6,45.1
O005537,2024-08-09,22,B02,CH2,C00000,CMP000,0,6,63.7
O005538,2024-08-09,19,B02,CH1,C04356,CMP000,1,2,21.3
O005539,2024-08-09,13,B02,CH1,C00000,CMP000,4,9,87.45
O005540,2024-08-09,14,B02,CH1,C00000,CMP000,2,6,44.55
O005541,2024-08-09,19,B02,CH1,C00000,CMP000,3,12,99.65
O005542,2024-08-09,18,B02,CH4,C00000,CMP000,0,6,57.5
O005543,2024-08-09,13,B02,CH1,C00000,CMP000,2,5,52.15
O005544,2024-08-10,19,B02,CH3,C04356,CMP000,0,4,27.4
O005545,2024-08-10,22,B02,CH2,C00000,CMP000,0,9,78.05
O005546,2024-08-10,13,B02,CH2,C00000,CMP000,0,7,60.5
O005547,2024-08-10,22,B02,CH1,C01968,CMP000,3,10,104.2
O005548,2024-08-10,13,B02,CH3,C00000,CMP000,0,3,21.15
O005549,2024-08-10,21,B02,CH1,C00000,CMP000,2,5,44.25
O005550,2024-08-10,14,B02,CH1,C00034,CMP000,2,5,38.9
O005551,2024-08-10,20,B02,CH1,C03661,CMP000,3,11,85.3
O005552,2024-08-10,18,B02,CH3,C00782,CMP000,0,4,23.9
O005553,2024-08-10,18,B02,CH1,C00000,CMP000,4,15,119.4
O005554,2024-08-11,22,B02,CH3,C00000,CMP000,0,3,24.05
O005555,2024-08-11,15,B02,CH3,C00000,CMP000,0,8,78.2
O005556,2024-08-11,18,B02,CH3,C00000,CMP000,0,3,22.05
O005557,2024-08-11,19,B02,CH1,C00000,CMP000,2,7,56.5
O005558,2024-08-11,21,B02,CH1,C00000,CMP000,2,6,44.9
O005559,2024-08-11,17,B02,CH1,C00000,CMP000,3,9,77.95
O005560,2024-08-11,19,B02,CH1,C04778,CMP000,3,9,70.9
O005561,2024-08-12,19,B02,CH1,C00000,CMP000,2,4,40.8
O005562,2024-08-12,21,B02,CH1,C00000,CMP000,3,9,83.4
O005563,2024-08-12,20,B02,CH1,C04096,CMP000,5,16,162.4
O005564,2024-08-12,20,B02,CH3,C00000,CMP000,0,6,50.55
O005565,2024-08-12,20,B02,CH1,C00000,CMP000,2,6,47.3
O005566,2024-08-12,22,B02,CH2,C00000,CMP000,0,2,22.7
O005567,2024-08-14,22,B02,CH3,C04778,CMP000,0,5,46.45
O005568,2024-08-14,17,B02,CH1,C00000,CMP000,3,11,135.95
O005569,2024-08-15,13,B02,CH1,C00000,CMP000,3,8,73.8
O005570,2024-08-15,14,B02,CH1,C03579,CMP000,3,10,76.8
O005571,2024-08-15,21,B02,CH1,C00000,CMP000,2,9,80.95
O005572,2024-08-15,19,B02,CH3,C04778,CMP000,0,2,19.5
O005573,2024-08-15,13,B02,CH1,C00000,CMP000,4,9,86.65
O005574,2024-08-15,22,B02,CH1,C00000,CMP000,3,12,93.0
O005575,2024-08-15,19,B02,CH1,C00000,CMP000,2,7,58.6
O005576,2024-08-15,13,B02,CH1,C04431,CMP000,7,17,147.25
O005577,2024-08-16,20,B02,CH3,C00000,CMP000,0,3,23.6
O005578,2024-08-16,13,B02,CH1,C00000,CMP000,3,7,71.45
O005579,2024-08-16,15,B02,CH1,C00000,CMP000,2,5,51.7
O005580,2024-08-16,21,B02,CH1,C00000,CMP000,4,13,112.95
O005581,2024-08-16,12,B02,CH1,C04557,CMP000,2,6,43.9
O005582,2024-08-16,16,B02,CH1,C00000,CMP000,2,7,56.25
O005583,2024-08-16,19,B02,CH4,C00000,CMP000,0,4,35.55
O005584,2024-08-16,19,B02,CH1,C00000,CMP000,3,11,119.25
O005585,2024-08-16,19,B02,CH1,C04348,CMP000,4,14,115.2
O005586,2024-08-16,18,B02,CH1,C00000,CMP000,4,12,134.5
O005587,2024-08-16,21,B02,CH1,C01361,CMP000,3,8,81.6
O005588,2024-08-17,19,B02,CH3,C00000,CMP000,0,3,21.05
O005589,2024-08-17,21,B02,CH1,C00000,CMP000,3,10,119.25
O005590,2024-08-17,19,B02,CH1,C00000,CMP000,2,6,102.45
O005591,2024-08-17,22,B02,CH1,C00000,CMP000,4,11,114.9
O005592,2024-08-17,18,B02,CH3,C04356,CMP000,0,3,32.2
O005593,2024-08-17,22,B02,CH1,C02929,CMP000,5,18,161.55
O005594,2024-08-17,21,B02,CH1,C00000,CMP000,2,6,61.05
O005595,2024-08-17,12,B02,CH1,C03236,CMP000,1,3,71.65
O005596,2024-08-17,21,B02,CH1,C02308,CMP000,2,7,53.85
O005597,2024-08-17,16,B02,CH1,C04096,CMP000,1,3,47.2
O005598,2024-08-18,19,B02,CH1,C00000,CMP000,6,14,145.8
O005599,2024-08-18,21,B02,CH1,C03723,CMP000,5,16,154.35
O005600,2024-08-18,19,B02,CH4,C00000,CMP000,0,5,50.4
O005601,2024-08-18,19,B02,CH1,C00000,CMP000,2,8,65.6
O005602,2024-08-19,13,B02,CH1,C00000,CMP000,1,1,14.95
O005603,2024-08-19,19,B02,CH1,C00000,CMP000,2,7,67.75
O005604,2024-08-19,18,B02,CH1,C01164,CMP000,6,19,179.0
O005605,2024-08-19,19,B02,CH1,C00000,CMP000,5,15,144.5
O005606,2024-08-19,17,B02,CH1,C00000,CMP000,3,8,88.4
O005607,2024-08-21,19,B02,CH4,C03690,CMP000,0,2,17.4
O005608,2024-08-21,19,B02,CH2,C00000,CMP000,0,6,46.0
O005609,2024-08-21,21,B02,CH4,C00000,CMP000,0,11,91.7
O005610,2024-08-21,21,B02,CH1,C03726,CMP000,2,7,50.25
O005611,2024-08-21,19,B02,CH1,C00000,CMP000,2,4,62.15
O005612,2024-08-22,22,B02,CH4,C00000,CMP000,0,4,34.05
O005613,2024-08-22,18,B02,CH1,C00000,CMP000,3,10,87.8
O005614,2024-08-22,16,B02,CH4,C00000,CMP000,0,5,53.55
O005615,2024-08-22,21,B02,CH1,C00000,CMP000,3,6,59.25
O005616,2024-08-22,18,B02,CH1,C00000,CMP000,1,4,33.55
O005617,2024-08-22,16,B02,CH1,C00000,CMP000,4,13,134.55
O005618,2024-08-22,19,B02,CH2,C00000,CMP000,0,3,21.5
O005619,2024-08-22,19,B02,CH3,C00000,CMP000,0,3,25.6
O005620,2024-08-22,13,B02,CH3,C00000,CMP000,0,5,32.4
O005621,2024-08-23,20,B02,CH1,C03726,CMP000,4,12,102.25
O005622,2024-08-23,18,B02,CH1,C00000,CMP000,7,21,186.5
O005623,2024-08-23,21,B02,CH1,C00000,CMP000,2,4,48.3
O005624,2024-08-23,17,B02,CH2,C02759,CMP000,0,4,29.65
O005625,2024-08-23,21,B02,CH1,C00000,CMP000,2,8,71.5
O005626,2024-08-23,13,B02,CH1,C00000,CMP000,2,4,55.75
O005627,2024-08-23,17,B02,CH1,C00000,CMP000,3,10,88.2
O005628,2024-08-23,22,B02,CH4,C00000,CMP000,0,3,21.95
O005629,2024-08-23,20,B02,CH1,C02561,CMP000,8,25,247.55
O005630,2024-08-23,13,B02,CH1,C01164,CMP000,4,12,127.7
O005631,2024-08-24,14,B02,CH1,C00000,CMP000,5,11,95.7
O005632,2024-08-24,12,B02,CH1,C00573,CMP000,3,12,90.35
O005633,2024-08-24,18,B02,CH1,C03288,CMP000,4,10,101.1
O005634,2024-08-24,13,B02,CH3,C00000,CMP000,0,2,17.7
O005635,2024-08-24,16,B02,CH1,C00866,CMP000,1,2,20.2
O005636,2024-08-25,20,B02,CH1,C04778,CMP000,4,12,98.2
O005637,2024-08-25,20,B02,CH1,C01079,CMP000,5,17,165.65
O005638,2024-08-25,20,B02,CH1,C00007,CMP000,2,6,45.8
O005639,2024-08-25,12,B02,CH1,C00000,CMP000,3,9,82.05
O005640,2024-08-26,18,B02,CH1,C00000,CMP000,1,5,33.4
O005641,2024-08-26,18,B02,CH1,C00523,CMP000,4,11,109.3
O005642,2024-08-26,17,B02,CH3,C00000,CMP000,0,1,12.7
O005643,2024-08-26,14,B02,CH3,C00000,CMP000,0,3,24.05
O005644,2024-08-28,19,B02,CH1,C00970,CMP000,6,23,222.2
O005645,2024-08-28,19,B02,CH2,C00000,CMP000,0,3,20.0
O005646,2024-08-28,18,B02,CH4,C00000,CMP000,0,3,24.05
O005647,2024-08-28,17,B02,CH1,C00000,CMP000,2,6,71.45
O005648,2024-08-29,21,B02,CH1,C00000,CMP000,2,4,39.7
O005649,2024-08-29,15,B02,CH1,C00000,CMP000,1,2,15.15
O005650,2024-08-29,19,B02,CH1,C00000,CMP000,1,3,25.65
O005651,2024-08-29,18,B02,CH1,C00000,CMP000,3,7,58.4
O005652,2024-08-29,20,B02,CH3,C00000,CMP000,0,3,21.95
O005653,2024-08-30,20,B02,CH3,C00000,CMP000,0,5,43.3
O005654,2024-08-30,18,B02,CH4,C00000,CMP000,0,4,41.25
O005655,2024-08-30,20,B02,CH3,C03530,CMP000,0,3,29.5
O005656,2024-08-30,19,B02,CH1,C04349,CMP000,1,3,35.85
O005657,2024-08-30,19,B02,CH1,C00970,CMP000,2,6,50.1
O005658,2024-08-30,17,B02,CH1,C00000,CMP000,2,7,58.95
O005659,2024-08-30,16,B02,CH2,C00000,CMP000,0,3,22.5
O005660,2024-08-30,13,B02,CH1,C00000,CMP000,4,9,96.35
O005661,2024-08-30,13,B02,CH1,C00000,CMP000,2,6,54.45
O005662,2024-08-30,19,B02,CH3,C04957,CMP000,0,3,33.1
O005663,2024-08-30,19,B02,CH1,C00000,CMP000,4,14,115.2
O005664,2024-08-30,19,B02,CH3,C00000,CMP000,0,2,19.95
O005665,2024-08-31,20,B02,CH1,C00581,CMP000,1,2,17.95
O005666,2024-08-31,18,B02,CH1,C00000,CMP000,4,12,104.3
O005667,2024-08-31,21,B02,CH1,C00000,CMP000,2,5,50.3
O005668,2024-08-31,21,B02,CH1,C00000,CMP000,3,10,72.0
O005669,2024-08-31,14,B02,CH1,C00000,CMP000,4,12,100.0
O005670,2024-08-31,20,B02,CH1,C00000,CMP000,2,7,52.1
O005671,2024-08-31,22,B02,CH1,C00000,CMP000,6,18,178.8
O005672,2024-08-31,19,B02,CH1,C00000,CMP000,5,14,115.3
O005673,2024-08-31,18,B02,CH1,C00000,CMP000,2,9,66.75
O005674,2024-08-31,20,B02,CH1,C00000,CMP000,2,4,44.0
O005675,2024-09-01,19,B02,CH1,C02561,CMP000,7,18,171.3
O005676,2024-09-01,15,B02,CH1,C00000,CMP000,2,7,59.2
O005677,2024-09-01,20,B02,CH2,C00000,CMP000,0,5,43.1
O005678,2024-09-01,20,B02,CH1,C04096,CMP000,2,6,47.45
O005679,2024-09-01,16,B02,CH2,C01259,CMP000,0,2,18.15
O005680,2024-09-01,21,B02,CH1,C00000,CMP000,1,4,26.5
O005681,2024-09-04,19,B02,CH1,C00000,CMP000,4,10,96.5
O005682,2024-09-04,18,B02,CH1,C03425,CMP000,8,26,210.45
O005683,2024-09-04,16,B02,CH3,C00000,CMP000,0,3,38.4
O005684,2024-09-04,18,B02,CH2,C00000,CMP000,0,1,12.25
O005685,2024-09-04,18,B02,CH3,C00000,CMP000,0,4,44.45
O005686,2024-09-05,15,B02,CH1,C00000,CMP000,1,2,40.35
O005687,2024-09-06,20,B02,CH1,C01533,CMP000,2,5,42.25
O005688,2024-09-06,20,B02,CH3,C00000,CMP000,0,1,21.3
O005689,2024-09-06,19,B02,CH1,C00000,CMP000,1,3,28.1
O005690,2024-09-06,18,B02,CH1,C00000,CMP000,2,4,47.6
O005691,2024-09-06,19,B02,CH3,C04032,CMP000,0,8,74.4
O005692,2024-09-06,21,B02,CH1,C00000,CMP000,2,6,64.55
O005693,2024-09-06,20,B02,CH1,C02893,CMP000,4,13,137.5
O005694,2024-09-06,19,B02,CH1,C00000,CMP000,2,4,39.7
O005695,2024-09-06,22,B02,CH2,C00000,CMP000,0,3,21.5
O005696,2024-09-06,19,B02,CH3,C00000,CMP000,0,3,33.3
O005697,2024-09-06,21,B02,CH1,C00000,CMP000,2,8,73.7
O005698,2024-09-06,18,B02,CH1,C00007,CMP000,1,4,31.1
O005699,2024-09-06,22,B02,CH1,C00000,CMP000,5,15,120.2
O005700,2024-09-07,22,B02,CH1,C00000,CMP000,4,12,109.05
O005701,2024-09-07,12,B02,CH1,C00000,CMP000,2,5,50.1
O005702,2024-09-07,13,B02,CH4,C00000,CMP000,0,6,45.1
O005703,2024-09-07,20,B02,CH1,C00000,CMP000,4,11,91.6
O005704,2024-09-07,13,B02,CH1,C00000,CMP000,3,11,90.5
O005705,2024-09-08,18,B02,CH1,C00000,CMP000,3,10,96.9
O005706,2024-09-08,13,B02,CH1,C00388,CMP000,2,7,63.2
O005707,2024-09-08,12,B02,CH1,C00000,CMP000,7,19,194.5
O005708,2024-09-08,20,B02,CH3,C04921,CMP000,0,4,35.1
O005709,2024-09-08,21,B02,CH1,C00000,CMP000,2,8,76.55
O005710,2024-09-08,19,B02,CH1,C00000,CMP000,2,6,59.4
O005711,2024-09-08,14,B02,CH1,C00000,CMP000,2,6,43.0
O005712,2024-09-09,22,B02,CH3,C00000,CMP000,0,1,13.15
O005713,2024-09-09,12,B02,CH1,C01150,CMP000,5,14,129.8
O005714,2024-09-09,18,B02,CH1,C00000,CMP000,4,15,119.4
O005715,2024-09-09,15,B02,CH2,C00000,CMP000,0,2,21.35
O005716,2024-09-09,22,B02,CH2,C02873,CMP000,0,7,46.3
O005717,2024-09-09,17,B02,CH1,C00000,CMP000,2,8,58.7
O005718,2024-09-11,19,B02,CH4,C00000,CMP000,0,2,39.9
O005719,2024-09-12,12,B02,CH1,C04900,CMP000,6,17,134.85
O005720,2024-09-12,14,B02,CH1,C00000,CMP000,4,10,97.3
O005721,2024-09-13,17,B02,CH1,C02809,CMP000,3,10,94.7
O005722,2024-09-13,16,B02,CH1,C00000,CMP000,4,13,122.0
O005723,2024-09-13,19,B02,CH1,C00000,CMP000,4,11,106.8
O005724,2024-09-13,17,B02,CH1,C02375,CMP000,5,16,124.15
O005725,2024-09-13,13,B02,CH1,C00000,CMP000,2,6,56.95
O005726,2024-09-13,15,B02,CH1,C00000,CMP000,8,26,207.55
O005727,2024-09-13,21,B02,CH3,C00000,CMP000,0,3,33.6
O005728,2024-09-13,20,B02,CH1,C04348,CMP000,2,7,84.8
O005729,2024-09-13,22,B02,CH1,C01400,CMP000,2,6,55.0
O005730,2024-09-13,12,B02,CH1,C03817,CMP000,4,11,107.4
O005731,2024-09-13,19,B02,CH3,C00773,CMP000,0,5,39.65
O005732,2024-09-13,18,B02,CH1,C00000,CMP000,3,13,99.65
O005733,2024-09-13,21,B02,CH1,C00000,CMP000,5,14,136.45
O005734,2024-09-14,22,B02,CH4,C00000,CMP000,0,4,36.2
O005735,2024-09-14,13,B02,CH1,C00000,CMP000,4,8,79.45
O005736,2024-09-14,21,B02,CH1,C00000,CMP000,3,8,88.95
O005737,2024-09-14,21,B02,CH1,C00000,CMP000,2,6,47.45
O005738,2024-09-14,22,B02,CH1,C00000,CMP000,1,3,25.55
O005739,2024-09-14,18,B02,CH1,C00000,CMP000,2,6,55.3
O005740,2024-09-14,19,B02,CH1,C00000,CMP000,2,5,41.7
O005741,2024-09-14,22,B02,CH1,C00000,CMP000,4,14,117.3
O005742,2024-09-14,20,B02,CH1,C04697,CMP000,3,11,86.5
O005743,2024-09-15,19,B02,CH1,C00000,CMP000,2,4,39.15
O005744,2024-09-15,20,B02,CH4,C00000,CMP000,0,2,30.1
O005745,2024-09-15,13,B02,CH1,C02712,CMP000,5,12,110.75
O005746,2024-09-15,22,B02,CH1,C00000,CMP000,1,2,29.9
O005747,2024-09-15,19,B02,CH1,C00000,CMP000,2,8,88.05
O005748,2024-09-15,16,B02,CH1,C03726,CMP000,4,12,141.7
O005749,2024-09-15,13,B02,CH1,C01259,CMP000,2,5,55.75
O005750,2024-09-15,19,B02,CH2,C00000,CMP000,0,1,13.15
O005751,2024-09-15,12,B02,CH1,C00000,CMP000,5,15,135.45
O005752,2024-09-15,18,B02,CH1,C00000,CMP000,1,3,28.75
O005753,2024-09-16,20,B02,CH3,C00000,CMP000,0,6,52.05
O005754,2024-09-16,13,B02,CH1,C00000,CMP000,1,3,20.6
O005755,2024-09-16,17,B02,CH1,C00000,CMP000,5,16,133.7
O005756,2024-09-16,19,B02,CH1,C00000,CMP000,4,11,163.1
O005757,2024-09-16,19,B02,CH1,C00829,CMP000,2,7,55.15
O005758,2024-09-16,18,B02,CH1,C04975,CMP000,2,6,48.05
O005759,2024-09-16,19,B02,CH1,C00000,CMP000,4,10,87.05
O005760,2024-09-18,19,B02,CH1,C00000,CMP000,2,6,45.35
O005761,2024-09-18,21,B02,CH3,C00000,CMP000,0,5,39.3
O005762,2024-09-18,19,B02,CH1,C03726,CMP000,2,4,43.3
O005763,2024-09-18,12,B02,CH1,C00000,CMP000,4,9,74.55
O005764,2024-09-18,22,B02,CH1,C00000,CMP000,1,3,29.9
O005765,2024-09-18,18,B02,CH2,C00405,CMP000,0,2,19.5
O005766,2024-09-18,18,B02,CH1,C00000,CMP000,3,7,69.55
O005767,2024-09-19,19,B02,CH4,C00000,CMP000,0,3,22.05
O005768,2024-09-19,20,B02,CH1,C01678,CMP000,1,3,47.15
O005769,2024-09-19,21,B02,CH1,C04917,CMP000,4,11,101.4
O005770,2024-09-19,21,B02,CH1,C00000,CMP000,2,6,61.15
O005771,2024-09-20,14,B02,CH3,C00000,CMP000,0,6,62.35
O005772,2024-09-20,21,B02,CH1,C00000,CMP000,3,11,87.05
O005773,2024-09-20,17,B02,CH1,C00000,CMP000,2,5,63.75
O005774,2024-09-20,17,B02,CH3,C00000,CMP000,0,4,48.25
O005775,2024-09-20,12,B02,CH1,C00000,CMP000,3,9,77.1
O005776,2024-09-20,13,B02,CH1,C04008,CMP000,2,7,55.7
O005777,2024-09-20,19,B02,CH4,C00000,CMP000,0,7,67.3
O005778,2024-09-20,12,B02,CH1,C00000,CMP000,2,6,42.55
O005779,2024-09-20,18,B02,CH2,C00000,CMP000,0,7,76.2
O005780,2024-09-21,17,B02,CH2,C00000,CMP000,0,3,20.15
O005781,2024-09-21,19,B02,CH1,C00000,CMP000,1,2,19.05
O005782,2024-09-21,20,B02,CH2,C00000,CMP000,0,6,47.8
O005783,2024-09-21,20,B02,CH3,C00000,CMP000,0,5,49.45
O005784,2024-09-21,12,B02,CH1,C04978,CMP000,4,14,135.7
O005785,2024-09-21,20,B02,CH1,C00000,CMP000,1,2,24.95
O005786,2024-09-22,14,B02,CH1,C00000,CMP000,4,11,108.1
O005787,2024-09-22,18,B02,CH1,C00000,CMP000,4,13,126.15
O005788,2024-09-22,13,B02,CH1,C01152,CMP000,2,6,59.4
O005789,2024-09-22,19,B02,CH4,C00939,CMP000,0,10,105.15
O005790,2024-09-22,13,B02,CH1,C00000,CMP000,3,9,65.7
O005791,2024-09-22,18,B02,CH2,C00000,CMP000,0,2,15.6
O005792,2024-09-22,18,B02,CH1,C02133,CMP000,2,6,62.55
O005793,2024-09-22,19,B02,CH4,C00000,CMP000,0,2,23.15
O005794,2024-09-23,20,B02,CH1,C00000,CMP000,2,8,70.15
O005795,2024-09-23,18,B02,CH4,C00000,CMP000,0,4,45.8
O005796,2024-09-23,21,B02,CH1,C04043,CMP000,3,7,96.25
O005797,2024-09-25,21,B02,CH1,C04032,CMP000,4,9,124.3
O005798,2024-09-25,17,B02,CH1,C00000,CMP000,3,8,94.85
O005799,2024-09-25,13,B02,CH2,C00000,CMP000,0,6,56.85
O005800,2024-09-25,21,B02,CH1,C00000,CMP000,3,8,111.35
O005801,2024-09-25,14,B02,CH1,C04348,CMP000,4,10,86.65
O005802,2024-09-26,19,B02,CH1,C04652,CMP000,4,14,111.15
O005803,2024-09-26,20,B02,CH1,C00000,CMP000,2,5,61.7
O005804,2024-09-26,20,B02,CH1,C00000,CMP000,2,5,56.0
O005805,2024-09-26,18,B02,CH2,C00000,CMP000,0,3,25.4
O005806,2024-09-26,13,B02,CH4,C00000,CMP000,0,1,15.85
O005807,2024-09-27,20,B02,CH1,C00000,CMP000,2,4,37.65
O005808,2024-09-27,17,B02,CH1,C00000,CMP000,2,6,56.35
O005809,2024-09-27,14,B02,CH3,C00000,CMP000,0,1,19.05
O005810,2024-09-27,15,B02,CH1,C02639,CMP000,2,8,58.95
O005811,2024-09-27,17,B02,CH1,C00000,CMP000,2,5,43.7
O005812,2024-09-27,20,B02,CH1,C00000,CMP000,6,17,215.05
O005813,2024-09-27,22,B02,CH1,C03685,CMP000,2,5,42.8
O005814,2024-09-27,14,B02,CH1,C00000,CMP000,1,2,23.55
O005815,2024-09-27,12,B02,CH1,C00000,CMP000,3,7,120.45
O005816,2024-09-27,19,B02,CH2,C00000,CMP000,0,2,17.7
O005817,2024-09-27,19,B02,CH3,C04644,CMP000,0,7,58.7
O005818,2024-09-28,21,B02,CH1,C00000,CMP000,3,11,92.75
O005819,2024-09-28,19,B02,CH1,C00000,CMP000,2,4,46.0
O005820,2024-09-28,17,B02,CH1,C00000,CMP000,4,9,144.25
O005821,2024-09-28,19,B02,CH1,C00000,CMP000,2,4,65.95
O005822,2024-09-28,13,B02,CH1,C00000,CMP000,2,5,46.7
O005823,2024-09-28,12,B02,CH1,C00034,CMP000,4,13,110.25
O005824,2024-09-29,19,B02,CH1,C00000,CMP000,2,8,83.4
O005825,2024-09-29,18,B02,CH1,C02397,CMP000,4,13,125.05
O005826,2024-09-29,14,B02,CH1,C00751,CMP000,1,2,15.15
O005827,2024-09-29,18,B02,CH1,C00000,CMP000,2,5,48.05
O005828,2024-09-29,22,B02,CH1,C04778,CMP000,8,30,291.35
O005829,2024-09-29,13,B02,CH2,C00000,CMP000,0,2,16.95
O005830,2024-09-29,22,B02,CH3,C00000,CMP000,0,2,19.05
O005831,2024-09-30,18,B02,CH1,C00000,CMP000,2,7,66.05
O005832,2024-09-30,12,B02,CH2,C00000,CMP000,0,3,26.1
O005833,2024-09-30,15,B02,CH1,C03244,CMP000,3,10,80.75
O005834,2024-10-02,21,B02,CH1,C03726,CMP000,4,14,148.85
O005835,2024-10-02,21,B02,CH3,C00000,CMP000,0,5,55.7
O005836,2024-10-02,21,B02,CH1,C00000,CMP000,4,11,96.5
O005837,2024-10-02,13,B02,CH1,C00000,CMP000,8,18,190.75
O005838,2024-10-03,12,B02,CH1,C04778,CMP000,4,9,110.1
O005839,2024-10-03,13,B02,CH1,C00887,CMP000,2,4,53.05
O005840,2024-10-03,21,B02,CH1,C00000,CMP000,2,6,62.15
O005841,2024-10-03,21,B02,CH1,C00000,CMP000,1,5,57.4
O005842,2024-10-03,19,B02,CH1,C04978,CMP000,3,10,84.1
O005843,2024-10-03,13,B02,CH1,C03726,CMP000,3,6,55.3
O005844,2024-10-03,14,B02,CH1,C00000,CMP000,7,22,183.1
O005845,2024-10-03,19,B02,CH1,C03726,CMP000,5,15,120.35
O005846,2024-10-04,13,B02,CH1,C00000,CMP000,4,10,81.5
O005847,2024-10-04,22,B02,CH1,C00000,CMP000,2,6,49.6
O005848,2024-10-04,20,B02,CH1,C00000,CMP000,3,11,101.6
O005849,2024-10-04,20,B02,CH1,C04778,CMP000,6,19,190.9
O005850,2024-10-04,18,B02,CH3,C00113,CMP000,0,2,28.1
O005851,2024-10-04,19,B02,CH3,C00000,CMP000,0,10,72.05
O005852,2024-10-05,18,B02,CH3,C00000,CMP000,0,2,19.05
O005853,2024-10-05,19,B02,CH1,C04778,CMP000,2,5,56.05
O005854,2024-10-05,20,B02,CH1,C00225,CMP000,5,18,157.5
O005855,2024-10-05,13,B02,CH4,C00000,CMP000,0,4,42.65
O005856,2024-10-05,17,B02,CH1,C00000,CMP000,1,2,25.85
O005857,2024-10-06,20,B02,CH3,C01150,CMP000,0,2,24.05
O005858,2024-10-06,14,B02,CH1,C00000,CMP000,3,8,64.85
O005859,2024-10-06,18,B02,CH1,C03691,CMP000,1,2,17.5
O005860,2024-10-06,21,B02,CH1,C00000,CMP000,2,6,85.7
O005861,2024-10-06,20,B02,CH1,C00000,CMP000,4,14,127.3
O005862,2024-10-06,19,B02,CH1,C00000,CMP000,4,14,113.6
O005863,2024-10-06,19,B02,CH1,C01164,CMP000,4,12,171.45
O005864,2024-10-06,13,B02,CH4,C00000,CMP000,0,4,38.55
O005865,2024-10-06,18,B02,CH1,C00000,CMP000,3,9,70.6
O005866,2024-10-07,21,B02,CH1,C00000,CMP000,3,12,125.2
O005867,2024-10-07,21,B02,CH1,C04778,CMP000,2,5,47.9
O005868,2024-10-07,22,B02,CH1,C00000,CMP000,4,13,136.6
O005869,2024-10-07,20,B02,CH1,C00000,CMP000,5,13,122.8
O005870,2024-10-07,18,B02,CH1,C00000,CMP000,2,9,71.45
O005871,2024-10-07,17,B02,CH1,C00000,CMP000,7,26,289.5
O005872,2024-10-07,19,B02,CH1,C00000,CMP000,1,4,24.7
O005873,2024-10-09,14,B02,CH1,C00000,CMP000,1,4,42.65
O005874,2024-10-09,19,B02,CH1,C00000,CMP000,2,5,47.15
O005875,2024-10-09,20,B02,CH1,C00000,CMP000,8,23,219.2
O005876,2024-10-09,18,B02,CH1,C02639,CMP000,2,4,38.25
O005877,2024-10-10,12,B02,CH1,C02866,CMP000,1,3,26.45
O005878,2024-10-10,22,B02,CH1,C04778,CMP000,2,5,71.0
O005879,2024-10-10,19,B02,CH1,C00000,CMP000,5,13,123.6
O005880,2024-10-11,20,B02,CH1,C04921,CMP000,4,17,127.0
O005881,2024-10-11,13,B02,CH4,C00000,CMP000,0,4,40.35
O005882,2024-10-11,22,B02,CH1,C00000,CMP000,4,15,178.0
O005883,2024-10-11,12,B02,CH1,C00000,CMP000,2,7,55.8
O005884,2024-10-11,20,B02,CH1,C00000,CMP000,6,19,174.65
O005885,2024-10-11,20,B02,CH2,C00000,CMP000,0,6,54.0
O005886,2024-10-11,20,B02,CH1,C00000,CMP000,2,5,40.55
O005887,2024-10-11,19,B02,CH1,C02670,CMP000,1,3,26.75
O005888,2024-10-12,18,B02,CH1,C00000,CMP000,2,5,57.65
O005889,2024-10-12,19,B02,CH2,C00000,CMP000,0,2,31.3
O005890,2024-10-12,18,B02,CH3,C01991,CMP000,0,5,47.8
O005891,2024-10-12,18,B02,CH2,C00000,CMP000,0,1,13.6
O005892,2024-10-12,20,B02,CH1,C00000,CMP000,4,13,105.65
O005893,2024-10-12,19,B02,CH1,C00000,CMP000,4,11,99.75
O005894,2024-10-12,21,B02,CH1,C00000,CMP000,4,15,122.65
O005895,2024-10-12,17,B02,CH3,C01135,CMP000,0,2,15.9
O005896,2024-10-12,20,B02,CH1,C00000,CMP000,1,3,23.85
O005897,2024-10-12,13,B02,CH1,C04005,CMP000,4,14,104.7
O005898,2024-10-12,19,B02,CH1,C00000,CMP000,2,4,36.3
O005899,2024-10-12,15,B02,CH2,C03910,CMP000,0,6,48.8
O005900,2024-10-12,20,B02,CH1,C00000,CMP000,4,14,143.55
O005901,2024-10-13,20,B02,CH1,C00000,CMP000,2,6,46.6
O005902,2024-10-13,13,B02,CH1,C00000,CMP000,7,20,177.9
O005903,2024-10-13,22,B02,CH1,C00000,CMP000,2,7,66.0
O005904,2024-10-13,20,B02,CH1,C00000,CMP000,4,15,121.5
O005905,2024-10-14,21,B02,CH1,C00000,CMP000,2,5,51.35
O005906,2024-10-14,13,B02,CH1,C01311,CMP000,2,6,52.35
O005907,2024-10-14,17,B02,CH1,C00000,CMP000,3,9,106.2
O005908,2024-10-14,18,B02,CH3,C00000,CMP000,0,7,55.35
O005909,2024-10-16,17,B02,CH2,C00000,CMP000,0,2,16.95
O005910,2024-10-16,21,B02,CH1,C00000,CMP000,4,13,110.6
O005911,2024-10-16,21,B02,CH1,C00000,CMP000,2,10,82.75
O005912,2024-10-16,22,B02,CH1,C00000,CMP000,4,14,110.85
O005913,2024-10-16,22,B02,CH1,C00000,CMP000,3,7,80.05
O005914,2024-10-17,19,B02,CH1,C00000,CMP000,4,11,123.85
O005915,2024-10-17,22,B02,CH1,C00000,CMP000,3,11,89.15
O005916,2024-10-17,19,B02,CH1,C00000,CMP000,2,7,108.4
O005917,2024-10-17,13,B02,CH1,C00000,CMP000,2,6,49.35
O005918,2024-10-17,17,B02,CH3,C04778,CMP000,0,3,21.5
O005919,2024-10-17,15,B02,CH4,C00000,CMP000,0,6,53.4
O005920,2024-10-17,17,B02,CH1,C01968,CMP000,4,8,81.2
O005921,2024-10-17,21,B02,CH1,C00000,CMP000,4,12,91.7
O005922,2024-10-17,19,B02,CH1,C00782,CMP000,2,8,67.1
O005923,2024-10-17,13,B02,CH1,C01553,CMP000,2,6,54.0
O005924,2024-10-18,21,B02,CH1,C00000,CMP000,6,23,196.9
O005925,2024-10-18,13,B02,CH1,C00000,CMP000,4,12,108.75
O005926,2024-10-18,21,B02,CH1,C00000,CMP000,1,5,48.5
O005927,2024-10-18,19,B02,CH1,C03726,CMP000,2,8,64.65
O005928,2024-10-18,18,B02,CH1,C02582,CMP000,4,7,81.6
O005929,2024-10-18,22,B02,CH1,C04005,CMP000,3,10,130.2
O005930,2024-10-18,14,B02,CH1,C00563,CMP000,2,5,36.6
O005931,2024-10-18,13,B02,CH1,C00000,CMP000,3,8,63.85
O005932,2024-10-18,16,B02,CH1,C00000,CMP000,4,12,119.4
O005933,2024-10-18,20,B02,CH1,C03867,CMP000,1,4,57.15
O005934,2024-10-18,19,B02,CH1,C04778,CMP000,2,6,59.6
O005935,2024-10-18,19,B02,CH1,C00162,CMP000,4,11,119.7
O005936,2024-10-19,14,B02,CH1,C00000,CMP000,2,5,43.25
O005937,2024-10-19,19,B02,CH4,C03047,CMP000,0,2,15.9
O005938,2024-10-19,22,B02,CH1,C00000,CMP000,2,7,54.25
O005939,2024-10-19,16,B02,CH1,C00000,CMP000,2,5,49.6
O005940,2024-10-19,18,B02,CH3,C00000,CMP000,0,2,18.6
O005941,2024-10-19,20,B02,CH1,C00000,CMP000,8,28,260.55
O005942,2024-10-19,13,B02,CH2,C04356,CMP000,0,3,22.85
O005943,2024-10-20,19,B02,CH4,C00000,CMP000,0,2,18.15
O005944,2024-10-20,13,B02,CH1,C00000,CMP000,3,9,64.05
O005945,2024-10-20,17,B02,CH3,C00000,CMP000,0,2,24.5
O005946,2024-10-20,13,B02,CH3,C03726,CMP000,0,7,59.0
O005947,2024-10-20,17,B02,CH1,C00000,CMP000,2,9,65.5
O005948,2024-10-20,19,B02,CH1,C01219,CMP000,7,20,166.35
O005949,2024-10-20,22,B02,CH1,C00000,CMP000,2,7,66.2
O005950,2024-10-21,14,B02,CH3,C00000,CMP000,0,10,86.35
O005951,2024-10-21,18,B02,CH3,C00000,CMP000,0,1,30.85
O005952,2024-10-23,18,B02,CH4,C00000,CMP000,0,3,23.3
O005953,2024-10-24,15,B02,CH1,C04983,CMP000,4,12,118.35
O005954,2024-10-24,20,B02,CH3,C00000,CMP000,0,2,17.7
O005955,2024-10-25,12,B02,CH2,C00000,CMP000,0,1,14.95
O005956,2024-10-25,20,B02,CH1,C01150,CMP000,1,4,55.8
O005957,2024-10-25,22,B02,CH1,C03497,CMP000,2,8,72.5
O005958,2024-10-25,21,B02,CH1,C00000,CMP000,3,9,151.5
O005959,2024-10-25,18,B02,CH1,C00000,CMP000,6,23,181.8
O005960,2024-10-25,20,B02,CH1,C00000,CMP000,2,8,76.35
O005961,2024-10-25,20,B02,CH1,C00000,CMP000,3,9,84.0
O005962,2024-10-25,12,B02,CH3,C00000,CMP000,0,2,17.4
O005963,2024-10-25,16,B02,CH1,C00000,CMP000,2,8,61.05
O005964,2024-10-25,13,B02,CH1,C00000,CMP000,2,8,55.35
O005965,2024-10-26,17,B02,CH2,C00000,CMP000,0,3,20.15
O005966,2024-10-26,19,B02,CH1,C00000,CMP000,2,5,47.6
O005967,2024-10-26,21,B02,CH1,C00000,CMP000,4,12,128.05
O005968,2024-10-26,16,B02,CH2,C04978,CMP000,0,5,47.0
O005969,2024-10-26,18,B02,CH2,C00000,CMP000,0,2,23.6
O005970,2024-10-26,14,B02,CH1,C03726,CMP000,2,7,85.75
O005971,2024-10-26,13,B02,CH1,C03726,CMP000,4,15,114.45
O005972,2024-10-26,19,B02,CH1,C00000,CMP000,2,5,44.45
O005973,2024-10-27,18,B02,CH2,C00000,CMP000,0,10,95.5
O005974,2024-10-27,22,B02,CH1,C00000,CMP000,4,8,81.95
O005975,2024-10-27,19,B02,CH1,C00000,CMP000,4,12,111.7
O005976,2024-10-27,18,B02,CH1,C00000,CMP000,4,12,120.7
O005977,2024-10-27,21,B02,CH4,C00000,CMP000,0,2,27.7
O005978,2024-10-27,12,B02,CH1,C01696,CMP000,5,13,128.45
O005979,2024-10-27,22,B02,CH1,C03724,CMP000,6,18,158.15
O005980,2024-10-28,19,B02,CH3,C03560,CMP000,0,5,41.45
O005981,2024-10-28,13,B02,CH1,C01696,CMP000,6,15,151.45
O005982,2024-10-28,19,B02,CH1,C01633,CMP000,3,7,71.8
O005983,2024-10-30,19,B02,CH4,C00000,CMP000,0,1,14.05
O005984,2024-10-30,20,B02,CH2,C04096,CMP000,0,2,17.4
O005985,2024-10-30,20,B02,CH1,C00000,CMP000,1,1,13.15
O005986,2024-10-30,15,B02,CH1,C00000,CMP000,1,4,53.95
O005987,2024-10-30,17,B02,CH2,C00000,CMP000,0,5,56.1
O005988,2024-10-30,21,B02,CH1,C00000,CMP000,4,11,127.05
O005989,2024-10-30,17,B02,CH1,C00000,CMP000,2,6,53.45
O005990,2024-10-30,20,B02,CH3,C00000,CMP000,0,2,31.3
O005991,2024-10-31,18,B02,CH1,C03726,CMP000,3,9,86.85
O005992,2024-10-31,19,B02,CH1,C04719,CMP000,2,8,96.3
O005993,2024-10-31,17,B02,CH1,C00000,CMP000,2,5,62.55
O005994,2024-10-31,18,B02,CH1,C04983,CMP000,2,5,45.15
O005995,2024-10-31,20,B02,CH3,C00000,CMP000,0,2,16.5
O005996,2024-10-31,13,B02,CH1,C01968,CMP000,4,11,96.1
O005997,2024-10-31,15,B02,CH1,C00000,CMP000,6,18,173.05
O005998,2024-11-01,14,B02,CH1,C00000,CMP000,4,9,77.3
O005999,2024-11-01,18,B02,CH2,C00000,CMP000,0,4,26.5
O006000,2024-11-01,16,B02,CH2,C00000,CMP000,0,6,106.4
O006001,2024-11-01,17,B02,CH1,C04356,CMP000,4,11,104.75
O006002,2024-11-01,12,B02,CH1,C03811,CMP000,2,5,39.2
O006003,2024-11-01,12,B02,CH1,C04652,CMP000,8,21,189.25
O006004,2024-11-01,14,B02,CH1,C00000,CMP000,2,5,57.85
O006005,2024-11-02,19,B02,CH1,C03115,CMP000,2,7,52.8
O006006,2024-11-02,21,B02,CH3,C00000,CMP000,0,6,48.25
O006007,2024-11-02,21,B02,CH1,C00000,CMP000,1,3,26.3
O006008,2024-11-02,21,B02,CH1,C01165,CMP000,2,5,59.85
O006009,2024-11-02,20,B02,CH1,C00000,CMP000,4,14,132.7
O006010,2024-11-02,12,B02,CH1,C00000,CMP000,2,5,51.9
O006011,2024-11-02,22,B02,CH1,C00000,CMP000,4,13,133.7
O006012,2024-11-02,20,B02,CH4,C00000,CMP000,0,3,30.4
O006013,2024-11-02,18,B02,CH1,C00000,CMP000,5,14,113.4
O006014,2024-11-02,22,B02,CH1,C00000,CMP000,6,19,166.0
O006015,2024-11-03,20,B02,CH1,C00000,CMP000,4,12,131.35
O006016,2024-11-03,15,B02,CH1,C00000,CMP000,6,20,193.95
O006017,2024-11-03,19,B02,CH2,C00000,CMP000,0,5,47.9
O006018,2024-11-03,18,B02,CH2,C04644,CMP000,0,4,37.8
O006019,2024-11-03,20,B02,CH4,C00000,CMP000,0,3,29.75
O006020,2024-11-03,20,B02,CH2,C00000,CMP000,0,3,27.7
O006021,2024-11-03,17,B02,CH1,C00000,CMP000,1,4,30.65
O006022,2024-11-04,22,B02,CH1,C04778,CMP000,2,9,73.5
O006023,2024-11-04,13,B02,CH1,C03115,CMP000,3,8,65.0
O006024,2024-11-04,12,B02,CH1,C00000,CMP000,4,10,85.25
O006025,2024-11-04,17,B02,CH3,C00000,CMP000,0,4,26.05
O006026,2024-11-06,17,B02,CH1,C00000,CMP000,2,6,50.3
O006027,2024-11-06,22,B02,CH1,C02371,CMP000,2,5,69.35
O006028,2024-11-06,19,B02,CH1,C00000,CMP000,2,7,72.05
O006029,2024-11-06,20,B02,CH4,C00000,CMP000,0,2,17.25
O006030,2024-11-07,15,B02,CH1,C03824,CMP000,2,4,56.85
O006031,2024-11-07,20,B02,CH1,C00000,CMP000,2,7,86.1
O006032,2024-11-07,20,B02,CH1,C00000,CMP000,4,9,90.6
O006033,2024-11-07,19,B02,CH1,C00000,CMP000,1,3,20.6
O006034,2024-11-07,15,B02,CH1,C00840,CMP000,2,5,56.5
O006035,2024-11-07,21,B02,CH1,C00000,CMP000,2,6,72.4
O006036,2024-11-08,13,B02,CH1,C02560,CMP000,8,22,213.1
O006037,2024-11-08,14,B02,CH1,C02252,CMP000,3,10,80.65
O006038,2024-11-08,18,B02,CH3,C00000,CMP000,0,4,40.35
O006039,2024-11-08,20,B02,CH1,C01142,CMP000,8,27,282.15
O006040,2024-11-08,22,B02,CH1,C04687,CMP000,1,4,31.55
O006041,2024-11-08,14,B02,CH1,C00000,CMP000,4,13,98.7
O006042,2024-11-08,13,B02,CH2,C00000,CMP000,0,2,15.6
O006043,2024-11-08,21,B02,CH1,C00000,CMP000,2,8,73.3
O006044,2024-11-08,13,B02,CH1,C00000,CMP000,4,9,79.9
O006045,2024-11-09,21,B02,CH1,C00000,CMP000,2,10,71.2
O006046,2024-11-09,15,B02,CH1,C00000,CMP000,4,10,95.55
O006047,2024-11-09,19,B02,CH1,C04356,CMP000,6,19,174.5
O006048,2024-11-10,13,B02,CH4,C03726,CMP000,0,2,36.75
O006049,2024-11-10,17,B02,CH2,C00000,CMP000,0,1,19.05
O006050,2024-11-10,20,B02,CH1,C00000,CMP000,2,5,51.2
O006051,2024-11-10,22,B02,CH2,C02759,CMP000,0,3,65.5
O006052,2024-11-10,19,B02,CH1,C00000,CMP000,2,8,70.0
O006053,2024-11-10,18,B02,CH4,C00000,CMP000,0,3,31.05
O006054,2024-11-10,14,B02,CH1,C00000,CMP000,4,9,76.0
O006055,2024-11-10,19,B02,CH1,C00000,CMP000,4,14,139.3
O006056,2024-11-10,22,B02,CH3,C00000,CMP000,0,4,26.35
O006057,2024-11-11,17,B02,CH2,C00000,CMP000,0,3,24.5
O006058,2024-11-11,20,B02,CH1,C00000,CMP000,1,3,25.65
O006059,2024-11-11,12,B02,CH1,C00345,CMP000,6,16,126.15
O006060,2024-11-11,18,B02,CH3,C00000,CMP000,0,5,41.9
O006061,2024-11-13,22,B02,CH1,C00000,CMP000,7,23,214.05
O006062,2024-11-13,21,B02,CH1,C03726,CMP000,6,17,163.3
O006063,2024-11-13,21,B02,CH1,C04096,CMP000,7,20,187.55
O006064,2024-11-13,12,B02,CH2,C00000,CMP000,0,5,46.0
O006065,2024-11-13,17,B02,CH1,C01696,CMP000,1,3,26.55
O006066,2024-11-14,12,B02,CH1,C00000,CMP000,2,6,54.3
O006067,2024-11-14,16,B02,CH1,C02449,CMP000,2,8,64.7
O006068,2024-11-14,19,B02,CH1,C04778,CMP000,4,10,91.9
O006069,2024-11-14,20,B02,CH1,C00000,CMP000,1,3,27.05
O006070,2024-11-15,20,B02,CH1,C00000,CMP000,3,13,95.85
O006071,2024-11-15,20,B02,CH1,C00000,CMP000,2,4,40.95
O006072,2024-11-15,18,B02,CH3,C00000,CMP000,0,3,33.75
O006073,2024-11-15,12,B02,CH3,C00000,CMP000,0,2,63.05
O006074,2024-11-15,18,B02,CH1,C04476,CMP000,5,12,121.8
O006075,2024-11-15,19,B02,CH1,C02389,CMP000,3,10,85.85
O006076,2024-11-15,22,B02,CH2,C00000,CMP000,0,2,19.05
O006077,2024-11-15,13,B02,CH1,C00000,CMP000,4,10,78.35
O006078,2024-11-16,19,B02,CH1,C00000,CMP000,1,3,28.1
O006079,2024-11-16,21,B02,CH1,C00000,CMP000,1,4,32.8
O006080,2024-11-16,20,B02,CH1,C03726,CMP000,1,4,39.65
O006081,2024-11-16,20,B02,CH1,C00000,CMP000,4,13,106.25
O006082,2024-11-16,16,B02,CH1,C00000,CMP000,4,14,149.4
O006083,2024-11-16,20,B02,CH1,C00000,CMP000,2,6,68.1
O006084,2024-11-17,13,B02,CH1,C01104,CMP000,2,6,53.5
O006085,2024-11-17,12,B02,CH1,C03122,CMP000,2,4,40.55
O006086,2024-11-17,17,B02,CH1,C00000,CMP000,6,18,149.35
O006087,2024-11-17,13,B02,CH1,C02771,CMP000,5,14,114.95
O006088,2024-11-18,20,B02,CH4,C03115,CMP000,0,3,20.6
O006089,2024-11-18,13,B02,CH1,C00000,CMP001,7,16,157.01
O006090,2024-11-18,13,B02,CH1,C00000,CMP000,5,13,110.6
O006091,2024-11-18,14,B02,CH1,C00000,CMP000,1,2,17.85
O006092,2024-11-18,19,B02,CH1,C00000,CMP000,2,5,53.5
O006093,2024-11-18,22,B02,CH1,C00000,CMP000,4,14,122.25
O006094,2024-11-18,18,B02,CH4,C02865,CMP000,0,6,62.6
O006095,2024-11-20,18,B02,CH1,C00000,CMP000,1,4,33.15
O006096,2024-11-20,22,B02,CH1,C03726,CMP000,1,3,39.0
O006097,2024-11-20,19,B02,CH1,C00000,CMP000,2,7,79.4
O006098,2024-11-20,20,B02,CH2,C00000,CMP000,0,2,19.5
O006099,2024-11-20,17,B02,CH4,C00000,CMP000,0,1,13.6
O006100,2024-11-21,16,B02,CH1,C00000,CMP000,5,18,174.05
O006101,2024-11-21,12,B02,CH1,C00000,CMP000,6,17,134.85
O006102,2024-11-21,19,B02,CH2,C00000,CMP000,0,8,78.95
O006103,2024-11-21,19,B02,CH1,C00000,CMP000,7,22,194.15
O006104,2024-11-21,14,B02,CH1,C03463,CMP000,2,7,56.4
O006105,2024-11-21,20,B02,CH1,C04032,CMP000,2,5,52.15
O006106,2024-11-21,18,B02,CH1,C00000,CMP000,2,5,38.55
O006107,2024-11-22,19,B02,CH1,C00000,CMP000,4,13,106.2
O006108,2024-11-22,17,B02,CH1,C00000,CMP000,2,6,46.25
O006109,2024-11-22,12,B02,CH1,C00000,CMP000,4,9,131.8
O006110,2024-11-22,12,B02,CH1,C00000,CMP001,6,16,133.36
O006111,2024-11-22,17,B02,CH1,C00000,CMP001,1,5,39.72
O006112,2024-11-22,14,B02,CH1,C04778,CMP000,4,13,104.0
O006113,2024-11-22,20,B02,CH3,C00000,CMP000,0,2,17.7
O006114,2024-11-22,22,B02,CH4,C00000,CMP000,0,1,14.5
O006115,2024-11-22,21,B02,CH1,C00000,CMP000,3,10,81.2
O006116,2024-11-22,19,B02,CH1,C00000,CMP000,2,9,87.45
O006117,2024-11-22,18,B02,CH1,C00000,CMP000,6,17,177.95
O006118,2024-11-22,19,B02,CH2,C03726,CMP000,0,2,21.35
O006119,2024-11-22,20,B02,CH3,C00000,CMP000,0,7,47.65
O006120,2024-11-23,12,B02,CH1,C00000,CMP000,2,5,45.8
O006121,2024-11-23,18,B02,CH1,C00000,CMP001,4,12,104.07
O006122,2024-11-23,16,B02,CH2,C00000,CMP000,0,1,14.05
O006123,2024-11-23,19,B02,CH1,C00000,CMP000,2,6,61.45
O006124,2024-11-23,21,B02,CH1,C02873,CMP000,4,14,127.7
O006125,2024-11-23,20,B02,CH1,C00000,CMP000,2,6,58.95
O006126,2024-11-23,15,B02,CH1,C00000,CMP000,1,4,58.25
O006127,2024-11-23,16,B02,CH1,C00000,CMP001,2,5,55.15
O006128,2024-11-24,13,B02,CH1,C00000,CMP001,3,6,55.07
O006129,2024-11-24,18,B02,CH1,C00000,CMP000,2,6,63.0
O006130,2024-11-24,15,B02,CH1,C01150,CMP000,3,10,95.95
O006131,2024-11-24,18,B02,CH1,C01678,CMP000,7,19,200.15
O006132,2024-11-24,21,B02,CH1,C03795,CMP000,3,10,107.3
O006133,2024-11-24,15,B02,CH1,C00000,CMP000,2,7,59.6
O006134,2024-11-24,19,B02,CH2,C00000,CMP000,0,2,30.4
O006135,2024-11-25,19,B02,CH1,C00000,CMP000,3,9,101.7
O006136,2024-11-25,12,B02,CH3,C01870,CMP000,0,2,17.25
O006137,2024-11-25,14,B02,CH1,C03115,CMP000,3,8,82.95
O006138,2024-11-25,21,B02,CH1,C00000,CMP000,6,19,159.3
O006139,2024-11-25,21,B02,CH1,C02771,CMP001,2,5,42.17
O006140,2024-11-25,21,B02,CH1,C01164,CMP001,6,22,191.54
O006141,2024-11-25,20,B02,CH1,C01968,CMP000,4,13,123.0
O006142,2024-11-27,20,B02,CH1,C00000,CMP000,5,15,153.3
O006143,2024-11-27,18,B02,CH2,C00000,CMP000,0,12,99.25
O006144,2024-11-27,18,B02,CH1,C00000,CMP000,4,15,117.9
O006145,2024-11-27,17,B02,CH1,C04978,CMP001,2,5,46.37
O006146,2024-11-27,22,B02,CH2,C00000,CMP000,0,4,40.55
O006147,2024-11-27,21,B02,CH1,C02670,CMP000,3,9,85.1
O006148,2024-11-28,14,B02,CH1,C02865,CMP000,5,11,134.25
O006149,2024-11-28,20,B02,CH1,C00000,CMP000,2,5,94.6
O006150,2024-11-28,19,B02,CH2,C00000,CMP000,0,2,26.15
O006151,2024-11-28,21,B02,CH1,C04348,CMP000,2,7,56.25
O006152,2024-11-28,20,B02,CH1,C00000,CMP000,8,33,277.5
O006153,2024-11-29,20,B02,CH4,C00000,CMP000,0,2,15.9
O006154,2024-11-29,20,B02,CH1,C00000,CMP000,1,2,23.55
O006155,2024-11-29,21,B02,CH1,C04096,CMP000,2,8,93.0
O006156,2024-11-29,19,B02,CH1,C00000,CMP001,2,5,48.45
O006157,2024-11-29,19,B02,CH4,C00000,CMP000,0,2,17.85
O006158,2024-11-29,14,B02,CH1,C00000,CMP001,1,3,23.61
O006159,2024-11-29,21,B02,CH2,C00000,CMP000,0,3,43.1
O006160,2024-11-29,19,B02,CH1,C00000,CMP001,4,16,175.17
O006161,2024-11-29,19,B02,CH1,C00000,CMP000,8,27,292.1
O006162,2024-11-29,20,B02,CH1,C03209,CMP000,6,16,157.75
O006163,2024-11-29,13,B02,CH1,C00000,CMP000,4,8,95.85
O006164,2024-11-29,13,B02,CH1,C00000,CMP000,4,11,90.9
O006165,2024-11-30,20,B02,CH1,C00000,CMP001,3,9,81.94
O006166,2024-11-30,12,B02,CH1,C00000,CMP001,8,22,178.98
O006167,2024-11-30,14,B02,CH1,C00000,CMP000,2,4,46.7
O006168,2024-11-30,17,B02,CH1,C00000,CMP000,2,8,67.35
O006169,2024-11-30,13,B02,CH1,C00000,CMP000,6,17,160.15
O006170,2024-11-30,14,B02,CH1,C03047,CMP001,2,4,38.87
O006171,2024-11-30,21,B02,CH1,C00000,CMP000,2,7,76.6
O006172,2024-11-30,17,B02,CH3,C00000,CMP000,0,2,16.8
O006173,2024-11-30,20,B02,CH4,C00000,CMP000,0,2,22.85
O006174,2024-12-01,21,B02,CH2,C04096,CMP000,0,3,22.4
O006175,2024-12-01,13,B02,CH1,C03047,CMP001,3,8,81.87
O006176,2024-12-01,18,B02,CH4,C01148,CMP000,0,6,58.25
O006177,2024-12-01,20,B02,CH3,C04825,CMP000,0,9,74.75
O006178,2024-12-01,20,B02,CH1,C00000,CMP000,4,15,118.9
O006179,2024-12-01,20,B02,CH2,C00000,CMP000,0,5,41.55
O006180,2024-12-01,17,B02,CH4,C00000,CMP000,0,6,44.65
O006181,2024-12-01,21,B02,CH1,C00000,CMP000,2,5,42.45
O006182,2024-12-01,20,B02,CH2,C00000,CMP000,0,2,19.5
O006183,2024-12-02,12,B02,CH1,C00000,CMP001,8,27,218.24
O006184,2024-12-02,20,B02,CH1,C03726,CMP000,1,4,50.35
O006185,2024-12-02,22,B02,CH1,C01632,CMP000,1,3,23.4
O006186,2024-12-02,19,B02,CH1,C00000,CMP001,5,17,149.96
O006187,2024-12-02,12,B02,CH1,C01359,CMP000,2,7,53.15
O006188,2024-12-02,12,B02,CH1,C02606,CMP001,2,8,56.0
O006189,2024-12-02,16,B02,CH4,C00000,CMP000,0,2,19.95
O006190,2024-12-02,19,B02,CH1,C04778,CMP000,2,6,43.55
O006191,2024-12-02,13,B02,CH1,C00000,CMP001,2,6,40.47
O006192,2024-12-04,20,B02,CH2,C01354,CMP000,0,5,54.6
O006193,2024-12-04,19,B02,CH2,C02397,CMP000,0,3,43.8
O006194,2024-12-04,18,B02,CH1,C00000,CMP000,2,8,97.7
O006195,2024-12-04,20,B02,CH1,C00000,CMP000,2,6,60.3
O006196,2024-12-04,21,B02,CH1,C03726,CMP001,5,18,173.44
O006197,2024-12-05,17,B02,CH1,C00000,CMP001,4,13,122.47
O006198,2024-12-05,19,B02,CH1,C03115,CMP000,2,6,58.05
O006199,2024-12-05,21,B02,CH1,C04778,CMP000,8,31,245.25
O006200,2024-12-05,12,B02,CH1,C00000,CMP000,2,6,58.6
O006201,2024-12-05,12,B02,CH1,C04348,CMP001,2,5,37.47
O006202,2024-12-05,21,B02,CH4,C00000,CMP000,0,2,25.85
O006203,2024-12-05,20,B02,CH1,C00000,CMP000,2,8,66.35
O006204,2024-12-05,19,B02,CH1,C00000,CMP000,2,6,51.7
O006205,2024-12-05,18,B02,CH1,C00000,CMP001,2,11,80.44
O006206,2024-12-05,12,B02,CH4,C04144,CMP000,0,11,100.5
O006207,2024-12-05,18,B02,CH1,C03489,CMP000,4,14,125.65
O006208,2024-12-05,19,B02,CH1,C00000,CMP000,1,3,24.3
O006209,2024-12-05,20,B02,CH1,C03726,CMP000,4,15,118.95
O006210,2024-12-06,17,B02,CH1,C00000,CMP000,3,10,88.6
O006211,2024-12-06,18,B02,CH2,C00000,CMP000,0,5,41.9
O006212,2024-12-06,19,B02,CH3,C00000,CMP000,0,3,31.5
O006213,2024-12-06,18,B02,CH2,C00000,CMP000,0,4,27.95
O006214,2024-12-06,19,B02,CH1,C00000,CMP000,4,13,125.5
O006215,2024-12-06,22,B02,CH1,C00000,CMP001,4,12,90.75
O006216,2024-12-06,22,B02,CH4,C00000,CMP000,0,4,49.45
O006217,2024-12-06,19,B02,CH4,C00000,CMP000,0,2,16.95
O006218,2024-12-07,19,B02,CH1,C00000,CMP001,3,9,85.29
O006219,2024-12-07,19,B02,CH1,C00000,CMP000,1,2,19.05
O006220,2024-12-07,20,B02,CH1,C00000,CMP001,4,11,97.06
O006221,2024-12-07,16,B02,CH1,C01454,CMP000,4,14,172.35
O006222,2024-12-07,19,B02,CH4,C00000,CMP000,0,5,44.2
O006223,2024-12-07,17,B02,CH1,C04096,CMP000,2,6,57.9
O006224,2024-12-07,19,B02,CH1,C00000,CMP001,1,3,23.04
O006225,2024-12-07,21,B02,CH1,C03726,CMP000,3,13,132.7
O006226,2024-12-07,15,B02,CH1,C00000,CMP000,2,5,49.5
O006227,2024-12-07,20,B02,CH1,C00000,CMP000,1,2,15.15
O006228,2024-12-07,20,B02,CH1,C03115,CMP000,6,17,158.65
O006229,2024-12-07,21,B02,CH1,C00000,CMP001,5,15,158.46
O006230,2024-12-08,19,B02,CH1,C00000,CMP001,2,8,58.48
O006231,2024-12-08,19,B02,CH1,C04542,CMP000,3,8,71.9
O006232,2024-12-08,12,B02,CH4,C00000,CMP000,0,11,84.7
O006233,2024-12-08,20,B02,CH3,C00000,CMP000,0,9,72.35
O006234,2024-12-08,16,B02,CH1,C03726,CMP000,2,6,73.7
O006235,2024-12-08,12,B02,CH3,C00000,CMP000,0,4,36.0
O006236,2024-12-08,21,B02,CH1,C01770,CMP000,4,11,101.35
O006237,2024-12-08,19,B02,CH1,C00000,CMP000,2,5,59.85
O006238,2024-12-08,19,B02,CH2,C00000,CMP000,0,3,33.55
O006239,2024-12-08,17,B02,CH4,C00000,CMP000,0,1,14.05
O006240,2024-12-08,21,B02,CH3,C02308,CMP000,0,2,17.25
O006241,2024-12-08,20,B02,CH3,C00000,CMP000,0,7,91.35
O006242,2024-12-09,15,B02,CH1,C00000,CMP001,3,10,78.75
O006243,2024-12-09,13,B02,CH1,C00000,CMP001,2,7,50.7
O006244,2024-12-09,22,B02,CH1,C00000,CMP001,4,14,105.99
O006245,2024-12-09,13,B02,CH1,C03726,CMP000,2,4,33.4
O006246,2024-12-09,20,B02,CH1,C00000,CMP000,4,15,128.2
O006247,2024-12-09,16,B02,CH1,C00523,CMP000,8,23,219.8
O006248,2024-12-09,18,B02,CH1,C00000,CMP000,1,3,24.75
O006249,2024-12-09,20,B02,CH1,C00000,CMP000,2,4,41.25
O006250,2024-12-09,21,B02,CH1,C00000,CMP001,2,4,38.14
O006251,2024-12-09,21,B02,CH1,C00000,CMP000,3,8,76.8
O006252,2024-12-11,19,B02,CH1,C01219,CMP001,2,9,70.22
O006253,2024-12-11,19,B02,CH1,C04825,CMP001,5,16,143.27
O006254,2024-12-11,20,B02,CH3,C00000,CMP000,0,4,47.35
O006255,2024-12-11,17,B02,CH1,C00007,CMP000,2,7,73.25
O006256,2024-12-11,18,B02,CH1,C00000,CMP000,6,15,150.45
O006257,2024-12-11,12,B02,CH1,C00000,CMP001,2,6,45.03
O006258,2024-12-12,19,B02,CH3,C00000,CMP000,0,5,36.95
O006259,2024-12-12,14,B02,CH1,C00000,CMP000,3,7,77.4
O006260,2024-12-12,17,B02,CH1,C00000,CMP001,2,6,40.82
O006261,2024-12-12,18,B02,CH1,C04778,CMP000,1,4,27.5
O006262,2024-12-12,22,B02,CH1,C04652,CMP001,2,6,48.98
O006263,2024-12-12,19,B02,CH1,C02704,CMP000,3,12,131.55
O006264,2024-12-13,19,B02,CH2,C00000,CMP000,0,6,59.15
O006265,2024-12-13,13,B02,CH1,C04778,CMP000,3,7,61.85
O006266,2024-12-13,17,B02,CH1,C01219,CMP000,2,6,56.75
O006267,2024-12-13,17,B02,CH1,C00000,CMP000,2,4,53.0
O006268,2024-12-13,20,B02,CH4,C03867,CMP000,0,5,45.55
O006269,2024-12-13,20,B02,CH1,C00000,CMP001,2,8,52.08
O006270,2024-12-13,19,B02,CH4,C01848,CMP000,0,1,14.05
O006271,2024-12-13,20,B02,CH1,C00000,CMP001,4,12,117.12
O006272,2024-12-13,14,B02,CH4,C00000,CMP000,0,1,58.95
O006273,2024-12-13,19,B02,CH1,C04349,CMP000,4,13,152.6
O006274,2024-12-13,18,B02,CH1,C00000,CMP000,2,6,58.05
O006275,2024-12-13,19,B02,CH1,C02771,CMP001,2,8,53.22
O006276,2024-12-14,21,B02,CH1,C03726,CMP001,2,6,44.84
O006277,2024-12-14,18,B02,CH1,C00000,CMP000,6,18,192.4
O006278,2024-12-14,12,B02,CH1,C00000,CMP001,3,8,69.56
O006279,2024-12-14,20,B02,CH1,C00000,CMP000,1,3,24.0
O006280,2024-12-14,12,B02,CH1,C00000,CMP000,4,8,84.0
O006281,2024-12-14,18,B02,CH1,C00000,CMP000,4,16,157.9
O006282,2024-12-14,21,B02,CH1,C00000,CMP000,6,14,124.2
O006283,2024-12-14,13,B02,CH1,C00000,CMP000,2,6,64.55
O006284,2024-12-14,12,B02,CH1,C00000,CMP000,3,10,84.05
O006285,2024-12-14,14,B02,CH2,C00000,CMP000,0,8,71.1
O006286,2024-12-14,18,B02,CH1,C00000,CMP000,1,2,18.15
O006287,2024-12-14,20,B02,CH1,C03726,CMP001,4,9,86.07
O006288,2024-12-15,16,B02,CH2,C00000,CMP000,0,6,55.2
O006289,2024-12-15,15,B02,CH4,C01088,CMP000,0,3,18.35
O006290,2024-12-15,22,B02,CH1,C00000,CMP001,4,12,99.14
O006291,2024-12-15,16,B02,CH1,C01359,CMP000,2,8,97.5
O006292,2024-12-15,17,B02,CH2,C00000,CMP000,0,11,81.4
O006293,2024-12-15,13,B02,CH1,C00000,CMP000,2,6,53.95
O006294,2024-12-15,18,B02,CH1,C01904,CMP001,2,7,56.14
O006295,2024-12-15,18,B02,CH1,C01937,CMP000,1,3,27.95
O006296,2024-12-15,19,B02,CH1,C00000,CMP001,4,11,100.3
O006297,2024-12-15,13,B02,CH2,C00000,CMP000,0,2,21.6
O006298,2024-12-15,13,B02,CH1,C00000,CMP001,6,14,156.37
O006299,2024-12-16,18,B02,CH1,C02412,CMP000,2,8,70.6
O006300,2024-12-16,20,B02,CH1,C00000,CMP001,2,5,43.51
O006301,2024-12-16,19,B02,CH1,C00000,CMP001,3,13,98.69
O006302,2024-12-16,13,B02,CH4,C00000,CMP000,0,3,38.55
O006303,2024-12-16,20,B02,CH1,C00000,CMP000,2,6,51.6
O006304,2024-12-16,20,B02,CH1,C00000,CMP000,4,12,105.6
O006305,2024-12-16,13,B02,CH1,C00000,CMP000,2,4,39.9
O006306,2024-12-16,17,B02,CH1,C04356,CMP000,5,17,159.8
O006307,2024-12-16,15,B02,CH1,C01131,CMP000,2,7,58.3
O006308,2024-12-18,14,B02,CH2,C00000,CMP000,0,7,51.1
O006309,2024-12-18,17,B02,CH2,C00000,CMP000,0,4,38.3
O006310,2024-12-18,13,B02,CH4,C00000,CMP000,0,2,29.5
O006311,2024-12-18,17,B02,CH1,C00483,CMP001,2,6,44.16
O006312,2024-12-18,19,B02,CH4,C00000,CMP000,0,3,26.3
O006313,2024-12-18,20,B02,CH1,C00000,CMP000,3,9,68.95
O006314,2024-12-18,15,B02,CH1,C00000,CMP000,2,4,37.65
O006315,2024-12-18,16,B02,CH1,C00000,CMP001,4,11,90.74
O006316,2024-12-18,20,B02,CH2,C00000,CMP000,0,2,15.7
O006317,2024-12-18,14,B02,CH1,C00000,CMP001,2,6,42.84
O006318,2024-12-18,17,B02,CH1,C04255,CMP001,2,9,69.21
O006319,2024-12-18,13,B02,CH2,C00000,CMP000,0,5,39.65
O006320,2024-12-19,21,B02,CH1,C00000,CMP000,2,7,62.4
O006321,2024-12-19,12,B02,CH3,C00000,CMP000,0,2,19.05
O006322,2024-12-19,20,B02,CH1,C04096,CMP001,1,4,30.73
O006323,2024-12-19,21,B02,CH3,C00000,CMP000,0,9,81.1
O006324,2024-12-20,20,B02,CH1,C00000,CMP000,4,13,127.75
O006325,2024-12-20,13,B02,CH1,C00000,CMP001,3,8,85.76
O006326,2024-12-20,22,B02,CH2,C00000,CMP000,0,2,28.55
O006327,2024-12-20,13,B02,CH1,C02216,CMP001,1,2,18.77
O006328,2024-12-20,14,B02,CH1,C00000,CMP000,1,3,30.55
O006329,2024-12-20,16,B02,CH1,C00000,CMP000,2,4,43.55
O006330,2024-12-20,20,B02,CH1,C00000,CMP001,1,3,24.14
O006331,2024-12-20,21,B02,CH1,C02873,CMP000,2,9,77.1
O006332,2024-12-20,20,B02,CH1,C03735,CMP001,1,3,23.04
O006333,2024-12-20,21,B02,CH1,C00000,CMP000,4,12,111.65
O006334,2024-12-20,19,B02,CH1,C00000,CMP001,2,5,40.4
O006335,2024-12-20,22,B02,CH1,C00000,CMP001,4,13,115.37
O006336,2024-12-20,19,B02,CH1,C00000,CMP000,2,7,77.3
O006337,2024-12-20,20,B02,CH1,C02216,CMP000,4,12,105.8
O006338,2024-12-20,17,B02,CH3,C00000,CMP000,0,3,34.95
O006339,2024-12-21,21,B02,CH1,C00000,CMP001,6,20,188.8
O006340,2024-12-21,13,B02,CH1,C00970,CMP000,4,12,95.85
O006341,2024-12-21,18,B02,CH1,C04778,CMP001,3,9,65.41
O006342,2024-12-21,19,B02,CH1,C00000,CMP000,1,3,29.9
O006343,2024-12-21,12,B02,CH1,C03115,CMP001,2,5,46.28
O006344,2024-12-21,18,B02,CH1,C00000,CMP000,6,19,165.5
O006345,2024-12-21,22,B02,CH1,C00000,CMP001,2,6,52.91
O006346,2024-12-21,17,B02,CH1,C00000,CMP000,4,18,145.35
O006347,2024-12-21,20,B02,CH1,C00000,CMP001,2,7,59.99
O006348,2024-12-21,17,B02,CH1,C03726,CMP000,1,5,49.85
O006349,2024-12-21,21,B02,CH1,C02561,CMP000,2,8,72.1
O006350,2024-12-21,18,B02,CH1,C03818,CMP001,4,12,111.54
O006351,2024-12-21,12,B02,CH1,C00000,CMP001,3,10,69.17
O006352,2024-12-21,21,B02,CH1,C00000,CMP000,2,5,56.5
O006353,2024-12-21,21,B02,CH1,C03307,CMP000,3,9,88.1
O006354,2024-12-22,19,B02,CH1,C00000,CMP001,3,8,67.73
O006355,2024-12-22,18,B02,CH1,C00000,CMP000,1,3,30.35
O006356,2024-12-22,16,B02,CH4,C00000,CMP000,0,3,36.9
O006357,2024-12-22,20,B02,CH2,C00000,CMP000,0,4,29.2
O006358,2024-12-22,15,B02,CH3,C04096,CMP000,0,2,19.3
O006359,2024-12-22,19,B02,CH1,C00000,CMP000,2,6,64.2
O006360,2024-12-22,12,B02,CH2,C00000,CMP000,0,4,44.45
O006361,2024-12-22,22,B02,CH1,C03726,CMP001,4,9,77.43
O006362,2024-12-22,19,B02,CH1,C03236,CMP001,4,11,131.59
O006363,2024-12-22,18,B02,CH1,C00000,CMP000,7,21,184.55
O006364,2024-12-22,18,B02,CH1,C00000,CMP000,3,7,92.05
O006365,2024-12-22,20,B02,CH3,C00000,CMP000,0,1,19.95
O006366,2024-12-23,21,B02,CH1,C01150,CMP000,2,6,46.9
O006367,2024-12-23,15,B02,CH1,C03735,CMP000,3,9,78.75
O006368,2024-12-26,18,B02,CH1,C00000,CMP000,3,10,88.05
O006369,2024-12-26,17,B02,CH1,C00000,CMP000,3,10,86.15
O006370,2024-12-27,18,B02,CH1,C00000,CMP000,2,8,63.2
O006371,2024-12-27,13,B02,CH1,C02281,CMP000,5,13,129.3
O006372,2024-12-27,20,B02,CH1,C00000,CMP000,5,16,159.35
O006373,2024-12-27,17,B02,CH1,C00000,CMP000,4,14,113.8
O006374,2024-12-27,19,B02,CH1,C00000,CMP000,3,9,78.9
O006375,2024-12-27,20,B02,CH3,C00000,CMP000,0,4,49.9
O006376,2024-12-27,19,B02,CH2,C00000,CMP000,0,9,79.0
O006377,2024-12-28,21,B02,CH1,C00000,CMP000,4,9,134.4
O006378,2024-12-28,13,B02,CH1,C02155,CMP000,2,4,41.9
O006379,2024-12-28,12,B02,CH1,C00000,CMP000,2,8,67.6
O006380,2024-12-28,12,B02,CH1,C02753,CMP000,4,14,106.5
O006381,2024-12-28,20,B02,CH1,C00000,CMP000,4,11,117.15
O006382,2024-12-29,21,B02,CH1,C01676,CMP000,4,13,130.05
O006383,2024-12-29,19,B02,CH1,C01596,CMP000,5,16,220.05
O006384,2024-12-29,22,B02,CH1,C00000,CMP000,4,13,119.95
O006385,2024-12-30,15,B02,CH1,C04492,CMP000,6,22,174.4
O006386,2024-12-30,12,B02,CH1,C00000,CMP000,2,6,45.0
O006387,2024-12-30,20,B02,CH1,C00000,CMP000,3,12,95.15
O006388,2024-12-30,17,B02,CH3,C00000,CMP000,0,7,60.8
O006389,2024-12-30,22,B02,CH1,C04983,CMP000,5,15,147.2
O006390,2025-01-01,22,B02,CH1,C00000,CMP000,3,9,91.45
O006391,2025-01-01,13,B02,CH1,C00000,CMP000,7,18,162.5
O006392,2025-01-02,19,B02,CH1,C00000,CMP000,7,20,187.85
O006393,2025-01-02,20,B02,CH1,C04851,CMP000,2,5,68.95
O006394,2025-01-02,21,B02,CH1,C02726,CMP000,6,17,156.5
O006395,2025-01-03,12,B02,CH1,C03726,CMP000,1,3,23.75
O006396,2025-01-03,19,B02,CH2,C00000,CMP000,0,4,30.6
O006397,2025-01-03,18,B02,CH1,C00063,CMP000,2,6,51.25
O006398,2025-01-03,12,B02,CH1,C00000,CMP000,7,22,195.1
O006399,2025-01-03,13,B02,CH3,C03726,CMP000,0,5,47.35
O006400,2025-01-03,21,B02,CH1,C02192,CMP000,3,9,73.0
O006401,2025-01-03,13,B02,CH1,C03606,CMP000,2,7,59.4
O006402,2025-01-04,13,B02,CH3,C00000,CMP000,0,8,73.95
O006403,2025-01-04,21,B02,CH1,C00000,CMP000,2,9,96.85
O006404,2025-01-04,18,B02,CH1,C00000,CMP000,2,5,75.35
O006405,2025-01-04,21,B02,CH3,C00000,CMP000,0,8,74.4
O006406,2025-01-04,19,B02,CH1,C00000,CMP000,5,16,143.95
O006407,2025-01-04,16,B02,CH3,C00000,CMP000,0,4,34.65
O006408,2025-01-05,19,B02,CH1,C00000,CMP000,3,13,96.95
O006409,2025-01-05,22,B02,CH1,C00000,CMP000,1,4,40.35
O006410,2025-01-05,21,B02,CH1,C00000,CMP000,3,12,128.05
O006411,2025-01-06,17,B02,CH1,C04945,CMP000,4,11,113.3
O006412,2025-01-06,20,B02,CH1,C00000,CMP000,2,7,50.2
O006413,2025-01-06,18,B02,CH1,C00000,CMP002,4,13,104.47
O006414,2025-01-06,13,B02,CH1,C00000,CMP002,4,10,66.95
O006415,2025-01-06,18,B02,CH2,C00000,CMP000,0,4,35.55
O006416,2025-01-06,21,B02,CH3,C00000,CMP000,0,5,51.45
O006417,2025-01-08,13,B02,CH1,C00000,CMP002,3,7,77.33
O006418,2025-01-08,20,B02,CH1,C00000,CMP002,4,12,91.47
O006419,2025-01-08,20,B02,CH1,C04652,CMP000,3,9,81.25
O006420,2025-01-08,20,B02,CH1,C00000,CMP000,2,8,67.1
O006421,2025-01-08,21,B02,CH1,C00000,CMP002,1,2,12.27
O006422,2025-01-09,19,B02,CH1,C00000,CMP002,3,8,72.2
O006423,2025-01-09,20,B02,CH1,C00000,CMP002,2,7,51.06
O006424,2025-01-09,13,B02,CH1,C00000,CMP002,2,6,50.23
O006425,2025-01-09,12,B02,CH1,C00000,CMP002,7,24,160.26
O006426,2025-01-09,20,B02,CH1,C00000,CMP000,2,7,63.9
O006427,2025-01-09,13,B02,CH1,C04096,CMP002,2,5,40.25
O006428,2025-01-09,18,B02,CH1,C00000,CMP002,6,19,155.48
O006429,2025-01-09,17,B02,CH1,C00000,CMP000,4,10,96.3
O006430,2025-01-10,16,B02,CH1,C00000,CMP000,2,7,54.95
O006431,2025-01-10,20,B02,CH1,C00000,CMP002,1,2,15.09
O006432,2025-01-10,21,B02,CH2,C00000,CMP000,0,2,42.15
O006433,2025-01-10,18,B02,CH4,C00000,CMP000,0,6,76.4
O006434,2025-01-10,17,B02,CH3,C03025,CMP000,0,1,14.05
O006435,2025-01-10,21,B02,CH1,C00000,CMP000,4,8,120.7
O006436,2025-01-10,20,B02,CH1,C00000,CMP000,1,4,34.95
O006437,2025-01-10,18,B02,CH1,C00000,CMP002,1,3,17.37
O006438,2025-01-10,12,B02,CH1,C00000,CMP000,3,10,76.4
O006439,2025-01-10,15,B02,CH2,C00000,CMP000,0,2,19.95
O006440,2025-01-11,17,B02,CH1,C00000,CMP000,2,7,49.15
O006441,2025-01-11,14,B02,CH1,C00000,CMP002,5,13,79.98
O006442,2025-01-11,17,B02,CH4,C00000,CMP000,0,3,31.5
O006443,2025-01-11,18,B02,CH1,C00000,CMP000,2,6,50.8
O006444,2025-01-11,14,B02,CH1,C01508,CMP000,2,6,56.15
O006445,2025-01-11,21,B02,CH1,C00000,CMP000,2,5,44.25
O006446,2025-01-11,19,B02,CH1,C00405,CMP000,3,13,93.25
O006447,2025-01-12,15,B02,CH4,C00000,CMP000,0,3,24.05
O006448,2025-01-12,21,B02,CH1,C00000,CMP000,2,6,57.9
O006449,2025-01-12,19,B02,CH2,C00000,CMP000,0,1,23.6
O006450,2025-01-12,19,B02,CH2,C00000,CMP000,0,9,88.0
O006451,2025-01-12,18,B02,CH1,C01152,CMP000,3,7,70.05
O006452,2025-01-12,21,B02,CH3,C00000,CMP000,0,6,48.1
O006453,2025-01-12,20,B02,CH1,C00000,CMP000,2,8,107.9
O006454,2025-01-13,14,B02,CH1,C00000,CMP002,2,6,36.78
O006455,2025-01-15,19,B02,CH1,C00000,CMP002,6,21,142.59
O006456,2025-01-15,13,B02,CH1,C00000,CMP000,3,8,75.0
O006457,2025-01-15,12,B02,CH1,C00000,CMP000,1,3,26.1
O006458,2025-01-15,19,B02,CH1,C00000,CMP000,1,4,27.05
O006459,2025-01-16,22,B02,CH1,C00000,CMP000,3,6,74.4
O006460,2025-01-16,22,B02,CH1,C04348,CMP000,2,7,52.6
O006461,2025-01-16,22,B02,CH3,C00000,CMP000,0,4,35.55
O006462,2025-01-16,12,B02,CH1,C01596,CMP000,5,11,95.45
O006463,2025-01-17,13,B02,CH2,C01937,CMP000,0,5,60.05
O006464,2025-01-17,19,B02,CH1,C00000,CMP000,5,16,136.7
O006465,2025-01-17,22,B02,CH4,C00000,CMP000,0,1,14.5
O006466,2025-01-17,13,B02,CH1,C01696,CMP002,2,4,30.61
O006467,2025-01-17,20,B02,CH3,C00000,CMP000,0,3,38.55
O006468,2025-01-17,18,B02,CH1,C00000,CMP002,5,16,119.14
O006469,2025-01-17,18,B02,CH1,C00000,CMP002,2,7,43.45
O006470,2025-01-17,22,B02,CH1,C04356,CMP000,4,12,115.45
O006471,2025-01-18,21,B02,CH1,C04851,CMP000,2,5,58.95
O006472,2025-01-18,20,B02,CH4,C00000,CMP000,0,2,17.7
O006473,2025-01-18,18,B02,CH1,C03463,CMP000,2,7,69.35
O006474,2025-01-18,18,B02,CH1,C00000,CMP002,3,11,74.77
O006475,2025-01-18,19,B02,CH2,C00000,CMP000,0,3,50.8
O006476,2025-01-18,18,B02,CH1,C04476,CMP000,1,4,28.85
O006477,2025-01-18,18,B02,CH1,C00000,CMP002,2,8,50.48
O006478,2025-01-19,17,B02,CH3,C00000,CMP000,0,1,13.15
O006479,2025-01-19,22,B02,CH1,C01910,CMP000,2,5,41.0
O006480,2025-01-19,21,B02,CH2,C00000,CMP000,0,6,45.35
O006481,2025-01-19,12,B02,CH1,C04007,CMP002,2,8,57.73
O006482,2025-01-19,21,B02,CH1,C00000,CMP002,2,5,37.4
O006483,2025-01-19,12,B02,CH1,C00000,CMP000,5,14,123.85
O006484,2025-01-19,17,B02,CH1,C01678,CMP002,3,7,54.53
O006485,2025-01-19,18,B02,CH4,C02861,CMP000,0,2,16.8
O006486,2025-01-19,19,B02,CH1,C00000,CMP002,2,7,51.52
O006487,2025-01-19,12,B02,CH1,C00000,CMP002,2,5,39.24
O006488,2025-01-20,12,B02,CH1,C00000,CMP002,5,13,93.07
O006489,2025-01-20,20,B02,CH1,C03726,CMP000,3,10,117.9
O006490,2025-01-20,19,B02,CH3,C04734,CMP000,0,3,23.15
O006491,2025-01-22,20,B02,CH1,C00000,CMP000,2,6,45.35
O006492,2025-01-22,18,B02,CH1,C00000,CMP002,4,13,86.11
O006493,2025-01-22,19,B02,CH1,C00000,CMP000,2,5,47.95
O006494,2025-01-22,19,B02,CH1,C03726,CMP000,2,5,40.55
O006495,2025-01-23,17,B02,CH1,C03236,CMP000,3,6,82.35
O006496,2025-01-23,21,B02,CH1,C00000,CMP002,4,15,89.86
O006497,2025-01-23,18,B02,CH1,C00000,CMP000,2,6,59.7
O006498,2025-01-23,17,B02,CH1,C04356,CMP002,2,7,70.39
O006499,2025-01-23,19,B02,CH1,C03447,CMP002,1,4,21.94
O006500,2025-01-24,21,B02,CH2,C00819,CMP000,0,1,14.05
O006501,2025-01-24,22,B02,CH3,C00000,CMP000,0,6,51.6
O006502,2025-01-24,17,B02,CH1,C00000,CMP000,2,4,43.8
O006503,2025-01-24,14,B02,CH1,C00000,CMP002,2,5,44.42
O006504,2025-01-24,22,B02,CH1,C00000,CMP002,2,4,53.17
O006505,2025-01-24,21,B02,CH1,C00000,CMP000,2,5,53.95
O006506,2025-01-24,12,B02,CH1,C00000,CMP000,2,6,54.85
O006507,2025-01-24,15,B02,CH3,C00000,CMP000,0,2,18.15
O006508,2025-01-24,21,B02,CH1,C00000,CMP002,4,15,123.52
O006509,2025-01-25,17,B02,CH2,C04247,CMP000,0,4,42.8
O006510,2025-01-25,18,B02,CH1,C03047,CMP002,7,28,192.59
O006511,2025-01-25,16,B02,CH1,C00000,CMP000,2,5,43.8
O006512,2025-01-25,13,B02,CH1,C00000,CMP002,3,10,61.7
O006513,2025-01-25,19,B02,CH2,C04851,CMP000,0,1,13.6
O006514,2025-01-25,18,B02,CH1,C04096,CMP002,3,9,76.49
O006515,2025-01-25,20,B02,CH1,C00000,CMP002,4,14,88.05
O006516,2025-01-26,13,B02,CH1,C00000,CMP002,1,4,26.69
O006517,2025-01-26,22,B02,CH1,C00000,CMP002,1,3,35.5
O006518,2025-01-26,13,B02,CH2,C03883,CMP000,0,3,25.65
O006519,2025-01-26,19,B02,CH1,C04978,CMP002,5,16,110.7
O006520,2025-01-26,13,B02,CH3,C00000,CMP000,0,3,65.15
O006521,2025-01-26,21,B02,CH1,C00000,CMP000,3,9,85.95
O006522,2025-01-27,13,B02,CH1,C00000,CMP000,4,13,104.6
O006523,2025-01-27,20,B02,CH1,C01150,CMP000,5,20,175.1
O006524,2025-01-29,13,B02,CH1,C00000,CMP000,5,12,110.1
O006525,2025-01-29,19,B02,CH4,C02399,CMP000,0,8,74.7
O006526,2025-01-29,13,B02,CH1,C00000,CMP000,2,5,53.05
O006527,2025-01-29,17,B02,CH1,C00000,CMP000,2,5,49.6
O006528,2025-01-29,20,B02,CH4,C00000,CMP000,0,10,83.85
O006529,2025-01-29,14,B02,CH1,C00000,CMP002,1,1,23.14
O006530,2025-01-30,21,B02,CH3,C02864,CMP000,0,5,37.5
O006531,2025-01-30,16,B02,CH1,C04481,CMP000,3,8,71.5
O006532,2025-01-30,13,B02,CH1,C00000,CMP002,3,8,44.76
O006533,2025-01-31,21,B02,CH1,C02252,CMP002,2,5,42.64
O006534,2025-01-31,19,B02,CH1,C00000,CMP000,1,2,17.7
O006535,2025-01-31,13,B02,CH1,C00000,CMP002,4,14,90.07
O006536,2025-01-31,13,B02,CH1,C00000,CMP002,6,17,110.63
O006537,2025-01-31,12,B02,CH1,C03873,CMP000,8,22,203.35
O006538,2025-01-31,14,B02,CH1,C00000,CMP002,4,10,75.72
O006539,2025-01-31,19,B02,CH1,C00000,CMP002,4,11,107.81
O006540,2025-01-31,20,B02,CH1,C00000,CMP002,1,2,18.41
O006541,2025-01-31,20,B02,CH1,C00000,CMP000,2,8,58.2
O006542,2025-01-31,21,B02,CH1,C03047,CMP000,5,14,134.9
O006543,2025-01-31,12,B02,CH1,C00000,CMP000,2,6,51.2
O006544,2025-01-31,22,B02,CH1,C00000,CMP002,2,8,66.08
O006545,2025-01-31,20,B02,CH1,C00000,CMP000,1,3,24.75
O006546,2025-01-31,13,B02,CH1,C00000,CMP000,3,9,70.5
O006547,2025-01-31,12,B02,CH1,C00000,CMP000,1,3,27.65
O006548,2025-01-31,20,B02,CH1,C01104,CMP002,4,13,115.33
O006549,2025-02-01,18,B02,CH1,C00000,CMP000,3,8,81.0
O006550,2025-02-01,14,B02,CH1,C00000,CMP000,3,10,82.8
O006551,2025-02-01,19,B02,CH4,C00000,CMP000,0,1,13.15
O006552,2025-02-01,12,B02,CH1,C00000,CMP000,5,11,119.35
O006553,2025-02-01,19,B02,CH1,C00000,CMP000,2,7,55.05
O006554,2025-02-01,21,B02,CH1,C00000,CMP000,4,9,100.7
O006555,2025-02-01,12,B02,CH1,C00000,CMP000,2,7,61.25
O006556,2025-02-01,20,B02,CH1,C00000,CMP000,4,18,167.85
O006557,2025-02-01,18,B02,CH1,C00000,CMP000,3,7,77.7
O006558,2025-02-01,13,B02,CH4,C01622,CMP000,0,7,53.5
O006559,2025-02-02,21,B02,CH1,C04008,CMP000,2,6,61.85
O006560,2025-02-02,14,B02,CH1,C00000,CMP000,2,6,47.95
O006561,2025-02-02,18,B02,CH1,C00000,CMP000,2,7,71.2
O006562,2025-02-02,22,B02,CH1,C04096,CMP000,8,26,231.8
O006563,2025-02-02,13,B02,CH1,C00000,CMP000,2,4,60.05
O006564,2025-02-02,20,B02,CH1,C00000,CMP000,2,5,36.65
O006565,2025-02-02,20,B02,CH1,C00000,CMP000,3,10,126.55
O006566,2025-02-02,15,B02,CH1,C04778,CMP000,2,6,49.75
O006567,2025-02-02,22,B02,CH3,C00000,CMP000,0,1,17.7
O006568,2025-02-03,19,B02,CH3,C00000,CMP000,0,5,58.25
O006569,2025-02-03,18,B02,CH1,C01428,CMP000,2,6,50.8
O006570,2025-02-03,18,B02,CH1,C00000,CMP000,5,18,165.75
O006571,2025-02-05,13,B02,CH4,C00169,CMP000,0,4,39.0
O006572,2025-02-05,16,B02,CH1,C00000,CMP000,2,5,66.2
O006573,2025-02-05,17,B02,CH1,C00000,CMP000,6,20,173.85
O006574,2025-02-06,12,B02,CH1,C04899,CMP000,5,16,122.85
O006575,2025-02-06,14,B02,CH1,C01981,CMP000,2,5,48.8
O006576,2025-02-06,20,B02,CH1,C00000,CMP000,1,4,28.85
O006577,2025-02-06,15,B02,CH2,C01596,CMP000,0,2,17.25
O006578,2025-02-06,20,B02,CH4,C00000,CMP000,0,4,38.3
O006579,2025-02-06,12,B02,CH1,C00007,CMP000,3,8,63.4
O006580,2025-02-06,12,B02,CH1,C00450,CMP000,1,4,29.75
O006581,2025-02-06,17,B02,CH4,C03389,CMP000,0,4,40.85
O006582,2025-02-06,21,B02,CH1,C00000,CMP000,4,13,112.55
O006583,2025-02-07,17,B02,CH3,C00000,CMP000,0,2,17.7
O006584,2025-02-07,13,B02,CH1,C00000,CMP000,4,10,87.05
O006585,2025-02-07,16,B02,CH2,C00000,CMP000,0,3,41.3
O006586,2025-02-07,18,B02,CH3,C00000,CMP000,0,5,48.55
O006587,2025-02-07,21,B02,CH1,C00000,CMP000,7,26,249.75
O006588,2025-02-07,16,B02,CH2,C03040,CMP000,0,1,12.7
O006589,2025-02-08,18,B02,CH2,C00840,CMP000,0,2,34.45
O006590,2025-02-08,14,B02,CH2,C00000,CMP000,0,2,27.25
O006591,2025-02-08,12,B02,CH1,C00000,CMP000,2,7,55.3
O006592,2025-02-08,19,B02,CH2,C00000,CMP000,0,2,16.35
O006593,2025-02-08,18,B02,CH1,C00000,CMP000,4,12,99.6
O006594,2025-02-08,19,B02,CH1,C01855,CMP000,6,17,212.45
O006595,2025-02-08,19,B02,CH1,C00000,CMP000,5,14,115.65
O006596,2025-02-08,12,B02,CH1,C01079,CMP000,6,11,137.3
O006597,2025-02-09,14,B02,CH1,C04652,CMP000,4,13,108.15
O006598,2025-02-09,20,B02,CH4,C00000,CMP000,0,2,24.05
O006599,2025-02-09,18,B02,CH1,C00000,CMP000,3,7,71.55
O006600,2025-02-09,15,B02,CH1,C00000,CMP000,2,5,48.35
O006601,2025-02-09,13,B02,CH1,C00000,CMP000,1,3,40.2
O006602,2025-02-10,13,B02,CH1,C00000,CMP000,5,15,129.65
O006603,2025-02-10,17,B02,CH4,C00000,CMP000,0,8,67.65
O006604,2025-02-10,16,B02,CH1,C04978,CMP000,6,19,196.45
O006605,2025-02-12,19,B02,CH1,C00000,CMP000,6,20,194.45
O006606,2025-02-12,16,B02,CH1,C00000,CMP000,3,10,84.35
O006607,2025-02-12,19,B02,CH2,C00007,CMP000,0,2,30.85
O006608,2025-02-12,21,B02,CH1,C00000,CMP000,4,13,127.9
O006609,2025-02-13,20,B02,CH1,C00000,CMP000,5,17,150.3
O006610,2025-02-13,22,B02,CH1,C00000,CMP000,2,6,59.45
O006611,2025-02-13,20,B02,CH1,C00000,CMP000,1,4,63.5
O006612,2025-02-13,21,B02,CH2,C00000,CMP000,0,3,22.25
O006613,2025-02-13,22,B02,CH1,C00000,CMP000,3,8,66.7
O006614,2025-02-13,19,B02,CH1,C01770,CMP000,5,14,134.75
O006615,2025-02-14,22,B02,CH1,C03565,CMP000,2,8,64.65
O006616,2025-02-14,20,B02,CH1,C00000,CMP000,5,11,112.75
O006617,2025-02-14,15,B02,CH1,C00000,CMP000,6,19,177.35
O006618,2025-02-14,17,B02,CH2,C00000,CMP000,0,3,20.6
O006619,2025-02-14,12,B02,CH3,C03318,CMP000,0,9,63.55
O006620,2025-02-14,13,B02,CH1,C01150,CMP000,2,7,52.35
O006621,2025-02-14,19,B02,CH1,C00000,CMP000,2,5,88.05
O006622,2025-02-15,19,B02,CH1,C00000,CMP000,2,6,71.45
O006623,2025-02-15,19,B02,CH1,C00000,CMP000,2,5,55.25
O006624,2025-02-15,19,B02,CH1,C01101,CMP000,5,18,155.05
O006625,2025-02-15,13,B02,CH1,C00000,CMP000,8,25,245.65
O006626,2025-02-15,14,B02,CH1,C00135,CMP000,3,9,82.4
O006627,2025-02-15,18,B02,CH3,C00000,CMP000,0,6,48.35
O006628,2025-02-15,21,B02,CH1,C00000,CMP000,6,16,164.5
O006629,2025-02-15,19,B02,CH1,C00000,CMP000,5,17,152.6
O006630,2025-02-15,18,B02,CH1,C00000,CMP000,1,4,29.65
O006631,2025-02-15,20,B02,CH3,C00000,CMP000,0,4,41.75
O006632,2025-02-15,17,B02,CH2,C00000,CMP000,0,8,61.9
O006633,2025-02-16,18,B02,CH1,C00000,CMP000,2,6,47.85
O006634,2025-02-16,16,B02,CH1,C03223,CMP000,3,7,82.8
O006635,2025-02-16,13,B02,CH1,C00000,CMP000,7,19,181.65
O006636,2025-02-16,15,B02,CH1,C00000,CMP000,2,5,40.35
O006637,2025-02-16,12,B02,CH1,C00000,CMP000,2,4,30.05
O006638,2025-02-16,22,B02,CH1,C00000,CMP000,4,11,166.8
O006639,2025-02-17,20,B02,CH1,C00000,CMP000,3,9,75.0
O006640,2025-02-17,18,B02,CH1,C00000,CMP000,2,5,54.65
O006641,2025-02-17,21,B02,CH4,C00000,CMP000,0,3,20.6
O006642,2025-02-19,19,B02,CH1,C00000,CMP000,2,6,56.05
O006643,2025-02-19,18,B02,CH1,C00000,CMP000,4,16,163.95
O006644,2025-02-20,13,B02,CH1,C00000,CMP000,2,8,61.95
O006645,2025-02-20,18,B02,CH1,C00000,CMP000,4,17,124.6
O006646,2025-02-20,17,B02,CH4,C01265,CMP000,0,7,70.25
O006647,2025-02-20,13,B02,CH3,C00000,CMP000,0,2,17.4
O006648,2025-02-21,21,B02,CH1,C00000,CMP000,1,4,32.4
O006649,2025-02-21,20,B02,CH1,C02368,CMP000,2,7,51.25
O006650,2025-02-21,21,B02,CH1,C00000,CMP000,4,13,124.45
O006651,2025-02-21,18,B02,CH1,C03726,CMP000,2,7,57.2
O006652,2025-02-22,20,B02,CH2,C00008,CMP000,0,2,21.95
O006653,2025-02-22,19,B02,CH1,C02753,CMP000,4,15,122.9
O006654,2025-02-22,18,B02,CH1,C03885,CMP000,4,11,123.75
O006655,2025-02-22,20,B02,CH1,C00000,CMP000,6,21,188.15
O006656,2025-02-22,21,B02,CH4,C00000,CMP000,0,6,58.25
O006657,2025-02-22,14,B02,CH4,C00000,CMP000,0,4,36.9
O006658,2025-02-22,22,B02,CH2,C03223,CMP000,0,3,20.6
O006659,2025-02-22,19,B02,CH1,C04778,CMP000,3,10,89.55
O006660,2025-02-22,19,B02,CH2,C00000,CMP000,0,8,66.15
O006661,2025-02-23,20,B02,CH3,C00000,CMP000,0,11,82.3
O006662,2025-02-23,19,B02,CH1,C01696,CMP000,5,21,181.7
O006663,2025-02-23,13,B02,CH1,C00000,CMP000,2,4,37.05
O006664,2025-02-23,19,B02,CH1,C01487,CMP000,4,16,128.55
O006665,2025-02-23,19,B02,CH1,C00000,CMP000,2,7,82.1
O006666,2025-02-23,19,B02,CH1,C00000,CMP000,3,8,82.7
O006667,2025-02-23,19,B02,CH1,C00000,CMP000,4,13,101.55
O006668,2025-02-24,14,B02,CH1,C03353,CMP000,2,5,36.2
O006669,2025-02-24,16,B02,CH2,C00000,CMP000,0,5,46.0
O006670,2025-02-26,14,B02,CH1,C00000,CMP000,4,12,93.4
O006671,2025-02-26,21,B02,CH1,C03223,CMP000,2,6,57.85
O006672,2025-02-26,13,B02,CH1,C03528,CMP000,2,5,42.9
O006673,2025-02-27,20,B02,CH1,C00000,CMP000,1,5,39.6
O006674,2025-02-27,20,B02,CH1,C00000,CMP000,7,22,204.7
O006675,2025-02-28,18,B02,CH3,C00000,CMP000,0,2,16.6
O006676,2025-02-28,22,B02,CH3,C04945,CMP000,0,5,39.65
O006677,2025-02-28,19,B02,CH3,C00000,CMP000,0,7,48.55
O006678,2025-02-28,22,B02,CH1,C00000,CMP000,2,6,61.7
O006679,2025-02-28,19,B02,CH4,C00000,CMP000,0,3,35.4
O006680,2025-02-28,21,B02,CH1,C04778,CMP000,2,7,54.9
O006681,2025-02-28,22,B02,CH2,C03726,CMP000,0,1,19.05
O006682,2025-02-28,14,B02,CH1,C00000,CMP000,4,13,126.55
O006683,2025-03-01,22,B02,CH1,C03236,CMP000,1,3,28.85
O006684,2025-03-01,22,B02,CH1,C03528,CMP000,2,7,82.45
O006685,2025-03-01,21,B02,CH1,C00000,CMP000,3,12,100.15
O006686,2025-03-01,20,B02,CH1,C00000,CMP000,2,6,73.25
O006687,2025-03-01,17,B02,CH1,C00000,CMP000,8,24,225.95
O006688,2025-03-01,15,B02,CH1,C00000,CMP000,1,3,31.25
O006689,2025-03-02,19,B02,CH3,C00000,CMP000,0,7,60.8
O006690,2025-03-02,13,B02,CH1,C01910,CMP000,2,5,41.3
O006691,2025-03-02,15,B02,CH1,C00000,CMP000,2,6,47.1
O006692,2025-03-02,15,B02,CH1,C00000,CMP000,2,5,54.0
O006693,2025-03-02,18,B02,CH1,C00000,CMP000,1,3,26.2
O006694,2025-03-02,12,B02,CH1,C00000,CMP000,3,6,61.3
O006695,2025-03-03,18,B02,CH4,C00000,CMP000,0,4,38.65
O006696,2025-03-03,12,B02,CH1,C00345,CMP000,4,9,104.5
O006697,2025-03-03,18,B02,CH1,C00000,CMP000,6,22,200.5
O006698,2025-03-03,19,B02,CH1,C04096,CMP000,5,21,177.0
O006699,2025-03-06,13,B02,CH1,C04356,CMP000,2,5,68.8
O006700,2025-03-06,19,B02,CH1,C04851,CMP000,2,4,46.15
O006701,2025-03-06,20,B02,CH1,C00000,CMP000,2,7,67.15
O006702,2025-03-06,16,B02,CH1,C00000,CMP000,2,11,88.95
O006703,2025-03-07,19,B02,CH3,C00000,CMP000,0,8,71.8
O006704,2025-03-07,14,B02,CH1,C00819,CMP000,1,4,32.95
O006705,2025-03-07,18,B02,CH1,C00000,CMP000,2,8,80.1
O006706,2025-03-07,20,B02,CH1,C00000,CMP000,2,5,79.8
O006707,2025-03-07,20,B02,CH1,C00000,CMP000,2,8,66.4
O006708,2025-03-07,15,B02,CH1,C00000,CMP000,2,7,95.5
O006709,2025-03-07,22,B02,CH4,C00000,CMP000,0,4,39.9
O006710,2025-03-08,18,B02,CH1,C00000,CMP000,1,3,26.9
O006711,2025-03-08,14,B02,CH1,C00000,CMP000,2,4,36.0
O006712,2025-03-08,12,B02,CH1,C00000,CMP000,8,24,216.15
O006713,2025-03-08,13,B02,CH2,C00000,CMP000,0,4,27.15
O006714,2025-03-08,19,B02,CH1,C00000,CMP000,2,8,65.05
O006715,2025-03-08,21,B02,CH1,C03847,CMP000,4,11,108.0
O006716,2025-03-08,19,B02,CH4,C00000,CMP000,0,8,78.35
O006717,2025-03-08,16,B02,CH4,C00000,CMP000,0,2,20.2
O006718,2025-03-08,20,B02,CH1,C00000,CMP000,6,16,153.6
O006719,2025-03-09,20,B02,CH2,C00000,CMP000,0,5,48.8
O006720,2025-03-09,17,B02,CH4,C04348,CMP000,0,7,90.45
O006721,2025-03-09,18,B02,CH3,C01271,CMP000,0,6,43.7
O006722,2025-03-09,18,B02,CH1,C00000,CMP000,4,14,123.95
O006723,2025-03-09,19,B02,CH3,C00000,CMP000,0,10,80.6
O006724,2025-03-09,13,B02,CH1,C02021,CMP000,8,21,210.55
O006725,2025-03-09,22,B02,CH1,C00000,CMP000,3,7,71.2
O006726,2025-03-09,19,B02,CH1,C00000,CMP000,2,6,43.75
O006727,2025-03-09,18,B02,CH1,C00000,CMP000,2,4,75.0
O006728,2025-03-10,19,B02,CH1,C01164,CMP000,2,4,53.7
O006729,2025-03-10,14,B02,CH1,C00000,CMP000,2,5,48.3
O006730,2025-03-12,17,B02,CH4,C04356,CMP000,0,6,79.3
O006731,2025-03-12,12,B02,CH1,C01247,CMP000,2,5,43.6
O006732,2025-03-12,19,B02,CH1,C04978,CMP000,4,9,81.6
O006733,2025-03-12,19,B02,CH1,C00000,CMP000,4,10,93.1
O006734,2025-03-12,13,B02,CH1,C00000,CMP000,3,9,74.0
O006735,2025-03-13,12,B02,CH1,C00000,CMP000,8,20,216.45
O006736,2025-03-13,21,B02,CH1,C00000,CMP000,1,4,58.95
O006737,2025-03-13,20,B02,CH1,C00000,CMP000,1,3,29.65
O006738,2025-03-14,18,B02,CH1,C00000,CMP000,6,17,160.8
O006739,2025-03-14,18,B02,CH4,C00000,CMP000,0,3,32.7
O006740,2025-03-14,17,B02,CH1,C00000,CMP000,4,13,114.25
O006741,2025-03-14,16,B02,CH4,C00000,CMP000,0,2,18.75
O006742,2025-03-15,14,B02,CH1,C00000,CMP000,4,10,103.85
O006743,2025-03-15,18,B02,CH3,C00000,CMP000,0,3,37.05
O006744,2025-03-15,21,B02,CH1,C00000,CMP000,2,5,70.7
O006745,2025-03-15,18,B02,CH2,C00000,CMP000,0,2,19.7
O006746,2025-03-15,13,B02,CH1,C01486,CMP000,3,9,70.7
O006747,2025-03-15,15,B02,CH1,C04778,CMP000,2,4,42.8
O006748,2025-03-15,12,B02,CH1,C00000,CMP000,4,11,100.25
O006749,2025-03-15,17,B02,CH1,C00000,CMP000,2,6,68.0
O006750,2025-03-15,21,B02,CH1,C03726,CMP000,2,4,44.95
O006751,2025-03-15,19,B02,CH1,C00000,CMP000,2,4,47.8
O006752,2025-03-15,17,B02,CH1,C00000,CMP000,3,11,152.55
O006753,2025-03-15,18,B02,CH4,C03846,CMP000,0,3,25.05
O006754,2025-03-16,19,B02,CH1,C01088,CMP000,6,17,185.15
O006755,2025-03-16,18,B02,CH1,C00000,CMP000,6,17,185.2
O006756,2025-03-16,13,B02,CH1,C00000,CMP000,1,2,22.6
O006757,2025-03-16,20,B02,CH1,C00008,CMP000,2,5,56.4
O006758,2025-03-17,20,B02,CH1,C00000,CMP000,5,19,201.4
O006759,2025-03-17,12,B02,CH1,C00000,CMP000,2,7,67.35
O006760,2025-03-17,20,B02,CH1,C00000,CMP000,3,8,82.2
O006761,2025-03-17,14,B02,CH1,C00000,CMP000,2,6,62.75
O006762,2025-03-19,18,B02,CH1,C00000,CMP000,1,3,23.55
O006763,2025-03-19,16,B02,CH2,C00000,CMP000,0,2,35.6
O006764,2025-03-19,21,B02,CH3,C00000,CMP000,0,2,15.2
O006765,2025-03-19,17,B02,CH3,C00000,CMP000,0,3,38.45
O006766,2025-03-19,15,B02,CH1,C00182,CMP000,3,10,91.7
O006767,2025-03-20,13,B02,CH1,C00000,CMP000,1,1,14.9
O006768,2025-03-20,17,B02,CH1,C02493,CMP000,4,12,124.65
O006769,2025-03-20,13,B02,CH1,C00000,CMP000,4,14,125.8
O006770,2025-03-20,18,B02,CH1,C00000,CMP000,4,12,148.4
O006771,2025-03-20,19,B02,CH4,C04778,CMP000,0,1,13.95
O006772,2025-03-21,21,B02,CH1,C00000,CMP000,4,10,173.4
O006773,2025-03-21,20,B02,CH3,C00000,CMP000,0,4,35.8
O006774,2025-03-21,19,B02,CH1,C00000,CMP000,3,9,92.35
O006775,2025-03-21,12,B02,CH1,C00000,CMP000,3,9,94.15
O006776,2025-03-21,15,B02,CH4,C00317,CMP000,0,2,22.6
O006777,2025-03-21,12,B02,CH3,C00000,CMP000,0,2,26.95
O006778,2025-03-22,19,B02,CH3,C00000,CMP000,0,2,15.6
O006779,2025-03-22,19,B02,CH1,C00000,CMP000,2,5,43.05
O006780,2025-03-22,13,B02,CH1,C00828,CMP000,4,12,97.45
O006781,2025-03-22,13,B02,CH1,C02929,CMP000,1,2,21.15
O006782,2025-03-22,18,B02,CH1,C00000,CMP000,2,7,74.05
O006783,2025-03-22,20,B02,CH1,C00000,CMP000,5,17,207.85
O006784,2025-03-22,13,B02,CH4,C00000,CMP000,0,1,15.4
O006785,2025-03-22,19,B02,CH1,C04777,CMP000,2,7,67.35
O006786,2025-03-22,18,B02,CH4,C00000,CMP000,0,4,39.45
O006787,2025-03-22,21,B02,CH1,C03263,CMP000,3,13,117.35
O006788,2025-03-22,20,B02,CH1,C00000,CMP000,3,11,113.65
O006789,2025-03-22,13,B02,CH1,C00000,CMP000,6,17,165.05
O006790,2025-03-22,20,B02,CH1,C03573,CMP000,3,8,84.65
O006791,2025-03-22,13,B02,CH1,C00000,CMP000,4,14,132.25
O006792,2025-03-23,20,B02,CH4,C00000,CMP000,0,4,42.05
O006793,2025-03-23,21,B02,CH2,C00000,CMP000,0,4,39.9
O006794,2025-03-23,22,B02,CH1,C00000,CMP000,7,24,239.45
O006795,2025-03-23,17,B02,CH1,C00000,CMP000,2,8,75.25
O006796,2025-03-23,21,B02,CH4,C03933,CMP000,0,4,29.05
O006797,2025-03-23,21,B02,CH1,C00000,CMP000,4,15,152.15
O006798,2025-03-23,18,B02,CH1,C00000,CMP000,2,6,58.9
O006799,2025-03-23,21,B02,CH1,C00000,CMP000,4,11,110.95
O006800,2025-03-23,20,B02,CH1,C03223,CMP000,2,6,81.75
O006801,2025-03-24,17,B02,CH1,C00000,CMP000,4,12,123.85
O006802,2025-03-24,19,B02,CH1,C01075,CMP000,4,10,118.35
O006803,2025-03-24,17,B02,CH1,C03427,CMP000,3,9,89.0
O006804,2025-03-24,13,B02,CH1,C00000,CMP000,2,6,56.7
O006805,2025-03-24,12,B02,CH1,C00000,CMP000,6,17,166.05
O006806,2025-03-26,13,B02,CH4,C00000,CMP000,0,2,28.1
O006807,2025-03-26,14,B02,CH1,C00174,CMP000,1,2,18.0
O006808,2025-03-26,20,B02,CH1,C01910,CMP000,1,5,44.75
O006809,2025-03-26,20,B02,CH4,C00000,CMP000,0,6,43.8
O006810,2025-03-26,12,B02,CH1,C00000,CMP000,2,6,98.1
O006811,2025-03-26,21,B02,CH2,C00000,CMP000,0,2,19.25
O006812,2025-03-26,16,B02,CH1,C00000,CMP000,2,7,58.45
O006813,2025-03-26,20,B02,CH3,C00000,CMP000,0,2,28.85
O006814,2025-03-27,12,B02,CH1,C00000,CMP000,2,7,54.25
O006815,2025-03-27,20,B02,CH1,C00000,CMP000,1,1,28.85
O006816,2025-03-27,21,B02,CH3,C00000,CMP000,0,4,46.4
O006817,2025-03-28,18,B02,CH3,C03726,CMP000,0,5,55.0
O006818,2025-03-28,18,B02,CH1,C00000,CMP000,2,4,66.85
O006819,2025-03-28,18,B02,CH1,C02929,CMP000,1,3,37.2
O006820,2025-03-28,19,B02,CH4,C00000,CMP000,0,7,72.6
O006821,2025-03-28,13,B02,CH1,C01427,CMP000,6,14,127.0
O006822,2025-03-28,19,B02,CH3,C00000,CMP000,0,2,35.6
O006823,2025-03-29,20,B02,CH1,C01255,CMP000,1,3,22.8
O006824,2025-03-29,18,B02,CH1,C00063,CMP000,3,10,84.4
O006825,2025-03-29,14,B02,CH2,C00000,CMP000,0,9,101.7
O006826,2025-03-29,14,B02,CH3,C00000,CMP000,0,2,21.15
O006827,2025-03-29,12,B02,CH1,C00000,CMP000,2,5,48.75
O006828,2025-03-29,19,B02,CH1,C00000,CMP000,6,20,197.85
O006829,2025-03-29,19,B02,CH1,C00000,CMP000,2,7,66.9
O006830,2025-03-29,21,B02,CH1,C00000,CMP000,2,8,89.75
O006831,2025-03-29,12,B02,CH1,C02375,CMP000,2,4,39.25
O006832,2025-03-29,22,B02,CH1,C00000,CMP000,2,5,48.8
O006833,2025-03-29,22,B02,CH2,C03424,CMP000,0,9,76.25
O006834,2025-03-30,17,B02,CH1,C00000,CMP000,2,5,43.5
O006835,2025-03-30,21,B02,CH1,C04775,CMP000,1,4,35.1
O006836,2025-03-30,14,B02,CH1,C01428,CMP000,1,5,44.25
O006837,2025-03-30,20,B02,CH4,C03344,CMP000,0,5,42.6
O006838,2025-03-30,19,B02,CH1,C04686,CMP000,4,12,138.55
O006839,2025-03-30,20,B02,CH1,C00000,CMP000,2,4,58.2
O006840,2025-03-30,13,B02,CH1,C00000,CMP000,4,11,106.45
O006841,2025-03-30,20,B02,CH2,C02227,CMP000,0,3,30.8
O006842,2025-03-31,19,B02,CH2,C00000,CMP000,0,4,33.65
O006843,2025-03-31,13,B02,CH1,C01135,CMP000,4,11,96.95
O006844,2025-04-02,22,B02,CH3,C00000,CMP000,0,1,15.4
O006845,2025-04-02,21,B02,CH1,C00000,CMP000,1,2,23.1
O006846,2025-04-02,13,B02,CH1,C02726,CMP000,3,9,83.65
O006847,2025-04-02,13,B02,CH1,C00000,CMP000,2,4,85.3
O006848,2025-04-03,22,B02,CH1,C00000,CMP000,5,13,119.75
O006849,2025-04-03,21,B02,CH3,C00000,CMP000,0,6,73.3
O006850,2025-04-03,18,B02,CH4,C03223,CMP000,0,5,43.55
O006851,2025-04-03,20,B02,CH4,C04356,CMP003,0,2,23.44
O006852,2025-04-03,21,B02,CH4,C00000,CMP003,0,11,67.0
O006853,2025-04-04,17,B02,CH1,C00000,CMP000,4,12,108.15
O006854,2025-04-04,14,B02,CH1,C04869,CMP000,4,15,146.35
O006855,2025-04-04,21,B02,CH1,C00000,CMP000,8,26,285.55
O006856,2025-04-04,12,B02,CH1,C00000,CMP000,2,4,75.45
O006857,2025-04-04,21,B02,CH3,C03726,CMP000,0,5,68.3
O006858,2025-04-04,12,B02,CH4,C00819,CMP000,0,4,34.15
O006859,2025-04-04,19,B02,CH1,C00000,CMP000,2,7,63.9
O006860,2025-04-04,16,B02,CH3,C00000,CMP000,0,5,39.9
O006861,2025-04-04,19,B02,CH1,C00000,CMP000,2,6,59.65
O006862,2025-04-04,22,B02,CH4,C00000,CMP000,0,2,16.55
O006863,2025-04-05,17,B02,CH4,C00000,CMP003,0,2,14.8
O006864,2025-04-05,19,B02,CH1,C00000,CMP000,2,6,78.35
O006865,2025-04-05,14,B02,CH1,C00000,CMP000,4,10,108.55
O006866,2025-04-05,21,B02,CH2,C00000,CMP000,0,3,31.25
O006867,2025-04-05,13,B02,CH1,C01444,CMP000,2,6,61.5
O006868,2025-04-05,21,B02,CH2,C04778,CMP000,0,6,44.9
O006869,2025-04-05,21,B02,CH1,C01674,CMP000,4,11,108.55
O006870,2025-04-05,15,B02,CH3,C00000,CMP000,0,7,61.8
O006871,2025-04-05,14,B02,CH1,C00000,CMP000,2,3,41.8
O006872,2025-04-06,16,B02,CH1,C00000,CMP000,3,8,78.4
O006873,2025-04-06,22,B02,CH4,C04778,CMP000,0,2,20.2
O006874,2025-04-06,14,B02,CH1,C01150,CMP000,7,18,167.05
O006875,2025-04-06,15,B02,CH4,C00000,CMP000,0,2,18.95
O006876,2025-04-07,20,B02,CH1,C00000,CMP000,2,7,64.6
O006877,2025-04-07,20,B02,CH1,C00000,CMP000,2,5,53.4
O006878,2025-04-09,21,B02,CH4,C00000,CMP000,0,7,129.65
O006879,2025-04-09,20,B02,CH1,C00000,CMP000,5,11,168.75
O006880,2025-04-09,13,B02,CH1,C00000,CMP000,2,6,80.95
O006881,2025-04-10,22,B02,CH1,C00000,CMP000,4,13,113.5
O006882,2025-04-10,20,B02,CH1,C00000,CMP000,4,13,133.55
O006883,2025-04-10,14,B02,CH4,C00000,CMP000,0,3,23.3
O006884,2025-04-10,19,B02,CH1,C03223,CMP000,8,27,281.8
O006885,2025-04-10,19,B02,CH1,C00000,CMP000,2,6,58.2
O006886,2025-04-10,16,B02,CH1,C00000,CMP000,2,7,84.35
O006887,2025-04-11,20,B02,CH4,C03662,CMP003,0,3,17.48
O006888,2025-04-11,22,B02,CH4,C01079,CMP000,0,4,28.1
O006889,2025-04-11,20,B02,CH1,C00000,CMP000,3,12,131.6
O006890,2025-04-11,20,B02,CH1,C00000,CMP000,2,4,42.15
O006891,2025-04-11,17,B02,CH3,C03031,CMP000,0,2,25.3
O006892,2025-04-11,17,B02,CH2,C00000,CMP000,0,2,23.3
O006893,2025-04-11,20,B02,CH1,C00000,CMP000,2,5,47.9
O006894,2025-04-12,18,B02,CH1,C00000,CMP000,7,18,190.45
O006895,2025-04-12,13,B02,CH1,C00027,CMP000,2,6,50.75
O006896,2025-04-12,18,B02,CH3,C00000,CMP000,0,6,64.45
O006897,2025-04-12,20,B02,CH1,C00086,CMP000,6,16,150.55
O006898,2025-04-12,19,B02,CH1,C00000,CMP000,3,11,106.5
O006899,2025-04-12,18,B02,CH1,C00000,CMP000,1,4,30.95
O006900,2025-04-12,19,B02,CH1,C00000,CMP000,2,7,68.95
O006901,2025-04-12,12,B02,CH1,C00000,CMP000,4,14,109.95
O006902,2025-04-12,16,B02,CH1,C00000,CMP000,4,13,155.8
O006903,2025-04-12,20,B02,CH1,C00000,CMP000,3,11,100.2
O006904,2025-04-13,13,B02,CH1,C03867,CMP000,2,5,41.45
O006905,2025-04-13,19,B02,CH3,C00000,CMP000,0,5,61.3
O006906,2025-04-13,14,B02,CH4,C00000,CMP000,0,2,31.25
O006907,2025-04-13,21,B02,CH1,C00000,CMP000,2,9,86.6
O006908,2025-04-13,22,B02,CH2,C00000,CMP000,0,6,45.95
O006909,2025-04-13,13,B02,CH1,C00000,CMP000,2,4,64.25
O006910,2025-04-14,20,B02,CH4,C02561,CMP000,0,4,34.95
O006911,2025-04-14,14,B02,CH1,C00000,CMP000,2,7,59.6
O006912,2025-04-14,17,B02,CH4,C00000,CMP003,0,3,26.52
O006913,2025-04-14,17,B02,CH1,C03213,CMP000,4,15,143.95
O006914,2025-04-16,18,B02,CH1,C02533,CMP000,2,6,57.75
O006915,2025-04-16,21,B02,CH1,C00000,CMP000,1,5,60.45
O006916,2025-04-16,19,B02,CH1,C00000,CMP000,2,7,76.75
O006917,2025-04-16,13,B02,CH1,C00000,CMP000,3,11,98.3
O006918,2025-04-16,20,B02,CH1,C00182,CMP000,4,10,123.9
O006919,2025-04-16,15,B02,CH1,C04652,CMP000,2,6,53.15
O006920,2025-04-16,18,B02,CH1,C00186,CMP000,8,27,251.95
O006921,2025-04-17,22,B02,CH2,C00000,CMP000,0,8,92.75
O006922,2025-04-17,21,B02,CH1,C00000,CMP000,5,16,192.4
O006923,2025-04-17,20,B02,CH1,C00135,CMP000,2,5,48.4
O006924,2025-04-18,15,B02,CH4,C00000,CMP000,0,2,26.95
O006925,2025-04-18,14,B02,CH1,C01030,CMP000,3,12,115.6
O006926,2025-04-18,14,B02,CH1,C00000,CMP000,2,4,43.45
O006927,2025-04-18,13,B02,CH1,C00000,CMP000,1,3,27.9
O006928,2025-04-18,21,B02,CH3,C04096,CMP000,0,3,27.9
O006929,2025-04-18,19,B02,CH1,C00000,CMP000,2,6,54.85
O006930,2025-04-18,19,B02,CH1,C03190,CMP000,2,5,51.3
O006931,2025-04-18,21,B02,CH1,C03565,CMP000,2,6,104.35
O006932,2025-04-18,12,B02,CH1,C00000,CMP000,1,2,18.0
O006933,2025-04-18,19,B02,CH4,C04778,CMP000,0,3,19.95
O006934,2025-04-18,19,B02,CH2,C01867,CMP000,0,3,30.3
O006935,2025-04-19,13,B02,CH2,C00000,CMP000,0,5,39.65
O006936,2025-04-19,13,B02,CH1,C04851,CMP000,4,12,106.05
O006937,2025-04-19,22,B02,CH1,C00000,CMP000,5,18,216.15
O006938,2025-04-19,15,B02,CH4,C03866,CMP000,0,3,31.55
O006939,2025-04-19,12,B02,CH3,C00000,CMP000,0,3,25.5
O006940,2025-04-19,22,B02,CH1,C00000,CMP000,8,26,232.95
O006941,2025-04-20,17,B02,CH1,C00000,CMP000,2,7,86.4
O006942,2025-04-20,20,B02,CH4,C00000,CMP003,0,8,62.72
O006943,2025-04-20,12,B02,CH4,C00000,CMP000,0,4,44.5
O006944,2025-04-20,12,B02,CH1,C00000,CMP000,5,13,140.15
O006945,2025-04-20,12,B02,CH1,C00000,CMP000,5,12,133.1
O006946,2025-04-20,21,B02,CH3,C00405,CMP000,0,2,20.7
O006947,2025-04-20,20,B02,CH1,C01870,CMP000,2,7,85.8
O006948,2025-04-20,21,B02,CH1,C03429,CMP000,4,14,122.3
O006949,2025-04-21,20,B02,CH4,C00000,CMP003,0,5,32.72
O006950,2025-04-21,18,B02,CH2,C00000,CMP000,0,3,63.0
O006951,2025-04-21,18,B02,CH2,C01259,CMP000,0,2,25.7
O006952,2025-04-21,18,B02,CH1,C00000,CMP000,2,6,58.8
O006953,2025-04-21,13,B02,CH1,C03223,CMP000,4,12,109.25
O006954,2025-04-23,13,B02,CH1,C00000,CMP000,3,9,70.9
O006955,2025-04-23,19,B02,CH1,C00000,CMP000,1,5,48.6
O006956,2025-04-23,21,B02,CH2,C00000,CMP000,0,5,44.75
O006957,2025-04-23,18,B02,CH2,C00000,CMP000,0,5,43.75
O006958,2025-04-23,20,B02,CH1,C00000,CMP000,6,20,191.05
O006959,2025-04-23,13,B02,CH1,C00000,CMP000,6,17,222.45
O006960,2025-04-23,18,B02,CH3,C00000,CMP000,0,1,14.4
O006961,2025-04-23,16,B02,CH2,C00000,CMP000,0,5,48.6
O006962,2025-04-24,19,B02,CH4,C00000,CMP000,0,2,17.05
O006963,2025-04-24,20,B02,CH1,C02560,CMP000,1,4,39.45
O006964,2025-04-24,22,B02,CH1,C04096,CMP000,1,3,27.9
O006965,2025-04-25,12,B02,CH4,C00000,CMP003,0,4,20.56
O006966,2025-04-25,19,B02,CH1,C00000,CMP000,3,10,88.15
O006967,2025-04-25,18,B02,CH1,C00000,CMP000,1,4,33.15
O006968,2025-04-25,18,B02,CH4,C00000,CMP003,0,6,53.52
O006969,2025-04-25,19,B02,CH3,C00000,CMP000,0,2,19.75
O006970,2025-04-25,19,B02,CH1,C03509,CMP000,4,14,131.6
O006971,2025-04-25,22,B02,CH4,C00000,CMP000,0,4,38.5
O006972,2025-04-25,17,B02,CH1,C04348,CMP000,2,7,60.35
O006973,2025-04-26,20,B02,CH1,C00000,CMP000,4,14,147.25
O006974,2025-04-26,12,B02,CH1,C00000,CMP000,2,4,45.5
O006975,2025-04-26,21,B02,CH1,C00000,CMP000,2,5,46.4
O006976,2025-04-26,13,B02,CH1,C00000,CMP000,2,6,68.6
O006977,2025-04-26,12,B02,CH1,C00000,CMP000,2,7,65.2
O006978,2025-04-26,21,B02,CH1,C00000,CMP000,2,7,60.05
O006979,2025-04-26,20,B02,CH4,C00000,CMP000,0,4,51.75
O006980,2025-04-26,18,B02,CH1,C01150,CMP000,2,5,44.55
O006981,2025-04-26,18,B02,CH2,C00000,CMP000,0,2,18.95
O006982,2025-04-27,20,B02,CH3,C00000,CMP000,0,8,67.1
O006983,2025-04-27,19,B02,CH4,C00000,CMP003,0,5,33.32
O006984,2025-04-27,13,B02,CH3,C00000,CMP000,0,3,20.9
O006985,2025-04-27,12,B02,CH3,C00000,CMP000,0,5,46.65
O006986,2025-04-27,16,B02,CH4,C00000,CMP003,0,8,70.6
O006987,2025-04-27,21,B02,CH3,C00000,CMP000,0,4,27.15
O006988,2025-04-27,16,B02,CH4,C00000,CMP000,0,5,61.3
O006989,2025-04-28,13,B02,CH3,C00081,CMP000,0,8,79.1
O006990,2025-04-28,22,B02,CH1,C03223,CMP000,2,7,52.7
O006991,2025-04-28,18,B02,CH1,C00000,CMP000,2,4,40.8
O006992,2025-04-30,19,B02,CH1,C00186,CMP000,2,6,68.5
O006993,2025-04-30,14,B02,CH1,C00000,CMP000,4,12,119.75
O006994,2025-04-30,19,B02,CH1,C03223,CMP000,8,23,226.85
O006995,2025-04-30,20,B02,CH1,C01897,CMP000,3,8,79.8
O006996,2025-04-30,12,B02,CH1,C00000,CMP000,5,12,145.15
O006997,2025-04-30,22,B02,CH3,C00000,CMP000,0,5,39.85
O006998,2025-04-30,21,B02,CH1,C02704,CMP000,2,4,62.5
O006999,2025-04-30,18,B02,CH2,C00000,CMP000,0,7,61.0
O007000,2025-05-01,21,B02,CH1,C00000,CMP000,4,10,129.3
O007001,2025-05-01,20,B02,CH1,C00000,CMP000,1,4,38.95
O007002,2025-05-01,21,B02,CH2,C00000,CMP000,0,7,67.85
O007003,2025-05-01,19,B02,CH1,C01664,CMP000,2,8,81.0
O007004,2025-05-01,20,B02,CH1,C00000,CMP000,5,20,208.1
O007005,2025-05-01,22,B02,CH1,C03509,CMP000,1,3,28.9
O007006,2025-05-01,22,B02,CH1,C00000,CMP000,2,5,53.3
O007007,2025-05-01,22,B02,CH1,C03574,CMP000,4,13,112.7
O007008,2025-05-02,15,B02,CH1,C00000,CMP000,2,7,66.85
O007009,2025-05-02,13,B02,CH1,C03509,CMP000,1,2,16.55
O007010,2025-05-02,15,B02,CH1,C00000,CMP000,1,4,40.4
O007011,2025-05-02,19,B02,CH1,C04778,CMP000,5,14,138.25
O007012,2025-05-03,13,B02,CH1,C00000,CMP000,6,18,152.65
O007013,2025-05-03,22,B02,CH1,C00000,CMP000,2,7,65.5
O007014,2025-05-03,19,B02,CH1,C01897,CMP000,5,13,116.9
O007015,2025-05-03,16,B02,CH2,C00000,CMP000,0,2,19.25
O007016,2025-05-03,14,B02,CH1,C04697,CMP000,6,14,128.7
O007017,2025-05-04,17,B02,CH3,C00000,CMP000,0,2,18.95
O007018,2025-05-04,19,B02,CH2,C00000,CMP000,0,5,31.5
O007019,2025-05-04,18,B02,CH1,C00000,CMP000,6,20,182.55
O007020,2025-05-04,21,B02,CH1,C03194,CMP000,2,7,61.3
O007021,2025-05-04,14,B02,CH3,C00000,CMP000,0,1,13.0
O007022,2025-05-04,17,B02,CH4,C00000,CMP000,0,1,12.5
O007023,2025-05-04,13,B02,CH1,C00000,CMP000,4,13,120.2
O007024,2025-05-05,21,B02,CH3,C00000,CMP000,0,10,89.5
O007025,2025-05-05,19,B02,CH1,C00000,CMP000,5,12,133.85
O007026,2025-05-05,21,B02,CH1,C00000,CMP000,2,5,52.85
O007027,2025-05-05,19,B02,CH1,C04945,CMP000,3,10,105.95
O007028,2025-05-05,14,B02,CH1,C00000,CMP000,3,8,93.55
O007029,2025-05-05,18,B02,CH2,C00000,CMP000,0,2,17.05
O007030,2025-05-05,17,B02,CH1,C00000,CMP000,2,4,51.0
O007031,2025-05-07,22,B02,CH1,C00000,CMP000,2,5,43.0
O007032,2025-05-07,14,B02,CH1,C00000,CMP000,2,5,59.15
O007033,2025-05-07,18,B02,CH3,C00000,CMP000,0,6,50.95
O007034,2025-05-07,21,B02,CH1,C00000,CMP000,1,1,14.9
O007035,2025-05-07,18,B02,CH1,C00000,CMP000,2,7,57.45
O007036,2025-05-07,18,B02,CH2,C03352,CMP000,0,4,39.45
O007037,2025-05-07,21,B02,CH1,C00000,CMP000,2,6,65.4
O007038,2025-05-07,22,B02,CH1,C00000,CMP000,4,14,122.1
O007039,2025-05-07,18,B02,CH1,C00000,CMP000,1,3,29.05
O007040,2025-05-08,22,B02,CH1,C03223,CMP000,4,15,133.95
O007041,2025-05-08,18,B02,CH1,C00000,CMP000,8,25,226.6
O007042,2025-05-08,19,B02,CH1,C00000,CMP000,3,8,101.15
O007043,2025-05-08,12,B02,CH1,C03553,CMP000,2,6,46.2
O007044,2025-05-08,19,B02,CH1,C00000,CMP000,4,15,140.1
O007045,2025-05-08,16,B02,CH1,C04978,CMP000,3,9,95.55
O007046,2025-05-08,18,B02,CH1,C03509,CMP000,3,8,80.8
O007047,2025-05-09,16,B02,CH1,C03833,CMP000,4,12,146.95
O007048,2025-05-09,12,B02,CH1,C01876,CMP000,3,9,95.45
O007049,2025-05-09,20,B02,CH2,C00000,CMP000,0,7,68.0
O007050,2025-05-09,18,B02,CH1,C00000,CMP000,7,22,239.15
O007051,2025-05-09,18,B02,CH1,C00939,CMP000,4,16,151.25
O007052,2025-05-09,21,B02,CH2,C00000,CMP000,0,3,25.05
O007053,2025-05-09,13,B02,CH1,C04825,CMP000,2,6,59.45
O007054,2025-05-10,14,B02,CH1,C02074,CMP000,5,11,119.75
O007055,2025-05-10,20,B02,CH1,C00000,CMP000,3,8,77.0
O007056,2025-05-10,17,B02,CH1,C00000,CMP000,5,17,164.5
O007057,2025-05-10,19,B02,CH1,C00000,CMP000,1,3,32.05
O007058,2025-05-10,13,B02,CH2,C00000,CMP000,0,2,16.85
O007059,2025-05-10,18,B02,CH1,C00000,CMP000,4,12,104.75
O007060,2025-05-11,14,B02,CH2,C03565,CMP000,0,4,34.35
O007061,2025-05-11,18,B02,CH1,C03509,CMP000,2,7,63.0
O007062,2025-05-11,13,B02,CH1,C00000,CMP000,6,12,149.4
O007063,2025-05-11,20,B02,CH3,C00000,CMP000,0,4,33.7
O007064,2025-05-11,20,B02,CH1,C00000,CMP000,8,21,214.6
O007065,2025-05-11,15,B02,CH4,C00000,CMP000,0,10,97.95
O007066,2025-05-12,19,B02,CH4,C00000,CMP000,0,2,21.15
O007067,2025-05-12,19,B02,CH3,C03223,CMP000,0,5,35.15
O007068,2025-05-12,13,B02,CH1,C00000,CMP000,6,16,159.8
O007069,2025-05-14,18,B02,CH1,C00000,CMP000,4,16,124.8
O007070,2025-05-14,13,B02,CH1,C01150,CMP000,1,2,32.2
O007071,2025-05-14,20,B02,CH1,C00000,CMP000,1,3,40.05
O007072,2025-05-14,12,B02,CH1,C00000,CMP000,3,8,80.05
O007073,2025-05-14,13,B02,CH1,C00000,CMP000,2,5,46.95
O007074,2025-05-14,16,B02,CH1,C00000,CMP000,4,12,116.2
O007075,2025-05-14,20,B02,CH3,C00000,CMP000,0,2,25.5
O007076,2025-05-14,20,B02,CH1,C00000,CMP000,4,14,120.9
O007077,2025-05-15,12,B02,CH4,C00000,CMP000,0,2,29.8
O007078,2025-05-15,15,B02,CH1,C00000,CMP000,2,6,52.75
O007079,2025-05-15,21,B02,CH1,C00000,CMP000,5,15,155.1
O007080,2025-05-15,17,B02,CH1,C04620,CMP000,1,4,41.1
O007081,2025-05-15,18,B02,CH1,C00000,CMP000,1,2,20.0
O007082,2025-05-15,13,B02,CH1,C00000,CMP000,6,17,181.85
O007083,2025-05-15,21,B02,CH4,C04356,CMP000,0,10,109.55
O007084,2025-05-16,20,B02,CH1,C00000,CMP000,4,12,128.4
O007085,2025-05-16,20,B02,CH2,C00000,CMP000,0,2,17.05
O007086,2025-05-16,19,B02,CH2,C00000,CMP000,0,1,15.4
O007087,2025-05-16,21,B02,CH2,C00000,CMP000,0,4,42.05
O007088,2025-05-16,15,B02,CH1,C00000,CMP000,4,13,117.85
O007089,2025-05-16,19,B02,CH1,C00000,CMP000,3,12,112.55
O007090,2025-05-16,13,B02,CH4,C00000,CMP000,0,1,15.4
O007091,2025-05-16,18,B02,CH2,C00000,CMP000,0,2,17.5
O007092,2025-05-16,20,B02,CH1,C02308,CMP000,2,6,45.05
O007093,2025-05-16,18,B02,CH2,C00000,CMP000,0,7,57.0
O007094,2025-05-16,15,B02,CH1,C00000,CMP000,3,12,90.0
O007095,2025-05-17,19,B02,CH2,C02704,CMP000,0,7,56.25
O007096,2025-05-17,22,B02,CH1,C00000,CMP000,3,9,75.3
O007097,2025-05-17,19,B02,CH1,C03509,CMP000,2,8,88.5
O007098,2025-05-17,19,B02,CH1,C00000,CMP000,4,15,116.9
O007099,2025-05-17,13,B02,CH1,C00000,CMP000,2,6,62.3
O007100,2025-05-17,14,B02,CH4,C03365,CMP000,0,2,18.75
O007101,2025-05-17,13,B02,CH1,C03352,CMP000,2,7,68.8
O007102,2025-05-17,20,B02,CH2,C00000,CMP000,0,5,50.7
O007103,2025-05-17,18,B02,CH2,C03888,CMP000,0,5,41.1
O007104,2025-05-17,18,B02,CH1,C00000,CMP000,3,12,94.7
O007105,2025-05-18,12,B02,CH1,C00000,CMP000,2,4,47.15
O007106,2025-05-18,13,B02,CH1,C00000,CMP000,3,7,66.35
O007107,2025-05-18,18,B02,CH1,C00000,CMP000,6,19,179.95
O007108,2025-05-18,14,B02,CH1,C00000,CMP000,7,19,204.25
O007109,2025-05-18,17,B02,CH4,C01533,CMP000,0,4,47.15
O007110,2025-05-18,22,B02,CH1,C00000,CMP000,2,6,49.35
O007111,2025-05-18,20,B02,CH1,C00000,CMP000,2,7,68.6
O007112,2025-05-19,13,B02,CH1,C00000,CMP000,3,6,59.2
O007113,2025-05-19,20,B02,CH1,C00000,CMP000,2,6,65.7
O007114,2025-05-19,14,B02,CH1,C00000,CMP000,2,5,57.2
O007115,2025-05-19,18,B02,CH1,C00000,CMP000,4,14,139.6
O007116,2025-05-19,19,B02,CH4,C00000,CMP000,0,2,23.55
O007117,2025-05-19,19,B02,CH3,C00000,CMP000,0,6,62.25
O007118,2025-05-21,19,B02,CH3,C00000,CMP000,0,2,17.3
O007119,2025-05-21,20,B02,CH1,C04978,CMP000,2,4,58.65
O007120,2025-05-21,16,B02,CH1,C00000,CMP000,2,6,57.0
O007121,2025-05-21,13,B02,CH1,C00000,CMP000,2,7,68.65
O007122,2025-05-22,15,B02,CH1,C03726,CMP000,2,5,45.7
O007123,2025-05-22,19,B02,CH3,C00000,CMP000,0,1,14.9
O007124,2025-05-22,22,B02,CH2,C00000,CMP000,0,5,53.4
O007125,2025-05-22,20,B02,CH1,C02621,CMP000,2,8,94.25
O007126,2025-05-22,22,B02,CH2,C00000,CMP000,0,7,50.95
O007127,2025-05-22,21,B02,CH3,C00000,CMP000,0,5,41.2
O007128,2025-05-22,12,B02,CH1,C00000,CMP000,3,8,89.15
O007129,2025-05-22,22,B02,CH1,C02625,CMP000,4,15,148.15
O007130,2025-05-23,15,B02,CH1,C03509,CMP000,3,12,90.85
O007131,2025-05-23,21,B02,CH1,C02704,CMP000,4,11,90.45
O007132,2025-05-23,18,B02,CH1,C04331,CMP000,1,2,20.0
O007133,2025-05-23,19,B02,CH1,C00294,CMP000,1,4,26.2
O007134,2025-05-23,21,B02,CH4,C00000,CMP000,0,7,74.55
O007135,2025-05-23,18,B02,CH1,C00000,CMP000,5,18,147.25
O007136,2025-05-23,19,B02,CH1,C04246,CMP000,2,7,56.1
O007137,2025-05-23,18,B02,CH3,C00000,CMP000,0,4,39.75
O007138,2025-05-23,21,B02,CH1,C00000,CMP000,1,2,20.5
O007139,2025-05-24,14,B02,CH1,C00000,CMP000,5,16,138.0
O007140,2025-05-24,17,B02,CH1,C00000,CMP000,2,6,53.6
O007141,2025-05-24,12,B02,CH1,C03509,CMP000,5,11,117.45
O007142,2025-05-24,20,B02,CH1,C00000,CMP000,2,8,71.55
O007143,2025-05-24,12,B02,CH1,C00000,CMP000,2,6,52.15
O007144,2025-05-24,19,B02,CH1,C00000,CMP000,8,22,201.95
O007145,2025-05-24,18,B02,CH1,C00000,CMP000,4,15,138.15
O007146,2025-05-24,17,B02,CH1,C00000,CMP000,6,17,163.95
O007147,2025-05-24,20,B02,CH3,C03509,CMP000,0,1,16.85
O007148,2025-05-24,18,B02,CH4,C00000,CMP000,0,5,65.9
O007149,2025-05-24,16,B02,CH2,C00000,CMP000,0,3,27.15
O007150,2025-05-24,19,B02,CH1,C00000,CMP000,4,13,137.35
O007151,2025-05-25,13,B02,CH1,C00000,CMP000,2,5,67.6
O007152,2025-05-25,15,B02,CH1,C00000,CMP000,5,17,150.9
O007153,2025-05-25,12,B02,CH1,C03078,CMP000,2,5,56.85
O007154,2025-05-26,12,B02,CH1,C00000,CMP000,4,10,107.85
O007155,2025-05-26,19,B02,CH3,C00000,CMP000,0,3,33.65
O007156,2025-05-26,18,B02,CH1,C04296,CMP000,6,20,200.95
O007157,2025-05-28,21,B02,CH1,C00000,CMP000,4,12,138.2
O007158,2025-05-28,15,B02,CH3,C00000,CMP000,0,1,18.75
O007159,2025-05-28,20,B02,CH1,C00000,CMP000,5,16,154.05
O007160,2025-05-29,21,B02,CH4,C00000,CMP000,0,6,51.25
O007161,2025-05-29,21,B02,CH1,C00000,CMP000,2,7,65.55
O007162,2025-05-29,17,B02,CH3,C00000,CMP000,0,3,20.9
O007163,2025-05-29,14,B02,CH1,C00000,CMP000,2,9,76.45
O007164,2025-05-29,18,B02,CH2,C02074,CMP000,0,6,55.35
O007165,2025-05-30,12,B02,CH4,C00000,CMP000,0,4,41.6
O007166,2025-05-30,22,B02,CH1,C00000,CMP000,7,22,211.75
O007167,2025-05-30,12,B02,CH1,C00000,CMP000,3,7,69.75
O007168,2025-05-30,15,B02,CH1,C00000,CMP000,2,6,59.15
O007169,2025-05-30,13,B02,CH1,C02606,CMP000,1,2,19.9
O007170,2025-05-30,14,B02,CH2,C03318,CMP000,0,4,38.7
O007171,2025-05-30,14,B02,CH1,C00000,CMP000,2,7,52.15
O007172,2025-05-31,13,B02,CH1,C00000,CMP000,2,6,58.15
O007173,2025-05-31,18,B02,CH1,C00000,CMP000,4,13,135.35
O007174,2025-05-31,19,B02,CH1,C03115,CMP000,3,9,106.75
O007175,2025-05-31,15,B02,CH1,C00000,CMP000,4,11,106.8
O007176,2025-05-31,15,B02,CH2,C00000,CMP000,0,9,84.9
O007177,2025-05-31,20,B02,CH1,C00000,CMP000,6,18,201.15
O007178,2025-05-31,20,B02,CH1,C00000,CMP000,2,7,70.5
O007179,2025-05-31,17,B02,CH1,C03726,CMP000,6,18,196.85
O007180,2025-05-31,22,B02,CH1,C00000,CMP000,4,12,104.05
O007181,2025-05-31,16,B02,CH4,C00000,CMP000,0,4,39.75
O007182,2025-05-31,13,B02,CH1,C00000,CMP000,2,7,79.05
O007183,2025-05-31,16,B02,CH1,C03530,CMP000,6,18,198.7
O007184,2025-06-01,16,B02,CH4,C00000,CMP000,0,4,30.5
O007185,2025-06-01,19,B02,CH1,C00000,CMP000,2,4,53.4
O007186,2025-06-01,20,B02,CH1,C04978,CMP000,3,9,107.05
O007187,2025-06-01,19,B02,CH1,C03393,CMP000,5,13,137.5
O007188,2025-06-01,22,B02,CH3,C00000,CMP000,0,8,122.8
O007189,2025-06-01,19,B02,CH1,C00000,CMP000,3,9,86.1
O007190,2025-06-02,19,B02,CH4,C00000,CMP000,0,3,37.95
O007191,2025-06-02,17,B02,CH1,C00000,CMP000,2,8,72.8
O007192,2025-06-04,14,B02,CH2,C00000,CMP000,0,2,19.7
O007193,2025-06-04,19,B02,CH1,C00000,CMP000,2,7,81.6
O007194,2025-06-04,14,B02,CH4,C00000,CMP000,0,3,32.9
O007195,2025-06-04,12,B02,CH2,C00000,CMP000,0,2,25.0
O007196,2025-06-04,18,B02,CH3,C03726,CMP000,0,3,22.4
O007197,2025-06-04,19,B02,CH2,C03223,CMP000,0,4,39.65
O007198,2025-06-04,21,B02,CH1,C03726,CMP000,6,20,192.3
O007199,2025-06-05,15,B02,CH4,C00628,CMP000,0,8,85.85
O007200,2025-06-05,13,B02,CH4,C00000,CMP000,0,5,40.7
O007201,2025-06-05,13,B02,CH1,C03509,CMP000,8,20,204.35
O007202,2025-06-05,18,B02,CH3,C00000,CMP000,0,3,38.0
O007203,2025-06-05,17,B02,CH1,C00000,CMP000,1,3,38.95
O007204,2025-06-05,20,B02,CH1,C00581,CMP000,2,6,52.55
O007205,2025-06-06,22,B02,CH1,C02480,CMP000,5,18,186.0
O007206,2025-06-06,20,B02,CH1,C00000,CMP000,2,8,112.25
O007207,2025-06-06,19,B02,CH4,C00897,CMP000,0,9,78.9
O007208,2025-06-06,19,B02,CH1,C00000,CMP000,3,9,83.65
O007209,2025-06-06,20,B02,CH1,C00000,CMP000,2,4,35.95
O007210,2025-06-07,19,B02,CH1,C04731,CMP000,2,7,59.15
O007211,2025-06-07,20,B02,CH1,C03223,CMP000,4,13,128.25
O007212,2025-06-07,22,B02,CH4,C03509,CMP000,0,5,42.6
O007213,2025-06-07,18,B02,CH1,C00000,CMP000,2,3,39.9
O007214,2025-06-07,20,B02,CH1,C00000,CMP000,2,6,52.0
O007215,2025-06-07,16,B02,CH1,C00000,CMP000,2,6,62.5
O007216,2025-06-07,21,B02,CH1,C00000,CMP000,8,25,242.8
O007217,2025-06-08,14,B02,CH1,C03701,CMP000,2,6,53.8
O007218,2025-06-08,13,B02,CH1,C00000,CMP000,4,10,119.05
O007219,2025-06-08,18,B02,CH1,C03209,CMP000,5,17,153.6
O007220,2025-06-08,13,B02,CH4,C01104,CMP000,0,2,22.6
O007221,2025-06-08,18,B02,CH1,C00000,CMP000,1,3,25.95
O007222,2025-06-08,18,B02,CH1,C04778,CMP000,2,7,52.95
O007223,2025-06-09,15,B02,CH1,C00000,CMP000,2,8,85.3
O007224,2025-06-09,20,B02,CH1,C00000,CMP000,3,10,109.6
O007225,2025-06-09,21,B02,CH2,C00000,CMP000,0,4,25.7
O007226,2025-06-11,22,B02,CH4,C03847,CMP000,0,3,48.1
O007227,2025-06-11,14,B02,CH1,C01941,CMP000,2,6,69.2
O007228,2025-06-11,22,B02,CH1,C00162,CMP000,1,3,74.35
O007229,2025-06-11,18,B02,CH1,C00000,CMP000,5,19,171.9
O007230,2025-06-11,13,B02,CH1,C03509,CMP000,4,11,98.4
O007231,2025-06-11,13,B02,CH1,C03509,CMP000,2,5,47.6
O007232,2025-06-12,13,B02,CH1,C03509,CMP000,4,11,123.85
O007233,2025-06-12,15,B02,CH2,C00000,CMP000,0,12,98.9
O007234,2025-06-12,18,B02,CH1,C00000,CMP000,4,12,130.75
O007235,2025-06-12,21,B02,CH1,C00000,CMP000,2,7,54.0
O007236,2025-06-12,19,B02,CH1,C00000,CMP000,2,9,74.25
O007237,2025-06-12,15,B02,CH3,C00000,CMP000,0,2,19.75
O007238,2025-06-12,13,B02,CH1,C01632,CMP000,2,5,43.8
O007239,2025-06-13,22,B02,CH3,C00254,CMP000,0,2,18.75
O007240,2025-06-13,17,B02,CH1,C00000,CMP000,2,7,67.3
O007241,2025-06-13,12,B02,CH4,C00000,CMP000,0,3,28.4
O007242,2025-06-13,22,B02,CH1,C00000,CMP000,3,11,121.35
O007243,2025-06-13,13,B02,CH1,C01150,CMP000,2,5,38.1
O007244,2025-06-13,12,B02,CH2,C00000,CMP000,0,5,63.95
O007245,2025-06-13,18,B02,CH1,C00000,CMP000,2,6,79.35
O007246,2025-06-13,17,B02,CH1,C04096,CMP000,2,7,61.4
O007247,2025-06-13,14,B02,CH1,C00000,CMP000,2,5,44.0
O007248,2025-06-13,20,B02,CH4,C00000,CMP000,0,4,30.8
O007249,2025-06-13,13,B02,CH1,C00000,CMP000,2,5,46.85
O007250,2025-06-13,19,B02,CH3,C00000,CMP000,0,6,60.6
O007251,2025-06-13,19,B02,CH1,C00063,CMP000,2,5,46.95
O007252,2025-06-14,22,B02,CH1,C02929,CMP000,7,18,184.8
O007253,2025-06-14,18,B02,CH1,C00000,CMP000,4,14,143.55
O007254,2025-06-14,13,B02,CH1,C03223,CMP000,5,11,103.55
O007255,2025-06-14,19,B02,CH1,C00000,CMP000,1,4,31.1
O007256,2025-06-14,13,B02,CH1,C03509,CMP000,1,3,35.1
O007257,2025-06-14,19,B02,CH1,C02656,CMP000,2,5,50.55
O007258,2025-06-14,18,B02,CH3,C00000,CMP000,0,1,13.45
O007259,2025-06-14,21,B02,CH3,C00000,CMP000,0,11,89.7
O007260,2025-06-15,22,B02,CH1,C00000,CMP000,2,7,68.8
O007261,2025-06-15,22,B02,CH2,C03223,CMP000,0,2,23.85
O007262,2025-06-15,14,B02,CH2,C00000,CMP000,0,4,41.05
O007263,2025-06-15,20,B02,CH1,C00000,CMP000,8,24,226.2
O007264,2025-06-15,21,B02,CH1,C00000,CMP000,2,5,58.8
O007265,2025-06-15,15,B02,CH1,C00000,CMP000,2,5,49.85
O007266,2025-06-15,21,B02,CH1,C00000,CMP000,2,6,68.75
O007267,2025-06-15,14,B02,CH1,C00000,CMP000,4,11,94.75
O007268,2025-06-15,18,B02,CH4,C00000,CMP000,0,3,27.15
O007269,2025-06-15,12,B02,CH1,C00000,CMP000,3,10,88.2
O007270,2025-06-16,12,B02,CH1,C00000,CMP000,5,12,122.3
O007271,2025-06-16,20,B02,CH1,C03509,CMP000,2,5,43.1
O007272,2025-06-16,21,B02,CH1,C03726,CMP000,2,7,57.3
O007273,2025-06-16,12,B02,CH4,C04434,CMP000,0,8,85.8
O007274,2025-06-16,18,B02,CH2,C00000,CMP000,0,5,38.5
O007275,2025-06-16,15,B02,CH1,C00000,CMP000,2,5,50.2
O007276,2025-06-18,20,B02,CH1,C03509,CMP000,3,10,82.75
O007277,2025-06-18,12,B02,CH1,C00000,CMP000,2,6,62.0
O007278,2025-06-18,18,B02,CH1,C00000,CMP000,4,11,112.65
O007279,2025-06-19,18,B02,CH1,C00000,CMP000,3,9,79.7
O007280,2025-06-19,16,B02,CH1,C00000,CMP000,3,8,92.65
O007281,2025-06-19,17,B02,CH1,C00000,CMP000,2,4,44.7
O007282,2025-06-19,20,B02,CH1,C03726,CMP000,2,9,80.8
O007283,2025-06-19,18,B02,CH1,C00000,CMP000,1,4,32.25
O007284,2025-06-19,14,B02,CH1,C00000,CMP000,1,3,24.05
O007285,2025-06-19,19,B02,CH1,C00000,CMP000,2,7,58.2
O007286,2025-06-19,13,B02,CH1,C00000,CMP000,8,24,210.35
O007287,2025-06-20,14,B02,CH1,C03509,CMP000,1,3,20.9
O007288,2025-06-20,19,B02,CH2,C00000,CMP000,0,2,21.65
O007289,2025-06-20,22,B02,CH4,C04778,CMP000,0,5,49.55
O007290,2025-06-20,22,B02,CH1,C03856,CMP000,3,9,109.15
O007291,2025-06-20,20,B02,CH1,C00000,CMP000,1,4,31.1
O007292,2025-06-20,21,B02,CH1,C00000,CMP000,1,3,25.5
O007293,2025-06-20,18,B02,CH1,C03115,CMP000,2,8,66.85
O007294,2025-06-20,20,B02,CH1,C00000,CMP000,3,12,126.2
O007295,2025-06-20,16,B02,CH2,C00000,CMP000,0,8,86.4
O007296,2025-06-20,19,B02,CH1,C00000,CMP000,2,5,49.85
O007297,2025-06-20,14,B02,CH1,C00000,CMP000,4,13,121.4
O007298,2025-06-20,19,B02,CH1,C00000,CMP000,4,13,183.7
O007299,2025-06-21,17,B02,CH3,C01553,CMP000,0,3,38.0
O007300,2025-06-21,20,B02,CH1,C00000,CMP000,4,16,151.3
O007301,2025-06-21,21,B02,CH1,C00000,CMP000,2,7,63.05
O007302,2025-06-21,13,B02,CH1,C00000,CMP000,6,15,163.0
O007303,2025-06-21,22,B02,CH1,C00000,CMP000,2,6,70.55
O007304,2025-06-21,18,B02,CH4,C00000,CMP000,0,5,61.05
O007305,2025-06-21,12,B02,CH1,C00000,CMP000,2,6,54.15
O007306,2025-06-21,19,B02,CH2,C00000,CMP000,0,3,25.2
O007307,2025-06-21,13,B02,CH4,C00000,CMP000,0,6,56.0
O007308,2025-06-21,17,B02,CH2,C00000,CMP000,0,1,13.45
O007309,2025-06-21,13,B02,CH1,C00000,CMP000,3,8,77.95
O007310,2025-06-21,18,B02,CH1,C00000,CMP000,4,12,122.2
O007311,2025-06-21,18,B02,CH1,C00706,CMP000,5,15,186.4
O007312,2025-06-21,22,B02,CH4,C00000,CMP000,0,5,36.3
O007313,2025-06-22,19,B02,CH1,C03509,CMP000,2,5,50.7
O007314,2025-06-22,17,B02,CH1,C00000,CMP000,4,16,130.9
O007315,2025-06-22,15,B02,CH1,C00000,CMP000,1,4,34.65
O007316,2025-06-22,20,B02,CH1,C00000,CMP000,2,7,67.8
O007317,2025-06-22,12,B02,CH1,C01868,CMP000,3,10,79.05
O007318,2025-06-22,21,B02,CH1,C00000,CMP000,2,6,71.7
O007319,2025-06-22,12,B02,CH1,C03450,CMP000,8,26,227.5
O007320,2025-06-22,19,B02,CH3,C00000,CMP000,0,5,52.35
O007321,2025-06-23,17,B02,CH1,C02861,CMP000,3,9,88.25
O007322,2025-06-23,19,B02,CH1,C04105,CMP000,5,16,167.15
O007323,2025-06-23,20,B02,CH1,C00000,CMP000,4,10,103.25
O007324,2025-06-23,13,B02,CH1,C00000,CMP000,2,6,48.8
O007325,2025-06-23,19,B02,CH3,C00000,CMP000,0,2,18.5
O007326,2025-06-23,21,B02,CH1,C00000,CMP000,8,30,322.35
O007327,2025-06-23,13,B02,CH1,C00000,CMP000,4,11,117.45
O007328,2025-06-25,21,B02,CH1,C00000,CMP000,6,21,207.75
O007329,2025-06-25,20,B02,CH1,C00000,CMP000,4,10,123.75
O007330,2025-06-25,20,B02,CH1,C00000,CMP000,3,11,131.1
O007331,2025-06-26,20,B02,CH1,C00000,CMP000,1,5,33.55
O007332,2025-06-26,17,B02,CH1,C00000,CMP000,2,7,59.65
O007333,2025-06-26,12,B02,CH3,C00000,CMP000,0,3,22.9
O007334,2025-06-26,18,B02,CH1,C03340,CMP000,1,5,35.9
O007335,2025-06-27,20,B02,CH3,C00000,CMP000,0,5,83.95
O007336,2025-06-27,18,B02,CH2,C03509,CMP000,0,2,26.45
O007337,2025-06-27,16,B02,CH1,C00000,CMP000,2,5,51.45
O007338,2025-06-27,20,B02,CH3,C00000,CMP000,0,3,21.95
O007339,2025-06-27,20,B02,CH2,C03223,CMP000,0,2,31.25
O007340,2025-06-27,13,B02,CH4,C00000,CMP000,0,2,18.05
O007341,2025-06-27,18,B02,CH1,C02753,CMP000,3,10,96.05
O007342,2025-06-27,12,B02,CH1,C00000,CMP000,4,11,97.8
O007343,2025-06-27,21,B02,CH2,C00000,CMP000,0,5,59.35
O007344,2025-06-27,20,B02,CH1,C01868,CMP000,2,4,41.2
O007345,2025-06-27,22,B02,CH1,C00000,CMP000,2,6,51.3
O007346,2025-06-27,14,B02,CH3,C00879,CMP000,0,4,42.35
O007347,2025-06-27,22,B02,CH1,C00000,CMP000,4,14,128.85
O007348,2025-06-28,19,B02,CH3,C00000,CMP000,0,12,150.5
O007349,2025-06-28,18,B02,CH2,C00000,CMP000,0,3,23.8
O007350,2025-06-28,19,B02,CH1,C00000,CMP000,2,8,89.7
O007351,2025-06-28,14,B02,CH1,C03223,CMP000,4,10,90.85
O007352,2025-06-28,12,B02,CH1,C00000,CMP000,4,9,83.05
O007353,2025-06-28,19,B02,CH1,C00000,CMP000,3,10,96.2
O007354,2025-06-29,19,B02,CH4,C00000,CMP000,0,4,30.0
O007355,2025-06-29,12,B02,CH1,C01870,CMP000,2,5,43.3
O007356,2025-06-29,21,B02,CH1,C00000,CMP000,2,5,49.2
O007357,2025-06-29,18,B02,CH2,C00000,CMP000,0,4,52.9
O007358,2025-06-29,21,B02,CH1,C02866,CMP000,6,19,179.55
O007359,2025-06-29,16,B02,CH1,C00000,CMP000,6,19,185.95
O007360,2025-06-30,13,B02,CH1,C00000,CMP000,2,3,34.45
O007361,2025-06-30,20,B02,CH3,C00000,CMP000,0,3,21.85
O007362,2025-06-30,20,B02,CH1,C01514,CMP000,2,7,65.9
O007363,2025-06-30,13,B02,CH1,C01721,CMP000,5,14,133.6
O007364,2025-06-30,17,B02,CH1,C00000,CMP000,2,9,72.45
O007365,2025-06-30,15,B02,CH1,C00000,CMP000,8,26,259.7
O007366,2025-06-30,20,B02,CH1,C00000,CMP000,2,5,47.35
O007367,2025-06-30,14,B02,CH1,C03509,CMP000,4,12,105.35
O007368,2025-06-30,17,B02,CH1,C03509,CMP000,2,7,55.8
O007369,2025-07-02,19,B02,CH1,C00000,CMP000,1,3,29.3
O007370,2025-07-02,22,B02,CH1,C00000,CMP000,2,6,47.95
O007371,2025-07-02,14,B02,CH1,C03726,CMP000,1,4,53.85
O007372,2025-07-02,16,B02,CH3,C00000,CMP000,0,8,76.4
O007373,2025-07-02,19,B02,CH3,C00000,CMP000,0,12,110.1
O007374,2025-07-02,17,B02,CH1,C04356,CMP000,5,16,186.2
O007375,2025-07-02,19,B02,CH1,C00000,CMP000,1,4,39.15
O007376,2025-07-02,12,B02,CH1,C00000,CMP004,2,4,48.1
O007377,2025-07-02,19,B02,CH1,C03726,CMP000,4,12,121.65
O007378,2025-07-02,18,B02,CH1,C01634,CMP000,3,12,136.1
O007379,2025-07-02,12,B02,CH1,C04557,CMP000,1,2,17.6
O007380,2025-07-03,12,B02,CH1,C00000,CMP000,2,7,60.25
O007381,2025-07-03,18,B02,CH1,C00000,CMP000,4,11,134.65
O007382,2025-07-03,12,B02,CH1,C00000,CMP000,2,7,59.0
O007383,2025-07-03,14,B02,CH2,C00000,CMP000,0,3,49.55
O007384,2025-07-03,12,B02,CH1,C00000,CMP000,1,2,17.3
O007385,2025-07-03,14,B02,CH1,C04778,CMP000,1,4,32.45
O007386,2025-07-03,17,B02,CH3,C00000,CMP000,0,3,32.7
O007387,2025-07-03,19,B02,CH3,C00000,CMP000,0,1,20.2
O007388,2025-07-03,13,B02,CH3,C00000,CMP000,0,5,46.95
O007389,2025-07-04,14,B02,CH1,C00000,CMP000,7,22,192.8
O007390,2025-07-04,14,B02,CH4,C03424,CMP000,0,1,25.0
O007391,2025-07-04,19,B02,CH1,C00000,CMP000,4,14,146.8
O007392,2025-07-04,13,B02,CH1,C04978,CMP000,2,9,60.7
O007393,2025-07-04,12,B02,CH1,C00000,CMP004,4,11,127.05
O007394,2025-07-04,18,B02,CH1,C00000,CMP000,2,6,57.25
O007395,2025-07-04,18,B02,CH1,C03509,CMP000,2,7,60.75
O007396,2025-07-04,18,B02,CH2,C02957,CMP000,0,10,93.1
O007397,2025-07-04,12,B02,CH1,C00000,CMP004,1,4,37.5
O007398,2025-07-04,19,B02,CH1,C00000,CMP000,7,22,210.65
O007399,2025-07-05,19,B02,CH1,C00000,CMP004,4,11,94.15
O007400,2025-07-05,17,B02,CH1,C00000,CMP000,3,10,84.45
O007401,2025-07-05,16,B02,CH1,C00581,CMP004,2,10,78.55
O007402,2025-07-05,21,B02,CH1,C00000,CMP000,6,18,229.65
O007403,2025-07-05,17,B02,CH1,C00000,CMP000,6,20,234.45
O007404,2025-07-05,12,B02,CH1,C00000,CMP000,3,10,96.25
O007405,2025-07-06,19,B02,CH1,C00000,CMP000,2,4,42.95
O007406,2025-07-06,12,B02,CH1,C00000,CMP000,6,19,177.95
O007407,2025-07-06,14,B02,CH1,C01696,CMP000,1,4,31.25
O007408,2025-07-06,13,B02,CH1,C00000,CMP004,4,11,94.85
O007409,2025-07-06,21,B02,CH1,C03240,CMP004,8,23,220.62
O007410,2025-07-06,18,B02,CH1,C00000,CMP000,1,4,32.0
O007411,2025-07-06,18,B02,CH1,C04044,CMP000,2,5,48.75
O007412,2025-07-06,18,B02,CH1,C00000,CMP000,2,8,71.6
O007413,2025-07-06,14,B02,CH2,C00000,CMP000,0,7,58.65
O007414,2025-07-06,18,B02,CH3,C00000,CMP000,0,1,14.9
O007415,2025-07-07,19,B02,CH1,C03509,CMP004,2,5,53.05
O007416,2025-07-07,21,B02,CH1,C01897,CMP004,8,25,240.74
O007417,2025-07-07,21,B02,CH1,C00000,CMP004,2,6,73.37
O007418,2025-07-07,17,B02,CH3,C00000,CMP000,0,1,14.9
O007419,2025-07-09,19,B02,CH1,C03509,CMP000,2,7,66.15
O007420,2025-07-09,18,B02,CH1,C04159,CMP000,2,7,66.1
O007421,2025-07-09,19,B02,CH4,C00000,CMP000,0,3,26.9
O007422,2025-07-09,19,B02,CH1,C04356,CMP000,6,19,177.85
O007423,2025-07-09,13,B02,CH1,C00000,CMP000,4,12,100.55
O007424,2025-07-10,15,B02,CH1,C00970,CMP004,7,20,257.82
O007425,2025-07-10,19,B02,CH1,C00000,CMP000,2,5,89.55
O007426,2025-07-10,21,B02,CH1,C02193,CMP000,2,6,61.1
O007427,2025-07-10,22,B02,CH1,C00000,CMP004,2,6,56.5
O007428,2025-07-10,12,B02,CH3,C02141,CMP000,0,3,33.4
O007429,2025-07-10,12,B02,CH2,C00000,CMP000,0,4,46.85
O007430,2025-07-10,20,B02,CH2,C04356,CMP000,0,2,16.85
O007431,2025-07-11,18,B02,CH3,C03509,CMP000,0,3,26.95
O007432,2025-07-11,20,B02,CH2,C00000,CMP000,0,6,56.5
O007433,2025-07-11,19,B02,CH3,C00000,CMP000,0,1,20.2
O007434,2025-07-11,22,B02,CH1,C03726,CMP000,1,4,31.9
O007435,2025-07-11,21,B02,CH1,C02929,CMP000,7,20,228.55
O007436,2025-07-11,18,B02,CH1,C03565,CMP000,4,12,116.6
O007437,2025-07-11,19,B02,CH1,C03509,CMP000,2,5,54.35
O007438,2025-07-11,18,B02,CH1,C00000,CMP000,2,5,45.9
O007439,2025-07-12,13,B02,CH4,C00000,CMP000,0,5,51.0
O007440,2025-07-12,19,B02,CH1,C00000,CMP004,2,7,58.0
O007441,2025-07-12,19,B02,CH3,C03223,CMP000,0,2,18.75
O007442,2025-07-12,21,B02,CH1,C00000,CMP000,4,12,128.45
O007443,2025-07-12,21,B02,CH1,C00000,CMP000,1,3,29.35
O007444,2025-07-12,21,B02,CH1,C00000,CMP000,2,5,50.0
O007445,2025-07-12,20,B02,CH3,C00000,CMP000,0,7,69.65
O007446,2025-07-12,18,B02,CH3,C00000,CMP000,0,3,33.65
O007447,2025-07-12,13,B02,CH1,C00000,CMP004,4,10,96.75
O007448,2025-07-12,13,B02,CH1,C00000,CMP000,5,14,147.5
O007449,2025-07-12,21,B02,CH1,C04403,CMP000,5,13,132.15
O007450,2025-07-12,21,B02,CH1,C00000,CMP000,2,7,67.35
O007451,2025-07-12,14,B02,CH1,C00000,CMP000,6,17,150.95
O007452,2025-07-12,13,B02,CH1,C00000,CMP004,5,15,154.95
O007453,2025-07-12,12,B02,CH4,C00000,CMP000,0,5,42.55
O007454,2025-07-12,14,B02,CH1,C04825,CMP000,2,5,91.0
O007455,2025-07-12,17,B02,CH1,C00917,CMP000,2,6,58.05
O007456,2025-07-13,13,B02,CH1,C00000,CMP000,2,6,69.75
O007457,2025-07-13,22,B02,CH3,C00000,CMP000,0,3,26.45
O007458,2025-07-13,18,B02,CH2,C00000,CMP000,0,7,61.3
O007459,2025-07-13,21,B02,CH1,C03509,CMP000,2,8,67.65
O007460,2025-07-13,20,B02,CH1,C00000,CMP000,3,8,81.5
O007461,2025-07-13,21,B02,CH1,C00000,CMP000,8,24,230.85
O007462,2025-07-14,18,B02,CH1,C03726,CMP004,4,15,123.75
O007463,2025-07-14,17,B02,CH1,C00000,CMP000,4,12,127.1
O007464,2025-07-14,12,B02,CH1,C00000,CMP000,3,10,96.25
O007465,2025-07-16,18,B02,CH1,C00000,CMP004,3,11,90.7
O007466,2025-07-16,12,B02,CH1,C00000,CMP004,5,13,112.95
O007467,2025-07-16,12,B02,CH1,C00000,CMP004,2,7,75.35
O007468,2025-07-16,22,B02,CH1,C00000,CMP004,6,21,209.62
O007469,2025-07-16,21,B02,CH3,C00000,CMP000,0,1,14.9
O007470,2025-07-17,21,B02,CH1,C00000,CMP000,1,4,34.85
O007471,2025-07-17,19,B02,CH1,C01241,CMP000,3,12,90.9
O007472,2025-07-17,19,B02,CH3,C00000,CMP000,0,6,72.35
O007473,2025-07-17,12,B02,CH2,C00000,CMP000,0,3,35.1
O007474,2025-07-17,21,B02,CH1,C00000,CMP000,4,11,100.65
O007475,2025-07-17,12,B02,CH1,C00000,CMP000,8,23,240.55
O007476,2025-07-17,18,B02,CH2,C00000,CMP000,0,4,46.4
O007477,2025-07-18,20,B02,CH1,C00000,CMP000,1,4,28.1
O007478,2025-07-18,19,B02,CH1,C00000,CMP000,2,6,59.45
O007479,2025-07-18,20,B02,CH1,C03509,CMP004,5,13,122.85
O007480,2025-07-18,12,B02,CH1,C00000,CMP000,4,13,116.55
O007481,2025-07-18,13,B02,CH1,C00000,CMP004,5,15,135.35
O007482,2025-07-18,15,B02,CH1,C00000,CMP000,3,9,97.85
O007483,2025-07-18,19,B02,CH1,C00000,CMP000,3,12,96.05
O007484,2025-07-18,21,B02,CH1,C00000,CMP000,3,7,77.9
O007485,2025-07-18,17,B02,CH4,C00000,CMP000,0,8,84.6
O007486,2025-07-19,14,B02,CH1,C00000,CMP000,4,14,171.35
O007487,2025-07-19,17,B02,CH1,C00007,CMP004,2,8,63.0
O007488,2025-07-19,22,B02,CH2,C03223,CMP000,0,1,13.45
O007489,2025-07-19,21,B02,CH1,C04191,CMP000,8,25,265.65
O007490,2025-07-19,15,B02,CH1,C00000,CMP000,2,7,70.1
O007491,2025-07-19,13,B02,CH1,C00000,CMP000,4,13,114.0
O007492,2025-07-19,12,B02,CH1,C00000,CMP000,4,10,104.1
O007493,2025-07-19,19,B02,CH1,C00000,CMP000,2,7,96.1
O007494,2025-07-19,18,B02,CH1,C00000,CMP000,4,11,120.35
O007495,2025-07-19,22,B02,CH1,C00000,CMP000,4,14,141.9
O007496,2025-07-19,21,B02,CH2,C00000,CMP000,0,11,99.1
O007497,2025-07-19,22,B02,CH1,C01599,CMP000,2,8,66.35
O007498,2025-07-20,17,B02,CH1,C00169,CMP000,2,7,83.95
O007499,2025-07-20,21,B02,CH3,C00000,CMP000,0,10,83.95
O007500,2025-07-20,13,B02,CH1,C00000,CMP000,5,12,119.1
O007501,2025-07-20,19,B02,CH4,C00000,CMP000,0,2,22.1
O007502,2025-07-20,18,B02,CH1,C04778,CMP004,1,5,39.4
O007503,2025-07-20,20,B02,CH1,C03223,CMP000,2,5,54.55
O007504,2025-07-20,16,B02,CH4,C00000,CMP000,0,2,18.3
O007505,2025-07-20,22,B02,CH1,C00000,CMP000,2,5,51.0
O007506,2025-07-20,16,B02,CH1,C00000,CMP004,2,7,54.95
O007507,2025-07-20,19,B02,CH1,C00000,CMP004,4,11,108.55
O007508,2025-07-20,12,B02,CH1,C03509,CMP000,2,5,49.3
O007509,2025-07-20,22,B02,CH1,C00000,CMP000,2,6,47.7
O007510,2025-07-20,21,B02,CH3,C00000,CMP000,0,10,93.75
O007511,2025-07-21,18,B02,CH3,C02215,CMP000,0,12,92.1
O007512,2025-07-21,22,B02,CH1,C00000,CMP000,2,7,61.8
O007513,2025-07-21,17,B02,CH2,C00000,CMP000,0,3,29.15
O007514,2025-07-21,18,B02,CH1,C01897,CMP004,4,13,174.05
O007515,2025-07-21,20,B02,CH1,C03463,CMP000,2,5,56.9
O007516,2025-07-21,18,B02,CH1,C03509,CMP000,1,4,28.4
O007517,2025-07-21,13,B02,CH1,C00000,CMP000,2,8,63.45
O007518,2025-07-23,19,B02,CH4,C03223,CMP000,0,2,18.3
O007519,2025-07-23,13,B02,CH1,C00000,CMP000,1,2,26.45
O007520,2025-07-23,16,B02,CH1,C03509,CMP004,2,8,60.57
O007521,2025-07-24,13,B02,CH1,C00000,CMP000,4,12,110.35
O007522,2025-07-24,21,B02,CH4,C00000,CMP000,0,2,16.65
O007523,2025-07-24,17,B02,CH4,C04096,CMP000,0,1,22.6
O007524,2025-07-24,22,B02,CH1,C03223,CMP004,6,18,224.45
O007525,2025-07-24,18,B02,CH1,C00000,CMP000,4,11,100.5
O007526,2025-07-24,17,B02,CH3,C00000,CMP000,0,3,30.5
O007527,2025-07-24,20,B02,CH2,C00000,CMP000,0,6,46.35
O007528,2025-07-24,20,B02,CH1,C00000,CMP004,3,5,53.87
O007529,2025-07-25,17,B02,CH1,C00000,CMP000,2,7,90.85
O007530,2025-07-25,12,B02,CH1,C00000,CMP000,5,14,123.4
O007531,2025-07-25,14,B02,CH1,C03776,CMP000,4,12,101.4
O007532,2025-07-25,21,B02,CH1,C03691,CMP000,5,14,157.55
O007533,2025-07-25,19,B02,CH1,C03509,CMP000,2,5,46.55
O007534,2025-07-25,22,B02,CH3,C00000,CMP000,0,5,40.35
O007535,2025-07-25,17,B02,CH4,C00000,CMP000,0,9,93.95
O007536,2025-07-25,13,B02,CH1,C03873,CMP004,2,8,56.7
O007537,2025-07-25,17,B02,CH1,C01259,CMP000,2,9,91.15
O007538,2025-07-26,20,B02,CH4,C00000,CMP000,0,8,80.4
O007539,2025-07-26,17,B02,CH1,C00000,CMP000,1,3,33.65
O007540,2025-07-26,13,B02,CH4,C00000,CMP000,0,2,23.1
O007541,2025-07-26,14,B02,CH1,C00000,CMP000,2,7,52.95
O007542,2025-07-26,15,B02,CH1,C00000,CMP000,5,15,139.45
O007543,2025-07-26,19,B02,CH1,C00000,CMP000,2,8,65.45
O007544,2025-07-26,12,B02,CH1,C03509,CMP000,1,4,35.35
O007545,2025-07-26,20,B02,CH3,C00000,CMP000,0,3,32.25
O007546,2025-07-26,17,B02,CH3,C00000,CMP000,0,1,14.4
O007547,2025-07-26,19,B02,CH1,C01354,CMP000,1,3,31.3
O007548,2025-07-26,13,B02,CH1,C00000,CMP000,2,5,46.4
O007549,2025-07-27,13,B02,CH2,C03509,CMP000,0,3,21.85
O007550,2025-07-27,16,B02,CH1,C03424,CMP000,2,8,79.35
O007551,2025-07-27,21,B02,CH1,C00000,CMP004,2,7,69.8
O007552,2025-07-27,14,B02,CH1,C00000,CMP000,4,14,124.05
O007553,2025-07-27,14,B02,CH1,C00000,CMP004,4,14,123.9
O007554,2025-07-27,13,B02,CH3,C00000,CMP000,0,5,65.4
O007555,2025-07-27,22,B02,CH3,C03509,CMP000,0,4,31.55
O007556,2025-07-28,21,B02,CH1,C00000,CMP000,3,11,116.15
O007557,2025-07-28,12,B02,CH2,C00000,CMP000,0,2,35.8
O007558,2025-07-28,22,B02,CH1,C00897,CMP004,2,5,51.2
O007559,2025-07-28,14,B02,CH1,C00000,CMP000,4,11,150.25
O007560,2025-07-30,22,B02,CH1,C00000,CMP000,2,7,69.0
O007561,2025-07-30,13,B02,CH1,C00000,CMP000,2,8,64.95
O007562,2025-07-30,19,B02,CH1,C03726,CMP000,2,7,69.25
O007563,2025-07-30,12,B02,CH1,C01163,CMP004,2,7,52.05
O007564,2025-07-30,13,B02,CH3,C00000,CMP000,0,4,28.6
O007565,2025-07-30,17,B02,CH1,C02636,CMP000,2,6,53.15
O007566,2025-07-30,18,B02,CH1,C00000,CMP000,3,8,96.5
O007567,2025-07-31,15,B02,CH1,C00000,CMP004,2,8,59.15
O007568,2025-07-31,18,B02,CH1,C00000,CMP000,5,17,196.9
O007569,2025-07-31,21,B02,CH1,C00000,CMP004,3,9,97.95
O007570,2025-07-31,17,B02,CH1,C00000,CMP000,2,7,63.2
O007571,2025-07-31,18,B02,CH2,C00000,CMP000,0,8,81.5
O007572,2025-07-31,12,B02,CH1,C00000,CMP004,8,24,215.45
O007573,2025-07-31,20,B02,CH1,C03405,CMP004,3,10,85.9
O007574,2025-07-31,18,B02,CH1,C04096,CMP000,2,5,44.75
O007575,2025-07-31,20,B02,CH4,C00000,CMP000,0,7,53.15
O007576,2025-08-01,19,B02,CH1,C00000,CMP000,4,11,107.7
O007577,2025-08-01,19,B02,CH1,C00000,CMP000,4,12,123.05
O007578,2025-08-01,18,B02,CH1,C00000,CMP000,1,2,21.15
O007579,2025-08-01,16,B02,CH3,C00000,CMP000,0,4,43.5
O007580,2025-08-01,14,B02,CH1,C00000,CMP000,3,10,89.05
O007581,2025-08-01,17,B02,CH1,C03509,CMP004,2,6,63.67
O007582,2025-08-01,19,B02,CH1,C00000,CMP000,2,7,53.15
O007583,2025-08-01,17,B02,CH1,C03115,CMP000,2,7,84.1
O007584,2025-08-01,15,B02,CH4,C00000,CMP000,0,2,18.25
O007585,2025-08-01,12,B02,CH1,C00000,CMP000,3,4,46.45
O007586,2025-08-01,18,B02,CH1,C00000,CMP000,2,7,68.65
O007587,2025-08-01,21,B02,CH1,C03223,CMP000,2,6,60.4
O007588,2025-08-02,12,B02,CH1,C01897,CMP000,5,14,138.1
O007589,2025-08-02,19,B02,CH2,C00000,CMP000,0,2,21.85
O007590,2025-08-02,13,B02,CH1,C00000,CMP000,1,4,30.3
O007591,2025-08-02,20,B02,CH1,C03817,CMP004,6,17,181.02
O007592,2025-08-02,21,B02,CH1,C02499,CMP000,6,21,176.5
O007593,2025-08-02,17,B02,CH3,C00000,CMP000,0,1,20.2
O007594,2025-08-02,20,B02,CH1,C00000,CMP000,4,11,104.75
O007595,2025-08-02,17,B02,CH1,C00000,CMP004,3,6,78.35
O007596,2025-08-02,19,B02,CH1,C03040,CMP000,5,14,134.15
O007597,2025-08-02,19,B02,CH1,C00000,CMP000,1,3,31.75
O007598,2025-08-02,12,B02,CH4,C00000,CMP000,0,2,17.05
O007599,2025-08-02,12,B02,CH4,C00000,CMP000,0,2,24.05
O007600,2025-08-02,13,B02,CH2,C00000,CMP000,0,2,24.05
O007601,2025-08-02,19,B02,CH4,C01897,CMP000,0,2,24.05
O007602,2025-08-02,17,B02,CH1,C00000,CMP000,4,12,119.7
O007603,2025-08-02,18,B02,CH1,C00000,CMP000,4,11,122.85
O007604,2025-08-02,12,B02,CH1,C03509,CMP004,3,8,70.15
O007605,2025-08-02,22,B02,CH4,C00000,CMP000,0,3,21.4
O007606,2025-08-02,21,B02,CH3,C00000,CMP000,0,9,83.45
O007607,2025-08-03,13,B02,CH4,C00000,CMP000,0,1,13.45
O007608,2025-08-03,22,B02,CH1,C00000,CMP000,4,14,178.85
O007609,2025-08-03,14,B02,CH1,C00000,CMP000,2,5,54.35
O007610,2025-08-03,19,B02,CH1,C03726,CMP000,2,6,66.3
O007611,2025-08-03,20,B02,CH1,C04356,CMP000,1,3,47.6
O007612,2025-08-03,19,B02,CH1,C00000,CMP000,2,7,59.9
O007613,2025-08-03,16,B02,CH1,C03509,CMP004,2,8,58.2
O007614,2025-08-03,19,B02,CH2,C00000,CMP000,0,6,62.45
O007615,2025-08-03,18,B02,CH2,C00000,CMP000,0,3,34.6
O007616,2025-08-03,18,B02,CH1,C00000,CMP000,4,15,107.6
O007617,2025-08-03,17,B02,CH1,C00000,CMP004,2,7,65.15
O007618,2025-08-03,20,B02,CH1,C00000,CMP004,2,5,45.45
O007619,2025-08-04,12,B02,CH3,C00000,CMP000,0,4,35.35
O007620,2025-08-04,13,B02,CH1,C00169,CMP000,2,6,66.2
O007621,2025-08-04,13,B02,CH1,C00000,CMP000,2,6,50.8
O007622,2025-08-04,19,B02,CH1,C00000,CMP000,5,13,125.05
O007623,2025-08-04,18,B02,CH3,C01514,CMP000,0,8,77.9
O007624,2025-08-04,14,B02,CH1,C00000,CMP000,4,10,109.5
O007625,2025-08-06,12,B02,CH1,C00000,CMP000,2,4,44.7
O007626,2025-08-06,20,B02,CH1,C00000,CMP004,3,10,89.55
O007627,2025-08-06,22,B02,CH3,C01219,CMP000,0,8,98.4
O007628,2025-08-06,19,B02,CH1,C04778,CMP000,2,7,65.55
O007629,2025-08-06,18,B02,CH1,C00000,CMP004,2,7,76.75
O007630,2025-08-06,13,B02,CH1,C03509,CMP000,2,4,41.3
O007631,2025-08-06,19,B02,CH1,C00447,CMP000,2,6,54.8
O007632,2025-08-07,19,B02,CH1,C00000,CMP000,4,13,171.65
O007633,2025-08-07,20,B02,CH1,C00928,CMP004,2,6,49.64
O007634,2025-08-07,15,B02,CH4,C00000,CMP000,0,3,21.35
O007635,2025-08-07,20,B02,CH1,C00279,CMP000,1,4,37.5
O007636,2025-08-07,15,B02,CH1,C00000,CMP000,2,6,49.45
O007637,2025-08-07,19,B02,CH1,C00000,CMP000,2,8,76.0
O007638,2025-08-07,20,B02,CH1,C00000,CMP004,6,16,173.49
O007639,2025-08-07,21,B02,CH1,C00000,CMP004,2,8,65.55
O007640,2025-08-07,17,B02,CH1,C00000,CMP004,2,7,66.85
O007641,2025-08-07,13,B02,CH1,C00000,CMP004,5,17,178.85
O007642,2025-08-07,19,B02,CH1,C00000,CMP004,1,4,29.9
O007643,2025-08-08,13,B02,CH1,C03509,CMP000,2,5,45.25
O007644,2025-08-08,17,B02,CH1,C00000,CMP000,4,10,136.15
O007645,2025-08-08,15,B02,CH1,C00000,CMP000,1,2,18.1
O007646,2025-08-08,21,B02,CH1,C00000,CMP000,3,10,108.55
O007647,2025-08-08,22,B02,CH4,C03509,CMP000,0,3,28.35
O007648,2025-08-08,19,B02,CH4,C00000,CMP000,0,1,15.85
O007649,2025-08-08,20,B02,CH2,C00000,CMP000,0,2,38.0
O007650,2025-08-09,21,B02,CH1,C00000,CMP004,1,4,32.0
O007651,2025-08-09,19,B02,CH1,C00581,CMP000,3,9,88.0
O007652,2025-08-09,12,B02,CH1,C00000,CMP000,3,10,110.65
O007653,2025-08-09,14,B02,CH1,C00000,CMP000,3,6,89.75
O007654,2025-08-09,20,B02,CH1,C00000,CMP000,3,7,73.85
O007655,2025-08-09,20,B02,CH1,C00000,CMP000,2,7,59.0
O007656,2025-08-09,12,B02,CH1,C00000,CMP004,2,6,46.5
O007657,2025-08-09,15,B02,CH2,C00388,CMP000,0,3,31.95
O007658,2025-08-09,15,B02,CH1,C00000,CMP004,1,2,18.5
O007659,2025-08-09,14,B02,CH3,C00000,CMP000,0,3,21.85
O007660,2025-08-09,20,B02,CH1,C00000,CMP004,5,17,156.45
O007661,2025-08-09,17,B02,CH1,C03509,CMP000,4,11,108.25
O007662,2025-08-09,18,B02,CH4,C00000,CMP000,0,3,30.5
O007663,2025-08-09,20,B02,CH1,C00000,CMP004,7,19,198.99
O007664,2025-08-10,18,B02,CH3,C03223,CMP000,0,2,18.95
O007665,2025-08-10,21,B02,CH1,C00000,CMP004,4,10,94.62
O007666,2025-08-10,17,B02,CH3,C00000,CMP000,0,3,21.4
O007667,2025-08-10,15,B02,CH1,C01486,CMP000,3,10,105.3
O007668,2025-08-10,17,B02,CH4,C00000,CMP000,0,7,59.1
O007669,2025-08-10,22,B02,CH1,C00000,CMP000,2,6,48.2
O007670,2025-08-10,18,B02,CH4,C00000,CMP000,0,3,24.55
O007671,2025-08-10,20,B02,CH1,C00000,CMP000,4,12,153.4
O007672,2025-08-11,20,B02,CH1,C03223,CMP000,4,15,146.9
O007673,2025-08-11,13,B02,CH1,C00000,CMP004,2,5,49.15
O007674,2025-08-11,16,B02,CH1,C03726,CMP000,2,6,56.65
O007675,2025-08-13,19,B02,CH1,C03660,CMP000,4,12,109.8
O007676,2025-08-13,19,B02,CH1,C00000,CMP000,5,15,209.1
O007677,2025-08-13,22,B02,CH4,C00000,CMP000,0,3,22.8
O007678,2025-08-13,18,B02,CH3,C00000,CMP000,0,2,18.0
O007679,2025-08-13,22,B02,CH3,C00000,CMP000,0,3,26.95
O007680,2025-08-14,19,B02,CH3,C00000,CMP000,0,5,45.75
O007681,2025-08-14,21,B02,CH1,C00000,CMP000,4,13,110.1
O007682,2025-08-14,18,B02,CH1,C01897,CMP000,3,7,78.7
O007683,2025-08-14,12,B02,CH3,C00000,CMP000,0,2,21.85
O007684,2025-08-14,20,B02,CH1,C00000,CMP000,3,8,83.15
O007685,2025-08-14,19,B02,CH1,C04594,CMP000,1,3,29.35
O007686,2025-08-14,18,B02,CH1,C00000,CMP004,4,12,105.05
O007687,2025-08-14,22,B02,CH1,C00000,CMP000,2,8,72.45
O007688,2025-08-14,17,B02,CH1,C01016,CMP000,2,4,40.55
O007689,2025-08-14,14,B02,CH1,C00539,CMP000,1,4,31.0
O007690,2025-08-15,17,B02,CH1,C00000,CMP004,3,11,116.05
O007691,2025-08-15,15,B02,CH1,C00000,CMP000,1,3,30.15
O007692,2025-08-15,14,B02,CH1,C00000,CMP000,6,17,233.75
O007693,2025-08-15,12,B02,CH1,C00000,CMP000,1,2,17.8
O007694,2025-08-15,14,B02,CH4,C00000,CMP000,0,4,68.3
O007695,2025-08-15,19,B02,CH1,C01674,CMP004,2,5,49.7
O007696,2025-08-15,18,B02,CH3,C00000,CMP000,0,6,75.95
O007697,2025-08-15,18,B02,CH2,C00000,CMP000,0,2,35.8
O007698,2025-08-15,18,B02,CH2,C03910,CMP000,0,2,16.1
O007699,2025-08-15,18,B02,CH1,C03509,CMP000,1,3,26.3
O007700,2025-08-16,13,B02,CH1,C00000,CMP000,2,5,60.3
O007701,2025-08-16,13,B02,CH1,C00000,CMP000,2,6,49.1
O007702,2025-08-16,18,B02,CH1,C03115,CMP000,1,2,24.05
O007703,2025-08-16,20,B02,CH1,C00000,CMP000,4,18,170.8
O007704,2025-08-16,20,B02,CH1,C00000,CMP000,2,6,65.35
O007705,2025-08-16,18,B02,CH4,C00000,CMP000,0,4,27.25
O007706,2025-08-16,13,B02,CH1,C00000,CMP000,2,5,47.7
O007707,2025-08-17,12,B02,CH1,C03726,CMP004,2,6,68.45
O007708,2025-08-17,21,B02,CH2,C00000,CMP000,0,6,50.3
O007709,2025-08-17,22,B02,CH3,C00000,CMP000,0,7,76.8
O007710,2025-08-17,14,B02,CH1,C00000,CMP004,4,15,118.47
O007711,2025-08-17,20,B02,CH4,C00000,CMP000,0,6,64.2
O007712,2025-08-17,19,B02,CH1,C00000,CMP000,4,12,127.4
O007713,2025-08-17,22,B02,CH3,C00000,CMP000,0,5,48.55
O007714,2025-08-17,19,B02,CH1,C00000,CMP000,3,12,90.35
O007715,2025-08-17,15,B02,CH2,C00000,CMP000,0,5,64.4
O007716,2025-08-17,12,B02,CH1,C00000,CMP000,4,9,83.7
O007717,2025-08-17,20,B02,CH3,C00000,CMP000,0,11,112.5
O007718,2025-08-17,14,B02,CH1,C02957,CMP004,7,19,189.09
O007719,2025-08-18,18,B02,CH2,C00070,CMP000,0,7,83.9
O007720,2025-08-18,19,B02,CH1,C01026,CMP000,2,7,67.55
O007721,2025-08-18,20,B02,CH1,C03509,CMP000,2,8,68.05
O007722,2025-08-18,13,B02,CH1,C00000,CMP000,1,3,41.85
O007723,2025-08-18,20,B02,CH1,C03213,CMP004,5,17,151.45
O007724,2025-08-20,21,B02,CH1,C00000,CMP000,4,13,128.8
O007725,2025-08-20,21,B02,CH3,C03223,CMP000,0,1,13.45
O007726,2025-08-20,20,B02,CH2,C00000,CMP000,0,1,14.9
O007727,2025-08-20,22,B02,CH1,C01646,CMP000,2,7,75.2
O007728,2025-08-20,19,B02,CH1,C00000,CMP000,6,18,160.05
O007729,2025-08-20,22,B02,CH1,C00000,CMP000,3,11,99.35
O007730,2025-08-21,13,B02,CH4,C00000,CMP000,0,2,17.8
O007731,2025-08-21,19,B02,CH1,C00000,CMP000,5,14,118.1
O007732,2025-08-21,17,B02,CH4,C00000,CMP000,0,6,48.85
O007733,2025-08-21,12,B02,CH1,C00000,CMP004,1,2,30.75
O007734,2025-08-21,18,B02,CH1,C00000,CMP004,2,5,76.8
O007735,2025-08-21,19,B02,CH1,C01897,CMP004,4,11,110.35
O007736,2025-08-21,13,B02,CH1,C00000,CMP000,2,7,54.6
O007737,2025-08-21,18,B02,CH3,C03223,CMP000,0,3,25.95
O007738,2025-08-21,12,B02,CH1,C03509,CMP000,4,11,102.7
O007739,2025-08-22,12,B02,CH1,C00000,CMP000,2,5,47.35
O007740,2025-08-22,16,B02,CH1,C00000,CMP000,1,3,32.35
O007741,2025-08-22,14,B02,CH1,C03560,CMP004,2,7,57.45
O007742,2025-08-22,17,B02,CH4,C00000,CMP000,0,5,55.75
O007743,2025-08-22,14,B02,CH1,C01696,CMP004,2,4,37.05
O007744,2025-08-22,17,B02,CH1,C02308,CMP000,4,14,118.25
O007745,2025-08-22,22,B02,CH1,C03223,CMP000,1,1,13.95
O007746,2025-08-23,19,B02,CH1,C00000,CMP004,8,24,239.95
O007747,2025-08-23,19,B02,CH1,C00000,CMP000,2,7,60.8
O007748,2025-08-23,19,B02,CH1,C00000,CMP004,3,10,87.3
O007749,2025-08-23,21,B02,CH1,C00000,CMP000,5,17,143.05
O007750,2025-08-23,19,B02,CH1,C02408,CMP000,2,5,49.45
O007751,2025-08-23,19,B02,CH1,C00000,CMP000,2,4,43.75
O007752,2025-08-23,14,B02,CH1,C00000,CMP004,3,10,82.95
O007753,2025-08-23,21,B02,CH1,C03726,CMP000,3,13,96.35
O007754,2025-08-23,13,B02,CH1,C00000,CMP000,2,5,106.75
O007755,2025-08-24,19,B02,CH1,C00000,CMP000,1,5,44.7
O007756,2025-08-24,20,B02,CH1,C00000,CMP000,2,8,70.15
O007757,2025-08-24,18,B02,CH2,C00000,CMP000,0,9,74.8
O007758,2025-08-24,14,B02,CH3,C00000,CMP000,0,2,36.05
O007759,2025-08-24,20,B02,CH1,C00000,CMP000,2,8,64.25
O007760,2025-08-24,21,B02,CH1,C00000,CMP004,2,6,54.57
O007761,2025-08-24,20,B02,CH1,C00000,CMP000,2,8,70.55
O007762,2025-08-24,19,B02,CH1,C03690,CMP000,2,7,71.8
O007763,2025-08-25,14,B02,CH1,C00000,CMP004,2,7,78.0
O007764,2025-08-25,22,B02,CH1,C00000,CMP004,2,6,54.85
O007765,2025-08-25,18,B02,CH1,C00000,CMP000,3,10,86.65
O007766,2025-08-25,20,B02,CH1,C00000,CMP004,3,10,80.57
O007767,2025-08-27,20,B02,CH4,C00000,CMP000,0,2,31.95
O007768,2025-08-27,20,B02,CH1,C00000,CMP000,1,4,34.5
O007769,2025-08-27,21,B02,CH2,C00000,CMP000,0,1,15.4
O007770,2025-08-27,21,B02,CH2,C00000,CMP000,0,3,22.6
O007771,2025-08-27,12,B02,CH2,C00000,CMP000,0,3,30.1
O007772,2025-08-27,21,B02,CH2,C00000,CMP000,0,2,17.5
O007773,2025-08-27,14,B02,CH3,C00000,CMP000,0,1,14.4
O007774,2025-08-27,18,B02,CH1,C03509,CMP004,2,5,47.9
O007775,2025-08-28,21,B02,CH1,C00000,CMP000,2,7,70.7
O007776,2025-08-28,20,B02,CH1,C00000,CMP000,4,13,115.9
O007777,2025-08-29,18,B02,CH2,C00000,CMP000,0,4,28.55
O007778,2025-08-29,19,B02,CH2,C00000,CMP000,0,5,46.45
O007779,2025-08-29,18,B02,CH1,C00000,CMP000,4,14,171.2
O007780,2025-08-29,20,B02,CH1,C03509,CMP000,2,7,95.4
O007781,2025-08-29,19,B02,CH1,C04217,CMP000,2,7,57.25
O007782,2025-08-29,18,B02,CH1,C00000,CMP004,1,3,24.35
O007783,2025-08-29,12,B02,CH1,C04744,CMP000,2,5,50.4
O007784,2025-08-29,18,B02,CH1,C03620,CMP000,8,24,262.05
O007785,2025-08-30,19,B02,CH1,C02408,CMP000,3,11,90.2
O007786,2025-08-30,12,B02,CH1,C03844,CMP000,6,16,177.65
O007787,2025-08-30,19,B02,CH1,C04096,CMP004,1,3,24.7
O007788,2025-08-30,18,B02,CH2,C00000,CMP000,0,6,55.8
O007789,2025-08-30,16,B02,CH1,C04106,CMP004,4,14,139.45
O007790,2025-08-30,13,B02,CH1,C00000,CMP000,2,5,51.7
O007791,2025-08-30,13,B02,CH1,C00000,CMP004,2,7,82.45
O007792,2025-08-30,21,B02,CH1,C00000,CMP004,2,7,60.67
O007793,2025-08-30,18,B02,CH4,C00000,CMP000,0,2,21.65
O007794,2025-08-31,22,B02,CH1,C00182,CMP004,6,20,178.72
O007795,2025-08-31,17,B02,CH1,C00000,CMP000,1,4,44.95
O007796,2025-08-31,20,B02,CH1,C00000,CMP000,5,15,138.4
O007797,2025-08-31,13,B02,CH1,C00000,CMP000,4,13,104.9
O007798,2025-08-31,13,B02,CH1,C01150,CMP004,2,4,43.05
O007799,2025-08-31,18,B02,CH1,C03509,CMP004,4,13,103.62
O007800,2025-08-31,17,B02,CH1,C00000,CMP000,6,16,153.95
O007801,2025-08-31,19,B02,CH1,C00000,CMP004,2,6,52.35
O007802,2025-08-31,19,B02,CH3,C00000,CMP000,0,5,44.95
O007803,2025-08-31,22,B02,CH3,C00000,CMP000,0,3,21.85
O007804,2025-09-01,20,B02,CH4,C00000,CMP000,0,4,40.85
O007805,2025-09-01,17,B02,CH3,C00000,CMP000,0,2,25.7
O007806,2025-09-01,18,B02,CH3,C00000,CMP000,0,8,69.2
O007807,2025-09-01,22,B02,CH4,C00000,CMP000,0,5,59.85
O007808,2025-09-01,16,B02,CH1,C00000,CMP000,2,7,70.55
O007809,2025-09-01,17,B02,CH1,C00000,CMP000,3,12,143.1
O007810,2025-09-01,16,B02,CH1,C00000,CMP000,4,12,110.45
O007811,2025-09-03,22,B02,CH1,C04585,CMP000,2,6,65.25
O007812,2025-09-03,16,B02,CH1,C00000,CMP000,1,3,26.95
O007813,2025-09-03,21,B02,CH1,C04005,CMP000,2,8,75.35
O007814,2025-09-03,12,B02,CH1,C00000,CMP000,2,7,76.25
O007815,2025-09-03,18,B02,CH1,C00000,CMP000,2,6,57.85
O007816,2025-09-03,16,B02,CH3,C00000,CMP000,0,3,21.35
O007817,2025-09-03,18,B02,CH1,C00000,CMP000,4,13,155.1
O007818,2025-09-04,20,B02,CH3,C00000,CMP000,0,3,35.6
O007819,2025-09-04,15,B02,CH4,C03509,CMP000,0,3,27.15
O007820,2025-09-04,19,B02,CH1,C00000,CMP000,8,22,233.05
O007821,2025-09-04,20,B02,CH1,C00000,CMP000,2,5,71.0
O007822,2025-09-04,18,B02,CH1,C04096,CMP000,2,6,68.7
O007823,2025-09-05,22,B02,CH1,C00000,CMP000,2,7,65.9
O007824,2025-09-05,22,B02,CH3,C03223,CMP000,0,2,16.55
O007825,2025-09-05,20,B02,CH1,C00000,CMP000,2,4,53.35
O007826,2025-09-05,19,B02,CH4,C03122,CMP000,0,8,59.1
O007827,2025-09-05,20,B02,CH1,C00000,CMP000,4,11,130.75
O007828,2025-09-05,22,B02,CH3,C00000,CMP000,0,4,29.05
O007829,2025-09-05,20,B02,CH4,C00000,CMP000,0,4,41.4
O007830,2025-09-05,18,B02,CH4,C03236,CMP000,0,5,39.2
O007831,2025-09-05,18,B02,CH1,C00000,CMP000,2,7,66.5
O007832,2025-09-05,14,B02,CH1,C04778,CMP000,4,14,121.5
O007833,2025-09-05,21,B02,CH4,C00000,CMP000,0,4,49.55
O007834,2025-09-05,19,B02,CH4,C00000,CMP000,0,1,13.45
O007835,2025-09-06,15,B02,CH1,C00000,CMP000,3,11,116.9
O007836,2025-09-06,20,B02,CH1,C00000,CMP000,2,8,66.05
O007837,2025-09-06,17,B02,CH1,C00000,CMP000,3,10,96.2
O007838,2025-09-06,21,B02,CH1,C01652,CMP000,4,13,138.25
O007839,2025-09-06,19,B02,CH1,C00000,CMP000,3,7,74.8
O007840,2025-09-06,18,B02,CH1,C00000,CMP000,3,6,58.7
O007841,2025-09-07,15,B02,CH2,C02179,CMP000,0,2,38.0
O007842,2025-09-07,21,B02,CH1,C00000,CMP000,4,16,132.4
O007843,2025-09-07,12,B02,CH1,C00000,CMP000,2,7,64.2
O007844,2025-09-08,20,B02,CH1,C00000,CMP000,3,9,98.85
O007845,2025-09-08,12,B02,CH1,C03509,CMP000,3,8,109.95
O007846,2025-09-08,18,B02,CH1,C00000,CMP000,2,9,91.1
O007847,2025-09-08,22,B02,CH1,C00000,CMP000,3,9,94.2
O007848,2025-09-08,16,B02,CH1,C00000,CMP000,2,4,51.45
O007849,2025-09-10,12,B02,CH1,C00000,CMP000,5,14,178.95
O007850,2025-09-10,17,B02,CH4,C00000,CMP000,0,3,22.35
O007851,2025-09-10,19,B02,CH1,C00000,CMP000,4,11,106.25
O007852,2025-09-10,21,B02,CH2,C01896,CMP000,0,5,45.45
O007853,2025-09-10,20,B02,CH1,C00000,CMP000,2,6,45.15
O007854,2025-09-10,18,B02,CH1,C00000,CMP000,4,13,118.6
O007855,2025-09-10,21,B02,CH1,C01897,CMP000,1,3,31.1
O007856,2025-09-11,19,B02,CH1,C00000,CMP000,2,5,44.35
O007857,2025-09-11,14,B02,CH2,C00000,CMP000,0,3,52.15
O007858,2025-09-11,20,B02,CH1,C00000,CMP000,3,8,71.9
O007859,2025-09-12,22,B02,CH1,C00000,CMP000,2,6,52.15
O007860,2025-09-12,17,B02,CH3,C00000,CMP000,0,3,39.9
O007861,2025-09-12,12,B02,CH1,C03223,CMP000,1,4,32.05
O007862,2025-09-12,19,B02,CH3,C00000,CMP000,0,5,60.3
O007863,2025-09-12,20,B02,CH3,C00732,CMP000,0,4,40.65
O007864,2025-09-12,22,B02,CH1,C00000,CMP000,4,13,186.25
O007865,2025-09-12,19,B02,CH1,C00000,CMP000,8,27,276.95
O007866,2025-09-13,17,B02,CH1,C04348,CMP000,4,14,157.75
O007867,2025-09-13,19,B02,CH1,C00000,CMP000,8,26,236.2
O007868,2025-09-13,13,B02,CH1,C03429,CMP000,3,8,87.45
O007869,2025-09-13,13,B02,CH1,C00000,CMP000,4,10,93.6
O007870,2025-09-13,21,B02,CH2,C00000,CMP000,0,5,55.5
O007871,2025-09-13,20,B02,CH1,C00000,CMP000,7,24,210.45
O007872,2025-09-14,20,B02,CH2,C00000,CMP000,0,11,102.45
O007873,2025-09-14,13,B02,CH1,C00000,CMP000,2,5,45.7
O007874,2025-09-14,19,B02,CH2,C00000,CMP000,0,4,28.6
O007875,2025-09-14,18,B02,CH1,C00000,CMP000,2,4,43.5
O007876,2025-09-14,13,B02,CH1,C01632,CMP000,6,17,152.9
O007877,2025-09-14,21,B02,CH1,C03223,CMP000,3,9,77.25
O007878,2025-09-14,21,B02,CH3,C00000,CMP000,0,4,27.15
O007879,2025-09-14,19,B02,CH1,C03223,CMP000,2,6,79.8
O007880,2025-09-14,21,B02,CH1,C00000,CMP000,3,10,91.8
O007881,2025-09-14,20,B02,CH1,C00000,CMP000,2,9,74.4
O007882,2025-09-14,18,B02,CH1,C00000,CMP000,4,14,117.0
O007883,2025-09-15,12,B02,CH3,C00000,CMP000,0,2,18.75
O007884,2025-09-17,19,B02,CH1,C02199,CMP000,2,8,93.1
O007885,2025-09-17,13,B02,CH1,C04777,CMP000,4,9,92.4
O007886,2025-09-17,18,B02,CH1,C00000,CMP000,5,18,206.6
O007887,2025-09-17,20,B02,CH1,C00007,CMP000,4,12,108.35
O007888,2025-09-17,22,B02,CH2,C00000,CMP000,0,1,15.4
O007889,2025-09-17,12,B02,CH1,C01696,CMP000,2,7,63.65
O007890,2025-09-17,16,B02,CH3,C00000,CMP000,0,1,14.9
O007891,2025-09-17,12,B02,CH4,C00000,CMP000,0,3,41.35
O007892,2025-09-17,19,B02,CH1,C04778,CMP000,2,5,44.75
O007893,2025-09-18,17,B02,CH1,C00000,CMP000,6,17,158.65
O007894,2025-09-18,21,B02,CH1,C00000,CMP000,6,20,172.85
O007895,2025-09-18,20,B02,CH1,C03726,CMP000,2,7,87.8
O007896,2025-09-18,19,B02,CH1,C00000,CMP000,2,6,62.05
O007897,2025-09-18,20,B02,CH1,C00000,CMP000,5,16,168.45
O007898,2025-09-18,19,B02,CH1,C01885,CMP000,2,6,65.25
O007899,2025-09-18,22,B02,CH1,C00000,CMP000,3,10,98.0
O007900,2025-09-18,20,B02,CH1,C00000,CMP000,4,13,155.85
O007901,2025-09-19,22,B02,CH1,C00000,CMP000,1,4,36.55
O007902,2025-09-19,20,B02,CH1,C04115,CMP000,3,11,105.35
O007903,2025-09-19,13,B02,CH1,C00000,CMP000,2,4,54.05
O007904,2025-09-19,16,B02,CH1,C00000,CMP000,2,6,68.25
O007905,2025-09-19,18,B02,CH1,C00000,CMP000,6,15,163.25
O007906,2025-09-19,20,B02,CH3,C00000,CMP000,0,6,55.75
O007907,2025-09-19,18,B02,CH1,C00000,CMP000,6,17,168.3
O007908,2025-09-19,13,B02,CH1,C00000,CMP000,2,5,43.7
O007909,2025-09-20,20,B02,CH3,C03223,CMP000,0,3,26.95
O007910,2025-09-20,12,B02,CH1,C03528,CMP000,4,9,86.25
O007911,2025-09-20,13,B02,CH1,C04348,CMP000,5,14,133.95
O007912,2025-09-20,12,B02,CH1,C00000,CMP000,8,23,232.15
O007913,2025-09-20,18,B02,CH1,C01115,CMP000,6,21,195.2
O007914,2025-09-20,19,B02,CH1,C00000,CMP000,8,21,198.05
O007915,2025-09-21,16,B02,CH3,C00000,CMP000,0,3,20.9
O007916,2025-09-21,12,B02,CH1,C02704,CMP000,7,17,168.3
O007917,2025-09-21,19,B02,CH2,C00000,CMP000,0,4,60.15
O007918,2025-09-21,19,B02,CH4,C04697,CMP000,0,5,51.0
O007919,2025-09-21,18,B02,CH3,C00710,CMP000,0,2,20.2
O007920,2025-09-21,20,B02,CH1,C00000,CMP000,1,3,40.75
O007921,2025-09-22,21,B02,CH1,C00000,CMP000,6,19,215.3
O007922,2025-09-22,22,B02,CH1,C01897,CMP000,3,10,93.55
O007923,2025-09-22,20,B02,CH2,C00000,CMP000,0,6,49.75
O007924,2025-09-22,17,B02,CH2,C00000,CMP000,0,6,59.45
O007925,2025-09-22,13,B02,CH1,C00000,CMP000,6,17,154.65
O007926,2025-09-24,13,B02,CH1,C03833,CMP000,7,15,174.2
O007927,2025-09-24,20,B02,CH1,C00000,CMP000,2,4,44.55
O007928,2025-09-24,12,B02,CH1,C00840,CMP000,2,5,56.0
O007929,2025-09-24,22,B02,CH3,C04652,CMP000,0,7,71.5
O007930,2025-09-24,19,B02,CH3,C00000,CMP000,0,9,81.95
O007931,2025-09-25,14,B02,CH1,C02408,CMP000,1,3,25.8
O007932,2025-09-25,20,B02,CH4,C03509,CMP000,0,13,139.9
O007933,2025-09-25,21,B02,CH2,C00000,CMP000,0,2,18.5
O007934,2025-09-25,14,B02,CH1,C00000,CMP000,4,13,110.7
O007935,2025-09-25,13,B02,CH1,C00000,CMP000,2,4,54.15
O007936,2025-09-26,14,B02,CH4,C00000,CMP000,0,6,78.85
O007937,2025-09-26,12,B02,CH1,C00000,CMP000,2,3,38.95
O007938,2025-09-26,21,B02,CH1,C00000,CMP000,3,8,131.9
O007939,2025-09-26,19,B02,CH3,C01101,CMP000,0,1,22.6
O007940,2025-09-26,21,B02,CH1,C03509,CMP000,6,21,193.95
O007941,2025-09-26,20,B02,CH1,C03447,CMP000,6,22,204.35
O007942,2025-09-27,20,B02,CH4,C00000,CMP000,0,1,14.4
O007943,2025-09-27,21,B02,CH3,C00000,CMP000,0,7,58.4
O007944,2025-09-27,18,B02,CH1,C02221,CMP000,3,9,90.7
O007945,2025-09-27,14,B02,CH1,C03223,CMP000,1,3,29.8
O007946,2025-09-27,18,B02,CH2,C00000,CMP000,0,7,64.95
O007947,2025-09-27,14,B02,CH1,C00000,CMP000,1,3,24.85
O007948,2025-09-27,13,B02,CH1,C00000,CMP000,3,9,118.55
O007949,2025-09-28,18,B02,CH1,C00000,CMP000,3,10,85.6
O007950,2025-09-28,14,B02,CH3,C00000,CMP000,0,8,103.35
O007951,2025-09-28,20,B02,CH1,C02374,CMP000,6,18,159.45
O007952,2025-09-28,18,B02,CH1,C00539,CMP000,2,9,85.25
O007953,2025-09-28,18,B02,CH3,C00000,CMP000,0,2,27.9
O007954,2025-09-28,18,B02,CH1,C00000,CMP000,4,13,151.9
O007955,2025-09-29,20,B02,CH1,C03511,CMP000,5,14,140.1
O007956,2025-09-29,20,B02,CH4,C00000,CMP000,0,7,105.35
O007957,2025-09-29,12,B02,CH1,C00000,CMP000,1,1,13.0
O007958,2025-09-29,19,B02,CH1,C01400,CMP000,2,5,46.85
O007959,2025-09-29,18,B02,CH3,C00000,CMP000,0,9,84.7
O007960,2025-09-29,13,B02,CH1,C03945,CMP000,4,11,92.75
O007961,2025-10-01,18,B02,CH1,C00000,CMP000,6,19,178.5
O007962,2025-10-01,20,B02,CH1,C02929,CMP000,4,13,179.55
O007963,2025-10-01,20,B02,CH2,C01588,CMP000,0,5,41.6
O007964,2025-10-01,20,B02,CH1,C00000,CMP000,5,15,126.4
O007965,2025-10-02,21,B02,CH1,C00000,CMP000,2,8,62.85
O007966,2025-10-02,13,B02,CH1,C00000,CMP000,4,11,114.7
O007967,2025-10-02,19,B02,CH1,C00000,CMP000,2,9,76.45
O007968,2025-10-03,14,B02,CH1,C00000,CMP000,2,6,49.55
O007969,2025-10-03,17,B02,CH1,C00000,CMP000,4,14,136.85
O007970,2025-10-03,13,B02,CH1,C00000,CMP000,4,11,99.5
O007971,2025-10-03,22,B02,CH1,C04562,CMP000,4,18,148.15
O007972,2025-10-03,21,B02,CH4,C00000,CMP000,0,7,58.9
O007973,2025-10-04,13,B02,CH4,C00000,CMP000,0,2,23.05
O007974,2025-10-04,19,B02,CH4,C00000,CMP000,0,5,44.25
O007975,2025-10-04,19,B02,CH1,C00000,CMP000,1,3,23.6
O007976,2025-10-04,12,B02,CH1,C00000,CMP000,3,6,64.0
O007977,2025-10-04,18,B02,CH4,C00000,CMP000,0,10,93.8
O007978,2025-10-04,20,B02,CH1,C00000,CMP000,2,6,46.55
O007979,2025-10-04,20,B02,CH3,C00000,CMP000,0,3,20.45
O007980,2025-10-04,15,B02,CH1,C03509,CMP000,2,4,62.25
O007981,2025-10-05,20,B02,CH1,C00000,CMP000,4,11,120.95
O007982,2025-10-05,21,B02,CH2,C00000,CMP000,0,4,32.2
O007983,2025-10-05,18,B02,CH1,C00000,CMP000,3,8,75.45
O007984,2025-10-05,19,B02,CH2,C00000,CMP000,0,8,70.65
O007985,2025-10-05,20,B02,CH1,C00000,CMP000,4,15,170.3
O007986,2025-10-05,12,B02,CH1,C02452,CMP000,6,17,201.9
O007987,2025-10-05,18,B02,CH1,C03509,CMP000,2,7,68.75
O007988,2025-10-05,20,B02,CH1,C00000,CMP000,2,7,63.65
O007989,2025-10-05,17,B02,CH2,C00000,CMP000,0,2,21.15
O007990,2025-10-06,20,B02,CH3,C00000,CMP000,0,1,13.95
O007991,2025-10-06,13,B02,CH1,C00840,CMP005,2,5,49.46
O007992,2025-10-06,19,B02,CH1,C02375,CMP000,2,3,37.35
O007993,2025-10-06,12,B02,CH1,C00000,CMP000,2,6,84.9
O007994,2025-10-08,16,B02,CH3,C00000,CMP000,0,4,43.95
O007995,2025-10-08,14,B02,CH1,C03223,CMP000,6,14,135.8
O007996,2025-10-08,15,B02,CH1,C00000,CMP000,2,4,46.6
O007997,2025-10-09,18,B02,CH1,C00000,CMP005,2,9,81.89
O007998,2025-10-09,20,B02,CH1,C00000,CMP000,6,20,190.6
O007999,2025-10-09,19,B02,CH1,C00000,CMP000,4,16,125.45
O008000,2025-10-09,13,B02,CH3,C03040,CMP000,0,3,22.8
O008001,2025-10-09,20,B02,CH1,C00000,CMP000,2,5,44.55
O008002,2025-10-10,19,B02,CH1,C00000,CMP000,4,11,107.6
O008003,2025-10-10,18,B02,CH1,C00000,CMP000,7,22,210.05
O008004,2025-10-10,20,B02,CH1,C00000,CMP000,1,4,53.7
O008005,2025-10-10,14,B02,CH3,C00000,CMP000,0,3,19.95
O008006,2025-10-10,15,B02,CH4,C00000,CMP000,0,4,64.45
O008007,2025-10-10,12,B02,CH3,C00000,CMP000,0,6,54.85
O008008,2025-10-10,14,B02,CH1,C00000,CMP000,3,7,73.6
O008009,2025-10-10,20,B02,CH4,C00000,CMP000,0,1,15.4
O008010,2025-10-10,15,B02,CH4,C00000,CMP000,0,8,76.5
O008011,2025-10-11,20,B02,CH3,C00000,CMP000,0,2,20.7
O008012,2025-10-11,22,B02,CH1,C00000,CMP000,5,16,154.2
O008013,2025-10-11,22,B02,CH1,C01885,CMP005,1,4,27.54
O008014,2025-10-11,22,B02,CH1,C00000,CMP000,2,7,62.8
O008015,2025-10-11,20,B02,CH1,C00000,CMP000,7,23,235.4
O008016,2025-10-11,18,B02,CH1,C00000,CMP000,4,16,155.1
O008017,2025-10-11,14,B02,CH2,C03223,CMP000,0,1,13.0
O008018,2025-10-11,20,B02,CH1,C00000,CMP000,2,6,61.55
O008019,2025-10-11,19,B02,CH1,C03873,CMP005,3,8,86.96
O008020,2025-10-11,22,B02,CH3,C00000,CMP000,0,8,65.5
O008021,2025-10-11,20,B02,CH1,C00000,CMP000,4,15,145.1
O008022,2025-10-12,19,B02,CH3,C00000,CMP000,0,3,39.45
O008023,2025-10-12,16,B02,CH1,C00000,CMP000,3,10,129.1
O008024,2025-10-12,22,B02,CH1,C04652,CMP000,4,16,136.4
O008025,2025-10-12,21,B02,CH1,C04778,CMP000,2,7,57.55
O008026,2025-10-12,22,B02,CH3,C00000,CMP000,0,8,68.5
O008027,2025-10-12,19,B02,CH1,C00000,CMP000,2,8,69.8
O008028,2025-10-13,22,B02,CH2,C00000,CMP000,0,5,57.45
O008029,2025-10-13,21,B02,CH2,C00000,CMP000,0,1,15.4
O008030,2025-10-15,20,B02,CH3,C00000,CMP000,0,8,70.15
O008031,2025-10-15,20,B02,CH1,C00000,CMP005,2,8,58.75
O008032,2025-10-15,21,B02,CH1,C00000,CMP005,2,5,40.21
O008033,2025-10-15,12,B02,CH1,C03025,CMP000,1,3,27.15
O008034,2025-10-15,21,B02,CH1,C03883,CMP000,8,25,254.9
O008035,2025-10-15,14,B02,CH1,C00000,CMP000,4,10,99.95
O008036,2025-10-15,13,B02,CH1,C01548,CMP000,5,15,154.4
O008037,2025-10-15,17,B02,CH1,C00000,CMP000,5,19,160.4
O008038,2025-10-16,13,B02,CH1,C00000,CMP000,4,15,152.2
O008039,2025-10-16,20,B02,CH1,C00000,CMP000,3,10,89.75
O008040,2025-10-16,18,B02,CH2,C00000,CMP000,0,10,87.5
O008041,2025-10-16,13,B02,CH4,C00000,CMP000,0,3,21.95
O008042,2025-10-16,22,B02,CH1,C01150,CMP000,3,10,99.15
O008043,2025-10-17,20,B02,CH3,C00000,CMP000,0,2,21.15
O008044,2025-10-17,20,B02,CH1,C04096,CMP000,3,9,82.95
O008045,2025-10-17,20,B02,CH2,C00000,CMP000,0,9,79.15
O008046,2025-10-17,17,B02,CH1,C00000,CMP000,7,22,197.0
O008047,2025-10-17,18,B02,CH1,C00000,CMP000,6,19,183.75
O008048,2025-10-17,20,B02,CH1,C00000,CMP000,4,13,107.85
O008049,2025-10-17,21,B02,CH1,C00000,CMP005,2,7,48.29
O008050,2025-10-17,18,B02,CH1,C00000,CMP000,2,6,55.75
O008051,2025-10-17,14,B02,CH1,C00000,CMP000,3,9,82.6
O008052,2025-10-17,20,B02,CH1,C03509,CMP000,4,12,121.3
O008053,2025-10-17,18,B02,CH1,C00000,CMP000,3,10,91.9
O008054,2025-10-18,18,B02,CH1,C03509,CMP000,3,12,100.9
O008055,2025-10-18,12,B02,CH1,C00000,CMP000,2,5,57.45
O008056,2025-10-18,13,B02,CH1,C02408,CMP000,2,5,42.2
O008057,2025-10-18,22,B02,CH1,C00000,CMP000,2,5,43.3
O008058,2025-10-18,19,B02,CH1,C03509,CMP000,2,6,51.1
O008059,2025-10-19,20,B02,CH1,C00000,CMP000,2,9,86.1
O008060,2025-10-19,21,B02,CH1,C00000,CMP000,1,3,26.75
O008061,2025-10-19,20,B02,CH2,C04562,CMP000,0,6,69.45
O008062,2025-10-19,19,B02,CH2,C01529,CMP000,0,8,63.85
O008063,2025-10-19,19,B02,CH1,C04895,CMP000,4,13,152.35
O008064,2025-10-19,20,B02,CH3,C00851,CMP000,0,3,25.0
O008065,2025-10-19,18,B02,CH3,C00000,CMP000,0,3,26.75
O008066,2025-10-19,13,B02,CH1,C00000,CMP000,3,12,99.75
O008067,2025-10-19,20,B02,CH1,C03509,CMP000,1,4,40.55
O008068,2025-10-19,20,B02,CH1,C00000,CMP005,5,12,91.29
O008069,2025-10-20,19,B02,CH1,C04899,CMP000,1,4,47.15
O008070,2025-10-20,13,B02,CH1,C03509,CMP000,5,13,108.7
O008071,2025-10-20,21,B02,CH1,C00000,CMP000,2,6,56.7
O008072,2025-10-22,18,B02,CH3,C00000,CMP000,0,2,20.7
O008073,2025-10-22,12,B02,CH3,C00000,CMP000,0,6,51.65
O008074,2025-10-23,20,B02,CH1,C00000,CMP000,2,7,60.4
O008075,2025-10-23,19,B02,CH1,C00000,CMP000,5,16,153.6
O008076,2025-10-23,19,B02,CH4,C00000,CMP000,0,6,51.7
O008077,2025-10-23,12,B02,CH3,C00000,CMP000,0,3,23.8
O008078,2025-10-23,16,B02,CH1,C00000,CMP005,3,10,87.05
O008079,2025-10-24,12,B02,CH1,C00000,CMP000,4,13,118.85
O008080,2025-10-24,18,B02,CH1,C00447,CMP000,3,9,85.75
O008081,2025-10-24,15,B02,CH1,C04652,CMP000,2,5,45.7
O008082,2025-10-24,13,B02,CH1,C00000,CMP000,3,11,95.3
O008083,2025-10-24,17,B02,CH1,C00000,CMP000,2,8,75.7
O008084,2025-10-24,22,B02,CH1,C00182,CMP000,5,14,135.5
O008085,2025-10-24,20,B02,CH1,C03223,CMP000,4,11,114.45
O008086,2025-10-24,14,B02,CH1,C00000,CMP000,3,12,97.15
O008087,2025-10-24,20,B02,CH1,C00000,CMP000,2,6,52.25
O008088,2025-10-24,19,B02,CH4,C00000,CMP000,0,3,28.6
O008089,2025-10-24,18,B02,CH1,C00000,CMP000,2,5,49.75
O008090,2025-10-24,12,B02,CH1,C03774,CMP000,2,5,48.35
O008091,2025-10-24,12,B02,CH3,C00000,CMP000,0,2,24.05
O008092,2025-10-25,21,B02,CH1,C00000,CMP000,2,7,59.5
O008093,2025-10-25,15,B02,CH2,C00000,CMP000,0,1,13.95
O008094,2025-10-25,18,B02,CH3,C03726,CMP000,0,4,44.0
O008095,2025-10-25,20,B02,CH1,C03509,CMP000,2,6,75.35
O008096,2025-10-25,15,B02,CH1,C03344,CMP000,4,13,119.3
O008097,2025-10-25,18,B02,CH4,C03509,CMP000,0,7,51.9
O008098,2025-10-25,19,B02,CH1,C00000,CMP000,2,5,97.4
O008099,2025-10-25,16,B02,CH1,C00000,CMP000,5,19,151.15
O008100,2025-10-25,20,B02,CH4,C00000,CMP000,0,4,42.55
O008101,2025-10-25,19,B02,CH1,C00000,CMP000,5,16,175.9
O008102,2025-10-26,13,B02,CH2,C00819,CMP000,0,2,19.7
O008103,2025-10-26,19,B02,CH1,C03726,CMP000,4,15,126.8
O008104,2025-10-26,20,B02,CH4,C00000,CMP000,0,1,14.9
O008105,2025-10-27,14,B02,CH1,C00000,CMP000,2,5,48.3
O008106,2025-10-29,14,B02,CH1,C00000,CMP000,3,9,101.4
O008107,2025-10-29,20,B02,CH1,C04652,CMP000,2,9,80.6
O008108,2025-10-29,18,B02,CH1,C00000,CMP005,6,18,151.26
O008109,2025-10-29,19,B02,CH1,C00000,CMP000,2,7,60.2
O008110,2025-10-29,21,B02,CH1,C00000,CMP000,4,11,126.8
O008111,2025-10-29,19,B02,CH1,C00000,CMP000,1,4,53.2
O008112,2025-10-29,16,B02,CH1,C00000,CMP000,2,6,83.2
O008113,2025-10-29,21,B02,CH1,C03774,CMP000,3,9,99.2
O008114,2025-10-30,19,B02,CH1,C00000,CMP000,2,8,72.8
O008115,2025-10-30,13,B02,CH1,C02753,CMP000,5,20,176.95
O008116,2025-10-31,18,B02,CH4,C00000,CMP000,0,2,16.15
O008117,2025-10-31,19,B02,CH1,C03046,CMP000,7,24,253.15
O008118,2025-10-31,12,B02,CH1,C00000,CMP000,5,12,137.3
O008119,2025-10-31,14,B02,CH1,C00000,CMP000,6,18,149.0
O008120,2025-10-31,19,B02,CH1,C00000,CMP005,2,7,61.07
O008121,2025-10-31,21,B02,CH1,C03223,CMP000,2,6,58.65
O008122,2025-10-31,20,B02,CH3,C04652,CMP000,0,9,68.5
O008123,2025-10-31,21,B02,CH1,C01152,CMP000,3,9,72.7
O008124,2025-10-31,12,B02,CH1,C00000,CMP000,1,3,21.85
O008125,2025-10-31,20,B02,CH2,C00000,CMP000,0,7,57.2
O008126,2025-10-31,12,B02,CH1,C00000,CMP000,6,17,162.45
O008127,2025-10-31,18,B02,CH3,C00000,CMP000,0,1,13.95
O008128,2025-10-31,18,B02,CH3,C01259,CMP000,0,2,27.4
O008129,2025-11-01,12,B02,CH1,C00000,CMP000,3,9,85.15
O008130,2025-11-01,12,B02,CH3,C00000,CMP000,0,6,52.15
O008131,2025-11-01,14,B02,CH1,C00000,CMP000,2,5,40.8
O008132,2025-11-01,19,B02,CH1,C03509,CMP000,2,4,56.1
O008133,2025-11-01,21,B02,CH1,C00000,CMP000,4,13,147.2
O008134,2025-11-01,18,B02,CH4,C00000,CMP000,0,7,63.2
O008135,2025-11-01,14,B02,CH3,C00000,CMP000,0,9,75.55
O008136,2025-11-01,22,B02,CH1,C03115,CMP000,1,4,72.1
O008137,2025-11-02,17,B02,CH1,C00594,CMP000,8,25,250.1
O008138,2025-11-02,18,B02,CH2,C00000,CMP000,0,6,52.15
O008139,2025-11-02,20,B02,CH4,C00000,CMP000,0,8,68.05
O008140,2025-11-03,19,B02,CH1,C03847,CMP000,4,10,144.95
O008141,2025-11-03,15,B02,CH1,C00000,CMP000,2,4,55.05
O008142,2025-11-03,21,B02,CH1,C00000,CMP000,1,3,21.45
O008143,2025-11-03,14,B02,CH1,C00000,CMP000,2,6,55.15
O008144,2025-11-03,20,B02,CH4,C00000,CMP000,0,6,57.0
O008145,2025-11-03,22,B02,CH1,C01870,CMP000,2,4,36.75
O008146,2025-11-03,16,B02,CH4,C00000,CMP000,0,4,34.4
O008147,2025-11-03,19,B02,CH1,C00000,CMP000,4,14,137.2
O008148,2025-11-05,14,B02,CH1,C00000,CMP000,4,11,102.5
O008149,2025-11-05,19,B02,CH4,C04652,CMP000,0,2,34.15
O008150,2025-11-05,20,B02,CH1,C03509,CMP000,6,23,227.55
O008151,2025-11-05,17,B02,CH1,C00000,CMP000,3,8,70.55
O008152,2025-11-05,18,B02,CH1,C00000,CMP000,2,7,59.15
O008153,2025-11-06,21,B02,CH1,C00000,CMP000,4,11,129.65
O008154,2025-11-06,18,B02,CH3,C00000,CMP000,0,1,18.75
O008155,2025-11-07,19,B02,CH1,C01150,CMP000,3,12,109.4
O008156,2025-11-07,20,B02,CH1,C00000,CMP000,5,15,133.4
O008157,2025-11-07,12,B02,CH1,C03509,CMP000,2,5,55.05
O008158,2025-11-07,17,B02,CH4,C00000,CMP000,0,3,25.7
O008159,2025-11-07,20,B02,CH1,C00000,CMP000,4,13,138.8
O008160,2025-11-07,21,B02,CH3,C02408,CMP000,0,2,16.1
O008161,2025-11-07,15,B02,CH1,C03509,CMP000,2,8,61.9
O008162,2025-11-07,17,B02,CH1,C00000,CMP000,6,12,167.5
O008163,2025-11-07,17,B02,CH4,C00000,CMP000,0,3,21.85
O008164,2025-11-07,13,B02,CH1,C00000,CMP000,4,9,89.15
O008165,2025-11-08,20,B02,CH1,C00000,CMP000,1,2,18.6
O008166,2025-11-08,20,B02,CH4,C00000,CMP000,0,8,77.4
O008167,2025-11-08,12,B02,CH2,C00000,CMP000,0,13,123.25
O008168,2025-11-08,14,B02,CH1,C00829,CMP000,2,5,60.9
O008169,2025-11-08,13,B02,CH4,C00000,CMP000,0,2,18.5
O008170,2025-11-09,18,B02,CH1,C03047,CMP000,4,12,105.15
O008171,2025-11-09,19,B02,CH1,C01400,CMP000,2,7,66.8
O008172,2025-11-09,20,B02,CH1,C00000,CMP000,3,9,89.95
O008173,2025-11-09,20,B02,CH1,C00000,CMP000,3,8,106.05
O008174,2025-11-09,18,B02,CH1,C03509,CMP000,2,6,99.75
O008175,2025-11-09,20,B02,CH2,C01088,CMP000,0,11,107.7
O008176,2025-11-09,12,B02,CH4,C00000,CMP000,0,6,76.25
O008177,2025-11-09,19,B02,CH1,C00000,CMP000,7,19,179.9
O008178,2025-11-10,17,B02,CH3,C00000,CMP000,0,5,54.35
O008179,2025-11-10,12,B02,CH1,C00000,CMP000,2,5,49.85
O008180,2025-11-10,12,B02,CH1,C00840,CMP000,5,14,162.95
O008181,2025-11-12,18,B02,CH1,C00000,CMP000,3,9,81.3
O008182,2025-11-12,20,B02,CH1,C00000,CMP000,8,30,303.75
O008183,2025-11-12,20,B02,CH1,C00000,CMP000,2,7,66.85
O008184,2025-11-12,21,B02,CH1,C03828,CMP000,2,7,64.65
O008185,2025-11-12,18,B02,CH1,C04804,CMP000,4,9,126.0
O008186,2025-11-12,12,B02,CH4,C00000,CMP000,0,2,17.05
O008187,2025-11-12,18,B02,CH4,C00000,CMP000,0,3,42.35
O008188,2025-11-12,21,B02,CH1,C00000,CMP000,2,8,86.8
O008189,2025-11-12,14,B02,CH1,C02449,CMP000,6,21,171.9
O008190,2025-11-13,20,B02,CH1,C03223,CMP000,2,6,61.55
O008191,2025-11-13,13,B02,CH1,C00000,CMP000,8,23,242.2
O008192,2025-11-13,15,B02,CH2,C00000,CMP000,0,4,38.0
O008193,2025-11-13,18,B02,CH1,C00000,CMP000,2,6,86.85
O008194,2025-11-14,13,B02,CH2,C03726,CMP000,0,1,15.4
O008195,2025-11-14,19,B02,CH1,C00000,CMP000,2,7,73.8
O008196,2025-11-14,13,B02,CH1,C01580,CMP000,6,14,163.45
O008197,2025-11-14,18,B02,CH3,C00000,CMP000,0,3,27.65
O008198,2025-11-14,20,B02,CH3,C00000,CMP000,0,2,21.2
O008199,2025-11-14,12,B02,CH1,C00000,CMP000,6,15,172.85
O008200,2025-11-14,19,B02,CH3,C00000,CMP000,0,2,21.65
O008201,2025-11-14,16,B02,CH1,C00000,CMP000,3,11,115.45
O008202,2025-11-14,18,B02,CH1,C00000,CMP000,1,3,31.65
O008203,2025-11-14,19,B02,CH1,C00000,CMP000,4,15,153.1
O008204,2025-11-14,20,B02,CH1,C00000,CMP000,4,17,165.25
O008205,2025-11-15,17,B02,CH3,C00000,CMP000,0,3,33.4
O008206,2025-11-15,20,B02,CH1,C00000,CMP000,2,7,51.3
O008207,2025-11-15,17,B02,CH1,C00345,CMP000,3,10,107.5
O008208,2025-11-15,16,B02,CH1,C00000,CMP000,2,8,89.65
O008209,2025-11-15,22,B02,CH3,C04061,CMP000,0,2,26.45
O008210,2025-11-15,22,B02,CH1,C04592,CMP000,2,6,102.15
O008211,2025-11-15,18,B02,CH1,C00000,CMP000,4,16,136.0
O008212,2025-11-15,18,B02,CH1,C00000,CMP000,2,5,50.05
O008213,2025-11-15,21,B02,CH4,C00000,CMP000,0,4,27.15
O008214,2025-11-15,19,B02,CH1,C00000,CMP000,6,18,189.45
O008215,2025-11-16,22,B02,CH1,C00000,CMP000,1,4,36.1
O008216,2025-11-16,22,B02,CH1,C00000,CMP000,3,8,85.6
O008217,2025-11-16,18,B02,CH2,C00000,CMP000,0,1,13.95
O008218,2025-11-16,18,B02,CH1,C03509,CMP000,5,15,135.95
O008219,2025-11-17,19,B02,CH1,C00000,CMP000,2,5,50.95
O008220,2025-11-17,20,B02,CH1,C00000,CMP006,1,3,24.99
O008221,2025-11-17,13,B02,CH1,C00000,CMP000,5,13,109.9
O008222,2025-11-17,15,B02,CH1,C04005,CMP006,1,2,18.62
O008223,2025-11-17,20,B02,CH1,C03509,CMP000,2,7,71.15
O008224,2025-11-17,19,B02,CH4,C04778,CMP000,0,5,68.95
O008225,2025-11-17,18,B02,CH1,C00000,CMP000,4,14,167.15
O008226,2025-11-19,14,B02,CH1,C03774,CMP000,6,20,164.95
O008227,2025-11-19,14,B02,CH1,C00000,CMP006,3,7,54.26
O008228,2025-11-19,19,B02,CH1,C00000,CMP000,2,5,50.15
O008229,2025-11-19,19,B02,CH3,C00000,CMP000,0,7,54.6
O008230,2025-11-20,14,B02,CH1,C04652,CMP006,7,18,178.31
O008231,2025-11-20,19,B02,CH1,C04778,CMP000,6,16,150.35
O008232,2025-11-20,21,B02,CH1,C00000,CMP000,8,25,232.8
O008233,2025-11-20,22,B02,CH1,C00000,CMP000,8,24,250.15
O008234,2025-11-20,17,B02,CH1,C00000,CMP000,2,5,45.85
O008235,2025-11-20,13,B02,CH1,C00000,CMP000,5,12,115.2
O008236,2025-11-21,20,B02,CH1,C00000,CMP000,3,10,79.6
O008237,2025-11-21,20,B02,CH3,C00000,CMP000,0,3,23.3
O008238,2025-11-21,18,B02,CH1,C03509,CMP000,2,5,51.6
O008239,2025-11-21,12,B02,CH1,C00000,CMP000,3,7,69.7
O008240,2025-11-21,20,B02,CH1,C00000,CMP000,4,12,109.9
O008241,2025-11-21,13,B02,CH1,C00000,CMP000,8,27,224.65
O008242,2025-11-21,13,B02,CH1,C00000,CMP006,2,7,63.48
O008243,2025-11-21,15,B02,CH3,C04348,CMP000,0,1,13.45
O008244,2025-11-21,19,B02,CH4,C00000,CMP000,0,3,28.6
O008245,2025-11-21,13,B02,CH3,C00000,CMP000,0,1,20.2
O008246,2025-11-21,14,B02,CH1,C03509,CMP000,4,10,86.35
O008247,2025-11-21,15,B02,CH1,C00000,CMP006,2,8,63.25
O008248,2025-11-22,20,B02,CH1,C00000,CMP006,2,7,95.39
O008249,2025-11-22,12,B02,CH1,C00370,CMP000,3,8,69.75
O008250,2025-11-22,18,B02,CH1,C01080,CMP000,2,6,54.05
O008251,2025-11-22,19,B02,CH1,C00000,CMP000,3,8,71.75
O008252,2025-11-22,13,B02,CH1,C00000,CMP000,1,2,25.0
O008253,2025-11-22,12,B02,CH3,C02606,CMP000,0,5,58.65
O008254,2025-11-22,21,B02,CH1,C00000,CMP000,4,17,124.1
O008255,2025-11-22,18,B02,CH1,C02929,CMP006,1,3,34.17
O008256,2025-11-22,14,B02,CH2,C00000,CMP000,0,1,18.75
O008257,2025-11-22,20,B02,CH1,C00000,CMP006,4,15,123.96
O008258,2025-11-22,19,B02,CH1,C04652,CMP006,1,2,17.33
O008259,2025-11-23,14,B02,CH1,C00000,CMP000,1,4,28.6
O008260,2025-11-23,20,B02,CH1,C00000,CMP000,1,4,56.7
O008261,2025-11-23,12,B02,CH2,C00000,CMP000,0,5,41.1
O008262,2025-11-23,14,B02,CH1,C00000,CMP000,3,9,79.6
O008263,2025-11-23,20,B02,CH1,C00000,CMP000,4,15,151.55
O008264,2025-11-23,22,B02,CH1,C00000,CMP000,1,4,38.0
O008265,2025-11-23,14,B02,CH3,C00000,CMP000,0,1,14.4
O008266,2025-11-23,13,B02,CH1,C04557,CMP006,2,7,56.04
O008267,2025-11-23,18,B02,CH1,C00000,CMP006,3,8,67.19
O008268,2025-11-23,19,B02,CH1,C00000,CMP006,7,23,229.84
O008269,2025-11-23,20,B02,CH1,C00000,CMP000,2,7,68.8
O008270,2025-11-23,16,B02,CH4,C00000,CMP000,0,3,31.45
O008271,2025-11-24,12,B02,CH1,C00000,CMP006,2,7,63.74
O008272,2025-11-24,20,B02,CH1,C00000,CMP000,1,5,44.25
O008273,2025-11-24,17,B02,CH1,C04187,CMP000,1,5,41.6
O008274,2025-11-24,22,B02,CH3,C00000,CMP000,0,2,19.7
O008275,2025-11-24,17,B02,CH1,C00000,CMP000,3,9,84.2
O008276,2025-11-24,17,B02,CH2,C00000,CMP000,0,2,22.1
O008277,2025-11-26,13,B02,CH1,C00000,CMP000,4,8,84.1
O008278,2025-11-26,18,B02,CH4,C00000,CMP000,0,4,38.0
O008279,2025-11-27,21,B02,CH1,C00000,CMP000,2,7,61.15
O008280,2025-11-27,18,B02,CH1,C00000,CMP006,2,7,51.18
O008281,2025-11-27,18,B02,CH3,C00000,CMP000,0,1,13.95
O008282,2025-11-27,20,B02,CH1,C01897,CMP000,4,11,138.4
O008283,2025-11-28,14,B02,CH1,C00000,CMP000,2,4,56.45
O008284,2025-11-28,21,B02,CH1,C00000,CMP000,2,7,63.95
O008285,2025-11-28,21,B02,CH4,C03607,CMP000,0,4,55.5
O008286,2025-11-28,18,B02,CH1,C03910,CMP006,2,9,74.09
O008287,2025-11-28,18,B02,CH2,C00000,CMP000,0,6,50.25
O008288,2025-11-29,12,B02,CH1,C00000,CMP000,4,10,111.65
O008289,2025-11-29,20,B02,CH1,C00016,CMP000,2,6,67.5
O008290,2025-11-29,21,B02,CH1,C03404,CMP000,2,5,44.4
O008291,2025-11-29,19,B02,CH1,C03509,CMP006,4,13,95.34
O008292,2025-11-29,21,B02,CH1,C00000,CMP006,1,4,33.11
O008293,2025-11-29,21,B02,CH3,C03194,CMP000,0,5,41.6
O008294,2025-11-29,12,B02,CH3,C02839,CMP000,0,7,77.4
O008295,2025-11-29,18,B02,CH1,C00000,CMP006,3,8,63.19
O008296,2025-11-29,21,B02,CH1,C00000,CMP000,8,26,249.7
O008297,2025-11-29,20,B02,CH1,C01049,CMP000,2,5,76.2
O008298,2025-11-29,21,B02,CH1,C00000,CMP000,5,14,144.2
O008299,2025-11-29,21,B02,CH1,C00000,CMP006,4,13,109.92
O008300,2025-11-29,13,B02,CH3,C00000,CMP000,0,1,14.9
O008301,2025-11-29,20,B02,CH1,C00000,CMP006,4,13,140.15
O008302,2025-11-29,22,B02,CH1,C00000,CMP000,2,6,61.75
O008303,2025-11-29,19,B02,CH1,C00000,CMP006,2,5,47.01
O008304,2025-11-29,17,B02,CH1,C00000,CMP000,2,7,52.45
O008305,2025-11-29,17,B02,CH1,C03223,CMP000,2,7,59.15
O008306,2025-11-29,20,B02,CH1,C00000,CMP006,1,5,39.15
O008307,2025-11-29,13,B02,CH1,C02364,CMP006,2,4,41.8
O008308,2025-11-29,17,B02,CH1,C00000,CMP000,2,8,67.85
O008309,2025-11-29,20,B02,CH4,C00000,CMP000,0,6,47.35
O008310,2025-11-30,14,B02,CH1,C02886,CMP000,3,8,83.4
O008311,2025-11-30,14,B02,CH1,C00000,CMP006,1,4,27.8
O008312,2025-11-30,14,B02,CH1,C00000,CMP000,4,9,79.25
O008313,2025-11-30,21,B02,CH1,C00000,CMP000,4,12,135.7
O008314,2025-11-30,18,B02,CH1,C02308,CMP006,3,10,107.83
O008315,2025-11-30,18,B02,CH1,C00000,CMP006,4,12,145.11
O008316,2025-11-30,22,B02,CH1,C03236,CMP000,2,6,64.3
O008317,2025-11-30,12,B02,CH1,C00000,CMP006,1,2,22.56
O008318,2025-11-30,13,B02,CH1,C00000,CMP000,8,22,195.9
O008319,2025-11-30,20,B02,CH1,C00000,CMP000,4,13,118.5
O008320,2025-11-30,19,B02,CH1,C00000,CMP000,4,16,124.8
O008321,2025-11-30,22,B02,CH1,C04096,CMP006,3,13,122.81
O008322,2025-12-01,21,B02,CH1,C03726,CMP000,3,12,103.15
O008323,2025-12-01,18,B02,CH1,C00000,CMP006,2,5,42.58
O008324,2025-12-01,12,B02,CH1,C02595,CMP006,2,4,38.69
O008325,2025-12-01,19,B02,CH1,C00000,CMP000,2,8,73.35
O008326,2025-12-03,14,B02,CH1,C00000,CMP006,3,9,84.72
O008327,2025-12-03,12,B02,CH1,C00000,CMP000,3,9,72.1
O008328,2025-12-03,21,B02,CH2,C00000,CMP000,0,2,17.3
O008329,2025-12-03,12,B02,CH1,C00000,CMP000,2,6,73.3
O008330,2025-12-03,13,B02,CH1,C00000,CMP000,4,11,125.55
O008331,2025-12-03,18,B02,CH1,C00000,CMP000,6,20,209.9
O008332,2025-12-03,21,B02,CH1,C00000,CMP000,4,13,115.9
O008333,2025-12-03,18,B02,CH4,C00000,CMP000,0,3,27.15
O008334,2025-12-03,17,B02,CH2,C03509,CMP000,0,4,41.1
O008335,2025-12-03,14,B02,CH1,C03509,CMP000,2,7,57.05
O008336,2025-12-04,18,B02,CH3,C00000,CMP000,0,4,27.7
O008337,2025-12-04,13,B02,CH1,C03509,CMP000,3,9,76.25
O008338,2025-12-04,20,B02,CH3,C00000,CMP000,0,1,22.6
O008339,2025-12-04,15,B02,CH2,C00000,CMP000,0,2,22.9
O008340,2025-12-04,21,B02,CH3,C00000,CMP000,0,2,65.6
O008341,2025-12-04,21,B02,CH2,C00000,CMP000,0,3,42.8
O008342,2025-12-04,17,B02,CH1,C00000,CMP000,4,12,117.0
O008343,2025-12-04,15,B02,CH1,C00000,CMP006,2,8,66.18
O008344,2025-12-04,21,B02,CH1,C02753,CMP000,4,9,90.85
O008345,2025-12-05,19,B02,CH1,C03190,CMP000,4,13,138.3
O008346,2025-12-05,14,B02,CH2,C00000,CMP000,0,7,86.1
O008347,2025-12-05,19,B02,CH2,C00000,CMP000,0,7,71.2
O008348,2025-12-05,14,B02,CH1,C04005,CMP006,1,3,26.83
O008349,2025-12-05,18,B02,CH3,C00000,CMP000,0,4,30.1
O008350,2025-12-05,19,B02,CH4,C00000,CMP000,0,6,46.45
O008351,2025-12-05,19,B02,CH3,C00000,CMP000,0,2,18.75
O008352,2025-12-05,19,B02,CH1,C00000,CMP000,4,12,123.45
O008353,2025-12-05,19,B02,CH1,C00000,CMP000,4,14,131.7
O008354,2025-12-06,21,B02,CH3,C00000,CMP000,0,9,74.0
O008355,2025-12-06,18,B02,CH1,C00000,CMP000,1,4,40.2
O008356,2025-12-06,13,B02,CH2,C00000,CMP000,0,5,49.1
O008357,2025-12-06,22,B02,CH1,C00000,CMP000,2,7,55.35
O008358,2025-12-06,17,B02,CH1,C04096,CMP000,5,16,185.35
O008359,2025-12-06,12,B02,CH1,C00000,CMP006,2,5,38.48
O008360,2025-12-06,13,B02,CH1,C00000,CMP006,2,7,59.34
O008361,2025-12-06,20,B02,CH1,C01806,CMP000,2,9,65.2
O008362,2025-12-06,14,B02,CH3,C00000,CMP000,0,4,34.45
O008363,2025-12-06,21,B02,CH1,C00000,CMP000,1,4,34.5
O008364,2025-12-06,20,B02,CH1,C04096,CMP006,2,6,59.3
O008365,2025-12-06,12,B02,CH1,C00000,CMP000,4,12,122.6
O008366,2025-12-06,20,B02,CH1,C00000,CMP000,4,11,109.5
O008367,2025-12-06,19,B02,CH3,C03690,CMP000,0,9,87.8
O008368,2025-12-06,15,B02,CH1,C04978,CMP000,4,9,88.75
O008369,2025-12-06,14,B02,CH1,C03223,CMP000,2,6,44.7
O008370,2025-12-07,12,B02,CH1,C00164,CMP006,2,7,52.51
O008371,2025-12-07,12,B02,CH1,C00000,CMP000,4,12,103.25
O008372,2025-12-07,19,B02,CH1,C03223,CMP000,3,12,106.85
O008373,2025-12-07,19,B02,CH1,C00000,CMP000,2,7,66.85
O008374,2025-12-07,17,B02,CH1,C03223,CMP000,4,15,140.95
O008375,2025-12-07,13,B02,CH4,C00000,CMP000,0,1,14.9
O008376,2025-12-07,12,B02,CH3,C00000,CMP000,0,5,48.3
O008377,2025-12-07,17,B02,CH1,C01100,CMP000,2,5,44.25
O008378,2025-12-07,18,B02,CH1,C00000,CMP006,2,4,39.01
O008379,2025-12-07,19,B02,CH4,C00000,CMP000,0,3,21.85
O008380,2025-12-07,12,B02,CH1,C00000,CMP006,5,15,144.74
O008381,2025-12-07,22,B02,CH1,C00901,CMP006,1,3,37.42
O008382,2025-12-07,21,B02,CH1,C00000,CMP000,2,10,92.85
O008383,2025-12-07,14,B02,CH1,C04115,CMP000,2,5,44.2
O008384,2025-12-08,15,B02,CH1,C00000,CMP000,4,12,122.45
O008385,2025-12-08,15,B02,CH1,C00000,CMP006,1,3,24.87
O008386,2025-12-08,12,B02,CH1,C00000,CMP000,2,5,45.8
O008387,2025-12-08,15,B02,CH1,C00000,CMP000,1,2,22.45
O008388,2025-12-08,19,B02,CH3,C00000,CMP000,0,7,57.95
O008389,2025-12-08,20,B02,CH1,C00000,CMP000,5,12,138.65
O008390,2025-12-08,12,B02,CH1,C00000,CMP000,2,5,47.9
O008391,2025-12-08,12,B02,CH1,C00000,CMP000,3,9,78.15
O008392,2025-12-10,20,B02,CH1,C03509,CMP000,3,9,104.2
O008393,2025-12-10,17,B02,CH1,C00000,CMP000,4,13,118.9
O008394,2025-12-10,20,B02,CH1,C00000,CMP000,5,16,136.5
O008395,2025-12-10,20,B02,CH1,C00000,CMP000,2,8,66.65
O008396,2025-12-10,20,B02,CH1,C04328,CMP000,3,14,115.0
O008397,2025-12-10,19,B02,CH1,C00000,CMP006,2,4,36.33
O008398,2025-12-10,18,B02,CH1,C00000,CMP000,3,5,82.2
O008399,2025-12-11,12,B02,CH1,C00000,CMP006,4,12,99.43
O008400,2025-12-11,14,B02,CH1,C00316,CMP000,4,11,111.15
O008401,2025-12-11,22,B02,CH1,C00000,CMP000,7,23,209.85
O008402,2025-12-11,14,B02,CH1,C00000,CMP006,3,6,48.52
O008403,2025-12-11,22,B02,CH1,C00000,CMP000,3,8,76.75
O008404,2025-12-11,13,B02,CH1,C00000,CMP006,1,3,27.83
O008405,2025-12-11,19,B02,CH2,C00000,CMP000,0,3,31.95
O008406,2025-12-11,19,B02,CH1,C02866,CMP006,7,20,171.46
O008407,2025-12-12,12,B02,CH1,C01400,CMP000,3,6,83.1
O008408,2025-12-12,19,B02,CH1,C03223,CMP000,7,22,221.0
O008409,2025-12-12,16,B02,CH4,C00000,CMP000,0,2,19.25
O008410,2025-12-12,21,B02,CH1,C04292,CMP000,5,15,151.8
O008411,2025-12-12,13,B02,CH2,C00000,CMP000,0,6,46.6
O008412,2025-12-12,21,B02,CH2,C00000,CMP000,0,2,15.2
O008413,2025-12-12,18,B02,CH2,C02375,CMP000,0,4,41.65
O008414,2025-12-12,18,B02,CH1,C04555,CMP000,4,7,75.35
O008415,2025-12-12,22,B02,CH1,C00000,CMP000,2,8,67.9
O008416,2025-12-12,13,B02,CH1,C00000,CMP000,4,13,106.3
O008417,2025-12-12,18,B02,CH4,C03726,CMP000,0,7,74.75
O008418,2025-12-12,19,B02,CH1,C00000,CMP006,2,6,77.76
O008419,2025-12-12,13,B02,CH1,C01016,CMP000,2,6,55.25
O008420,2025-12-13,17,B02,CH1,C00000,CMP000,2,6,55.15
O008421,2025-12-13,20,B02,CH2,C03726,CMP000,0,6,62.75
O008422,2025-12-13,18,B02,CH1,C00000,CMP000,2,6,55.1
O008423,2025-12-13,18,B02,CH1,C00000,CMP006,2,6,55.03
O008424,2025-12-13,19,B02,CH2,C00000,CMP000,0,10,86.95
O008425,2025-12-13,19,B02,CH1,C00000,CMP000,2,9,82.75
O008426,2025-12-13,16,B02,CH3,C00000,CMP000,0,6,61.5
O008427,2025-12-13,13,B02,CH1,C03223,CMP000,2,6,50.25
O008428,2025-12-13,21,B02,CH1,C00000,CMP000,2,8,66.9
O008429,2025-12-14,12,B02,CH1,C00000,CMP006,5,14,112.3
O008430,2025-12-14,19,B02,CH1,C00000,CMP000,2,4,36.85
O008431,2025-12-14,17,B02,CH1,C00000,CMP000,1,3,26.9
O008432,2025-12-14,20,B02,CH1,C00632,CMP006,3,8,69.0
O008433,2025-12-14,20,B02,CH3,C00000,CMP000,0,2,25.5
O008434,2025-12-14,20,B02,CH1,C00000,CMP000,2,6,84.75
O008435,2025-12-14,20,B02,CH2,C00000,CMP000,0,5,48.1
O008436,2025-12-14,21,B02,CH1,C00000,CMP006,6,24,217.2
O008437,2025-12-15,13,B02,CH1,C00000,CMP000,2,4,39.95
O008438,2025-12-15,19,B02,CH3,C00000,CMP000,0,10,96.2
O008439,2025-12-15,17,B02,CH3,C00000,CMP000,0,3,30.75
O008440,2025-12-15,19,B02,CH4,C00000,CMP000,0,2,17.8
O008441,2025-12-15,14,B02,CH1,C00000,CMP006,7,15,157.43
O008442,2025-12-15,19,B02,CH1,C00000,CMP006,1,4,33.69
O008443,2025-12-15,19,B02,CH1,C03919,CMP000,2,5,47.8
O008444,2025-12-15,22,B02,CH4,C00000,CMP000,0,4,59.85
O008445,2025-12-15,22,B02,CH1,C00000,CMP000,3,10,88.65
O008446,2025-12-15,19,B02,CH4,C02327,CMP000,0,3,25.2
O008447,2025-12-15,19,B02,CH4,C00000,CMP000,0,5,64.95
O008448,2025-12-17,17,B02,CH1,C00000,CMP006,1,3,30.06
O008449,2025-12-17,22,B02,CH1,C00000,CMP000,3,12,141.8
O008450,2025-12-17,19,B02,CH2,C00000,CMP000,0,5,51.1
O008451,2025-12-18,18,B02,CH1,C00000,CMP000,6,16,181.5
O008452,2025-12-18,19,B02,CH3,C03497,CMP000,0,5,48.8
O008453,2025-12-18,20,B02,CH2,C03509,CMP000,0,7,66.6
O008454,2025-12-18,20,B02,CH4,C02397,CMP000,0,4,43.1
O008455,2025-12-19,19,B02,CH1,C03115,CMP000,2,6,60.75
O008456,2025-12-19,14,B02,CH1,C00000,CMP006,7,18,167.02
O008457,2025-12-19,12,B02,CH1,C01247,CMP000,2,5,46.85
O008458,2025-12-19,19,B02,CH3,C00000,CMP000,0,9,87.45
O008459,2025-12-19,22,B02,CH1,C03813,CMP000,2,8,66.6
O008460,2025-12-19,19,B02,CH1,C00000,CMP000,2,10,86.45
O008461,2025-12-19,20,B02,CH3,C00000,CMP000,0,3,33.2
O008462,2025-12-19,18,B02,CH4,C00000,CMP000,0,2,17.5
O008463,2025-12-20,15,B02,CH3,C02244,CMP000,0,12,104.15
O008464,2025-12-20,19,B02,CH4,C00000,CMP000,0,3,33.4
O008465,2025-12-20,13,B02,CH1,C00000,CMP006,3,8,83.52
O008466,2025-12-20,14,B02,CH1,C02496,CMP006,4,11,88.85
O008467,2025-12-20,16,B02,CH3,C00000,CMP000,0,1,22.6
O008468,2025-12-20,13,B02,CH1,C00000,CMP000,2,5,38.75
O008469,2025-12-20,12,B02,CH1,C00000,CMP000,2,5,48.6
O008470,2025-12-20,18,B02,CH2,C00000,CMP000,0,11,92.75
O008471,2025-12-20,20,B02,CH1,C00000,CMP000,4,14,131.6
O008472,2025-12-20,18,B02,CH1,C00594,CMP000,2,5,43.3
O008473,2025-12-20,22,B02,CH4,C04096,CMP000,0,2,18.75
O008474,2025-12-20,18,B02,CH1,C00000,CMP006,2,8,72.61
O008475,2025-12-20,21,B02,CH1,C00000,CMP006,2,6,57.83
O008476,2025-12-21,19,B02,CH3,C01674,CMP000,0,4,40.1
O008477,2025-12-21,12,B02,CH1,C02560,CMP000,4,12,118.3
O008478,2025-12-21,20,B02,CH1,C00000,CMP006,2,6,56.47
O008479,2025-12-21,20,B02,CH1,C03726,CMP000,2,4,41.85
O008480,2025-12-21,20,B02,CH1,C00000,CMP006,2,6,49.5
O008481,2025-12-21,20,B02,CH1,C00000,CMP000,5,13,132.85
O008482,2025-12-21,19,B02,CH1,C00000,CMP000,2,9,73.4
O008483,2025-12-21,21,B02,CH1,C00265,CMP000,2,4,54.8
O008484,2025-12-21,14,B02,CH1,C04677,CMP000,3,7,64.0
O008485,2025-12-21,17,B02,CH3,C00000,CMP000,0,7,75.7
O008486,2025-12-21,20,B02,CH1,C00000,CMP006,2,7,52.79
O008487,2025-12-21,21,B02,CH1,C00000,CMP006,4,13,116.07
O008488,2025-12-21,21,B02,CH1,C04557,CMP000,5,13,132.35
O008489,2025-12-21,22,B02,CH4,C00000,CMP000,0,11,88.4
O008490,2025-12-21,22,B02,CH1,C00000,CMP000,3,10,113.2
O008491,2025-12-21,12,B02,CH1,C00000,CMP000,4,10,112.0
O008492,2025-12-22,19,B02,CH1,C00000,CMP000,4,13,118.6
O008493,2025-12-22,20,B02,CH1,C00000,CMP000,4,13,141.55
O008494,2025-12-22,16,B02,CH4,C00000,CMP000,0,4,45.2
O008495,2025-12-24,19,B02,CH1,C00000,CMP000,1,2,20.5
O008496,2025-12-26,17,B02,CH1,C00854,CMP000,2,8,68.15
O008497,2025-12-26,20,B02,CH3,C00000,CMP000,0,2,42.8
O008498,2025-12-27,21,B02,CH1,C00000,CMP000,1,4,40.25
O008499,2025-12-27,20,B02,CH2,C00000,CMP000,0,1,12.5
O008500,2025-12-27,17,B02,CH4,C00000,CMP000,0,6,50.95
O008501,2025-12-27,19,B02,CH1,C03223,CMP000,2,6,59.65
O008502,2025-12-27,13,B02,CH1,C00000,CMP000,7,21,220.0
O008503,2025-12-28,13,B02,CH1,C00000,CMP000,2,6,55.6
O008504,2025-12-28,15,B02,CH1,C00000,CMP000,1,2,23.55
O008505,2025-12-28,21,B02,CH1,C00000,CMP000,4,14,125.5
O008506,2025-12-29,18,B02,CH4,C00000,CMP000,0,3,22.85
O008507,2025-12-29,13,B02,CH1,C00024,CMP000,2,7,85.55
O008508,2025-12-31,19,B02,CH1,C03774,CMP000,3,9,86.55
O008509,2025-12-31,21,B02,CH1,C03726,CMP000,8,26,263.95
O008510,2025-12-31,20,B02,CH1,C00000,CMP000,2,4,48.9
O008511,2025-12-31,18,B02,CH1,C03509,CMP000,2,5,86.5
O008512,2026-01-01,13,B02,CH1,C01529,CMP000,5,12,117.8
O008513,2026-01-01,20,B02,CH3,C00000,CMP000,0,6,60.1
O008514,2026-01-01,22,B02,CH1,C00000,CMP000,2,8,73.4
O008515,2026-01-01,22,B02,CH1,C00475,CMP000,5,13,137.35
O008516,2026-01-01,17,B02,CH3,C00000,CMP000,0,2,21.15
O008517,2026-01-01,19,B02,CH1,C00000,CMP000,2,5,49.5
O008518,2026-01-02,21,B02,CH1,C00000,CMP000,2,5,43.2
O008519,2026-01-02,18,B02,CH1,C00000,CMP000,2,5,42.95
O008520,2026-01-02,21,B02,CH1,C00000,CMP000,2,8,75.95
O008521,2026-01-02,13,B02,CH1,C03509,CMP000,4,13,156.35
O008522,2026-01-03,19,B02,CH1,C03509,CMP000,4,13,123.45
O008523,2026-01-03,16,B02,CH1,C00000,CMP000,2,6,62.5
O008524,2026-01-03,16,B02,CH1,C01259,CMP000,4,11,120.35
O008525,2026-01-03,12,B02,CH1,C00000,CMP000,1,4,32.05
O008526,2026-01-03,20,B02,CH1,C00000,CMP000,2,8,72.3
O008527,2026-01-03,15,B02,CH1,C00000,CMP000,2,3,42.8
O008528,2026-01-03,17,B02,CH4,C00000,CMP000,0,4,46.65
O008529,2026-01-04,20,B02,CH1,C00000,CMP000,3,9,84.0
O008530,2026-01-04,13,B02,CH1,C03509,CMP000,2,4,41.35
O008531,2026-01-05,19,B02,CH3,C00000,CMP000,0,8,77.4
O008532,2026-01-05,17,B02,CH1,C00000,CMP007,2,8,56.92
O008533,2026-01-07,13,B02,CH1,C00000,CMP007,4,8,75.4
O008534,2026-01-07,21,B02,CH1,C00265,CMP000,6,18,161.95
O008535,2026-01-07,21,B02,CH1,C00000,CMP007,5,14,134.92
O008536,2026-01-07,14,B02,CH4,C00000,CMP000,0,2,20.2
O008537,2026-01-07,19,B02,CH1,C03223,CMP007,6,21,154.22
O008538,2026-01-07,19,B02,CH1,C03223,CMP007,4,16,114.09
O008539,2026-01-07,12,B02,CH4,C00000,CMP000,0,7,80.55
O008540,2026-01-07,19,B02,CH1,C00000,CMP000,2,6,50.5
O008541,2026-01-08,18,B02,CH1,C03509,CMP000,1,3,30.3
O008542,2026-01-08,17,B02,CH1,C00000,CMP007,4,16,113.21
O008543,2026-01-08,17,B02,CH1,C02193,CMP007,4,10,88.0
O008544,2026-01-08,19,B02,CH4,C00000,CMP000,0,4,47.8
O008545,2026-01-08,22,B02,CH3,C01514,CMP000,0,6,46.45
O008546,2026-01-08,21,B02,CH1,C00000,CMP000,2,8,86.75
O008547,2026-01-09,14,B02,CH1,C00000,CMP007,2,4,39.81
O008548,2026-01-09,18,B02,CH4,C00000,CMP000,0,2,19.25
O008549,2026-01-09,17,B02,CH1,C02928,CMP000,2,5,48.85
O008550,2026-01-09,21,B02,CH2,C00000,CMP000,0,5,51.2
O008551,2026-01-09,19,B02,CH1,C00000,CMP007,3,10,106.92
O008552,2026-01-09,20,B02,CH4,C00000,CMP000,0,4,26.2
O008553,2026-01-10,22,B02,CH1,C00000,CMP007,1,3,20.05
O008554,2026-01-10,13,B02,CH4,C00000,CMP000,0,7,56.25
O008555,2026-01-10,15,B02,CH1,C01219,CMP000,6,17,192.5
O008556,2026-01-10,18,B02,CH1,C00000,CMP007,2,6,45.64
O008557,2026-01-11,12,B02,CH1,C03574,CMP007,1,2,41.55
O008558,2026-01-11,22,B02,CH1,C00000,CMP000,2,5,69.25
O008559,2026-01-11,15,B02,CH3,C00000,CMP000,0,5,45.25
O008560,2026-01-11,21,B02,CH4,C00000,CMP000,0,6,58.4
O008561,2026-01-11,20,B02,CH1,C03509,CMP000,2,4,50.95
O008562,2026-01-11,13,B02,CH1,C00000,CMP000,5,15,127.25
O008563,2026-01-11,21,B02,CH1,C00000,CMP000,4,12,127.15
O008564,2026-01-12,20,B02,CH3,C03509,CMP000,0,3,34.15
O008565,2026-01-12,13,B02,CH1,C00000,CMP000,2,7,60.95
O008566,2026-01-14,20,B02,CH1,C00000,CMP000,7,22,229.25
O008567,2026-01-14,21,B02,CH1,C00000,CMP000,1,2,15.7
O008568,2026-01-15,17,B02,CH2,C00000,CMP000,0,1,22.6
O008569,2026-01-15,17,B02,CH1,C00000,CMP000,5,15,147.4
O008570,2026-01-15,20,B02,CH2,C00000,CMP000,0,2,19.25
O008571,2026-01-15,17,B02,CH1,C00000,CMP007,6,20,183.84
O008572,2026-01-16,18,B02,CH1,C03055,CMP000,2,5,54.35
O008573,2026-01-16,21,B02,CH1,C04096,CMP000,1,3,31.25
O008574,2026-01-16,18,B02,CH3,C00000,CMP000,0,3,36.05
O008575,2026-01-16,12,B02,CH1,C03509,CMP007,3,10,67.66
O008576,2026-01-16,21,B02,CH1,C00000,CMP007,2,5,38.16
O008577,2026-01-16,21,B02,CH1,C00000,CMP007,2,6,45.84
O008578,2026-01-17,20,B02,CH3,C00000,CMP000,0,3,33.65
O008579,2026-01-17,19,B02,CH1,C00000,CMP007,1,5,32.68
O008580,2026-01-17,21,B02,CH1,C01897,CMP000,5,13,126.75
O008581,2026-01-17,16,B02,CH3,C00000,CMP000,0,8,64.9
O008582,2026-01-17,18,B02,CH3,C00000,CMP000,0,6,76.95
O008583,2026-01-17,17,B02,CH1,C03223,CMP007,2,7,46.55
O008584,2026-01-17,18,B02,CH1,C00000,CMP007,2,8,62.43
O008585,2026-01-17,17,B02,CH3,C00000,CMP000,0,4,94.7
O008586,2026-01-17,20,B02,CH1,C00000,CMP000,2,5,55.3
O008587,2026-01-17,19,B02,CH2,C00000,CMP000,0,2,20.7
O008588,2026-01-17,20,B02,CH4,C01359,CMP000,0,1,15.85
O008589,2026-01-17,21,B02,CH3,C00000,CMP000,0,6,59.85
O008590,2026-01-17,19,B02,CH1,C03509,CMP007,2,5,48.46
O008591,2026-01-17,21,B02,CH1,C03509,CMP007,1,2,17.42
O008592,2026-01-18,22,B02,CH3,C04259,CMP000,0,3,27.7
O008593,2026-01-18,20,B02,CH1,C00000,CMP000,1,5,43.8
O008594,2026-01-18,21,B02,CH1,C00000,CMP007,2,4,38.42
O008595,2026-01-18,18,B02,CH3,C00000,CMP000,0,2,28.85
O008596,2026-01-18,19,B02,CH1,C00000,CMP000,3,7,89.75
O008597,2026-01-18,12,B02,CH1,C03685,CMP007,3,5,48.71
O008598,2026-01-18,19,B02,CH1,C00000,CMP000,4,13,126.0
O008599,2026-01-19,17,B02,CH3,C00284,CMP000,0,2,18.55
O008600,2026-01-19,21,B02,CH1,C00000,CMP007,2,7,55.05
O008601,2026-01-19,20,B02,CH3,C00000,CMP000,0,3,30.05
O008602,2026-01-19,15,B02,CH1,C00000,CMP007,2,7,45.03
O008603,2026-01-21,19,B02,CH3,C00000,CMP000,0,2,24.05
O008604,2026-01-21,22,B02,CH2,C01696,CMP000,0,5,40.6
O008605,2026-01-21,18,B02,CH3,C00000,CMP000,0,5,41.1
O008606,2026-01-21,20,B02,CH1,C01696,CMP000,3,8,66.3
O008607,2026-01-22,22,B02,CH4,C00000,CMP000,0,8,69.1
O008608,2026-01-23,15,B02,CH1,C00000,CMP000,8,26,237.1
O008609,2026-01-23,18,B02,CH3,C03509,CMP000,0,1,15.4
O008610,2026-01-23,13,B02,CH1,C03509,CMP000,3,10,88.7
O008611,2026-01-23,21,B02,CH1,C00000,CMP000,2,8,114.25
O008612,2026-01-23,14,B02,CH1,C02770,CMP000,3,8,89.3
O008613,2026-01-23,21,B02,CH3,C00000,CMP000,0,2,36.05
O008614,2026-01-24,22,B02,CH1,C03389,CMP000,1,3,25.25
O008615,2026-01-24,19,B02,CH1,C00000,CMP000,2,7,66.55
O008616,2026-01-24,19,B02,CH3,C00000,CMP000,0,4,47.9
O008617,2026-01-24,18,B02,CH1,C01533,CMP000,1,3,31.75
O008618,2026-01-24,17,B02,CH4,C00000,CMP000,0,4,33.7
O008619,2026-01-24,19,B02,CH1,C00000,CMP007,3,11,88.46
O008620,2026-01-24,18,B02,CH4,C00000,CMP000,0,3,36.05
O008621,2026-01-24,19,B02,CH1,C00000,CMP000,7,21,231.15
O008622,2026-01-24,13,B02,CH2,C00000,CMP000,0,2,34.6
O008623,2026-01-24,14,B02,CH1,C00000,CMP000,1,2,22.1
O008624,2026-01-25,13,B02,CH1,C00000,CMP007,1,2,21.85
O008625,2026-01-25,20,B02,CH1,C00000,CMP000,3,11,98.9
O008626,2026-01-25,19,B02,CH1,C03126,CMP007,4,16,112.5
O008627,2026-01-25,13,B02,CH1,C00000,CMP000,4,11,93.65
O008628,2026-01-25,19,B02,CH1,C02701,CMP000,3,10,113.75
O008629,2026-01-26,19,B02,CH4,C00000,CMP000,0,1,14.9
O008630,2026-01-26,19,B02,CH4,C00000,CMP000,0,2,18.05
O008631,2026-01-26,20,B02,CH4,C00000,CMP000,0,4,29.65
O008632,2026-01-28,22,B02,CH4,C03774,CMP000,0,3,32.2
O008633,2026-01-28,12,B02,CH2,C00000,CMP000,0,9,69.95
O008634,2026-01-28,17,B02,CH1,C00000,CMP000,2,5,77.4
O008635,2026-01-28,22,B02,CH1,C00000,CMP007,2,4,31.21
O008636,2026-01-28,17,B02,CH1,C00000,CMP007,2,4,42.81
O008637,2026-01-29,19,B02,CH1,C00000,CMP000,2,6,61.1
O008638,2026-01-29,21,B02,CH1,C00000,CMP000,6,17,184.8
O008639,2026-01-29,19,B02,CH1,C01135,CMP007,2,7,56.14
O008640,2026-01-29,18,B02,CH1,C00000,CMP007,2,8,74.8
O008641,2026-01-29,12,B02,CH1,C00000,CMP000,3,10,99.65
O008642,2026-01-30,20,B02,CH4,C00000,CMP000,0,1,15.4
O008643,2026-01-30,13,B02,CH1,C03229,CMP000,2,6,47.8
O008644,2026-01-30,13,B02,CH1,C03509,CMP007,1,3,23.3
O008645,2026-01-30,12,B02,CH1,C00000,CMP007,2,6,47.27
O008646,2026-01-30,17,B02,CH2,C00000,CMP000,0,3,32.7
O008647,2026-01-30,20,B02,CH3,C00000,CMP000,0,8,66.5
O008648,2026-01-30,18,B02,CH3,C00000,CMP000,0,7,62.5
O008649,2026-01-31,18,B02,CH1,C00000,CMP000,1,3,36.85
O008650,2026-01-31,19,B02,CH1,C00496,CMP007,2,6,46.87
O008651,2026-01-31,22,B02,CH2,C00000,CMP000,0,5,44.5
O008652,2026-01-31,20,B02,CH3,C00000,CMP000,0,3,47.15
O008653,2026-01-31,19,B02,CH1,C00000,CMP000,4,10,85.3
O008654,2026-01-31,17,B02,CH2,C00000,CMP000,0,2,21.15
O008655,2026-01-31,18,B02,CH1,C03509,CMP000,2,8,74.55
O008656,2026-01-31,19,B02,CH1,C00000,CMP000,6,21,203.0
O008657,2026-01-31,22,B02,CH1,C00000,CMP000,2,2,30.8
O008658,2026-01-31,20,B02,CH1,C00000,CMP000,2,7,60.8
O008659,2026-01-31,18,B02,CH3,C03509,CMP000,0,3,24.25
O008660,2026-02-01,17,B02,CH4,C04778,CMP000,0,5,53.2
O008661,2026-02-01,22,B02,CH1,C00000,CMP000,4,15,113.8
O008662,2026-02-01,19,B02,CH1,C00086,CMP000,2,7,90.7
O008663,2026-02-02,12,B02,CH3,C00000,CMP000,0,7,78.5
O008664,2026-02-02,18,B02,CH4,C00000,CMP000,0,2,30.0
O008665,2026-02-02,22,B02,CH1,C00000,CMP000,2,9,76.3
O008666,2026-02-04,21,B02,CH2,C00000,CMP000,0,1,17.5
O008667,2026-02-04,12,B02,CH1,C00000,CMP000,5,11,110.3
O008668,2026-02-04,12,B02,CH1,C00000,CMP000,2,5,43.7
O008669,2026-02-04,21,B02,CH2,C00000,CMP000,0,7,61.7
O008670,2026-02-05,18,B02,CH4,C00000,CMP000,0,4,52.0
O008671,2026-02-05,21,B02,CH4,C00000,CMP000,0,7,100.2
O008672,2026-02-05,21,B02,CH1,C03888,CMP000,2,5,46.2
O008673,2026-02-06,18,B02,CH3,C00000,CMP000,0,4,46.0
O008674,2026-02-07,14,B02,CH2,C03726,CMP000,0,5,46.5
O008675,2026-02-07,13,B02,CH1,C00000,CMP000,1,3,20.7
O008676,2026-02-07,14,B02,CH1,C00000,CMP000,6,16,145.0
O008677,2026-02-07,19,B02,CH1,C00000,CMP000,2,10,69.3
O008678,2026-02-07,14,B02,CH3,C00000,CMP000,0,6,71.2
O008679,2026-02-08,14,B02,CH1,C00000,CMP000,4,11,111.1
O008680,2026-02-08,13,B02,CH1,C00000,CMP000,3,12,104.1
O008681,2026-02-09,19,B02,CH1,C00000,CMP000,2,9,72.5
O008682,2026-02-09,12,B02,CH1,C01634,CMP000,2,7,84.0
O008683,2026-02-11,19,B02,CH1,C01259,CMP000,6,19,164.0
O008684,2026-02-11,18,B02,CH3,C00000,CMP000,0,3,36.5
O008685,2026-02-11,21,B02,CH3,C00000,CMP000,0,5,45.2
O008686,2026-02-11,22,B02,CH4,C00000,CMP000,0,7,79.2
O008687,2026-02-11,14,B02,CH1,C00000,CMP000,3,6,59.9
O008688,2026-02-11,18,B02,CH3,C04543,CMP000,0,4,29.2
O008689,2026-02-11,12,B02,CH1,C00000,CMP008,2,4,26.6
O008690,2026-02-11,13,B02,CH1,C02235,CMP000,1,3,28.3
O008691,2026-02-11,20,B02,CH1,C00000,CMP000,3,11,98.7
O008692,2026-02-12,22,B02,CH2,C00000,CMP000,0,5,62.5
O008693,2026-02-12,20,B02,CH4,C00000,CMP000,0,11,91.9
O008694,2026-02-12,20,B02,CH1,C03223,CMP000,3,11,112.9
O008695,2026-02-12,17,B02,CH3,C00000,CMP000,0,3,23.7
O008696,2026-02-12,19,B02,CH1,C00000,CMP000,4,12,130.7
O008697,2026-02-12,22,B02,CH1,C00226,CMP000,6,19,187.2
O008698,2026-02-12,18,B02,CH1,C00000,CMP000,3,10,93.5
O008699,2026-02-12,13,B02,CH4,C00000,CMP000,0,1,16.0
O008700,2026-02-13,20,B02,CH1,C00000,CMP000,4,13,140.2
O008701,2026-02-13,22,B02,CH1,C03059,CMP000,5,17,214.5
O008702,2026-02-13,19,B02,CH4,C00000,CMP000,0,7,71.3
O008703,2026-02-13,15,B02,CH1,C02368,CMP000,6,19,213.5
O008704,2026-02-13,22,B02,CH1,C00000,CMP000,2,6,60.0
O008705,2026-02-13,19,B02,CH2,C00000,CMP000,0,7,103.7
O008706,2026-02-13,12,B02,CH1,C03509,CMP000,4,12,107.7
O008707,2026-02-14,21,B02,CH2,C03047,CMP000,0,4,49.0
O008708,2026-02-14,19,B02,CH1,C02408,CMP000,4,13,168.0
O008709,2026-02-14,21,B02,CH1,C00000,CMP000,2,7,75.0
O008710,2026-02-14,21,B02,CH1,C01634,CMP000,2,6,58.3
O008711,2026-02-14,22,B02,CH1,C00000,CMP000,2,6,57.8
O008712,2026-02-14,14,B02,CH1,C00000,CMP000,2,6,60.0
O008713,2026-02-14,16,B02,CH1,C00000,CMP000,2,5,56.5
O008714,2026-02-14,22,B02,CH1,C00000,CMP000,4,11,125.5
O008715,2026-02-14,19,B02,CH3,C00000,CMP000,0,5,43.8
O008716,2026-02-14,12,B02,CH3,C00000,CMP000,0,2,18.7
O008717,2026-02-15,19,B02,CH1,C00000,CMP000,3,8,72.5
O008718,2026-02-15,22,B02,CH4,C00000,CMP000,0,7,76.3
O008719,2026-02-15,12,B02,CH1,C00000,CMP000,2,6,63.0
O008720,2026-02-15,18,B02,CH4,C00000,CMP000,0,5,40.7
O008721,2026-02-15,21,B02,CH1,C03726,CMP000,4,11,119.7
O008722,2026-02-15,22,B02,CH1,C02839,CMP000,3,10,100.3
O008723,2026-02-15,20,B02,CH1,C00000,CMP000,5,15,190.8
O008724,2026-02-16,21,B02,CH1,C00000,CMP000,2,8,73.6
O008725,2026-02-18,18,B02,CH1,C03774,CMP008,3,12,85.75
O008726,2026-02-19,22,B02,CH1,C00000,CMP000,2,6,50.8
O008727,2026-02-19,21,B02,CH1,C00000,CMP000,2,7,77.2
O008728,2026-02-19,16,B02,CH4,C03509,CMP000,0,2,18.5
O008729,2026-02-19,14,B02,CH1,C00000,CMP000,1,3,39.7
O008730,2026-02-19,19,B02,CH1,C00405,CMP000,1,4,37.0
O008731,2026-02-19,17,B02,CH1,C00000,CMP000,1,4,49.5
O008732,2026-02-19,20,B02,CH1,C00000,CMP000,6,18,193.7
O008733,2026-02-19,15,B02,CH1,C00000,CMP000,5,19,170.3
O008734,2026-02-20,13,B02,CH1,C01388,CMP000,1,2,20.3
O008735,2026-02-20,22,B02,CH1,C00000,CMP000,5,14,175.4
O008736,2026-02-20,17,B02,CH2,C00000,CMP000,0,5,51.7
O008737,2026-02-20,13,B02,CH1,C00000,CMP000,6,17,181.1
O008738,2026-02-20,20,B02,CH4,C00215,CMP000,0,1,14.5
O008739,2026-02-20,18,B02,CH4,C00728,CMP000,0,6,56.2
O008740,2026-02-20,16,B02,CH3,C00000,CMP000,0,6,60.2
O008741,2026-02-20,19,B02,CH4,C00221,CMP000,0,6,59.2
O008742,2026-02-21,20,B02,CH1,C00000,CMP000,4,13,121.8
O008743,2026-02-21,21,B02,CH1,C00000,CMP000,1,2,25.0
O008744,2026-02-21,18,B02,CH1,C03509,CMP000,1,2,70.8
O008745,2026-02-21,17,B02,CH1,C03509,CMP000,2,6,69.0
O008746,2026-02-21,18,B02,CH2,C00000,CMP000,0,3,24.2
O008747,2026-02-22,19,B02,CH4,C00000,CMP000,0,6,79.7
O008748,2026-02-22,18,B02,CH1,C00000,CMP000,2,4,49.0
O008749,2026-02-22,12,B02,CH3,C00000,CMP000,0,2,19.5
O008750,2026-02-22,18,B02,CH1,C00000,CMP000,2,7,126.9
O008751,2026-02-22,19,B02,CH1,C00000,CMP000,2,7,73.3
O008752,2026-02-22,13,B02,CH1,C02397,CMP000,3,7,88.2
O008753,2026-02-22,19,B02,CH1,C00000,CMP000,3,9,87.5
O008754,2026-02-23,12,B02,CH1,C00000,CMP000,4,13,114.1
O008755,2026-02-23,16,B02,CH1,C00000,CMP000,2,6,63.3
O008756,2026-02-23,21,B02,CH1,C00000,CMP000,2,8,79.0
O008757,2026-02-25,12,B02,CH2,C00000,CMP000,0,4,49.5
O008758,2026-02-25,20,B02,CH1,C00000,CMP000,5,18,188.6
O008759,2026-02-25,12,B02,CH1,C04005,CMP000,2,6,66.0
O008760,2026-02-25,18,B02,CH1,C03223,CMP000,4,12,123.8
O008761,2026-02-25,22,B02,CH2,C02399,CMP000,0,1,21.0
O008762,2026-02-26,14,B02,CH2,C00000,CMP000,0,2,47.0
O008763,2026-02-26,18,B02,CH1,C01941,CMP000,4,12,159.8
O008764,2026-02-26,18,B02,CH4,C00000,CMP000,0,3,56.0
O008765,2026-02-26,14,B02,CH1,C03007,CMP000,4,7,90.2
O008766,2026-02-26,22,B02,CH1,C00000,CMP000,2,6,55.7
O008767,2026-02-26,17,B02,CH3,C03726,CMP000,0,2,17.8
O008768,2026-02-27,19,B02,CH1,C03873,CMP000,5,15,154.3
O008769,2026-02-27,14,B02,CH1,C00000,CMP000,8,21,212.8
O008770,2026-02-27,17,B02,CH2,C01219,CMP000,0,6,66.5
O008771,2026-02-27,19,B02,CH2,C00000,CMP000,0,3,22.7
O008772,2026-02-27,17,B02,CH4,C00000,CMP000,0,4,39.5
O008773,2026-02-28,19,B02,CH1,C00000,CMP000,2,7,89.0
O008774,2026-02-28,18,B02,CH1,C01644,CMP000,2,6,54.6
O008775,2026-02-28,12,B02,CH1,C03726,CMP000,7,23,210.2
O008776,2026-02-28,20,B02,CH1,C00000,CMP000,3,9,124.5
O008777,2026-03-01,21,B02,CH3,C00000,CMP000,0,2,26.0
O008778,2026-03-01,20,B02,CH3,C00000,CMP000,0,3,26.0
O008779,2026-03-01,19,B02,CH3,C00000,CMP000,0,3,30.7
O008780,2026-03-01,18,B02,CH1,C00000,CMP000,4,12,115.2
O008781,2026-03-01,16,B02,CH1,C00000,CMP000,3,9,93.3
O008782,2026-03-01,20,B02,CH1,C00000,CMP000,4,11,115.8
O008783,2026-03-02,15,B02,CH1,C00000,CMP000,2,4,55.8
O008784,2026-03-02,19,B02,CH1,C00000,CMP000,5,13,181.7
O008785,2026-03-02,18,B02,CH1,C04115,CMP000,3,9,100.5
O008786,2026-03-04,22,B02,CH1,C00000,CMP000,2,6,59.3
O008787,2026-03-04,12,B02,CH1,C00000,CMP000,3,9,87.8
O008788,2026-03-04,20,B02,CH1,C04113,CMP008,4,11,77.63
O008789,2026-03-04,18,B02,CH1,C03661,CMP000,7,19,246.6
O008790,2026-03-04,21,B02,CH3,C00000,CMP000,0,1,13.5
O008791,2026-03-05,18,B02,CH1,C03509,CMP000,2,6,62.8
O008792,2026-03-05,15,B02,CH1,C03736,CMP000,2,8,71.7
O008793,2026-03-05,16,B02,CH4,C00000,CMP000,0,3,29.7
O008794,2026-03-05,19,B02,CH1,C00000,CMP000,1,5,38.5
O008795,2026-03-05,20,B02,CH1,C00000,CMP000,2,5,51.3
O008796,2026-03-05,20,B02,CH3,C03847,CMP000,0,4,48.7
O008797,2026-03-05,19,B02,CH4,C02493,CMP000,0,5,44.2
O008798,2026-03-06,21,B02,CH1,C04677,CMP000,3,8,81.7
O008799,2026-03-06,14,B02,CH2,C00000,CMP000,0,9,90.4
O008800,2026-03-06,17,B02,CH2,C00000,CMP000,0,6,53.9
O008801,2026-03-06,22,B02,CH1,C00000,CMP000,4,15,140.7
O008802,2026-03-06,18,B02,CH3,C01137,CMP000,0,3,33.7
O008803,2026-03-06,12,B02,CH2,C00000,CMP000,0,3,22.3
O008804,2026-03-06,17,B02,CH1,C00000,CMP000,2,5,56.2
O008805,2026-03-06,22,B02,CH1,C00000,CMP000,8,27,274.5
O008806,2026-03-06,20,B02,CH1,C00000,CMP000,6,21,210.7
O008807,2026-03-06,21,B02,CH4,C04096,CMP000,0,5,50.5
O008808,2026-03-07,14,B02,CH1,C00000,CMP000,5,17,201.9
O008809,2026-03-07,18,B02,CH1,C00000,CMP000,4,11,98.9
O008810,2026-03-07,19,B02,CH2,C03115,CMP000,0,2,25.5
O008811,2026-03-07,22,B02,CH4,C02621,CMP000,0,7,79.5
O008812,2026-03-07,17,B02,CH4,C00000,CMP000,0,2,39.0
O008813,2026-03-07,20,B02,CH1,C02116,CMP000,1,3,28.0
O008814,2026-03-07,22,B02,CH1,C00185,CMP000,6,17,179.8
O008815,2026-03-07,21,B02,CH1,C03223,CMP000,3,8,76.6
O008816,2026-03-07,22,B02,CH4,C00000,CMP000,0,2,20.5
O008817,2026-03-07,17,B02,CH1,C00000,CMP000,1,3,29.2
O008818,2026-03-08,14,B02,CH1,C01529,CMP000,2,6,79.8
O008819,2026-03-08,17,B02,CH1,C01696,CMP000,8,18,196.3
O008820,2026-03-08,18,B02,CH1,C00000,CMP000,4,11,148.5
O008821,2026-03-08,18,B02,CH1,C03667,CMP000,3,8,109.9
O008822,2026-03-08,13,B02,CH1,C00000,CMP000,4,8,82.7
O008823,2026-03-08,15,B02,CH1,C02704,CMP000,2,7,66.7
O008824,2026-03-08,13,B02,CH1,C00000,CMP000,2,6,53.8
O008825,2026-03-08,20,B02,CH3,C00000,CMP000,0,3,25.3
O008826,2026-03-09,14,B02,CH1,C00000,CMP000,5,9,101.5
O008827,2026-03-09,13,B02,CH1,C00000,CMP000,2,5,50.1
O008828,2026-03-11,18,B02,CH1,C00000,CMP000,1,3,27.8
O008829,2026-03-11,18,B02,CH1,C00000,CMP000,4,14,111.7
O008830,2026-03-11,18,B02,CH1,C00000,CMP008,2,7,39.55
O008831,2026-03-11,14,B02,CH1,C00000,CMP008,8,24,183.89
O008832,2026-03-12,18,B02,CH1,C02592,CMP000,2,7,62.8
O008833,2026-03-12,20,B02,CH1,C00000,CMP000,2,8,74.1
O008834,2026-03-12,19,B02,CH1,C00000,CMP000,3,10,87.7
O008835,2026-03-12,22,B02,CH4,C00000,CMP000,0,3,53.5
O008836,2026-03-12,17,B02,CH1,C04256,CMP000,1,2,18.8
O008837,2026-03-13,21,B02,CH3,C03796,CMP000,0,4,41.7
O008838,2026-03-13,12,B02,CH1,C03726,CMP000,2,5,49.7
O008839,2026-03-13,18,B02,CH3,C00000,CMP000,0,5,54.2
O008840,2026-03-13,14,B02,CH1,C00000,CMP000,3,7,86.3
O008841,2026-03-13,13,B02,CH1,C00000,CMP000,2,7,53.0
O008842,2026-03-13,17,B02,CH1,C04096,CMP000,2,5,90.0
O008843,2026-03-14,19,B02,CH4,C00000,CMP000,0,1,15.5
O008844,2026-03-14,16,B02,CH4,C00000,CMP000,0,7,60.2
O008845,2026-03-14,21,B02,CH1,C00000,CMP000,2,7,77.9
O008846,2026-03-14,14,B02,CH4,C00000,CMP000,0,3,34.2
O008847,2026-03-14,18,B02,CH3,C00000,CMP000,0,2,17.5
O008848,2026-03-14,21,B02,CH1,C00000,CMP000,3,10,103.4
O008849,2026-03-14,12,B02,CH1,C03509,CMP000,2,4,50.7
O008850,2026-03-14,17,B02,CH1,C00000,CMP000,5,15,167.5
O008851,2026-03-14,22,B02,CH1,C03509,CMP000,6,19,197.8
O008852,2026-03-14,20,B02,CH1,C00000,CMP000,3,9,86.1
O008853,2026-03-14,12,B02,CH2,C00000,CMP000,0,4,38.2
O008854,2026-03-15,22,B02,CH1,C00000,CMP000,2,7,83.7
O008855,2026-03-15,20,B02,CH1,C00000,CMP000,5,14,168.0
O008856,2026-03-15,21,B02,CH1,C00000,CMP000,6,18,185.2
O008857,2026-03-15,18,B02,CH4,C00000,CMP000,0,1,16.5
O008858,2026-03-15,17,B02,CH1,C00000,CMP000,3,11,96.4
O008859,2026-03-15,19,B02,CH1,C00000,CMP000,4,13,123.7
O008860,2026-03-15,19,B02,CH1,C00000,CMP000,3,12,115.9
O008861,2026-03-15,22,B02,CH1,C00000,CMP000,2,4,44.0
O008862,2026-03-15,21,B02,CH1,C03509,CMP000,3,10,102.0
O008863,2026-03-15,19,B02,CH3,C00000,CMP000,0,4,43.7
O008864,2026-03-16,12,B02,CH4,C00000,CMP000,0,10,90.9
O008865,2026-03-16,22,B02,CH3,C00625,CMP000,0,2,18.8
O008866,2026-03-16,18,B02,CH1,C00000,CMP000,2,7,87.3
O008867,2026-03-16,15,B02,CH1,C00000,CMP000,4,12,118.1
O008868,2026-03-18,19,B02,CH1,C00000,CMP000,2,5,77.3
O008869,2026-03-18,22,B02,CH3,C00000,CMP000,0,5,48.5
O008870,2026-03-18,22,B02,CH1,C00000,CMP000,2,9,86.3
O008871,2026-03-18,19,B02,CH1,C00000,CMP000,2,7,68.5
O008872,2026-03-18,19,B02,CH1,C00000,CMP000,2,6,61.3
O008873,2026-03-18,20,B02,CH4,C00000,CMP000,0,5,56.0
O008874,2026-03-18,13,B02,CH1,C00000,CMP000,2,5,48.5
O008875,2026-03-18,12,B02,CH3,C00000,CMP000,0,2,18.5
O008876,2026-03-18,20,B02,CH4,C00000,CMP000,0,3,42.7
O008877,2026-03-18,13,B02,CH1,C03509,CMP000,2,7,71.0
O008878,2026-03-18,21,B02,CH1,C01696,CMP000,2,6,57.2
O008879,2026-03-18,13,B02,CH1,C00000,CMP000,2,5,51.8
O008880,2026-03-19,15,B02,CH1,C03509,CMP000,4,13,133.5
O008881,2026-03-19,22,B02,CH1,C03509,CMP000,6,19,175.0
O008882,2026-03-19,17,B02,CH1,C00000,CMP000,2,8,72.2
O008883,2026-03-19,21,B02,CH2,C00000,CMP000,0,5,58.9
O008884,2026-03-20,12,B02,CH1,C00119,CMP000,4,11,105.6
O008885,2026-03-20,22,B02,CH2,C00000,CMP000,0,4,40.5
O008886,2026-03-20,19,B02,CH1,C00000,CMP000,1,5,53.7
O008887,2026-03-20,20,B02,CH1,C00000,CMP000,2,5,51.0
O008888,2026-03-20,17,B02,CH1,C00000,CMP000,8,29,328.5
O008889,2026-03-21,18,B02,CH3,C00000,CMP000,0,6,50.4
O008890,2026-03-21,17,B02,CH1,C00594,CMP000,2,6,51.8
O008891,2026-03-21,18,B02,CH1,C00000,CMP000,1,2,27.0
O008892,2026-03-21,13,B02,CH3,C02328,CMP000,0,3,35.0
O008893,2026-03-21,18,B02,CH1,C00000,CMP000,6,22,205.5
O008894,2026-03-21,17,B02,CH3,C04697,CMP000,0,3,39.0
O008895,2026-03-21,20,B02,CH1,C00000,CMP000,4,13,126.7
O008896,2026-03-21,14,B02,CH1,C00000,CMP000,4,12,155.8
O008897,2026-03-22,18,B02,CH2,C00000,CMP000,0,3,22.3
O008898,2026-03-22,22,B02,CH2,C00000,CMP000,0,3,23.2
O008899,2026-03-22,18,B02,CH1,C03888,CMP000,4,9,98.3
O008900,2026-03-22,21,B02,CH1,C03223,CMP000,5,17,156.0
O008901,2026-03-22,20,B02,CH1,C01150,CMP000,6,16,177.4
O008902,2026-03-22,22,B02,CH4,C00000,CMP000,0,5,74.2
O008903,2026-03-22,19,B02,CH1,C00000,CMP000,3,10,84.8
O008904,2026-03-22,19,B02,CH2,C00000,CMP000,0,9,94.3
O008905,2026-03-23,21,B02,CH1,C00000,CMP000,8,27,300.0
O008906,2026-03-23,20,B02,CH1,C00000,CMP000,2,7,58.2
O008907,2026-03-23,15,B02,CH3,C00000,CMP000,0,5,48.0
O008908,2026-03-25,21,B02,CH4,C00000,CMP000,0,6,85.0
O008909,2026-03-25,19,B02,CH1,C04246,CMP000,2,6,55.2
O008910,2026-03-25,22,B02,CH4,C00000,CMP000,0,5,53.5
O008911,2026-03-25,17,B02,CH1,C00000,CMP000,3,6,68.0
O008912,2026-03-25,17,B02,CH4,C00000,CMP000,0,2,36.0
O008913,2026-03-25,19,B02,CH1,C00000,CMP000,3,8,140.6
O008914,2026-03-26,20,B02,CH2,C00000,CMP000,0,7,62.5
O008915,2026-03-26,20,B02,CH1,C01487,CMP000,2,7,68.7
O008916,2026-03-26,19,B02,CH1,C00000,CMP000,5,22,218.1
O008917,2026-03-26,17,B02,CH1,C00000,CMP000,2,6,68.7
O008918,2026-03-26,12,B02,CH1,C00000,CMP000,1,2,30.5
O008919,2026-03-26,15,B02,CH4,C03509,CMP000,0,2,21.5
O008920,2026-03-26,20,B02,CH1,C04957,CMP000,3,11,123.2
O008921,2026-03-27,20,B02,CH1,C03509,CMP000,4,13,130.4
O008922,2026-03-27,14,B02,CH1,C03726,CMP000,3,9,72.8
O008923,2026-03-27,13,B02,CH1,C00000,CMP000,1,4,33.5
O008924,2026-03-27,17,B02,CH1,C04218,CMP000,2,6,54.8
O008925,2026-03-27,20,B02,CH1,C00063,CMP000,5,16,170.8
O008926,2026-03-28,18,B02,CH2,C03223,CMP000,0,4,47.7
O008927,2026-03-28,21,B02,CH3,C00000,CMP000,0,4,45.7
O008928,2026-03-28,16,B02,CH1,C00000,CMP000,2,5,46.6
O008929,2026-03-28,13,B02,CH1,C00000,CMP000,4,11,95.1
O008930,2026-03-29,17,B02,CH4,C00000,CMP000,0,3,24.2
O008931,2026-03-29,15,B02,CH1,C04786,CMP000,2,9,68.1
O008932,2026-03-29,22,B02,CH2,C02632,CMP000,0,4,44.0
O008933,2026-03-29,18,B02,CH1,C00000,CMP000,2,7,62.5
O008934,2026-03-29,13,B02,CH1,C03726,CMP000,5,13,132.1
O008935,2026-03-29,18,B02,CH1,C00000,CMP000,1,3,31.0
O008936,2026-03-29,18,B02,CH3,C00000,CMP000,0,5,50.2
O008937,2026-03-29,20,B02,CH3,C00000,CMP000,0,4,34.0
O008938,2026-03-29,20,B02,CH1,C01112,CMP000,4,14,139.0
O008939,2026-03-29,20,B02,CH3,C02287,CMP000,0,3,22.2
O008940,2026-03-29,12,B02,CH1,C03726,CMP000,3,12,100.2
O008941,2026-03-29,22,B02,CH2,C00000,CMP000,0,7,55.5
O008942,2026-03-30,19,B02,CH1,C04356,CMP000,1,4,34.7
O008943,2026-03-30,22,B02,CH1,C00000,CMP000,2,7,70.0
O008944,2026-03-30,19,B02,CH1,C04356,CMP000,2,7,89.3
O008945,2026-03-30,13,B02,CH1,C00000,CMP000,2,4,42.4
O008946,2026-03-30,15,B02,CH1,C00119,CMP000,3,9,96.7
O008947,2026-03-30,15,B02,CH1,C00000,CMP000,1,3,31.0
O008948,2026-03-30,13,B02,CH1,C00000,CMP000,1,4,32.3
O008949,2026-04-01,14,B02,CH1,C03726,CMP000,6,18,179.4
O008950,2026-04-01,15,B02,CH3,C02865,CMP000,0,8,72.0
O008951,2026-04-01,17,B02,CH1,C00000,CMP000,1,4,27.0
O008952,2026-04-01,19,B02,CH1,C00000,CMP000,2,8,95.8
O008953,2026-04-01,13,B02,CH1,C00000,CMP008,2,3,38.15
O008954,2026-04-01,20,B02,CH3,C00000,CMP000,0,8,75.8
O008955,2026-04-01,19,B02,CH3,C00000,CMP000,0,10,104.9
O008956,2026-04-01,18,B02,CH1,C00000,CMP000,2,6,58.6
O008957,2026-04-01,18,B02,CH2,C00000,CMP000,0,8,95.8
O008958,2026-04-02,14,B02,CH2,C00000,CMP000,0,1,14.0
O008959,2026-04-02,12,B02,CH2,C00000,CMP000,0,1,15.5
O008960,2026-04-02,21,B02,CH1,C00000,CMP000,5,14,165.3
O008961,2026-04-02,13,B02,CH4,C00000,CMP000,0,3,32.0
O008962,2026-04-02,17,B02,CH3,C00000,CMP000,0,3,22.7
O008963,2026-04-02,13,B02,CH1,C00000,CMP000,2,6,54.3
O008964,2026-04-02,18,B02,CH2,C00000,CMP000,0,3,20.7
O008965,2026-04-02,20,B02,CH1,C00024,CMP000,3,10,92.3
O008966,2026-04-02,13,B02,CH1,C03867,CMP000,2,7,74.5
O008967,2026-04-02,20,B02,CH2,C00000,CMP000,0,9,78.8
O008968,2026-04-03,20,B02,CH1,C00000,CMP000,2,7,66.3
O008969,2026-04-03,17,B02,CH1,C00000,CMP000,2,6,66.5
O008970,2026-04-03,18,B02,CH2,C00119,CMP000,0,3,23.7
O008971,2026-04-03,15,B02,CH1,C00029,CMP000,2,4,41.0
O008972,2026-04-03,13,B02,CH2,C00000,CMP000,0,5,55.8
O008973,2026-04-03,18,B02,CH1,C00000,CMP000,1,2,22.0
O008974,2026-04-03,14,B02,CH1,C00000,CMP000,2,8,75.5
O008975,2026-04-03,21,B02,CH3,C00000,CMP000,0,4,39.3
O008976,2026-04-03,20,B02,CH2,C00000,CMP000,0,1,21.0
O008977,2026-04-03,13,B02,CH1,C00000,CMP000,7,20,196.6
O008978,2026-04-03,13,B02,CH4,C00000,CMP000,0,3,32.2
O008979,2026-04-03,20,B02,CH1,C00000,CMP000,1,2,20.0
O008980,2026-04-04,17,B02,CH1,C00000,CMP000,6,20,189.7
O008981,2026-04-04,20,B02,CH1,C02983,CMP000,2,5,61.3
O008982,2026-04-04,12,B02,CH1,C00000,CMP000,3,7,75.7
O008983,2026-04-04,21,B02,CH3,C00000,CMP000,0,2,21.0
O008984,2026-04-04,17,B02,CH1,C01696,CMP000,1,4,44.3
O008985,2026-04-04,16,B02,CH1,C00000,CMP000,6,17,176.4
O008986,2026-04-04,14,B02,CH1,C00000,CMP000,2,6,52.6
O008987,2026-04-04,12,B02,CH3,C00000,CMP000,0,2,30.0
O008988,2026-04-04,13,B02,CH1,C00000,CMP000,2,5,70.2
O008989,2026-04-05,19,B02,CH1,C00000,CMP000,5,14,148.3
O008990,2026-04-05,15,B02,CH1,C00000,CMP000,5,16,171.6
O008991,2026-04-05,19,B02,CH1,C00000,CMP000,6,16,192.0
O008992,2026-04-05,18,B02,CH1,C00000,CMP000,1,2,21.5
O008993,2026-04-05,12,B02,CH3,C00000,CMP000,0,4,33.0
O008994,2026-04-05,16,B02,CH1,C00000,CMP000,2,6,59.2
O008995,2026-04-05,20,B02,CH1,C00000,CMP000,2,7,72.3
O008996,2026-04-05,19,B02,CH3,C00000,CMP000,0,2,18.7
O008997,2026-04-06,19,B02,CH1,C00000,CMP000,5,15,151.4
O008998,2026-04-06,18,B02,CH3,C00000,CMP000,0,5,41.2
O008999,2026-04-06,14,B02,CH1,C00000,CMP000,4,12,116.0
O009000,2026-04-06,12,B02,CH4,C00000,CMP000,0,2,21.0
O009001,2026-04-06,13,B02,CH1,C02341,CMP000,3,9,85.4
O009002,2026-04-08,21,B02,CH1,C00447,CMP000,3,8,103.4
O009003,2026-04-08,16,B02,CH1,C00000,CMP008,4,11,85.89
O009004,2026-04-08,18,B02,CH3,C00000,CMP000,0,3,37.2
O009005,2026-04-08,19,B02,CH1,C00000,CMP008,1,3,24.15
O009006,2026-04-08,19,B02,CH1,C00000,CMP000,4,14,154.5
O009007,2026-04-08,12,B02,CH3,C04225,CMP000,0,6,62.7
O009008,2026-04-08,19,B02,CH1,C00000,CMP000,2,7,60.7
O009009,2026-04-09,18,B02,CH4,C00000,CMP000,0,4,29.2
O009010,2026-04-09,21,B02,CH1,C00119,CMP000,1,4,49.0
O009011,2026-04-09,19,B02,CH2,C00000,CMP000,0,10,101.7
O009012,2026-04-09,12,B02,CH3,C00000,CMP000,0,5,45.2
O009013,2026-04-10,13,B02,CH1,C04921,CMP000,4,12,102.2
O009014,2026-04-10,21,B02,CH1,C00000,CMP000,2,8,63.2
O009015,2026-04-10,19,B02,CH1,C00000,CMP000,2,6,56.6
O009016,2026-04-10,21,B02,CH1,C00000,CMP000,4,13,137.7
O009017,2026-04-10,22,B02,CH1,C00000,CMP000,2,6,55.3
O009018,2026-04-10,21,B02,CH1,C01674,CMP000,2,5,53.0
O009019,2026-04-11,21,B02,CH1,C00000,CMP000,2,4,39.3
O009020,2026-04-11,12,B02,CH1,C01562,CMP000,1,2,25.0
O009021,2026-04-11,18,B02,CH1,C00000,CMP000,4,14,139.5
O009022,2026-04-11,12,B02,CH4,C00000,CMP000,0,4,46.5
O009023,2026-04-11,22,B02,CH1,C01411,CMP000,2,5,95.5
O009024,2026-04-11,19,B02,CH1,C04420,CMP000,4,16,151.8
O009025,2026-04-11,17,B02,CH4,C00000,CMP000,0,3,23.5
O009026,2026-04-11,13,B02,CH1,C01344,CMP000,2,4,46.5
O009027,2026-04-11,16,B02,CH3,C03690,CMP000,0,3,37.0
O009028,2026-04-11,21,B02,CH1,C03774,CMP000,3,8,103.3
O009029,2026-04-12,13,B02,CH2,C04330,CMP000,0,7,65.2
O009030,2026-04-12,20,B02,CH3,C00000,CMP000,0,1,21.0
O009031,2026-04-12,20,B02,CH1,C03923,CMP000,4,12,105.8
O009032,2026-04-12,19,B02,CH1,C00000,CMP000,4,13,147.5
O009033,2026-04-12,12,B02,CH1,C00000,CMP000,5,14,123.9
O009034,2026-04-12,13,B02,CH3,C00000,CMP000,0,3,26.2
O009035,2026-04-12,19,B02,CH1,C02999,CMP000,3,10,80.7
O009036,2026-04-12,13,B02,CH3,C00000,CMP000,0,5,52.7
O009037,2026-04-13,18,B02,CH1,C00000,CMP000,1,2,24.0
O009038,2026-04-13,13,B02,CH2,C00000,CMP000,0,7,73.4
O009039,2026-04-15,19,B02,CH1,C03223,CMP000,2,8,67.2
O009040,2026-04-15,19,B02,CH1,C00000,CMP008,2,6,40.04
O009041,2026-04-15,13,B02,CH1,C00000,CMP000,1,3,24.7
O009042,2026-04-15,16,B02,CH1,C03509,CMP000,2,7,59.7
O009043,2026-04-15,13,B02,CH4,C00000,CMP000,0,4,47.9
O009044,2026-04-15,20,B02,CH1,C00000,CMP008,2,8,49.14
O009045,2026-04-16,21,B02,CH1,C00000,CMP000,2,6,62.7
O009046,2026-04-16,22,B02,CH2,C00000,CMP000,0,2,19.7
O009047,2026-04-16,22,B02,CH4,C00000,CMP000,0,4,42.5
O009048,2026-04-16,13,B02,CH1,C00000,CMP000,4,11,103.7
O009049,2026-04-16,17,B02,CH4,C00000,CMP000,0,4,45.7
O009050,2026-04-16,17,B02,CH1,C04978,CMP000,1,4,28.2
O009051,2026-04-16,13,B02,CH1,C00000,CMP000,4,9,100.5
O009052,2026-04-16,12,B02,CH1,C00000,CMP000,8,19,177.0
O009053,2026-04-16,22,B02,CH1,C00000,CMP000,2,6,68.3
O009054,2026-04-17,13,B02,CH1,C03820,CMP000,2,6,57.0
O009055,2026-04-17,20,B02,CH1,C00000,CMP000,3,13,119.9
O009056,2026-04-17,20,B02,CH4,C00000,CMP000,0,3,24.7
O009057,2026-04-17,15,B02,CH4,C00000,CMP000,0,7,61.0
O009058,2026-04-17,15,B02,CH4,C00000,CMP000,0,2,45.0
O009059,2026-04-17,12,B02,CH1,C03223,CMP000,1,4,37.5
O009060,2026-04-18,16,B02,CH1,C00000,CMP000,4,15,134.9
O009061,2026-04-18,13,B02,CH4,C00000,CMP000,0,5,47.2
O009062,2026-04-18,12,B02,CH1,C00000,CMP000,3,7,65.0
O009063,2026-04-18,19,B02,CH1,C00000,CMP000,2,5,55.2
O009064,2026-04-18,13,B02,CH3,C00000,CMP000,0,3,48.0
O009065,2026-04-18,21,B02,CH1,C00000,CMP000,5,16,159.6
O009066,2026-04-18,22,B02,CH1,C00000,CMP000,3,9,81.7
O009067,2026-04-18,13,B02,CH1,C00000,CMP000,2,5,51.5
O009068,2026-04-18,19,B02,CH2,C00000,CMP000,0,3,31.5
O009069,2026-04-18,13,B02,CH1,C00000,CMP000,2,6,50.9
O009070,2026-04-19,12,B02,CH4,C01065,CMP000,0,5,42.8
O009071,2026-04-19,13,B02,CH1,C00000,CMP000,2,7,64.2
O009072,2026-04-19,22,B02,CH1,C00000,CMP000,4,12,115.0
O009073,2026-04-19,13,B02,CH4,C02795,CMP000,0,9,86.0
O009074,2026-04-20,18,B02,CH3,C00000,CMP000,0,11,100.2
O009075,2026-04-20,19,B02,CH4,C00000,CMP000,0,3,39.2
O009076,2026-04-22,14,B02,CH1,C01137,CMP000,6,18,172.4
O009077,2026-04-22,21,B02,CH4,C00000,CMP000,0,2,27.5
O009078,2026-04-22,15,B02,CH3,C04652,CMP000,0,4,39.5
O009079,2026-04-22,13,B02,CH1,C00000,CMP000,4,10,124.0
O009080,2026-04-22,14,B02,CH2,C00000,CMP000,0,2,41.5
O009081,2026-04-22,17,B02,CH1,C03223,CMP000,4,12,121.4
O009082,2026-04-22,18,B02,CH1,C01469,CMP000,1,1,16.0
O009083,2026-04-22,13,B02,CH1,C01580,CMP008,2,6,38.5
O009084,2026-04-23,16,B02,CH1,C04778,CMP000,3,14,173.9
O009085,2026-04-23,18,B02,CH4,C00000,CMP000,0,5,46.7
O009086,2026-04-23,19,B02,CH1,C04825,CMP000,2,8,71.0
O009087,2026-04-24,21,B02,CH1,C03511,CMP000,4,10,119.4
O009088,2026-04-24,17,B02,CH2,C00000,CMP000,0,10,88.8
O009089,2026-04-24,17,B02,CH1,C03509,CMP000,3,7,80.8
O009090,2026-04-24,19,B02,CH2,C00000,CMP000,0,2,21.5
O009091,2026-04-24,22,B02,CH3,C00131,CMP000,0,9,101.7
O009092,2026-04-24,15,B02,CH1,C00000,CMP000,5,16,169.6
O009093,2026-04-24,19,B02,CH3,C02839,CMP000,0,1,14.0
O009094,2026-04-24,15,B02,CH1,C00000,CMP000,2,5,47.2
O009095,2026-04-24,19,B02,CH2,C00000,CMP000,0,3,21.2
O009096,2026-04-24,18,B02,CH4,C00000,CMP000,0,5,51.5
O009097,2026-04-24,15,B02,CH3,C00000,CMP000,0,2,21.5
O009098,2026-04-24,13,B02,CH1,C00000,CMP000,4,11,107.0
O009099,2026-04-25,17,B02,CH1,C00000,CMP000,4,12,116.9
O009100,2026-04-25,19,B02,CH4,C02399,CMP000,0,5,50.0
O009101,2026-04-25,12,B02,CH3,C00000,CMP000,0,10,136.1
O009102,2026-04-25,21,B02,CH1,C00000,CMP000,6,17,164.1
O009103,2026-04-25,14,B02,CH4,C00781,CMP000,0,3,26.5
O009104,2026-04-25,15,B02,CH2,C00000,CMP000,0,11,116.2
O009105,2026-04-26,20,B02,CH1,C00000,CMP000,2,4,50.2
O009106,2026-04-26,20,B02,CH1,C00147,CMP000,2,6,68.0
O009107,2026-04-26,14,B02,CH3,C00000,CMP000,0,2,18.5
O009108,2026-04-26,18,B02,CH3,C00000,CMP000,0,5,54.3
O009109,2026-04-26,20,B02,CH4,C00000,CMP000,0,8,88.9
O009110,2026-04-27,12,B02,CH1,C02571,CMP000,3,10,89.7
O009111,2026-04-27,22,B02,CH1,C00119,CMP000,4,11,130.2
O009112,2026-04-27,21,B02,CH1,C00000,CMP000,1,4,44.2
O009113,2026-04-27,13,B02,CH1,C00119,CMP000,8,23,219.7
O009114,2026-04-29,20,B02,CH3,C00000,CMP000,0,2,19.5
O009115,2026-04-29,21,B02,CH1,C03328,CMP000,1,3,63.5
O009116,2026-04-29,21,B02,CH1,C00000,CMP000,3,9,120.5
O009117,2026-04-29,18,B02,CH3,C03509,CMP000,0,2,19.5
O009118,2026-04-29,19,B02,CH1,C00000,CMP000,2,5,57.8
O009119,2026-04-30,22,B02,CH1,C00000,CMP000,2,5,54.5
O009120,2026-04-30,18,B02,CH2,C00000,CMP000,0,2,23.5
O009121,2026-04-30,18,B02,CH1,C00000,CMP000,4,12,101.2
O009122,2026-04-30,20,B02,CH2,C00000,CMP000,0,6,51.2
O009123,2026-04-30,19,B02,CH1,C00000,CMP000,6,19,214.5
O009124,2026-05-01,19,B02,CH3,C00000,CMP000,0,4,38.2
O009125,2026-05-01,19,B02,CH2,C03509,CMP000,0,5,49.2
O009126,2026-05-01,20,B02,CH4,C00000,CMP000,0,1,15.5
O009127,2026-05-01,14,B02,CH1,C03774,CMP000,2,6,53.7
O009128,2026-05-01,21,B02,CH1,C02227,CMP000,2,6,57.0
O009129,2026-05-01,18,B02,CH1,C03895,CMP000,4,14,125.0
O009130,2026-05-01,13,B02,CH1,C00000,CMP000,2,7,58.9
O009131,2026-05-02,12,B02,CH3,C00000,CMP000,0,2,21.0
O009132,2026-05-02,12,B02,CH1,C00000,CMP000,2,5,60.3
O009133,2026-05-02,21,B02,CH1,C00000,CMP000,3,8,81.2
O009134,2026-05-02,20,B02,CH1,C00000,CMP000,2,7,71.0
O009135,2026-05-02,14,B02,CH1,C03047,CMP000,2,5,62.0
O009136,2026-05-02,20,B02,CH1,C00000,CMP000,3,8,79.0
O009137,2026-05-02,19,B02,CH1,C00000,CMP000,6,20,175.6
O009138,2026-05-02,19,B02,CH1,C00000,CMP000,1,3,26.5
O009139,2026-05-02,18,B02,CH1,C04778,CMP000,3,9,118.5
O009140,2026-05-02,19,B02,CH3,C00000,CMP000,0,1,21.0
O009141,2026-05-02,22,B02,CH1,C03509,CMP000,2,7,61.8
O009142,2026-05-02,22,B02,CH1,C00000,CMP000,2,7,64.1
O009143,2026-05-02,21,B02,CH1,C00000,CMP000,3,8,86.1
O009144,2026-05-03,20,B02,CH1,C00000,CMP000,4,14,164.7
O009145,2026-05-03,18,B02,CH1,C00000,CMP000,2,5,65.7
O009146,2026-05-03,16,B02,CH4,C00000,CMP000,0,2,19.0
O009147,2026-05-03,13,B02,CH1,C00000,CMP000,3,6,63.3
O009148,2026-05-03,13,B02,CH1,C00000,CMP000,2,6,55.3
O009149,2026-05-03,18,B02,CH4,C02973,CMP000,0,3,49.2
O009150,2026-05-03,12,B02,CH4,C00000,CMP000,0,4,36.7
O009151,2026-05-04,13,B02,CH1,C00000,CMP000,3,10,89.0
O009152,2026-05-04,18,B02,CH4,C00000,CMP000,0,2,72.0
O009153,2026-05-04,17,B02,CH1,C00000,CMP000,1,2,22.7
O009154,2026-05-04,20,B02,CH1,C00000,CMP000,1,2,22.7
O009155,2026-05-06,20,B02,CH4,C00000,CMP000,0,2,26.5
O009156,2026-05-06,18,B02,CH1,C00000,CMP000,1,2,18.5
O009157,2026-05-06,18,B02,CH1,C01848,CMP000,4,13,169.5
O009158,2026-05-06,14,B02,CH1,C00000,CMP000,3,11,89.1
O009159,2026-05-06,21,B02,CH4,C00000,CMP000,0,3,35.0
O009160,2026-05-06,12,B02,CH1,C01320,CMP000,3,8,95.3
O009161,2026-05-07,17,B02,CH1,C00000,CMP000,3,11,99.3
O009162,2026-05-07,17,B02,CH3,C03853,CMP000,0,4,47.0
O009163,2026-05-07,20,B02,CH1,C00000,CMP000,1,2,31.8
O009164,2026-05-08,19,B02,CH2,C00000,CMP000,0,10,104.3
O009165,2026-05-08,20,B02,CH1,C00000,CMP000,2,7,82.8
O009166,2026-05-08,16,B02,CH1,C02704,CMP000,2,5,55.0
O009167,2026-05-08,19,B02,CH4,C00000,CMP000,0,2,18.0
O009168,2026-05-08,21,B02,CH1,C00000,CMP000,4,14,153.6
O009169,2026-05-08,18,B02,CH1,C04166,CMP000,3,8,86.0
O009170,2026-05-08,17,B02,CH1,C00000,CMP000,7,20,216.8
O009171,2026-05-08,21,B02,CH3,C00000,CMP000,0,4,49.5
O009172,2026-05-08,12,B02,CH1,C00000,CMP000,1,3,33.0
O009173,2026-05-08,18,B02,CH1,C03509,CMP000,2,8,75.0
O009174,2026-05-08,15,B02,CH4,C00164,CMP000,0,5,40.3
O009175,2026-05-08,20,B02,CH1,C00000,CMP000,2,8,79.7
O009176,2026-05-08,17,B02,CH1,C00000,CMP000,2,7,86.8
O009177,2026-05-08,18,B02,CH1,C02771,CMP000,4,11,120.1
O009178,2026-05-08,20,B02,CH1,C00000,CMP000,4,12,118.4
O009179,2026-05-08,20,B02,CH3,C00000,CMP000,0,4,37.2
O009180,2026-05-09,18,B02,CH1,C00000,CMP000,6,18,205.8
O009181,2026-05-09,15,B02,CH1,C03509,CMP000,2,6,81.5
O009182,2026-05-09,20,B02,CH3,C00000,CMP000,0,5,46.0
O009183,2026-05-09,21,B02,CH1,C01897,CMP000,3,10,91.0
O009184,2026-05-10,18,B02,CH4,C00000,CMP000,0,6,69.5
O009185,2026-05-10,17,B02,CH4,C00000,CMP000,0,7,71.8
O009186,2026-05-10,13,B02,CH1,C00000,CMP000,4,10,100.6
O009187,2026-05-10,20,B02,CH1,C00000,CMP000,4,14,166.5
O009188,2026-05-10,18,B02,CH1,C00000,CMP000,4,14,131.1
O009189,2026-05-10,19,B02,CH1,C00000,CMP000,2,5,50.2
O009190,2026-05-10,19,B02,CH1,C00000,CMP000,3,8,90.7
O009191,2026-05-10,18,B02,CH1,C00000,CMP000,4,12,139.6
O009192,2026-05-10,16,B02,CH2,C03726,CMP000,0,2,36.8
O009193,2026-05-11,17,B02,CH1,C00000,CMP000,4,15,162.1
O009194,2026-05-13,21,B02,CH2,C00119,CMP000,0,3,21.3
O009195,2026-05-13,15,B02,CH1,C01333,CMP000,5,15,169.6
O009196,2026-05-13,19,B02,CH3,C00000,CMP000,0,5,55.5
O009197,2026-05-13,17,B02,CH1,C04978,CMP000,3,10,97.3
O009198,2026-05-14,19,B02,CH2,C00000,CMP000,0,7,76.3
O009199,2026-05-14,14,B02,CH3,C00000,CMP000,0,5,57.7
O009200,2026-05-14,21,B02,CH1,C03509,CMP000,1,1,15.0
O009201,2026-05-14,19,B02,CH4,C00000,CMP000,0,2,19.5
O009202,2026-05-14,18,B02,CH2,C00000,CMP000,0,9,73.9
O009203,2026-05-15,20,B02,CH3,C00000,CMP000,0,6,58.7
O009204,2026-05-15,15,B02,CH1,C00594,CMP000,1,3,28.5
O009205,2026-05-15,20,B02,CH1,C00000,CMP000,2,7,58.8
O009206,2026-05-15,14,B02,CH1,C00119,CMP000,4,9,95.5
O009207,2026-05-15,18,B02,CH1,C00000,CMP000,2,6,109.5
O009208,2026-05-15,19,B02,CH1,C02873,CMP000,7,19,211.7
O009209,2026-05-15,20,B02,CH4,C03828,CMP000,0,4,38.8
O009210,2026-05-15,19,B02,CH1,C00000,CMP000,3,10,109.1
O009211,2026-05-15,13,B02,CH2,C00000,CMP000,0,3,28.0
O009212,2026-05-15,16,B02,CH1,C00000,CMP000,2,4,38.8
O009213,2026-05-15,13,B02,CH3,C00000,CMP000,0,2,21.0
O009214,2026-05-15,22,B02,CH1,C00000,CMP000,4,17,169.8
O009215,2026-05-16,20,B02,CH1,C04476,CMP000,4,12,130.6
O009216,2026-05-16,12,B02,CH1,C00000,CMP000,4,14,134.3
O009217,2026-05-16,19,B02,CH1,C00000,CMP000,4,13,141.3
O009218,2026-05-16,12,B02,CH1,C00000,CMP000,3,10,106.7
O009219,2026-05-16,13,B02,CH1,C00000,CMP000,5,14,129.6
O009220,2026-05-16,18,B02,CH1,C00119,CMP000,3,10,151.0
O009221,2026-05-16,20,B02,CH1,C00000,CMP000,2,5,51.2
O009222,2026-05-16,16,B02,CH1,C04648,CMP000,3,8,119.0
O009223,2026-05-16,19,B02,CH4,C00000,CMP000,0,9,76.9
O009224,2026-05-16,17,B02,CH3,C00000,CMP000,0,5,40.8
O009225,2026-05-16,12,B02,CH1,C00000,CMP000,4,12,121.4
O009226,2026-05-16,14,B02,CH1,C00000,CMP000,4,10,122.2
O009227,2026-05-16,20,B02,CH4,C00000,CMP000,0,4,34.7
O009228,2026-05-17,18,B02,CH4,C00000,CMP000,0,2,34.0
O009229,2026-05-17,13,B02,CH1,C00000,CMP000,4,12,122.3
O009230,2026-05-17,19,B02,CH3,C00000,CMP000,0,4,37.7
O009231,2026-05-17,21,B02,CH1,C02704,CMP000,2,5,45.1
O009232,2026-05-17,18,B02,CH3,C00000,CMP000,0,4,39.2
O009233,2026-05-17,17,B02,CH1,C00000,CMP000,3,8,87.3
O009234,2026-05-17,20,B02,CH1,C03557,CMP000,2,7,87.2
O009235,2026-05-17,18,B02,CH1,C00000,CMP000,1,3,32.5
O009236,2026-05-17,17,B02,CH1,C00000,CMP000,3,9,100.2
O009237,2026-05-17,17,B02,CH1,C00000,CMP000,1,1,15.5
O009238,2026-05-17,20,B02,CH1,C00000,CMP000,1,3,26.5
O009239,2026-05-18,13,B02,CH2,C03509,CMP000,0,1,30.0
O009240,2026-05-18,13,B02,CH1,C00000,CMP000,4,12,104.7
O009241,2026-05-20,22,B02,CH1,C02701,CMP000,2,5,50.2
O009242,2026-05-20,20,B02,CH1,C00000,CMP000,3,10,107.8
O009243,2026-05-20,15,B02,CH1,C00000,CMP000,4,9,92.0
O009244,2026-05-20,19,B02,CH1,C00000,CMP000,3,10,101.4
O009245,2026-05-20,13,B02,CH1,C03843,CMP000,2,6,54.0
O009246,2026-05-20,20,B02,CH1,C00000,CMP000,3,8,123.0
O009247,2026-05-21,19,B02,CH1,C00000,CMP000,2,6,59.5
O009248,2026-05-21,21,B02,CH1,C01358,CMP000,3,13,134.2
O009249,2026-05-21,15,B02,CH1,C00000,CMP000,2,4,43.3
O009250,2026-05-21,20,B02,CH1,C00000,CMP000,2,8,101.7
O009251,2026-05-21,13,B02,CH1,C00000,CMP000,3,9,85.0
O009252,2026-05-21,20,B02,CH1,C00000,CMP000,3,7,95.5
O009253,2026-05-21,19,B02,CH4,C01080,CMP000,0,4,42.5
O009254,2026-05-21,12,B02,CH1,C00000,CMP000,5,13,165.5
O009255,2026-05-21,22,B02,CH1,C00000,CMP000,2,8,82.9
O009256,2026-05-22,12,B02,CH1,C00000,CMP000,5,13,121.0
O009257,2026-05-22,20,B02,CH1,C00000,CMP000,1,4,41.5
O009258,2026-05-22,21,B02,CH4,C00000,CMP000,0,3,33.5
O009259,2026-05-22,22,B02,CH1,C00000,CMP000,2,4,60.5
O009260,2026-05-22,21,B02,CH4,C00000,CMP000,0,5,54.2
O009261,2026-05-22,21,B02,CH1,C04420,CMP000,2,7,71.9
O009262,2026-05-22,19,B02,CH1,C04782,CMP000,2,7,69.5
O009263,2026-05-22,19,B02,CH1,C00370,CMP000,6,23,239.2
O009264,2026-05-22,19,B02,CH2,C00000,CMP000,0,2,17.7
O009265,2026-05-22,20,B02,CH1,C00000,CMP000,1,4,32.5
O009266,2026-05-22,17,B02,CH1,C00000,CMP000,7,22,217.0
O009267,2026-05-22,20,B02,CH1,C00000,CMP000,1,3,26.0
O009268,2026-05-22,13,B02,CH1,C02399,CMP000,2,5,42.5
O009269,2026-05-23,19,B02,CH3,C00000,CMP000,0,2,30.5
O009270,2026-05-23,12,B02,CH3,C00275,CMP000,0,4,28.7
O009271,2026-05-23,19,B02,CH1,C00000,CMP000,5,15,158.2
O009272,2026-05-23,20,B02,CH1,C02795,CMP000,4,12,118.6
O009273,2026-05-23,22,B02,CH3,C00496,CMP000,0,5,50.6
O009274,2026-05-23,20,B02,CH3,C00000,CMP000,0,5,42.2
O009275,2026-05-23,20,B02,CH1,C00000,CMP000,3,8,87.2
O009276,2026-05-23,19,B02,CH1,C00000,CMP000,4,11,110.8
O009277,2026-05-23,16,B02,CH1,C00000,CMP000,4,11,125.2
O009278,2026-05-24,20,B02,CH1,C02704,CMP000,2,6,67.0
O009279,2026-05-24,19,B02,CH1,C00000,CMP000,6,20,213.6
O009280,2026-05-24,20,B02,CH1,C02242,CMP000,2,7,85.8
O009281,2026-05-24,19,B02,CH3,C00000,CMP000,0,5,50.3
O009282,2026-05-25,22,B02,CH1,C00000,CMP000,3,12,109.0
O009283,2026-05-25,18,B02,CH1,C00000,CMP000,6,18,211.8
O009284,2026-05-25,14,B02,CH1,C00000,CMP000,2,5,53.4
O009285,2026-05-25,19,B02,CH1,C00000,CMP000,2,6,63.8
O009286,2026-05-25,14,B02,CH1,C00000,CMP000,4,10,106.1
O009287,2026-05-25,19,B02,CH1,C01696,CMP000,3,11,96.3
O009288,2026-05-25,20,B02,CH1,C00000,CMP000,3,10,104.5
O009289,2026-05-27,19,B02,CH1,C00000,CMP000,2,7,93.5
O009290,2026-05-27,19,B02,CH1,C00000,CMP000,2,5,54.3
O009291,2026-05-27,19,B02,CH1,C04096,CMP000,4,8,117.4
O009292,2026-05-27,22,B02,CH4,C00000,CMP000,0,9,77.8
O009293,2026-05-27,22,B02,CH1,C04330,CMP000,2,4,41.1
O009294,2026-05-28,20,B02,CH1,C00000,CMP000,6,19,195.3
O009295,2026-05-28,20,B02,CH1,C00000,CMP000,3,7,83.6
O009296,2026-05-28,20,B02,CH2,C00000,CMP000,0,7,64.9
O009297,2026-05-28,20,B02,CH2,C00000,CMP000,0,6,51.8
O009298,2026-05-28,21,B02,CH1,C00000,CMP000,2,7,70.8
O009299,2026-05-28,15,B02,CH1,C00000,CMP000,3,12,107.8
O009300,2026-05-28,19,B02,CH1,C00000,CMP000,2,7,65.0
O009301,2026-05-28,18,B02,CH3,C00000,CMP000,0,2,18.0
O009302,2026-05-28,14,B02,CH1,C00000,CMP000,2,7,59.7
O009303,2026-05-28,14,B02,CH1,C00000,CMP000,2,6,54.9
O009304,2026-05-29,19,B02,CH3,C00000,CMP000,0,3,35.5
O009305,2026-05-29,20,B02,CH1,C00000,CMP000,2,5,67.2
O009306,2026-05-29,22,B02,CH1,C00000,CMP000,2,8,95.5
O009307,2026-05-29,20,B02,CH1,C00000,CMP000,2,5,78.0
O009308,2026-05-29,17,B02,CH1,C00000,CMP000,5,15,162.6
O009309,2026-05-29,18,B02,CH1,C00751,CMP000,5,17,185.9
O009310,2026-05-29,14,B02,CH4,C00000,CMP000,0,3,41.0
O009311,2026-05-29,20,B02,CH1,C00000,CMP000,4,12,121.6
O009312,2026-05-29,16,B02,CH2,C04348,CMP000,0,6,78.2
O009313,2026-05-30,22,B02,CH4,C00000,CMP000,0,4,47.0
O009314,2026-05-30,20,B02,CH1,C00000,CMP000,3,10,102.8
O009315,2026-05-30,22,B02,CH3,C00000,CMP000,0,2,18.0
O009316,2026-05-30,12,B02,CH4,C00827,CMP000,0,7,68.2
O009317,2026-05-30,16,B02,CH1,C03932,CMP000,4,13,160.3
O009318,2026-05-30,13,B02,CH1,C00000,CMP000,1,3,33.2
O009319,2026-05-30,17,B02,CH1,C00119,CMP000,6,17,169.4
O009320,2026-05-30,19,B02,CH2,C00174,CMP000,0,2,17.2
O009321,2026-05-30,14,B02,CH1,C00000,CMP000,2,7,69.9
O009322,2026-05-30,14,B02,CH1,C00000,CMP000,2,6,53.8
O009323,2026-05-31,20,B02,CH1,C00000,CMP000,2,6,51.0
O009324,2026-05-31,20,B02,CH1,C00000,CMP000,2,6,95.0
O009325,2026-05-31,14,B02,CH1,C00000,CMP000,4,15,164.7
O009326,2026-05-31,16,B02,CH1,C00000,CMP000,3,9,87.3
O009327,2026-05-31,14,B02,CH3,C00000,CMP000,0,3,24.8
O009328,2026-05-31,21,B02,CH1,C00000,CMP000,4,13,115.8
O009329,2026-06-01,19,B02,CH1,C00000,CMP000,2,8,74.3
O009330,2026-06-01,19,B02,CH3,C00000,CMP000,0,6,56.2
O009331,2026-06-01,19,B02,CH2,C00000,CMP000,0,8,77.4
O009332,2026-06-01,19,B02,CH1,C00000,CMP000,3,10,103.5
O009333,2026-06-01,17,B02,CH1,C00000,CMP000,4,14,170.5
O009334,2026-06-03,16,B02,CH4,C00000,CMP000,0,2,20.0
O009335,2026-06-03,20,B02,CH1,C03509,CMP000,4,14,122.2
O009336,2026-06-03,19,B02,CH3,C00000,CMP000,0,6,61.0
O009337,2026-06-03,12,B02,CH1,C03846,CMP000,1,3,26.8
O009338,2026-06-04,17,B02,CH1,C00000,CMP000,4,8,91.3
O009339,2026-06-04,20,B02,CH1,C00000,CMP000,2,5,49.3
O009340,2026-06-04,22,B02,CH4,C00000,CMP000,0,7,77.7
O009341,2026-06-04,19,B02,CH1,C00000,CMP000,2,6,64.5
O009342,2026-06-04,21,B02,CH3,C00000,CMP000,0,4,61.2
O009343,2026-06-04,20,B02,CH4,C00000,CMP000,0,5,42.2
O009344,2026-06-04,20,B02,CH1,C00000,CMP000,5,14,149.0
O009345,2026-06-04,16,B02,CH3,C00000,CMP000,0,11,90.6
O009346,2026-06-04,18,B02,CH1,C00000,CMP000,3,11,128.4
O009347,2026-06-05,20,B02,CH4,C02397,CMP000,0,10,101.7
O009348,2026-06-05,21,B02,CH2,C00000,CMP000,0,10,92.6
O009349,2026-06-05,18,B02,CH1,C03463,CMP000,6,18,211.7
O009350,2026-06-05,14,B02,CH1,C00000,CMP000,6,17,178.3
O009351,2026-06-05,18,B02,CH1,C03025,CMP000,3,8,83.7
O009352,2026-06-05,19,B02,CH1,C00013,CMP000,2,5,62.6
O009353,2026-06-05,19,B02,CH1,C00000,CMP000,2,5,47.5
O009354,2026-06-05,12,B02,CH1,C00230,CMP000,4,13,162.0
O009355,2026-06-05,14,B02,CH1,C03509,CMP000,4,9,111.6
O009356,2026-06-06,13,B02,CH1,C00000,CMP000,2,6,51.2
O009357,2026-06-06,17,B02,CH3,C00000,CMP000,0,4,49.5
O009358,2026-06-06,19,B02,CH1,C00000,CMP000,2,9,79.0
O009359,2026-06-06,20,B02,CH2,C00000,CMP000,0,1,13.5
O009360,2026-06-06,19,B02,CH1,C00000,CMP000,4,10,111.4
O009361,2026-06-06,18,B02,CH1,C00119,CMP000,3,11,130.8
O009362,2026-06-06,22,B02,CH1,C03774,CMP000,2,6,61.7
O009363,2026-06-07,19,B02,CH2,C00000,CMP000,0,9,83.5
O009364,2026-06-07,17,B02,CH1,C00000,CMP000,8,28,244.3
O009365,2026-06-07,17,B02,CH3,C00119,CMP000,0,3,26.7
O009366,2026-06-07,12,B02,CH1,C00000,CMP000,6,15,152.1
O009367,2026-06-07,21,B02,CH1,C00000,CMP000,6,22,206.5
O009368,2026-06-07,20,B02,CH4,C00000,CMP000,0,3,35.5
O009369,2026-06-07,17,B02,CH4,C00000,CMP000,0,3,34.5
O009370,2026-06-08,18,B02,CH1,C00000,CMP000,2,5,52.7
O009371,2026-06-08,14,B02,CH2,C00000,CMP000,0,3,40.5
O009372,2026-06-08,18,B02,CH1,C03223,CMP000,1,3,24.2
O009373,2026-06-08,18,B02,CH1,C00000,CMP000,6,16,198.5
O009374,2026-06-10,13,B02,CH1,C00000,CMP000,6,12,135.6
O009375,2026-06-10,14,B02,CH1,C00000,CMP000,3,7,117.0
O009376,2026-06-10,18,B02,CH3,C00000,CMP000,0,7,55.9
O009377,2026-06-10,18,B02,CH3,C00000,CMP000,0,2,33.2
O009378,2026-06-11,18,B02,CH3,C04851,CMP000,0,2,24.0
O009379,2026-06-11,18,B02,CH2,C00000,CMP000,0,2,19.5
O009380,2026-06-11,22,B02,CH2,C00000,CMP000,0,3,37.5
O009381,2026-06-11,19,B02,CH3,C04869,CMP000,0,2,18.0
O009382,2026-06-11,20,B02,CH4,C00000,CMP000,0,9,82.0
O009383,2026-06-11,12,B02,CH1,C00000,CMP000,2,5,50.2
O009384,2026-06-12,13,B02,CH1,C00000,CMP000,1,3,25.2
O009385,2026-06-12,19,B02,CH1,C00000,CMP000,4,12,123.1
O009386,2026-06-12,20,B02,CH1,C00000,CMP000,6,18,196.7
O009387,2026-06-12,18,B02,CH2,C00000,CMP000,0,8,83.4
O009388,2026-06-12,12,B02,CH1,C00000,CMP000,4,8,87.5
O009389,2026-06-12,13,B02,CH1,C04071,CMP000,2,4,42.5
O009390,2026-06-12,22,B02,CH1,C00000,CMP000,1,2,31.5
O009391,2026-06-12,22,B02,CH1,C01700,CMP000,1,3,30.7
O009392,2026-06-13,19,B02,CH1,C01719,CMP000,1,4,29.8
O009393,2026-06-13,19,B02,CH1,C00000,CMP000,2,6,50.5
O009394,2026-06-13,20,B02,CH1,C02795,CMP000,4,13,109.4
O009395,2026-06-13,21,B02,CH1,C04978,CMP000,4,14,129.1
O009396,2026-06-13,19,B02,CH1,C00000,CMP000,1,3,27.0
O009397,2026-06-13,18,B02,CH1,C00000,CMP000,4,9,97.1
O009398,2026-06-13,21,B02,CH1,C00000,CMP000,4,11,100.0
O009399,2026-06-13,19,B02,CH1,C01080,CMP000,4,12,109.9
O009400,2026-06-13,20,B02,CH1,C00000,CMP000,1,3,23.7
O009401,2026-06-13,13,B02,CH2,C00000,CMP000,0,4,51.0
O009402,2026-06-14,19,B02,CH1,C00000,CMP000,8,22,239.8
O009403,2026-06-14,14,B02,CH1,C00000,CMP000,3,10,84.4
O009404,2026-06-14,16,B02,CH4,C00000,CMP000,0,2,30.0
O009405,2026-06-14,17,B02,CH1,C00000,CMP000,1,3,32.0
O009406,2026-06-15,14,B02,CH2,C00000,CMP000,0,2,26.5
O009407,2026-06-15,20,B02,CH1,C00000,CMP000,3,10,103.1
O009408,2026-06-15,22,B02,CH1,C02086,CMP000,2,5,43.5
O009409,2026-06-15,17,B02,CH4,C00000,CMP000,0,2,18.7
O009410,2026-06-15,14,B02,CH1,C02929,CMP000,6,14,152.0
O009411,2026-06-15,17,B02,CH1,C01649,CMP000,4,14,123.5
O009412,2026-06-17,15,B02,CH1,C03509,CMP000,1,4,28.2
O009413,2026-06-17,21,B02,CH1,C00000,CMP000,3,9,93.2
O009414,2026-06-17,19,B02,CH1,C00000,CMP000,2,6,57.8
O009415,2026-06-17,12,B02,CH1,C02789,CMP000,7,21,201.3
O009416,2026-06-17,21,B02,CH1,C00000,CMP000,3,9,94.8
O009417,2026-06-17,19,B02,CH3,C00000,CMP000,0,3,25.5
O009418,2026-06-18,22,B02,CH1,C00000,CMP000,4,15,158.7
O009419,2026-06-18,21,B02,CH1,C00000,CMP000,2,6,60.7
O009420,2026-06-18,18,B02,CH1,C00000,CMP000,2,6,83.7
O009421,2026-06-18,20,B02,CH1,C00000,CMP000,2,7,63.3
O009422,2026-06-18,16,B02,CH1,C00000,CMP000,4,14,138.6
O009423,2026-06-19,21,B02,CH1,C00000,CMP000,3,11,105.2
O009424,2026-06-19,12,B02,CH1,C00000,CMP000,3,9,94.8
O009425,2026-06-19,13,B02,CH1,C00000,CMP000,7,20,201.9
O009426,2026-06-19,15,B02,CH3,C00000,CMP000,0,4,58.5
O009427,2026-06-19,19,B02,CH4,C00000,CMP000,0,5,41.7
O009428,2026-06-19,19,B02,CH3,C00000,CMP000,0,6,50.7
O009429,2026-06-19,19,B02,CH4,C00000,CMP000,0,4,53.0
O009430,2026-06-19,21,B02,CH1,C00000,CMP000,2,6,57.5
O009431,2026-06-19,21,B02,CH1,C03856,CMP000,4,13,139.8
O009432,2026-06-20,12,B02,CH1,C03726,CMP000,2,6,47.0
O009433,2026-06-20,18,B02,CH3,C00000,CMP000,0,3,59.2
O009434,2026-06-20,16,B02,CH1,C00000,CMP000,2,4,49.3
O009435,2026-06-20,21,B02,CH1,C03116,CMP000,1,5,38.6
O009436,2026-06-20,20,B02,CH1,C00000,CMP000,2,6,60.3
O009437,2026-06-20,22,B02,CH4,C00000,CMP000,0,7,65.4
O009438,2026-06-20,12,B02,CH1,C00000,CMP000,6,17,158.2
O009439,2026-06-20,19,B02,CH1,C00000,CMP000,4,13,121.8
O009440,2026-06-21,15,B02,CH1,C00000,CMP000,2,9,72.9
O009441,2026-06-21,16,B02,CH1,C03509,CMP000,6,20,198.4
O009442,2026-06-21,20,B02,CH1,C00000,CMP000,3,10,118.2
O009443,2026-06-21,17,B02,CH2,C00000,CMP000,0,3,28.0
O009444,2026-06-21,13,B02,CH1,C00000,CMP000,2,5,45.4
O009445,2026-06-21,18,B02,CH3,C00000,CMP000,0,3,45.0
O009446,2026-06-21,18,B02,CH3,C00000,CMP000,0,1,16.5
O009447,2026-06-21,14,B02,CH2,C00000,CMP000,0,1,15.5
O009448,2026-06-21,14,B02,CH1,C00000,CMP000,4,11,99.7
O009449,2026-06-22,21,B02,CH2,C01696,CMP000,0,4,29.7
O009450,2026-06-22,15,B02,CH1,C00000,CMP000,3,5,71.5
O009451,2026-06-24,18,B02,CH1,C04127,CMP000,2,7,92.6
O009452,2026-06-24,18,B02,CH1,C00000,CMP000,1,4,39.5
O009453,2026-06-24,19,B02,CH3,C00000,CMP000,0,4,29.8
O009454,2026-06-24,14,B02,CH1,C00000,CMP000,2,7,57.2
O009455,2026-06-24,13,B02,CH1,C04348,CMP000,3,6,88.1
O009456,2026-06-25,18,B02,CH2,C00000,CMP000,0,1,15.5
O009457,2026-06-25,20,B02,CH1,C01101,CMP000,3,10,103.2
O009458,2026-06-25,19,B02,CH4,C00000,CMP000,0,1,13.5
O009459,2026-06-25,18,B02,CH1,C04974,CMP000,8,22,219.5
O009460,2026-06-25,14,B02,CH1,C00000,CMP000,6,16,162.4
O009461,2026-06-25,17,B02,CH1,C00000,CMP000,5,15,180.7
O009462,2026-06-25,21,B02,CH1,C00000,CMP000,3,8,106.8
O009463,2026-06-25,14,B02,CH1,C00000,CMP000,1,4,31.2
O009464,2026-06-25,21,B02,CH1,C00000,CMP000,1,3,37.5
O009465,2026-06-25,13,B02,CH1,C00000,CMP000,3,8,79.5
O009466,2026-06-25,18,B02,CH3,C00000,CMP000,0,11,94.5
O009467,2026-06-26,14,B02,CH3,C00000,CMP000,0,6,53.3
O009468,2026-06-26,14,B02,CH1,C00000,CMP000,3,8,81.5
O009469,2026-06-26,21,B02,CH4,C04721,CMP000,0,3,28.8
O009470,2026-06-26,19,B02,CH1,C03509,CMP000,2,5,55.3
O009471,2026-06-26,17,B02,CH4,C00000,CMP000,0,4,41.5
O009472,2026-06-26,20,B02,CH1,C01284,CMP000,1,2,36.5
O009473,2026-06-27,21,B02,CH1,C00000,CMP000,4,11,132.8
O009474,2026-06-27,12,B02,CH1,C00958,CMP000,2,7,68.5
O009475,2026-06-27,17,B02,CH1,C00000,CMP000,2,8,90.5
O009476,2026-06-27,20,B02,CH2,C00000,CMP000,0,2,26.0
O009477,2026-06-27,20,B02,CH1,C03509,CMP000,2,6,72.0
O009478,2026-06-27,18,B02,CH1,C00000,CMP000,2,7,82.2
O009479,2026-06-27,22,B02,CH2,C00840,CMP000,0,2,18.7
O009480,2026-06-27,19,B02,CH1,C01388,CMP000,4,11,139.2
O009481,2026-06-27,13,B02,CH1,C00000,CMP000,2,6,63.3
O009482,2026-06-28,12,B02,CH1,C00000,CMP000,2,5,63.2
O009483,2026-06-28,20,B02,CH1,C00119,CMP000,1,4,33.0
O009484,2026-06-28,20,B02,CH2,C03509,CMP000,0,6,65.7
O009485,2026-06-28,14,B02,CH4,C00000,CMP000,0,7,76.0
O009486,2026-06-29,21,B02,CH1,C00000,CMP000,5,14,176.6
O009487,2026-06-29,20,B02,CH1,C03223,CMP000,2,7,94.2
O009488,2026-07-01,14,B02,CH1,C00000,CMP000,7,19,216.5
O009489,2026-07-01,18,B02,CH4,C01897,CMP000,0,3,34.7
O009490,2026-07-01,19,B02,CH3,C00000,CMP000,0,4,45.4
O009491,2026-07-02,19,B02,CH1,C00000,CMP000,2,4,56.5
O009492,2026-07-02,18,B02,CH1,C00000,CMP000,2,6,75.1
O009493,2026-07-02,16,B02,CH1,C00000,CMP000,2,9,84.6
O009494,2026-07-03,22,B02,CH4,C00000,CMP000,0,2,24.2
O009495,2026-07-03,17,B02,CH4,C04420,CMP000,0,3,25.5
O009496,2026-07-03,14,B02,CH1,C00000,CMP000,1,3,27.0
O009497,2026-07-03,13,B02,CH1,C00000,CMP000,1,3,38.0
O009498,2026-07-03,18,B02,CH4,C00000,CMP000,0,2,18.0
O009499,2026-07-03,20,B02,CH2,C00000,CMP000,0,7,57.4
O009500,2026-07-03,18,B02,CH4,C00000,CMP000,0,5,67.5
O009501,2026-07-03,17,B02,CH2,C03726,CMP000,0,1,14.0
O009502,2026-07-03,22,B02,CH3,C00000,CMP000,0,3,41.2
O009503,2026-07-03,21,B02,CH1,C00000,CMP000,7,21,183.2
O009504,2026-07-04,14,B02,CH1,C00000,CMP000,4,12,99.7
O009505,2026-07-04,18,B02,CH1,C02724,CMP000,4,16,192.1
O009506,2026-07-04,22,B02,CH2,C00000,CMP000,0,6,48.7
O009507,2026-07-04,21,B02,CH1,C00000,CMP000,2,8,66.7
O009508,2026-07-04,14,B02,CH4,C03509,CMP000,0,1,15.5
O009509,2026-07-04,17,B02,CH2,C00000,CMP000,0,3,27.0
O009510,2026-07-04,16,B02,CH1,C00000,CMP000,2,7,78.8
O009511,2026-07-04,19,B02,CH1,C00000,CMP000,4,7,92.5
O009512,2026-07-04,18,B02,CH3,C00000,CMP000,0,7,59.0
O009513,2026-07-04,22,B02,CH1,C00000,CMP000,4,17,134.7
O009514,2026-07-04,22,B02,CH1,C00000,CMP000,4,11,112.2
O009515,2026-07-04,21,B02,CH3,C00000,CMP000,0,7,62.9
O009516,2026-07-04,13,B02,CH1,C00000,CMP000,4,11,102.4
O009517,2026-07-04,22,B02,CH1,C00000,CMP000,1,3,29.5
O009518,2026-07-04,12,B02,CH1,C00000,CMP000,5,15,138.3
O009519,2026-07-04,13,B02,CH1,C00000,CMP000,3,9,75.0
O009520,2026-07-04,22,B02,CH3,C00000,CMP000,0,3,22.8
O009521,2026-07-05,20,B02,CH1,C00000,CMP000,1,1,16.0
O009522,2026-07-05,21,B02,CH1,C00000,CMP000,3,13,113.5
O009523,2026-07-05,19,B02,CH2,C00000,CMP000,0,1,21.0
O009524,2026-07-05,18,B02,CH1,C02399,CMP000,1,3,25.3
O009525,2026-07-05,14,B02,CH1,C00119,CMP000,5,14,146.3
O009526,2026-07-05,13,B02,CH1,C03667,CMP000,4,10,93.9
O009527,2026-07-05,18,B02,CH1,C00000,CMP000,6,17,165.2
O009528,2026-07-05,21,B02,CH1,C00000,CMP000,2,7,62.3
O009529,2026-07-05,21,B02,CH1,C03726,CMP000,4,8,116.4
O009530,2026-07-05,17,B02,CH1,C00000,CMP000,3,7,103.3
O009531,2026-07-05,21,B02,CH4,C01870,CMP000,0,5,47.5
O009532,2026-07-05,22,B02,CH2,C00000,CMP000,0,4,53.2
O009533,2026-07-06,14,B02,CH1,C00000,CMP000,2,6,54.5
O009534,2026-07-06,17,B02,CH4,C00000,CMP000,0,5,62.3
O009535,2026-07-08,19,B02,CH1,C00000,CMP000,3,11,101.5
O009536,2026-07-08,18,B02,CH2,C00000,CMP000,0,4,41.2
O009537,2026-07-08,18,B02,CH1,C00000,CMP000,4,12,147.3
O009538,2026-07-08,19,B02,CH3,C00000,CMP000,0,3,34.0
O009539,2026-07-08,19,B02,CH1,C00000,CMP000,6,13,154.6
O009540,2026-07-08,19,B02,CH3,C00000,CMP000,0,8,79.7
O009541,2026-07-08,12,B02,CH3,C00000,CMP000,0,6,47.3
O009542,2026-07-08,20,B02,CH3,C00436,CMP000,0,3,35.0
O009543,2026-07-08,13,B02,CH1,C00000,CMP000,2,5,50.9
O009544,2026-07-08,20,B02,CH3,C00000,CMP000,0,6,65.0
O009545,2026-07-09,19,B02,CH4,C00000,CMP000,0,2,27.0
O009546,2026-07-09,21,B02,CH1,C00000,CMP000,2,6,56.4
O009547,2026-07-09,21,B02,CH2,C00000,CMP000,0,2,19.5
O009548,2026-07-09,22,B02,CH1,C03509,CMP000,1,3,52.0
O009549,2026-07-09,16,B02,CH1,C00000,CMP000,1,4,32.2
O009550,2026-07-09,22,B02,CH1,C00000,CMP000,1,2,26.0
O009551,2026-07-09,21,B02,CH3,C00000,CMP000,0,4,44.0
O009552,2026-07-09,13,B02,CH1,C00000,CMP000,1,1,15.5
O009553,2026-07-09,20,B02,CH1,C00000,CMP000,1,5,46.7
O009554,2026-07-10,19,B02,CH1,C00000,CMP000,2,9,71.7
O009555,2026-07-10,20,B02,CH4,C00119,CMP000,0,4,29.8
O009556,2026-07-10,16,B02,CH1,C01719,CMP000,1,3,31.0
O009557,2026-07-10,18,B02,CH1,C03509,CMP000,4,12,111.2
O009558,2026-07-10,18,B02,CH1,C03965,CMP000,2,7,66.9
O009559,2026-07-10,21,B02,CH4,C00000,CMP000,0,6,49.5
O009560,2026-07-10,17,B02,CH4,C00000,CMP000,0,1,26.0
O009561,2026-07-10,21,B02,CH1,C00000,CMP000,8,24,259.0
O009562,2026-07-10,14,B02,CH4,C00000,CMP000,0,7,71.2
O009563,2026-07-10,20,B02,CH3,C00000,CMP000,0,4,35.8
O009564,2026-07-11,22,B02,CH1,C00119,CMP000,3,9,107.5
O009565,2026-07-11,19,B02,CH1,C00000,CMP000,4,14,145.8
O009566,2026-07-11,13,B02,CH1,C00000,CMP000,6,19,166.9
O009567,2026-07-11,14,B02,CH1,C00000,CMP000,7,20,214.5
O009568,2026-07-11,20,B02,CH4,C03509,CMP000,0,5,47.5
O009569,2026-07-11,20,B02,CH1,C00000,CMP000,4,12,138.8
O009570,2026-07-11,18,B02,CH2,C00000,CMP000,0,6,67.5
O009571,2026-07-11,19,B02,CH2,C00000,CMP000,0,2,18.2
O009572,2026-07-11,18,B02,CH1,C02865,CMP000,4,13,146.3
O009573,2026-07-12,22,B02,CH1,C00000,CMP000,4,17,137.9
O009574,2026-07-12,14,B02,CH1,C00000,CMP000,3,11,112.7
O009575,2026-07-12,19,B02,CH1,C00000,CMP000,4,13,120.4
O009576,2026-07-12,14,B02,CH1,C03774,CMP000,4,14,125.5
O009577,2026-07-12,18,B02,CH1,C00000,CMP000,6,20,191.1
O009578,2026-07-12,18,B02,CH2,C00000,CMP000,0,2,17.7
O009579,2026-07-12,20,B02,CH1,C03509,CMP000,2,6,55.1
O009580,2026-07-12,14,B02,CH1,C00063,CMP000,2,6,66.2
O009581,2026-07-13,19,B02,CH3,C02712,CMP000,0,7,63.5
O009582,2026-07-15,20,B02,CH1,C00000,CMP000,4,12,111.5
O009583,2026-07-15,20,B02,CH1,C00000,CMP000,2,5,63.0
O009584,2026-07-15,18,B02,CH1,C01897,CMP000,3,11,116.1
O009585,2026-07-16,20,B02,CH1,C00119,CMP000,3,5,61.2
O009586,2026-07-16,17,B02,CH3,C00000,CMP000,0,2,20.5
O009587,2026-07-16,20,B02,CH1,C00000,CMP000,2,3,50.0
O009588,2026-07-16,19,B02,CH4,C00000,CMP000,0,4,48.5
O009589,2026-07-16,21,B02,CH1,C00000,CMP000,2,5,56.1
O009590,2026-07-16,16,B02,CH4,C00000,CMP000,0,4,88.3
O009591,2026-07-16,17,B02,CH1,C00000,CMP000,3,7,73.1
O009592,2026-07-16,20,B02,CH1,C00000,CMP000,2,8,118.8
O009593,2026-07-17,18,B02,CH4,C00000,CMP000,0,1,14.5
O009594,2026-07-17,19,B02,CH1,C03450,CMP000,3,9,87.5
O009595,2026-07-17,22,B02,CH4,C00000,CMP000,0,7,63.7
O009596,2026-07-17,18,B02,CH2,C00000,CMP000,0,8,77.5
O009597,2026-07-17,22,B02,CH4,C00000,CMP000,0,4,37.7
O009598,2026-07-17,16,B02,CH4,C01802,CMP000,0,3,28.0
O009599,2026-07-17,22,B02,CH3,C00000,CMP000,0,6,49.7
O009600,2026-07-17,21,B02,CH1,C02865,CMP000,5,16,160.9
O009601,2026-07-17,13,B02,CH2,C00000,CMP000,0,4,55.3
O009602,2026-07-17,12,B02,CH1,C00000,CMP000,4,7,94.2
O009603,2026-07-17,22,B02,CH4,C00000,CMP000,0,4,41.5
O009604,2026-07-18,17,B02,CH4,C00000,CMP000,0,5,59.5
O009605,2026-07-18,19,B02,CH1,C00000,CMP000,4,12,117.1
O009606,2026-07-18,17,B02,CH1,C03509,CMP000,3,7,74.3
O009607,2026-07-18,21,B02,CH2,C00000,CMP000,0,3,46.0
O009608,2026-07-18,20,B02,CH1,C00000,CMP000,3,13,109.5
O009609,2026-07-18,19,B02,CH4,C00000,CMP000,0,3,26.3
O009610,2026-07-18,13,B02,CH1,C03509,CMP000,7,20,201.4
O009611,2026-07-18,18,B02,CH1,C00000,CMP000,4,11,139.8
O009612,2026-07-19,14,B02,CH1,C00000,CMP000,3,10,99.0
O009613,2026-07-19,19,B02,CH1,C00000,CMP000,4,11,106.4
O009614,2026-07-19,12,B02,CH1,C04778,CMP000,4,8,122.5
O009615,2026-07-19,13,B02,CH1,C00000,CMP000,2,5,47.9
O009616,2026-07-19,12,B02,CH1,C04481,CMP000,2,5,62.8
O009617,2026-07-20,16,B02,CH1,C00000,CMP000,7,26,276.0
O009618,2026-07-20,17,B02,CH3,C00000,CMP000,0,10,88.9
O009619,2026-07-20,14,B02,CH4,C00737,CMP000,0,6,54.7
O009620,2026-07-20,22,B02,CH2,C00000,CMP000,0,3,31.7
O009621,2026-07-20,20,B02,CH1,C00119,CMP000,2,5,49.3
O009622,2026-07-20,20,B02,CH1,C01897,CMP000,4,13,115.4
O009623,2026-07-22,20,B02,CH1,C03865,CMP000,4,9,140.3
O009624,2026-07-22,19,B02,CH3,C04721,CMP000,0,4,46.2
O009625,2026-07-22,19,B02,CH3,C00000,CMP000,0,10,91.3
O009626,2026-07-22,22,B02,CH1,C00000,CMP000,4,15,136.7
O009627,2026-07-22,17,B02,CH1,C00000,CMP000,4,11,131.0
O009628,2026-07-23,14,B02,CH1,C04778,CMP000,2,5,53.2
O009629,2026-07-23,18,B02,CH4,C00000,CMP000,0,2,20.0
O009630,2026-07-23,18,B02,CH1,C00000,CMP000,5,18,176.3
O009631,2026-07-23,13,B02,CH1,C00257,CMP000,2,3,52.2
O009632,2026-07-23,13,B02,CH1,C02724,CMP000,5,12,133.9
O009633,2026-07-23,12,B02,CH3,C03509,CMP000,0,6,63.8
O009634,2026-07-23,13,B02,CH1,C00000,CMP000,6,18,192.7
O009635,2026-07-23,22,B02,CH1,C00000,CMP000,2,6,53.7
O009636,2026-07-23,21,B02,CH1,C00000,CMP000,4,10,109.5
O009637,2026-07-23,22,B02,CH1,C00000,CMP000,2,7,62.2
O009638,2026-07-23,12,B02,CH3,C00000,CMP000,0,5,51.5
O009639,2026-07-23,20,B02,CH3,C00000,CMP000,0,9,85.4
O009640,2026-07-23,18,B02,CH1,C00000,CMP000,2,5,58.8
O009641,2026-07-23,13,B02,CH4,C00000,CMP000,0,2,20.0
O009642,2026-07-24,21,B02,CH1,C00000,CMP000,1,4,31.5
O009643,2026-07-24,18,B02,CH1,C00000,CMP000,3,10,89.5
O009644,2026-07-24,17,B02,CH3,C01104,CMP000,0,8,70.1
O009645,2026-07-24,14,B02,CH1,C00000,CMP000,2,7,67.0
O009646,2026-07-24,18,B02,CH3,C00000,CMP000,0,4,35.0
O009647,2026-07-24,13,B02,CH1,C00000,CMP000,2,5,59.7
O009648,2026-07-24,19,B02,CH1,C03213,CMP000,4,12,123.3
O009649,2026-07-25,21,B02,CH1,C00000,CMP000,2,6,50.9
O009650,2026-07-25,16,B02,CH3,C00000,CMP000,0,5,46.2
O009651,2026-07-25,16,B02,CH1,C00000,CMP000,2,7,99.2
O009652,2026-07-25,18,B02,CH1,C03726,CMP000,2,7,59.8
O009653,2026-07-25,17,B02,CH4,C00000,CMP000,0,4,27.7
O009654,2026-07-25,18,B02,CH1,C00000,CMP000,2,7,53.0
O009655,2026-07-25,21,B02,CH1,C00000,CMP000,2,5,42.9
O009656,2026-07-25,12,B02,CH1,C03726,CMP000,1,4,27.2
O009657,2026-07-25,21,B02,CH2,C00000,CMP000,0,4,37.0
O009658,2026-07-25,13,B02,CH1,C00000,CMP000,6,16,167.1
O009659,2026-07-25,22,B02,CH3,C00000,CMP000,0,2,20.0
O009660,2026-07-25,17,B02,CH3,C00000,CMP000,0,12,100.2
O009661,2026-07-25,18,B02,CH3,C04721,CMP000,0,4,64.3
O009662,2026-07-26,21,B02,CH1,C00000,CMP000,3,10,106.5
O009663,2026-07-26,20,B02,CH1,C00594,CMP000,1,3,26.3
O009664,2026-07-26,19,B02,CH1,C04561,CMP000,2,6,54.5
O009665,2026-07-26,21,B02,CH3,C00000,CMP000,0,2,18.5
O009666,2026-07-26,14,B02,CH1,C03509,CMP000,2,5,40.0
O009667,2026-07-27,19,B02,CH1,C02957,CMP000,2,4,46.2
O009668,2026-07-27,20,B02,CH1,C00000,CMP000,1,4,40.3
O009669,2026-07-27,17,B02,CH1,C03509,CMP000,1,4,33.5
O009670,2026-07-27,13,B02,CH1,C00000,CMP000,1,3,40.5
O009671,2026-07-27,19,B02,CH1,C00000,CMP000,2,6,54.9
O009672,2026-07-29,17,B02,CH1,C00000,CMP000,7,24,243.4
O009673,2026-07-29,22,B02,CH1,C00000,CMP000,2,5,52.8
O009674,2026-07-29,14,B02,CH1,C03509,CMP000,1,3,44.5
O009675,2026-07-29,20,B02,CH1,C00000,CMP000,2,7,66.7
O009676,2026-07-29,19,B02,CH2,C00000,CMP000,0,4,38.7
O009677,2026-07-29,21,B02,CH1,C00000,CMP000,2,6,56.1
O009678,2026-07-30,21,B02,CH3,C00000,CMP000,0,4,35.4
O009679,2026-07-30,22,B02,CH1,C00763,CMP000,1,4,31.8
O009680,2026-07-30,16,B02,CH3,C00000,CMP000,0,2,20.0
O009681,2026-07-30,14,B02,CH2,C03662,CMP000,0,2,28.8
O009682,2026-07-30,18,B02,CH4,C00000,CMP000,0,4,40.8
O009683,2026-07-30,22,B02,CH1,C03726,CMP000,4,12,118.3
O009684,2026-07-31,20,B02,CH4,C00000,CMP000,0,9,77.5
O009685,2026-07-31,19,B02,CH1,C03773,CMP000,3,8,80.1
O009686,2026-07-31,18,B02,CH1,C03509,CMP000,4,12,142.5
O009687,2026-07-31,22,B02,CH1,C00000,CMP000,2,6,71.1
O009688,2026-07-31,12,B02,CH1,C00215,CMP000,5,14,134.3
O009689,2026-07-31,12,B02,CH1,C00000,CMP000,2,3,33.2
O009690,2026-07-31,19,B02,CH2,C00000,CMP000,0,5,55.2
O009691,2026-07-31,21,B02,CH1,C00000,CMP000,2,5,61.0
O009692,2026-07-31,18,B02,CH3,C00000,CMP000,0,12,129.0
O009693,2026-07-31,18,B02,CH1,C02399,CMP000,5,14,163.5
O009694,2026-07-31,21,B02,CH1,C04420,CMP000,5,21,181.8
O009695,2026-07-31,14,B02,CH3,C00000,CMP000,0,7,57.4
O009696,2026-08-01,14,B02,CH1,C00000,CMP000,2,6,108.2
O009697,2026-08-01,20,B02,CH1,C00000,CMP000,2,6,96.0
O009698,2026-08-01,20,B02,CH3,C00000,CMP000,0,10,96.9
O009699,2026-08-01,20,B02,CH1,C01871,CMP000,1,3,27.0
O009700,2026-08-01,18,B02,CH1,C00000,CMP000,8,28,282.7
O009701,2026-08-01,18,B02,CH1,C00000,CMP000,4,12,130.4
O009702,2026-08-01,19,B02,CH1,C03223,CMP000,5,22,212.9
O009703,2026-08-01,18,B02,CH4,C00000,CMP000,0,4,45.7
O009704,2026-08-01,16,B02,CH1,C00000,CMP000,7,20,212.8
O009705,2026-08-02,20,B02,CH4,C00000,CMP000,0,6,67.8
O009706,2026-08-02,12,B02,CH4,C01904,CMP000,0,4,63.0
O009707,2026-08-02,15,B02,CH1,C00000,CMP000,4,11,106.4
O009708,2026-08-02,21,B02,CH3,C00000,CMP000,0,4,54.0
O009709,2026-08-02,17,B02,CH3,C00000,CMP000,0,7,70.6
O009710,2026-08-02,13,B02,CH1,C00000,CMP000,2,5,43.0
O009711,2026-08-02,20,B02,CH3,C03463,CMP000,0,2,19.0
O009712,2026-08-02,17,B02,CH3,C03774,CMP000,0,6,57.5
O009713,2026-08-02,17,B02,CH1,C00000,CMP000,3,8,86.0
O009714,2026-08-03,14,B02,CH1,C00000,CMP000,2,4,41.3
O009715,2026-08-03,17,B02,CH2,C03115,CMP000,0,3,33.0
O009716,2026-08-03,20,B02,CH3,C00000,CMP000,0,7,71.8
O009717,2026-08-03,18,B02,CH2,C00000,CMP000,0,3,33.0
O009718,2026-08-03,20,B02,CH4,C00000,CMP000,0,3,26.5
O009719,2026-08-03,18,B02,CH1,C00000,CMP000,2,6,70.3
O009720,2026-08-03,17,B02,CH3,C03965,CMP000,0,10,93.5
O009721,2026-08-03,20,B02,CH1,C00000,CMP000,2,10,112.0
O009722,2026-08-05,13,B02,CH1,C00000,CMP000,2,6,63.7
O009723,2026-08-05,13,B02,CH1,C00000,CMP000,4,14,125.2
O009724,2026-08-05,22,B02,CH1,C03509,CMP000,6,18,208.9
O009725,2026-08-05,18,B02,CH1,C00000,CMP000,4,13,134.7
O009726,2026-08-05,17,B02,CH1,C02724,CMP000,4,16,153.7
O009727,2026-08-05,16,B02,CH1,C00000,CMP000,2,3,35.8
O009728,2026-08-05,19,B02,CH1,C00000,CMP000,4,10,95.0
O009729,2026-08-06,19,B02,CH2,C00000,CMP000,0,2,24.5
O009730,2026-08-06,19,B02,CH1,C04088,CMP000,1,4,31.2
O009731,2026-08-06,19,B02,CH2,C00000,CMP000,0,3,22.3
O009732,2026-08-06,22,B02,CH3,C00000,CMP000,0,8,72.2
O009733,2026-08-06,13,B02,CH1,C00119,CMP000,2,4,60.3
O009734,2026-08-07,14,B02,CH4,C00000,CMP000,0,3,43.5
O009735,2026-08-07,13,B02,CH1,C00000,CMP000,2,3,50.5
O009736,2026-08-07,19,B02,CH1,C00000,CMP000,2,6,55.3
O009737,2026-08-07,22,B02,CH1,C00000,CMP000,2,8,70.0
O009738,2026-08-07,19,B02,CH2,C00000,CMP000,0,6,52.2
O009739,2026-08-07,18,B02,CH4,C00000,CMP000,0,9,83.0
O009740,2026-08-07,17,B02,CH1,C00000,CMP000,2,5,50.5
O009741,2026-08-07,20,B02,CH1,C00000,CMP000,3,8,78.3
O009742,2026-08-07,19,B02,CH1,C04061,CMP000,1,5,40.9
O009743,2026-08-07,18,B02,CH3,C00000,CMP000,0,7,80.2
O009744,2026-08-07,15,B02,CH1,C00000,CMP000,5,19,202.5
O009745,2026-08-07,18,B02,CH1,C00000,CMP000,2,6,58.7
O009746,2026-08-08,19,B02,CH1,C04778,CMP000,2,6,75.5
O009747,2026-08-08,13,B02,CH1,C04825,CMP000,8,21,198.6
O009748,2026-08-08,18,B02,CH4,C00000,CMP000,0,3,32.0
O009749,2026-08-08,17,B02,CH1,C00000,CMP000,2,5,51.0
O009750,2026-08-08,16,B02,CH3,C00000,CMP000,0,2,18.0
O009751,2026-08-09,17,B02,CH1,C04697,CMP000,2,6,54.3
O009752,2026-08-09,13,B02,CH1,C03509,CMP000,2,4,51.0
O009753,2026-08-09,22,B02,CH1,C04502,CMP000,1,3,25.0
O009754,2026-08-10,12,B02,CH1,C00000,CMP000,3,10,89.3
O009755,2026-08-10,17,B02,CH3,C00000,CMP000,0,3,35.3
O009756,2026-08-10,21,B02,CH1,C00000,CMP000,7,20,205.2
O009757,2026-08-10,20,B02,CH1,C00000,CMP000,4,16,137.0
O009758,2026-08-10,18,B02,CH1,C00000,CMP000,2,5,44.8
O009759,2026-08-12,22,B02,CH4,C00000,CMP000,0,3,32.0
O009760,2026-08-12,12,B02,CH1,C00000,CMP000,4,10,115.4
O009761,2026-08-12,20,B02,CH4,C00000,CMP000,0,3,33.5
O009762,2026-08-13,19,B02,CH1,C02016,CMP000,2,8,74.1
O009763,2026-08-13,17,B02,CH3,C01876,CMP000,0,10,103.5
O009764,2026-08-13,18,B02,CH1,C00000,CMP000,2,7,87.2
O009765,2026-08-13,19,B02,CH1,C01674,CMP000,4,13,118.2
O009766,2026-08-13,21,B02,CH1,C00000,CMP000,3,4,66.0
O009767,2026-08-14,18,B02,CH3,C03774,CMP000,0,4,48.0
O009768,2026-08-14,20,B02,CH1,C00000,CMP000,4,12,137.4
O009769,2026-08-14,18,B02,CH1,C03223,CMP000,2,8,75.0
O009770,2026-08-14,18,B02,CH1,C00000,CMP000,2,8,72.3
O009771,2026-08-14,22,B02,CH3,C00000,CMP000,0,2,19.5
O009772,2026-08-14,18,B02,CH1,C00000,CMP000,2,7,65.8
O009773,2026-08-14,18,B02,CH3,C00000,CMP000,0,4,48.0
O009774,2026-08-14,19,B02,CH1,C04519,CMP000,2,5,50.5
O009775,2026-08-14,14,B02,CH1,C00000,CMP000,2,8,62.3
O009776,2026-08-14,20,B02,CH1,C04384,CMP000,2,7,59.7
O009777,2026-08-14,13,B02,CH1,C00000,CMP000,4,12,99.7
O009778,2026-08-14,21,B02,CH1,C00000,CMP000,2,6,59.8
O009779,2026-08-14,15,B02,CH1,C00000,CMP000,5,15,181.8
O009780,2026-08-14,14,B02,CH1,C00000,CMP000,2,4,44.7
O009781,2026-08-15,13,B02,CH1,C00000,CMP000,4,10,100.5
O009782,2026-08-15,22,B02,CH1,C00000,CMP000,2,6,79.8
O009783,2026-08-15,14,B02,CH1,C00000,CMP000,4,12,112.6
O009784,2026-08-15,16,B02,CH1,C00000,CMP000,1,3,28.9
O009785,2026-08-15,18,B02,CH4,C00000,CMP000,0,2,18.5
O009786,2026-08-15,13,B02,CH1,C00000,CMP000,2,8,62.0
O009787,2026-08-15,22,B02,CH1,C00000,CMP000,4,16,153.7
O009788,2026-08-15,13,B02,CH1,C03509,CMP000,6,14,191.4
O009789,2026-08-15,21,B02,CH4,C00000,CMP000,0,8,80.7
O009790,2026-08-16,18,B02,CH1,C00000,CMP000,5,16,174.3
O009791,2026-08-16,19,B02,CH2,C00000,CMP000,0,8,67.4
O009792,2026-08-16,12,B02,CH1,C00000,CMP000,2,5,60.8
O009793,2026-08-16,19,B02,CH1,C00000,CMP000,2,6,52.1
O009794,2026-08-17,19,B02,CH3,C00000,CMP000,0,2,17.5
O009795,2026-08-17,17,B02,CH1,C00000,CMP000,2,7,59.8
O009796,2026-08-17,14,B02,CH1,C03509,CMP000,2,5,46.8
O009797,2026-08-17,19,B02,CH3,C03764,CMP000,0,4,47.0
O009798,2026-08-19,20,B02,CH3,C00000,CMP000,0,4,49.7
O009799,2026-08-19,21,B02,CH3,C00000,CMP000,0,4,53.5
O009800,2026-08-19,13,B02,CH1,C00000,CMP000,2,6,62.2
O009801,2026-08-19,13,B02,CH1,C00000,CMP000,2,6,93.2
O009802,2026-08-19,16,B02,CH1,C01580,CMP000,3,9,104.7
O009803,2026-08-20,16,B02,CH3,C00000,CMP000,0,3,39.0
O009804,2026-08-20,18,B02,CH4,C03509,CMP000,0,6,64.7
O009805,2026-08-20,21,B02,CH1,C00000,CMP000,2,6,48.6
O009806,2026-08-21,21,B02,CH1,C02766,CMP000,2,7,76.8
O009807,2026-08-21,12,B02,CH1,C01721,CMP000,6,22,171.0
O009808,2026-08-21,17,B02,CH2,C00000,CMP000,0,4,46.5
O009809,2026-08-21,16,B02,CH3,C00000,CMP000,0,6,56.7
O009810,2026-08-21,22,B02,CH1,C03509,CMP000,1,4,32.3
O009811,2026-08-21,16,B02,CH1,C00000,CMP000,2,7,57.7
O009812,2026-08-21,15,B02,CH1,C00000,CMP000,2,6,63.0
O009813,2026-08-21,18,B02,CH1,C02602,CMP000,2,5,76.5
O009814,2026-08-21,21,B02,CH1,C00000,CMP000,4,12,118.9
O009815,2026-08-22,22,B02,CH4,C00000,CMP000,0,2,21.5
O009816,2026-08-22,19,B02,CH1,C01237,CMP000,4,10,118.9
O009817,2026-08-22,12,B02,CH1,C00000,CMP000,2,4,49.0
O009818,2026-08-22,16,B02,CH1,C00000,CMP000,2,4,47.2
O009819,2026-08-22,21,B02,CH1,C00523,CMP000,4,11,167.0
O009820,2026-08-22,15,B02,CH1,C00000,CMP000,2,7,64.3
O009821,2026-08-22,12,B02,CH1,C00000,CMP000,2,7,49.4
O009822,2026-08-22,13,B02,CH1,C00000,CMP000,3,9,79.5
O009823,2026-08-22,19,B02,CH1,C03774,CMP000,2,5,64.6
O009824,2026-08-22,22,B02,CH1,C00000,CMP000,6,18,189.5
O009825,2026-08-22,13,B02,CH1,C04144,CMP000,1,3,43.7
O009826,2026-08-23,12,B02,CH3,C00000,CMP000,0,7,70.5
O009827,2026-08-23,19,B02,CH1,C00000,CMP000,8,24,283.9
O009828,2026-08-23,18,B02,CH1,C04825,CMP000,2,5,45.3
O009829,2026-08-23,18,B02,CH1,C03773,CMP000,2,7,100.3
O009830,2026-08-23,18,B02,CH1,C00119,CMP000,6,20,238.6
O009831,2026-08-23,16,B02,CH1,C02453,CMP000,5,16,150.0
O009832,2026-08-23,18,B02,CH3,C00000,CMP000,0,6,105.7
O009833,2026-08-24,19,B02,CH1,C00119,CMP000,6,18,223.1
O009834,2026-08-24,13,B02,CH1,C00000,CMP000,4,10,95.2
O009835,2026-08-24,14,B02,CH1,C00000,CMP000,1,3,24.2
O009836,2026-08-26,20,B02,CH1,C04096,CMP000,2,6,63.0
O009837,2026-08-26,19,B02,CH3,C00000,CMP000,0,9,75.3
O009838,2026-08-26,20,B02,CH1,C00119,CMP000,2,6,73.7
O009839,2026-08-26,18,B02,CH1,C01678,CMP000,1,2,23.0
O009840,2026-08-26,19,B02,CH1,C00000,CMP000,2,9,72.5
O009841,2026-08-27,20,B02,CH1,C01852,CMP000,2,7,66.3
O009842,2026-08-27,18,B02,CH1,C03509,CMP000,1,4,43.5
O009843,2026-08-27,21,B02,CH1,C02021,CMP000,4,11,123.1
O009844,2026-08-27,19,B02,CH1,C00000,CMP000,3,9,92.6
O009845,2026-08-27,20,B02,CH2,C00000,CMP000,0,4,40.0
O009846,2026-08-27,20,B02,CH1,C00000,CMP000,2,8,67.5
O009847,2026-08-28,13,B02,CH3,C00000,CMP000,0,10,90.4
O009848,2026-08-28,14,B02,CH3,C00275,CMP000,0,6,51.7
O009849,2026-08-28,18,B02,CH1,C00000,CMP000,2,6,53.8
O009850,2026-08-28,18,B02,CH3,C03691,CMP000,0,2,30.5
O009851,2026-08-28,18,B02,CH4,C04420,CMP000,0,2,35.5
O009852,2026-08-28,18,B02,CH1,C00000,CMP000,2,7,85.0
O009853,2026-08-28,13,B02,CH1,C00000,CMP000,2,6,63.7
O009854,2026-08-28,19,B02,CH2,C01219,CMP000,0,9,77.7
O009855,2026-08-29,19,B02,CH1,C00000,CMP000,2,7,81.1
O009856,2026-08-29,17,B02,CH2,C04328,CMP000,0,8,93.4
O009857,2026-08-29,18,B02,CH2,C00000,CMP000,0,4,41.0
O009858,2026-08-29,18,B02,CH1,C00000,CMP000,2,4,48.6
O009859,2026-08-29,19,B02,CH4,C00000,CMP000,0,2,20.0
O009860,2026-08-29,19,B02,CH1,C02865,CMP000,1,1,16.5
O009861,2026-08-29,21,B02,CH1,C00688,CMP000,2,6,60.0
O009862,2026-08-29,20,B02,CH1,C00000,CMP000,1,5,34.5
O009863,2026-08-29,22,B02,CH1,C00000,CMP000,2,5,62.2
O009864,2026-08-29,17,B02,CH1,C00000,CMP000,2,6,59.7
O009865,2026-08-29,14,B02,CH1,C03509,CMP000,4,7,102.2
O009866,2026-08-29,19,B02,CH3,C00000,CMP000,0,9,93.3
O009867,2026-08-29,21,B02,CH4,C00000,CMP000,0,2,39.5
O009868,2026-08-29,19,B02,CH2,C00000,CMP000,0,1,30.0
O009869,2026-08-30,19,B02,CH1,C00000,CMP000,2,7,66.0
O009870,2026-08-30,17,B02,CH1,C00000,CMP000,4,11,108.7
O009871,2026-08-30,21,B02,CH3,C00481,CMP000,0,5,46.4
O009872,2026-08-30,20,B02,CH1,C00000,CMP000,2,6,58.5
O009873,2026-08-30,15,B02,CH3,C00000,CMP000,0,4,37.7
O009874,2026-08-30,13,B02,CH1,C02688,CMP000,2,5,58.7
O009875,2026-08-30,20,B02,CH1,C04356,CMP000,2,6,58.0
O009876,2026-08-30,19,B02,CH2,C00000,CMP000,0,11,118.7
O009877,2026-08-31,17,B02,CH4,C00000,CMP000,0,3,45.5
O009878,2026-08-31,19,B02,CH1,C04105,CMP000,8,25,252.8
O009879,2026-08-31,14,B02,CH1,C00000,CMP000,1,4,30.2
O009880,2026-09-02,12,B02,CH1,C04356,CMP000,3,7,60.6
O009881,2026-09-02,18,B02,CH1,C00000,CMP000,2,9,92.2
O009882,2026-09-02,18,B02,CH1,C00000,CMP000,2,6,58.8
O009883,2026-09-02,22,B02,CH4,C00511,CMP000,0,6,58.2
O009884,2026-09-03,16,B02,CH1,C00000,CMP000,2,8,62.4
O009885,2026-09-03,18,B02,CH4,C00000,CMP000,0,3,41.5
O009886,2026-09-03,20,B02,CH1,C01469,CMP000,4,12,157.7
O009887,2026-09-03,14,B02,CH1,C02651,CMP000,2,6,47.4
O009888,2026-09-03,13,B02,CH1,C03223,CMP000,4,14,117.4
O009889,2026-09-03,16,B02,CH4,C00000,CMP000,0,3,59.5
O009890,2026-09-04,20,B02,CH2,C00000,CMP000,0,1,19.5
O009891,2026-09-04,18,B02,CH1,C00000,CMP000,8,29,283.5
O009892,2026-09-04,18,B02,CH1,C03040,CMP000,3,8,81.7
O009893,2026-09-05,21,B02,CH1,C03509,CMP000,7,21,276.4
O009894,2026-09-05,16,B02,CH3,C00000,CMP000,0,8,73.9
O009895,2026-09-05,19,B02,CH3,C00000,CMP000,0,2,44.0
O009896,2026-09-05,18,B02,CH1,C03509,CMP000,3,8,116.0
O009897,2026-09-05,22,B02,CH1,C00000,CMP000,3,11,93.6
O009898,2026-09-05,19,B02,CH1,C00000,CMP000,4,11,120.8
O009899,2026-09-05,18,B02,CH1,C00000,CMP000,2,7,63.0
O009900,2026-09-05,22,B02,CH1,C00000,CMP000,2,7,54.0
O009901,2026-09-05,12,B02,CH1,C00000,CMP000,6,15,178.3
O009902,2026-09-05,12,B02,CH1,C01649,CMP000,8,23,211.8
O009903,2026-09-05,20,B02,CH4,C04778,CMP000,0,4,37.7
O009904,2026-09-05,19,B02,CH3,C00000,CMP000,0,11,98.9
O009905,2026-09-05,20,B02,CH1,C02537,CMP000,4,15,142.6
O009906,2026-09-05,18,B02,CH1,C00000,CMP000,5,13,151.2
O009907,2026-09-05,12,B02,CH1,C02839,CMP000,2,8,68.8
O009908,2026-09-05,18,B02,CH2,C00000,CMP000,0,7,63.8
O009909,2026-09-05,12,B02,CH1,C00000,CMP000,4,11,103.0
O009910,2026-09-06,22,B02,CH1,C00622,CMP000,2,8,66.2
O009911,2026-09-06,22,B02,CH2,C00000,CMP000,0,4,40.5
O009912,2026-09-06,22,B02,CH4,C00000,CMP000,0,9,69.9
O009913,2026-09-06,18,B02,CH1,C03701,CMP000,5,21,188.8
O009914,2026-09-06,12,B02,CH1,C04825,CMP000,1,5,42.7
O009915,2026-09-06,21,B02,CH1,C00585,CMP000,3,10,89.4
O009916,2026-09-06,12,B02,CH1,C00000,CMP000,2,6,51.1
O009917,2026-09-06,21,B02,CH1,C00000,CMP000,1,4,34.2
O009918,2026-09-06,19,B02,CH1,C00000,CMP000,1,4,38.8
O009919,2026-09-06,22,B02,CH1,C00000,CMP000,5,15,138.0
O009920,2026-09-07,15,B02,CH1,C02839,CMP000,2,3,32.0
O009921,2026-09-07,19,B02,CH1,C03241,CMP000,1,1,16.5
O009922,2026-09-07,18,B02,CH1,C00000,CMP000,1,1,16.5
O009923,2026-09-09,19,B02,CH1,C00000,CMP000,1,4,39.3
O009924,2026-09-09,18,B02,CH1,C01700,CMP000,2,8,75.6
O009925,2026-09-09,20,B02,CH1,C00000,CMP000,3,6,92.5
O009926,2026-09-09,14,B02,CH1,C00000,CMP000,1,3,59.0
O009927,2026-09-09,18,B02,CH1,C00000,CMP000,3,11,126.0
O009928,2026-09-10,18,B02,CH1,C01123,CMP000,3,11,108.6
O009929,2026-09-10,18,B02,CH1,C03509,CMP000,4,11,134.7
O009930,2026-09-10,18,B02,CH1,C00000,CMP000,2,8,94.8
O009931,2026-09-10,13,B02,CH1,C00000,CMP000,2,6,54.2
O009932,2026-09-10,17,B02,CH1,C00000,CMP000,4,13,115.0
O009933,2026-09-10,20,B02,CH1,C00119,CMP000,8,25,287.4
O009934,2026-09-11,20,B02,CH1,C03691,CMP000,2,7,68.7
O009935,2026-09-11,20,B02,CH1,C00000,CMP000,2,9,74.0
O009936,2026-09-11,13,B02,CH1,C03223,CMP000,4,12,142.7
O009937,2026-09-11,12,B02,CH4,C00000,CMP000,0,2,36.5
O009938,2026-09-11,19,B02,CH1,C00000,CMP000,5,16,151.5
O009939,2026-09-11,20,B02,CH1,C01137,CMP000,4,13,124.7
O009940,2026-09-11,13,B02,CH4,C02375,CMP000,0,3,24.2
O009941,2026-09-12,18,B02,CH1,C04640,CMP000,4,15,150.4
O009942,2026-09-12,18,B02,CH1,C00000,CMP000,2,2,56.0
O009943,2026-09-12,19,B02,CH1,C03509,CMP000,2,7,86.0
O009944,2026-09-12,22,B02,CH1,C00000,CMP000,3,11,98.9
O009945,2026-09-12,22,B02,CH1,C03223,CMP000,2,9,73.3
O009946,2026-09-12,15,B02,CH1,C00000,CMP000,3,6,70.9
O009947,2026-09-12,21,B02,CH1,C00000,CMP000,1,3,23.5
O009948,2026-09-12,21,B02,CH1,C04778,CMP000,4,13,140.3
O009949,2026-09-12,16,B02,CH1,C00000,CMP000,1,4,31.0
O009950,2026-09-12,22,B02,CH1,C00000,CMP000,3,10,98.6
O009951,2026-09-12,16,B02,CH1,C00000,CMP000,1,3,33.5
O009952,2026-09-13,20,B02,CH1,C00000,CMP000,1,2,18.7
O009953,2026-09-13,14,B02,CH1,C00000,CMP000,2,4,48.2
O009954,2026-09-14,20,B02,CH4,C00000,CMP000,0,2,27.5
O009955,2026-09-14,13,B02,CH1,C00000,CMP000,4,12,131.4
O009956,2026-09-14,21,B02,CH1,C02624,CMP000,1,2,34.0
O009957,2026-09-14,17,B02,CH4,C00000,CMP000,0,2,23.0
O009958,2026-09-14,19,B02,CH1,C00000,CMP000,3,11,131.8
O009959,2026-09-14,13,B02,CH1,C00000,CMP000,2,5,42.7
O009960,2026-09-16,19,B02,CH1,C00000,CMP000,2,7,65.3
O009961,2026-09-16,13,B02,CH1,C00000,CMP000,1,2,19.7
O009962,2026-09-16,19,B02,CH1,C00279,CMP000,2,6,68.0
O009963,2026-09-16,15,B02,CH1,C03867,CMP000,4,13,120.4
O009964,2026-09-17,17,B02,CH2,C00000,CMP000,0,2,22.5
O009965,2026-09-18,21,B02,CH1,C00000,CMP000,2,6,59.8
O009966,2026-09-18,19,B02,CH1,C00000,CMP000,4,15,185.8
O009967,2026-09-18,20,B02,CH1,C00000,CMP000,6,17,186.3
O009968,2026-09-18,19,B02,CH1,C03223,CMP000,1,3,57.0
O009969,2026-09-18,20,B02,CH1,C00000,CMP000,8,26,222.0
O009970,2026-09-19,21,B02,CH1,C00000,CMP000,2,7,54.9
O009971,2026-09-19,19,B02,CH1,C00000,CMP000,2,6,48.2
O009972,2026-09-19,12,B02,CH1,C00000,CMP000,3,8,77.8
O009973,2026-09-19,14,B02,CH1,C00000,CMP000,2,6,51.6
O009974,2026-09-19,13,B02,CH1,C00511,CMP000,4,10,100.5
O009975,2026-09-19,15,B02,CH2,C01469,CMP000,0,2,70.5
O009976,2026-09-20,19,B02,CH1,C00000,CMP000,2,8,74.8
O009977,2026-09-20,20,B02,CH1,C00000,CMP000,2,11,124.3
O009978,2026-09-20,15,B02,CH4,C00000,CMP000,0,1,13.5
O009979,2026-09-20,20,B02,CH1,C00000,CMP000,4,15,122.0
O009980,2026-09-21,18,B02,CH1,C00000,CMP000,4,11,133.2
O009981,2026-09-21,21,B02,CH4,C00000,CMP000,0,2,26.5
O009982,2026-09-21,20,B02,CH1,C00000,CMP000,2,3,53.5
O009983,2026-09-21,14,B02,CH1,C00000,CMP000,4,11,93.8
O009984,2026-09-21,21,B02,CH1,C00000,CMP000,6,17,192.2
O009985,2026-09-23,13,B02,CH1,C04933,CMP000,2,5,66.2
O009986,2026-09-23,21,B02,CH1,C00000,CMP000,4,13,139.7
O009987,2026-09-23,19,B02,CH3,C00000,CMP000,0,2,17.5
O009988,2026-09-23,21,B02,CH3,C00000,CMP000,0,5,36.9
O009989,2026-09-24,20,B02,CH1,C00000,CMP000,5,16,230.2
O009990,2026-09-24,21,B02,CH3,C00000,CMP000,0,1,14.0
O009991,2026-09-24,19,B02,CH1,C00000,CMP000,4,9,102.0
O009992,2026-09-24,16,B02,CH1,C00000,CMP000,2,5,74.0
O009993,2026-09-25,17,B02,CH1,C01566,CMP000,8,27,275.8
O009994,2026-09-25,13,B02,CH2,C02704,CMP000,0,9,93.5
O009995,2026-09-25,19,B02,CH1,C00119,CMP000,2,8,66.7
O009996,2026-09-25,15,B02,CH1,C00000,CMP000,4,17,157.1
O009997,2026-09-25,19,B02,CH1,C00000,CMP000,6,19,183.1
O009998,2026-09-25,22,B02,CH2,C04520,CMP000,0,2,19.0
O009999,2026-09-26,19,B02,CH1,C00000,CMP000,2,6,98.3
O010000,2026-09-26,17,B02,CH2,C00000,CMP000,0,4,56.7
O010001,2026-09-26,18,B02,CH1,C01079,CMP000,2,5,62.4
O010002,2026-09-27,17,B02,CH4,C00000,CMP000,0,6,56.9
O010003,2026-09-27,19,B02,CH1,C01175,CMP000,1,4,32.6
O010004,2026-09-27,13,B02,CH1,C02770,CMP000,2,7,70.0
O010005,2026-09-27,12,B02,CH4,C00000,CMP000,0,3,35.3
O010006,2026-09-27,19,B02,CH3,C00000,CMP000,0,5,55.5
O010007,2026-09-27,18,B02,CH3,C00000,CMP000,0,5,45.4
O010008,2026-09-27,17,B02,CH1,C00119,CMP000,4,8,94.5
O010009,2026-09-28,18,B02,CH1,C01543,CMP000,2,5,44.1
O010010,2026-09-28,14,B02,CH1,C03223,CMP000,2,4,50.5
O010011,2026-09-28,13,B02,CH4,C00000,CMP000,0,2,18.5
O010012,2026-09-28,19,B02,CH4,C00000,CMP000,0,5,44.4
O010013,2026-09-28,12,B02,CH1,C03223,CMP000,2,5,49.2
O010014,2026-09-30,22,B02,CH3,C00000,CMP000,0,4,40.2
O010015,2026-09-30,17,B02,CH3,C00000,CMP000,0,2,19.0
O010016,2024-01-01,20,B03,CH3,C00000,CMP000,0,5,52.85
O010017,2024-01-01,18,B03,CH2,C00000,CMP000,0,2,21.95
O010018,2024-01-03,21,B03,CH1,C00000,CMP000,2,3,31.75
O010019,2024-01-03,19,B03,CH1,C01594,CMP000,2,5,44.6
O010020,2024-01-03,19,B03,CH1,C00000,CMP000,8,24,248.8
O010021,2024-01-04,18,B03,CH4,C04574,CMP000,0,6,42.2
O010022,2024-01-04,16,B03,CH1,C01059,CMP000,4,12,118.35
O010023,2024-01-04,18,B03,CH1,C01223,CMP000,2,4,39.9
O010024,2024-01-04,13,B03,CH1,C00000,CMP000,6,16,139.65
O010025,2024-01-05,13,B03,CH1,C00000,CMP000,2,5,38.75
O010026,2024-01-05,14,B03,CH4,C00000,CMP000,0,2,17.25
O010027,2024-01-06,20,B03,CH1,C01755,CMP000,2,6,52.35
O010028,2024-01-06,18,B03,CH1,C00000,CMP000,4,17,135.4
O010029,2024-01-07,17,B03,CH1,C00000,CMP000,6,21,179.1
O010030,2024-01-07,17,B03,CH1,C00000,CMP000,6,18,159.15
O010031,2024-01-08,13,B03,CH1,C00000,CMP000,2,5,68.2
O010032,2024-01-10,15,B03,CH1,C04574,CMP000,3,10,90.2
O010033,2024-01-10,18,B03,CH1,C00000,CMP000,2,6,77.1
O010034,2024-01-10,20,B03,CH1,C00000,CMP000,2,6,57.4
O010035,2024-01-11,12,B03,CH1,C00000,CMP000,2,7,51.35
O010036,2024-01-11,19,B03,CH1,C00000,CMP000,2,5,54.4
O010037,2024-01-12,14,B03,CH1,C01346,CMP000,2,7,51.9
O010038,2024-01-12,22,B03,CH1,C00000,CMP000,1,2,48.5
O010039,2024-01-12,19,B03,CH1,C00825,CMP000,6,18,152.7
O010040,2024-01-12,19,B03,CH3,C02356,CMP000,0,2,21.6
O010041,2024-01-12,19,B03,CH1,C01059,CMP000,3,10,79.65
O010042,2024-01-12,13,B03,CH1,C00000,CMP000,2,4,35.9
O010043,2024-01-12,12,B03,CH1,C00000,CMP000,3,8,72.85
O010044,2024-01-12,22,B03,CH1,C00000,CMP000,2,3,38.55
O010045,2024-01-12,22,B03,CH3,C00000,CMP000,0,3,20.7
O010046,2024-01-12,21,B03,CH1,C00000,CMP000,5,15,129.0
O010047,2024-01-13,18,B03,CH1,C01223,CMP000,2,5,46.6
O010048,2024-01-14,20,B03,CH1,C00000,CMP000,6,22,183.65
O010049,2024-01-14,12,B03,CH1,C00000,CMP000,4,12,93.75
O010050,2024-01-14,16,B03,CH1,C01223,CMP000,4,12,106.5
O010051,2024-01-14,20,B03,CH1,C00000,CMP000,4,13,108.35
O010052,2024-01-15,22,B03,CH2,C00000,CMP000,0,2,18.75
O010053,2024-01-15,14,B03,CH1,C00000,CMP000,2,6,61.85
O010054,2024-01-17,21,B03,CH1,C01223,CMP000,4,13,109.9
O010055,2024-01-18,17,B03,CH1,C00000,CMP000,4,12,109.2
O010056,2024-01-18,20,B03,CH1,C00000,CMP000,7,25,203.4
O010057,2024-01-18,19,B03,CH4,C00000,CMP000,0,2,20.4
O010058,2024-01-18,12,B03,CH1,C00000,CMP000,2,4,53.05
O010059,2024-01-18,20,B03,CH1,C00000,CMP000,1,2,68.45
O010060,2024-01-19,18,B03,CH1,C00000,CMP000,2,4,64.4
O010061,2024-01-19,12,B03,CH1,C00000,CMP000,2,4,38.7
O010062,2024-01-19,21,B03,CH1,C00000,CMP000,6,19,180.9
O010063,2024-01-19,18,B03,CH1,C00000,CMP000,2,9,69.85
O010064,2024-01-19,22,B03,CH1,C01223,CMP000,2,7,53.05
O010065,2024-01-19,14,B03,CH1,C04960,CMP000,4,12,115.35
O010066,2024-01-19,22,B03,CH1,C00000,CMP000,2,4,35.1
O010067,2024-01-19,20,B03,CH1,C02744,CMP000,4,13,178.7
O010068,2024-01-20,17,B03,CH1,C04002,CMP000,2,7,62.15
O010069,2024-01-20,20,B03,CH4,C00000,CMP000,0,4,42.35
O010070,2024-01-20,16,B03,CH1,C00000,CMP000,1,3,28.55
O010071,2024-01-20,14,B03,CH1,C00000,CMP000,2,5,49.45
O010072,2024-01-20,20,B03,CH3,C00000,CMP000,0,1,19.95
O010073,2024-01-21,20,B03,CH2,C00000,CMP000,0,4,32.55
O010074,2024-01-21,18,B03,CH1,C02744,CMP000,2,6,89.4
O010075,2024-01-21,17,B03,CH4,C00000,CMP000,0,5,37.85
O010076,2024-01-21,18,B03,CH1,C00000,CMP000,2,5,41.0
O010077,2024-01-21,20,B03,CH3,C00000,CMP000,0,6,44.1
O010078,2024-01-22,21,B03,CH1,C00000,CMP000,2,6,67.0
O010079,2024-01-24,20,B03,CH3,C00000,CMP000,0,8,73.85
O010080,2024-01-24,21,B03,CH1,C00000,CMP000,3,11,82.2
O010081,2024-01-25,12,B03,CH1,C00855,CMP000,2,6,52.25
O010082,2024-01-25,18,B03,CH3,C00000,CMP000,0,7,63.0
O010083,2024-01-26,21,B03,CH3,C01306,CMP000,0,2,19.05
O010084,2024-01-26,20,B03,CH1,C00000,CMP000,2,5,36.75
O010085,2024-01-26,19,B03,CH4,C00000,CMP000,0,6,57.15
O010086,2024-01-26,14,B03,CH1,C04545,CMP000,2,4,35.1
O010087,2024-01-26,20,B03,CH3,C00000,CMP000,0,4,37.35
O010088,2024-01-27,13,B03,CH1,C00000,CMP000,3,6,59.85
O010089,2024-01-27,13,B03,CH4,C01223,CMP000,0,2,23.6
O010090,2024-01-27,19,B03,CH1,C00000,CMP000,1,2,18.15
O010091,2024-01-27,17,B03,CH1,C01059,CMP000,3,12,133.35
O010092,2024-01-27,19,B03,CH1,C00000,CMP000,2,6,46.1
O010093,2024-01-28,22,B03,CH3,C00000,CMP000,0,1,19.95
O010094,2024-01-28,15,B03,CH1,C00000,CMP000,8,21,212.1
O010095,2024-01-28,13,B03,CH1,C00000,CMP000,4,13,121.1
O010096,2024-01-28,17,B03,CH2,C00000,CMP000,0,3,18.0
O010097,2024-01-29,19,B03,CH2,C02744,CMP000,0,1,13.15
O010098,2024-01-29,18,B03,CH1,C00000,CMP000,2,7,69.05
O010099,2024-01-31,18,B03,CH4,C00000,CMP000,0,6,53.55
O010100,2024-01-31,19,B03,CH1,C00000,CMP000,1,3,47.15
O010101,2024-01-31,13,B03,CH1,C00000,CMP000,2,5,45.95
O010102,2024-01-31,15,B03,CH1,C00000,CMP000,4,13,110.45
O010103,2024-01-31,19,B03,CH1,C00000,CMP000,2,7,62.4
O010104,2024-02-01,18,B03,CH1,C00000,CMP000,2,5,54.85
O010105,2024-02-02,14,B03,CH2,C00800,CMP000,0,6,56.25
O010106,2024-02-02,21,B03,CH2,C00020,CMP000,0,2,16.35
O010107,2024-02-02,19,B03,CH2,C00000,CMP000,0,2,19.5
O010108,2024-02-02,20,B03,CH1,C01346,CMP000,2,8,58.4
O010109,2024-02-02,14,B03,CH1,C04963,CMP000,2,8,69.85
O010110,2024-02-02,13,B03,CH1,C00000,CMP000,1,4,35.55
O010111,2024-02-02,17,B03,CH1,C02217,CMP000,4,14,122.6
O010112,2024-02-02,13,B03,CH1,C01223,CMP000,5,13,125.1
O010113,2024-02-03,12,B03,CH1,C00000,CMP000,5,13,135.3
O010114,2024-02-03,14,B03,CH1,C00000,CMP000,8,24,216.05
O010115,2024-02-03,13,B03,CH2,C00000,CMP000,0,7,64.6
O010116,2024-02-03,18,B03,CH1,C00000,CMP000,2,6,53.65
O010117,2024-02-03,13,B03,CH1,C00000,CMP000,2,5,45.4
O010118,2024-02-04,13,B03,CH1,C00000,CMP000,2,7,58.5
O010119,2024-02-04,20,B03,CH1,C02705,CMP000,2,6,46.9
O010120,2024-02-04,14,B03,CH1,C00000,CMP000,4,11,95.95
O010121,2024-02-04,19,B03,CH4,C00000,CMP000,0,6,75.95
O010122,2024-02-04,19,B03,CH1,C00000,CMP000,5,15,170.05
O010123,2024-02-04,21,B03,CH1,C00000,CMP000,2,6,45.1
O010124,2024-02-04,20,B03,CH1,C00000,CMP000,4,11,104.9
O010125,2024-02-04,18,B03,CH1,C00000,CMP000,6,17,181.3
O010126,2024-02-04,22,B03,CH1,C01059,CMP000,3,8,104.35
O010127,2024-02-05,16,B03,CH1,C04234,CMP000,2,6,95.05
O010128,2024-02-05,20,B03,CH3,C00000,CMP000,0,5,32.4
O010129,2024-02-05,22,B03,CH2,C00000,CMP000,0,3,36.3
O010130,2024-02-05,22,B03,CH1,C03106,CMP000,2,6,50.5
O010131,2024-02-07,22,B03,CH3,C03179,CMP000,0,1,21.3
O010132,2024-02-07,22,B03,CH1,C00000,CMP000,1,3,26.1
O010133,2024-02-08,13,B03,CH1,C00000,CMP000,5,11,117.4
O010134,2024-02-08,19,B03,CH1,C00000,CMP000,2,5,52.4
O010135,2024-02-08,18,B03,CH3,C00000,CMP000,0,9,89.25
O010136,2024-02-08,15,B03,CH1,C00000,CMP000,4,13,116.45
O010137,2024-02-08,16,B03,CH1,C00000,CMP000,6,22,194.7
O010138,2024-02-09,14,B03,CH1,C04969,CMP000,4,14,114.8
O010139,2024-02-09,19,B03,CH1,C00000,CMP000,1,2,20.85
O010140,2024-02-09,17,B03,CH2,C00000,CMP000,0,7,57.8
O010141,2024-02-09,12,B03,CH1,C00000,CMP000,2,5,39.65
O010142,2024-02-10,19,B03,CH1,C00000,CMP000,1,3,34.2
O010143,2024-02-10,22,B03,CH1,C00000,CMP000,6,16,162.5
O010144,2024-02-10,21,B03,CH1,C00943,CMP000,8,23,240.9
O010145,2024-02-10,15,B03,CH3,C04574,CMP000,0,3,35.4
O010146,2024-02-10,14,B03,CH2,C00000,CMP000,0,3,22.4
O010147,2024-02-11,17,B03,CH1,C00000,CMP000,2,8,63.65
O010148,2024-02-11,19,B03,CH1,C00000,CMP000,5,15,124.45
O010149,2024-02-11,18,B03,CH3,C00000,CMP000,0,3,21.95
O010150,2024-02-12,21,B03,CH1,C04545,CMP000,4,11,108.95
O010151,2024-02-12,13,B03,CH1,C02744,CMP000,2,6,49.15
O010152,2024-02-12,12,B03,CH1,C00000,CMP000,6,18,151.1
O010153,2024-02-12,12,B03,CH1,C00000,CMP000,2,4,38.75
O010154,2024-02-14,19,B03,CH2,C01223,CMP000,0,4,27.85
O010155,2024-02-14,12,B03,CH1,C00000,CMP000,2,4,39.0
O010156,2024-02-14,20,B03,CH1,C00000,CMP000,4,12,109.65
O010157,2024-02-14,15,B03,CH1,C00775,CMP000,2,7,58.55
O010158,2024-02-14,20,B03,CH1,C01223,CMP000,2,7,55.95
O010159,2024-02-15,19,B03,CH1,C00000,CMP000,3,10,84.95
O010160,2024-02-15,12,B03,CH1,C00000,CMP000,1,3,22.95
O010161,2024-02-15,14,B03,CH1,C00000,CMP000,3,9,76.1
O010162,2024-02-15,19,B03,CH3,C00000,CMP000,0,3,24.95
O010163,2024-02-15,19,B03,CH1,C00000,CMP000,4,11,170.15
O010164,2024-02-16,21,B03,CH1,C00000,CMP000,1,1,13.15
O010165,2024-02-16,13,B03,CH1,C00000,CMP000,2,4,48.55
O010166,2024-02-16,20,B03,CH1,C00000,CMP000,2,4,41.45
O010167,2024-02-17,22,B03,CH2,C00000,CMP000,0,3,21.6
O010168,2024-02-17,13,B03,CH1,C00000,CMP000,2,6,50.25
O010169,2024-02-17,19,B03,CH1,C02958,CMP000,3,10,89.3
O010170,2024-02-17,19,B03,CH1,C00000,CMP000,2,5,49.4
O010171,2024-02-17,19,B03,CH1,C01059,CMP000,6,22,184.55
O010172,2024-02-18,21,B03,CH1,C00500,CMP000,4,9,80.9
O010173,2024-02-19,12,B03,CH1,C01794,CMP000,2,5,43.55
O010174,2024-02-19,22,B03,CH1,C00000,CMP000,6,18,176.55
O010175,2024-02-19,15,B03,CH2,C00000,CMP000,0,9,93.8
O010176,2024-02-21,21,B03,CH2,C04574,CMP000,0,9,84.1
O010177,2024-02-21,17,B03,CH1,C00000,CMP000,8,21,234.35
O010178,2024-02-22,20,B03,CH1,C00000,CMP000,4,12,135.35
O010179,2024-02-22,22,B03,CH3,C00000,CMP000,0,2,34.45
O010180,2024-02-23,13,B03,CH1,C04963,CMP000,8,21,217.75
O010181,2024-02-23,12,B03,CH4,C00000,CMP000,0,2,18.6
O010182,2024-02-23,20,B03,CH1,C00000,CMP000,2,7,78.85
O010183,2024-02-23,20,B03,CH1,C00000,CMP000,4,9,96.85
O010184,2024-02-23,12,B03,CH1,C00000,CMP000,1,1,19.95
O010185,2024-02-23,13,B03,CH2,C00000,CMP000,0,3,21.05
O010186,2024-02-23,17,B03,CH2,C00000,CMP000,0,3,34.05
O010187,2024-02-24,20,B03,CH1,C00000,CMP000,1,3,29.15
O010188,2024-02-24,21,B03,CH1,C00000,CMP000,3,9,99.1
O010189,2024-02-24,21,B03,CH1,C00000,CMP000,1,4,38.05
O010190,2024-02-24,14,B03,CH1,C04966,CMP000,2,5,51.25
O010191,2024-02-24,20,B03,CH1,C00000,CMP000,1,4,37.6
O010192,2024-02-24,15,B03,CH1,C00000,CMP000,2,7,60.45
O010193,2024-02-24,17,B03,CH1,C00000,CMP000,1,4,38.95
O010194,2024-02-25,17,B03,CH4,C00000,CMP000,0,3,23.15
O010195,2024-02-25,19,B03,CH3,C00000,CMP000,0,5,45.4
O010196,2024-02-25,20,B03,CH2,C00000,CMP000,0,4,42.8
O010197,2024-02-25,13,B03,CH1,C02111,CMP000,2,6,84.4
O010198,2024-02-25,16,B03,CH1,C04966,CMP000,2,7,56.65
O010199,2024-02-25,21,B03,CH1,C00000,CMP000,1,4,30.2
O010200,2024-02-28,20,B03,CH1,C00000,CMP000,4,11,97.95
O010201,2024-02-28,19,B03,CH1,C00000,CMP000,2,6,50.75
O010202,2024-02-29,19,B03,CH1,C00000,CMP000,1,1,12.7
O010203,2024-02-29,18,B03,CH1,C00000,CMP000,4,11,94.4
O010204,2024-02-29,19,B03,CH1,C00000,CMP000,1,4,29.95
O010205,2024-02-29,20,B03,CH3,C00000,CMP000,0,6,65.3
O010206,2024-03-01,19,B03,CH1,C00000,CMP000,2,6,51.5
O010207,2024-03-01,19,B03,CH1,C00000,CMP000,4,10,101.8
O010208,2024-03-01,14,B03,CH1,C00000,CMP000,4,12,100.5
O010209,2024-03-01,21,B03,CH3,C00000,CMP000,0,2,42.65
O010210,2024-03-02,16,B03,CH1,C00000,CMP000,4,12,115.1
O010211,2024-03-02,16,B03,CH2,C00000,CMP000,0,2,18.15
O010212,2024-03-03,14,B03,CH1,C00000,CMP000,1,2,14.8
O010213,2024-03-03,19,B03,CH1,C00000,CMP000,5,16,162.85
O010214,2024-03-03,19,B03,CH1,C00000,CMP000,1,3,19.25
O010215,2024-03-03,19,B03,CH3,C00000,CMP000,0,3,22.4
O010216,2024-03-06,13,B03,CH1,C00000,CMP000,6,17,130.1
O010217,2024-03-06,21,B03,CH1,C00000,CMP000,5,15,217.95
O010218,2024-03-06,17,B03,CH1,C00000,CMP000,1,4,31.1
O010219,2024-03-06,20,B03,CH1,C03179,CMP000,2,6,56.5
O010220,2024-03-07,12,B03,CH1,C01223,CMP000,2,5,39.2
O010221,2024-03-07,20,B03,CH1,C00000,CMP000,5,16,159.6
O010222,2024-03-07,19,B03,CH1,C00000,CMP000,4,13,114.2
O010223,2024-03-08,17,B03,CH1,C00000,CMP000,4,8,97.2
O010224,2024-03-08,22,B03,CH1,C00000,CMP000,2,8,77.8
O010225,2024-03-08,12,B03,CH1,C00000,CMP000,2,6,47.8
O010226,2024-03-09,18,B03,CH1,C04314,CMP000,3,9,81.4
O010227,2024-03-09,20,B03,CH1,C04963,CMP000,2,6,46.6
O010228,2024-03-10,20,B03,CH1,C02356,CMP000,2,6,78.0
O010229,2024-03-10,20,B03,CH1,C00000,CMP000,4,13,162.2
O010230,2024-03-10,15,B03,CH1,C00000,CMP000,4,12,156.35
O010231,2024-03-10,22,B03,CH1,C00000,CMP000,5,19,153.4
O010232,2024-03-10,20,B03,CH3,C00000,CMP000,0,4,45.8
O010233,2024-03-10,15,B03,CH1,C00000,CMP000,1,3,29.05
O010234,2024-03-11,18,B03,CH1,C00000,CMP000,2,7,47.8
O010235,2024-03-11,17,B03,CH2,C00000,CMP000,0,1,12.7
O010236,2024-03-14,19,B03,CH1,C00000,CMP000,4,14,136.75
O010237,2024-03-14,14,B03,CH1,C00000,CMP000,2,6,53.95
O010238,2024-03-14,18,B03,CH1,C00000,CMP000,2,6,62.4
O010239,2024-03-15,19,B03,CH1,C00000,CMP000,3,11,100.7
O010240,2024-03-15,19,B03,CH1,C01223,CMP000,7,21,186.25
O010241,2024-03-15,19,B03,CH3,C00000,CMP000,0,3,25.6
O010242,2024-03-15,22,B03,CH1,C01059,CMP000,2,8,63.05
O010243,2024-03-15,18,B03,CH3,C01223,CMP000,0,3,35.35
O010244,2024-03-15,21,B03,CH1,C00000,CMP000,3,10,84.6
O010245,2024-03-15,19,B03,CH1,C00000,CMP000,6,19,216.4
O010246,2024-03-16,21,B03,CH3,C00000,CMP000,0,9,74.75
O010247,2024-03-16,22,B03,CH1,C04002,CMP000,2,5,37.75
O010248,2024-03-16,21,B03,CH1,C00000,CMP000,2,5,46.45
O010249,2024-03-16,19,B03,CH1,C00000,CMP000,3,11,85.0
O010250,2024-03-16,22,B03,CH1,C00000,CMP000,4,12,120.85
O010251,2024-03-16,12,B03,CH1,C00000,CMP000,5,16,130.4
O010252,2024-03-16,13,B03,CH1,C00000,CMP000,1,2,30.4
O010253,2024-03-17,18,B03,CH1,C00000,CMP000,3,9,81.45
O010254,2024-03-17,22,B03,CH3,C00000,CMP000,0,10,82.85
O010255,2024-03-17,22,B03,CH3,C00000,CMP000,0,8,75.6
O010256,2024-03-18,21,B03,CH1,C00000,CMP000,2,6,92.7
O010257,2024-03-18,20,B03,CH1,C00000,CMP000,4,11,90.25
O010258,2024-03-18,19,B03,CH1,C00000,CMP000,2,4,44.45
O010259,2024-03-18,18,B03,CH1,C04574,CMP000,3,11,84.1
O010260,2024-03-18,19,B03,CH1,C00000,CMP000,2,5,52.7
O010261,2024-03-18,17,B03,CH1,C00000,CMP000,1,3,27.5
O010262,2024-03-20,18,B03,CH1,C01346,CMP000,2,6,46.9
O010263,2024-03-21,17,B03,CH1,C00000,CMP000,4,12,110.3
O010264,2024-03-21,19,B03,CH1,C00750,CMP000,2,5,39.2
O010265,2024-03-21,19,B03,CH1,C00000,CMP000,2,6,74.65
O010266,2024-03-21,21,B03,CH1,C00000,CMP000,3,8,68.95
O010267,2024-03-21,15,B03,CH1,C02744,CMP000,4,12,105.9
O010268,2024-03-22,22,B03,CH1,C00000,CMP000,7,24,209.8
O010269,2024-03-22,12,B03,CH1,C00000,CMP000,2,5,47.6
O010270,2024-03-22,18,B03,CH1,C03179,CMP000,4,15,129.05
O010271,2024-03-22,14,B03,CH1,C01223,CMP000,2,3,33.55
O010272,2024-03-22,20,B03,CH1,C00000,CMP000,2,7,83.7
O010273,2024-03-23,20,B03,CH1,C01059,CMP000,3,7,74.6
O010274,2024-03-23,20,B03,CH3,C00000,CMP000,0,2,19.95
O010275,2024-03-23,19,B03,CH3,C00000,CMP000,0,3,28.3
O010276,2024-03-23,20,B03,CH1,C00000,CMP000,4,16,151.1
O010277,2024-03-24,18,B03,CH2,C00796,CMP000,0,4,32.85
O010278,2024-03-24,13,B03,CH4,C00000,CMP000,0,4,34.45
O010279,2024-03-24,19,B03,CH1,C00000,CMP000,6,20,203.8
O010280,2024-03-24,22,B03,CH1,C00000,CMP000,4,13,150.7
O010281,2024-03-24,20,B03,CH1,C00000,CMP000,2,8,75.9
O010282,2024-03-24,22,B03,CH2,C00000,CMP000,0,2,19.05
O010283,2024-03-24,19,B03,CH1,C00000,CMP000,5,20,159.2
O010284,2024-03-25,16,B03,CH3,C00000,CMP000,0,6,51.45
O010285,2024-03-25,13,B03,CH3,C00000,CMP000,0,7,71.55
O010286,2024-03-25,19,B03,CH1,C00000,CMP000,4,13,118.65
O010287,2024-03-25,13,B03,CH2,C00000,CMP000,0,4,32.95
O010288,2024-03-27,18,B03,CH1,C00000,CMP000,3,13,118.1
O010289,2024-03-27,21,B03,CH1,C02744,CMP000,1,4,32.8
O010290,2024-03-27,20,B03,CH1,C00000,CMP000,3,10,92.05
O010291,2024-03-27,22,B03,CH2,C00000,CMP000,0,7,67.15
O010292,2024-03-28,20,B03,CH1,C01059,CMP000,2,8,69.65
O010293,2024-03-28,12,B03,CH1,C00000,CMP000,2,5,40.7
O010294,2024-03-28,20,B03,CH1,C03207,CMP000,2,6,56.5
O010295,2024-03-29,16,B03,CH4,C03419,CMP000,0,4,53.5
O010296,2024-03-29,18,B03,CH1,C00000,CMP000,4,12,111.0
O010297,2024-03-29,15,B03,CH1,C02418,CMP000,2,7,54.0
O010298,2024-03-29,18,B03,CH3,C00000,CMP000,0,5,48.55
O010299,2024-03-30,18,B03,CH1,C01223,CMP000,2,4,52.85
O010300,2024-03-30,18,B03,CH1,C00000,CMP000,4,11,106.05
O010301,2024-03-30,14,B03,CH1,C04002,CMP000,5,14,121.45
O010302,2024-03-30,13,B03,CH1,C00000,CMP000,7,20,201.8
O010303,2024-03-30,16,B03,CH1,C00107,CMP000,4,11,118.05
O010304,2024-03-30,17,B03,CH1,C00000,CMP000,4,12,122.1
O010305,2024-03-30,18,B03,CH1,C00000,CMP000,3,10,87.05
O010306,2024-03-30,12,B03,CH1,C00000,CMP000,4,12,87.45
O010307,2024-04-01,21,B03,CH1,C00000,CMP000,2,6,79.6
O010308,2024-04-01,18,B03,CH1,C04574,CMP000,2,7,74.75
O010309,2024-04-03,20,B03,CH1,C00000,CMP000,2,7,71.9
O010310,2024-04-03,15,B03,CH2,C00000,CMP000,0,2,17.7
O010311,2024-04-03,20,B03,CH1,C00000,CMP000,1,3,31.7
O010312,2024-04-03,20,B03,CH1,C00000,CMP000,6,16,150.75
O010313,2024-04-04,13,B03,CH1,C03210,CMP000,1,2,16.95
O010314,2024-04-04,18,B03,CH1,C00000,CMP000,3,8,82.5
O010315,2024-04-04,18,B03,CH1,C00000,CMP000,2,5,40.65
O010316,2024-04-04,12,B03,CH1,C02744,CMP000,2,5,39.55
O010317,2024-04-04,18,B03,CH1,C01223,CMP000,2,8,59.15
O010318,2024-04-04,13,B03,CH1,C00000,CMP000,5,11,100.7
O010319,2024-04-05,16,B03,CH3,C00000,CMP000,0,7,49.8
O010320,2024-04-05,19,B03,CH1,C00000,CMP000,2,6,49.95
O010321,2024-04-05,18,B03,CH1,C04314,CMP000,4,10,131.55
O010322,2024-04-05,22,B03,CH4,C00000,CMP000,0,3,30.4
O010323,2024-04-06,19,B03,CH1,C00000,CMP000,2,5,45.5
O010324,2024-04-06,15,B03,CH1,C00000,CMP000,4,15,123.4
O010325,2024-04-06,19,B03,CH2,C00000,CMP000,0,1,13.15
O010326,2024-04-06,19,B03,CH1,C00000,CMP000,2,6,83.85
O010327,2024-04-06,18,B03,CH1,C00000,CMP000,2,7,76.25
O010328,2024-04-06,20,B03,CH1,C02631,CMP000,4,12,111.1
O010329,2024-04-06,14,B03,CH3,C00000,CMP000,0,5,34.4
O010330,2024-04-06,20,B03,CH1,C00620,CMP000,1,3,22.95
O010331,2024-04-08,20,B03,CH1,C00000,CMP000,2,5,49.2
O010332,2024-04-08,19,B03,CH4,C00000,CMP000,0,4,37.65
O010333,2024-04-10,21,B03,CH2,C00000,CMP000,0,7,102.85
O010334,2024-04-10,18,B03,CH1,C01223,CMP000,5,18,137.0
O010335,2024-04-10,19,B03,CH1,C01223,CMP000,2,4,33.1
O010336,2024-04-10,14,B03,CH3,C00000,CMP000,0,5,35.85
O010337,2024-04-11,21,B03,CH1,C03179,CMP000,2,6,48.7
O010338,2024-04-11,15,B03,CH1,C01205,CMP000,4,12,115.55
O010339,2024-04-11,13,B03,CH1,C00000,CMP000,2,4,40.8
O010340,2024-04-11,18,B03,CH1,C00000,CMP000,2,8,85.95
O010341,2024-04-11,21,B03,CH1,C00000,CMP000,6,16,171.6
O010342,2024-04-11,22,B03,CH1,C00000,CMP000,2,7,79.6
O010343,2024-04-11,18,B03,CH1,C02744,CMP000,2,6,47.5
O010344,2024-04-11,20,B03,CH1,C00000,CMP000,4,13,113.3
O010345,2024-04-12,19,B03,CH1,C00000,CMP000,2,9,68.75
O010346,2024-04-12,13,B03,CH1,C00000,CMP000,4,12,92.0
O010347,2024-04-12,17,B03,CH4,C00000,CMP000,0,13,119.8
O010348,2024-04-12,19,B03,CH1,C00000,CMP000,2,7,56.75
O010349,2024-04-12,21,B03,CH3,C00000,CMP000,0,3,24.05
O010350,2024-04-12,21,B03,CH1,C02457,CMP000,3,11,81.45
O010351,2024-04-12,21,B03,CH3,C01346,CMP000,0,4,44.0
O010352,2024-04-13,15,B03,CH3,C00000,CMP000,0,5,47.65
O010353,2024-04-13,19,B03,CH1,C00000,CMP000,1,3,24.95
O010354,2024-04-13,20,B03,CH1,C00000,CMP000,1,3,24.95
O010355,2024-04-13,19,B03,CH1,C00000,CMP000,4,12,132.65
O010356,2024-04-13,20,B03,CH4,C00000,CMP000,0,2,20.85
O010357,2024-04-13,19,B03,CH1,C00991,CMP000,1,5,39.9
O010358,2024-04-13,19,B03,CH1,C00000,CMP000,7,24,231.4
O010359,2024-04-13,19,B03,CH1,C00000,CMP000,2,4,48.5
O010360,2024-04-13,12,B03,CH1,C00000,CMP000,7,20,194.45
O010361,2024-04-13,20,B03,CH1,C03210,CMP000,8,27,247.7
O010362,2024-04-13,13,B03,CH3,C01346,CMP000,0,3,21.8
O010363,2024-04-14,19,B03,CH1,C01223,CMP000,4,15,117.95
O010364,2024-04-14,18,B03,CH2,C04993,CMP000,0,2,30.1
O010365,2024-04-14,18,B03,CH1,C00000,CMP000,2,6,56.15
O010366,2024-04-14,17,B03,CH3,C00000,CMP000,0,4,38.1
O010367,2024-04-14,17,B03,CH1,C01059,CMP000,3,7,60.5
O010368,2024-04-14,19,B03,CH1,C00000,CMP000,4,15,135.3
O010369,2024-04-14,14,B03,CH1,C04574,CMP000,2,6,44.0
O010370,2024-04-15,19,B03,CH1,C00000,CMP000,1,2,18.6
O010371,2024-04-15,18,B03,CH2,C00000,CMP000,0,4,25.25
O010372,2024-04-15,12,B03,CH2,C02478,CMP000,0,4,49.65
O010373,2024-04-17,18,B03,CH1,C02406,CMP000,4,13,104.3
O010374,2024-04-17,19,B03,CH1,C00000,CMP000,2,9,79.2
O010375,2024-04-17,20,B03,CH3,C00000,CMP000,0,7,61.45
O010376,2024-04-18,12,B03,CH1,C00000,CMP000,4,15,111.4
O010377,2024-04-18,21,B03,CH1,C00000,CMP000,3,11,85.45
O010378,2024-04-18,18,B03,CH1,C01223,CMP000,2,6,84.4
O010379,2024-04-18,22,B03,CH1,C00000,CMP000,2,5,43.8
O010380,2024-04-19,15,B03,CH1,C00000,CMP000,2,8,76.95
O010381,2024-04-20,17,B03,CH1,C00000,CMP000,5,18,153.9
O010382,2024-04-20,21,B03,CH2,C00000,CMP000,0,2,16.5
O010383,2024-04-20,18,B03,CH1,C01223,CMP000,3,11,94.55
O010384,2024-04-20,17,B03,CH1,C00000,CMP000,2,8,56.7
O010385,2024-04-20,12,B03,CH4,C00000,CMP000,0,5,38.75
O010386,2024-04-20,18,B03,CH1,C00000,CMP000,3,6,57.65
O010387,2024-04-22,14,B03,CH1,C03106,CMP000,1,3,36.3
O010388,2024-04-22,20,B03,CH4,C00000,CMP000,0,2,14.7
O010389,2024-04-22,19,B03,CH1,C04889,CMP000,2,6,52.4
O010390,2024-04-24,22,B03,CH1,C01346,CMP000,4,13,195.2
O010391,2024-04-24,13,B03,CH1,C01223,CMP000,2,6,47.15
O010392,2024-04-24,13,B03,CH1,C00000,CMP000,2,6,55.45
O010393,2024-04-25,18,B03,CH1,C04574,CMP000,1,3,26.75
O010394,2024-04-25,13,B03,CH1,C00000,CMP000,5,16,135.15
O010395,2024-04-26,12,B03,CH1,C00000,CMP000,3,5,67.15
O010396,2024-04-26,18,B03,CH2,C00000,CMP000,0,2,18.6
O010397,2024-04-26,21,B03,CH1,C04574,CMP000,4,13,137.95
O010398,2024-04-26,19,B03,CH3,C00000,CMP000,0,2,18.6
O010399,2024-04-26,20,B03,CH4,C00000,CMP000,0,6,55.5
O010400,2024-04-26,18,B03,CH1,C00000,CMP000,4,12,127.65
O010401,2024-04-26,18,B03,CH1,C03632,CMP000,2,7,48.7
O010402,2024-04-27,13,B03,CH1,C00000,CMP000,2,7,78.45
O010403,2024-04-27,19,B03,CH1,C00000,CMP000,3,8,63.9
O010404,2024-04-27,21,B03,CH1,C00000,CMP000,2,7,66.2
O010405,2024-04-27,20,B03,CH1,C04574,CMP000,3,10,86.15
O010406,2024-04-27,13,B03,CH1,C00000,CMP000,5,14,114.8
O010407,2024-04-27,20,B03,CH4,C00000,CMP000,0,3,18.8
O010408,2024-04-27,22,B03,CH2,C00000,CMP000,0,3,25.4
O010409,2024-04-27,21,B03,CH1,C00000,CMP000,8,26,243.25
O010410,2024-04-27,19,B03,CH1,C04634,CMP000,2,6,58.0
O010411,2024-04-27,21,B03,CH1,C00000,CMP000,1,3,27.85
O010412,2024-04-28,19,B03,CH1,C04840,CMP000,2,5,43.5
O010413,2024-04-28,12,B03,CH3,C00000,CMP000,0,5,38.3
O010414,2024-04-28,20,B03,CH1,C00000,CMP000,4,14,128.3
O010415,2024-04-28,13,B03,CH1,C00000,CMP000,3,10,78.55
O010416,2024-04-29,12,B03,CH1,C00943,CMP000,2,6,49.4
O010417,2024-04-29,19,B03,CH1,C00903,CMP000,2,5,44.9
O010418,2024-04-29,13,B03,CH1,C00000,CMP000,5,13,130.95
O010419,2024-05-01,21,B03,CH1,C00000,CMP000,4,15,115.0
O010420,2024-05-01,17,B03,CH1,C00000,CMP000,2,8,67.15
O010421,2024-05-01,20,B03,CH1,C00000,CMP000,6,21,202.4
O010422,2024-05-01,19,B03,CH1,C00000,CMP000,3,8,74.45
O010423,2024-05-01,20,B03,CH1,C00000,CMP000,4,11,138.55
O010424,2024-05-02,22,B03,CH4,C00000,CMP000,0,5,47.9
O010425,2024-05-03,22,B03,CH1,C01223,CMP000,2,6,71.65
O010426,2024-05-03,21,B03,CH4,C01892,CMP000,0,4,36.3
O010427,2024-05-03,14,B03,CH1,C00000,CMP000,2,5,48.05
O010428,2024-05-03,19,B03,CH2,C00000,CMP000,0,3,23.6
O010429,2024-05-03,19,B03,CH1,C00000,CMP000,3,15,119.35
O010430,2024-05-03,22,B03,CH4,C00000,CMP000,0,1,12.7
O010431,2024-05-03,20,B03,CH2,C00000,CMP000,0,7,75.95
O010432,2024-05-03,13,B03,CH1,C00000,CMP000,6,17,149.5
O010433,2024-05-03,14,B03,CH2,C00000,CMP000,0,6,54.9
O010434,2024-05-04,22,B03,CH1,C00000,CMP000,5,18,143.0
O010435,2024-05-04,21,B03,CH1,C00000,CMP000,5,15,141.1
O010436,2024-05-04,20,B03,CH1,C00000,CMP000,2,4,35.2
O010437,2024-05-04,13,B03,CH3,C00000,CMP000,0,3,24.5
O010438,2024-05-04,21,B03,CH1,C00000,CMP000,3,11,98.4
O010439,2024-05-05,21,B03,CH1,C00000,CMP000,5,16,134.7
O010440,2024-05-06,19,B03,CH2,C00000,CMP000,0,4,32.4
O010441,2024-05-06,21,B03,CH1,C00000,CMP000,2,6,48.8
O010442,2024-05-06,15,B03,CH2,C00000,CMP000,0,1,23.6
O010443,2024-05-08,18,B03,CH1,C00000,CMP000,4,16,129.9
O010444,2024-05-08,16,B03,CH1,C00000,CMP000,6,21,192.35
O010445,2024-05-08,19,B03,CH1,C00000,CMP000,3,11,88.3
O010446,2024-05-08,18,B03,CH1,C00000,CMP000,5,15,129.65
O010447,2024-05-09,13,B03,CH4,C00000,CMP000,0,2,34.5
O010448,2024-05-09,17,B03,CH2,C00775,CMP000,0,2,26.5
O010449,2024-05-09,14,B03,CH1,C00000,CMP000,5,14,120.65
O010450,2024-05-09,14,B03,CH1,C02552,CMP000,2,4,35.55
O010451,2024-05-10,22,B03,CH1,C00000,CMP000,6,19,196.6
O010452,2024-05-10,22,B03,CH2,C00000,CMP000,0,4,37.0
O010453,2024-05-10,19,B03,CH1,C00000,CMP000,2,3,79.8
O010454,2024-05-10,12,B03,CH1,C00000,CMP000,6,18,161.3
O010455,2024-05-10,19,B03,CH3,C01223,CMP000,0,4,31.5
O010456,2024-05-10,20,B03,CH1,C00000,CMP000,2,7,58.35
O010457,2024-05-10,18,B03,CH1,C04574,CMP000,4,12,109.95
O010458,2024-05-11,18,B03,CH1,C00000,CMP000,1,3,29.0
O010459,2024-05-11,12,B03,CH1,C00000,CMP000,2,5,47.85
O010460,2024-05-11,14,B03,CH4,C00000,CMP000,0,4,31.5
O010461,2024-05-11,20,B03,CH1,C01223,CMP000,4,14,126.65
O010462,2024-05-11,19,B03,CH1,C01223,CMP000,2,8,84.85
O010463,2024-05-13,20,B03,CH1,C00000,CMP000,1,3,48.35
O010464,2024-05-13,16,B03,CH2,C00000,CMP000,0,5,54.15
O010465,2024-05-15,18,B03,CH1,C00000,CMP000,3,9,84.85
O010466,2024-05-16,20,B03,CH2,C00000,CMP000,0,7,63.25
O010467,2024-05-16,19,B03,CH4,C00000,CMP000,0,5,41.0
O010468,2024-05-16,18,B03,CH1,C00000,CMP000,3,11,103.9
O010469,2024-05-16,21,B03,CH1,C01192,CMP000,5,15,153.6
O010470,2024-05-17,19,B03,CH1,C00000,CMP000,2,7,60.0
O010471,2024-05-17,19,B03,CH1,C00000,CMP000,2,4,34.45
O010472,2024-05-17,21,B03,CH1,C00000,CMP000,3,9,81.8
O010473,2024-05-17,18,B03,CH2,C04117,CMP000,0,3,26.5
O010474,2024-05-17,18,B03,CH1,C01223,CMP000,3,8,81.6
O010475,2024-05-17,19,B03,CH2,C00000,CMP000,0,10,97.75
O010476,2024-05-17,19,B03,CH1,C00000,CMP000,4,12,106.3
O010477,2024-05-18,13,B03,CH2,C00000,CMP000,0,2,19.05
O010478,2024-05-18,21,B03,CH1,C01223,CMP000,1,4,27.5
O010479,2024-05-18,19,B03,CH1,C00991,CMP000,2,8,61.95
O010480,2024-05-18,13,B03,CH1,C00000,CMP000,2,4,43.55
O010481,2024-05-18,12,B03,CH1,C04963,CMP000,3,8,69.7
O010482,2024-05-18,18,B03,CH3,C00000,CMP000,0,5,51.25
O010483,2024-05-19,14,B03,CH1,C00000,CMP000,2,7,54.15
O010484,2024-05-20,17,B03,CH3,C00000,CMP000,0,3,27.2
O010485,2024-05-20,16,B03,CH1,C00000,CMP000,4,10,114.1
O010486,2024-05-20,18,B03,CH1,C00000,CMP000,6,22,167.4
O010487,2024-05-22,14,B03,CH1,C00000,CMP000,2,5,42.0
O010488,2024-05-23,15,B03,CH1,C00000,CMP000,2,6,51.45
O010489,2024-05-23,21,B03,CH1,C00000,CMP000,5,14,151.55
O010490,2024-05-23,17,B03,CH2,C00000,CMP000,0,2,19.5
O010491,2024-05-23,15,B03,CH1,C00000,CMP000,1,3,28.6
O010492,2024-05-23,18,B03,CH1,C00000,CMP000,2,7,67.4
O010493,2024-05-24,12,B03,CH2,C00991,CMP000,0,5,53.1
O010494,2024-05-24,18,B03,CH1,C03342,CMP000,3,14,111.1
O010495,2024-05-24,14,B03,CH1,C03087,CMP000,1,3,27.65
O010496,2024-05-24,14,B03,CH1,C01223,CMP000,2,3,53.7
O010497,2024-05-25,17,B03,CH1,C00000,CMP000,1,2,19.95
O010498,2024-05-25,21,B03,CH1,C01223,CMP000,2,6,74.85
O010499,2024-05-25,18,B03,CH4,C00000,CMP000,0,6,49.2
O010500,2024-05-25,19,B03,CH1,C00000,CMP000,1,3,28.1
O010501,2024-05-25,21,B03,CH1,C00000,CMP000,2,6,49.25
O010502,2024-05-25,14,B03,CH1,C00000,CMP000,3,10,99.25
O010503,2024-05-25,14,B03,CH1,C00000,CMP000,3,7,78.25
O010504,2024-05-26,17,B03,CH1,C01223,CMP000,2,6,51.85
O010505,2024-05-26,13,B03,CH1,C01346,CMP000,2,4,52.15
O010506,2024-05-26,20,B03,CH1,C00000,CMP000,2,9,71.25
O010507,2024-05-27,18,B03,CH1,C00000,CMP000,3,7,68.9
O010508,2024-05-27,13,B03,CH1,C00000,CMP000,2,6,46.0
O010509,2024-05-27,12,B03,CH1,C00000,CMP000,1,2,21.95
O010510,2024-05-29,12,B03,CH4,C02552,CMP000,0,2,30.1
O010511,2024-05-29,13,B03,CH1,C00000,CMP000,2,5,40.35
O010512,2024-05-29,20,B03,CH1,C00000,CMP000,2,8,62.85
O010513,2024-05-29,21,B03,CH1,C00000,CMP000,4,15,149.6
O010514,2024-05-29,19,B03,CH1,C00000,CMP000,5,18,158.4
O010515,2024-05-30,21,B03,CH1,C01223,CMP000,4,13,116.75
O010516,2024-05-30,20,B03,CH1,C00000,CMP000,2,7,67.65
O010517,2024-05-31,22,B03,CH1,C02772,CMP000,6,19,167.9
O010518,2024-05-31,16,B03,CH1,C01223,CMP000,6,18,167.3
O010519,2024-05-31,19,B03,CH1,C00000,CMP000,4,15,141.25
O010520,2024-06-01,20,B03,CH1,C00000,CMP000,4,14,110.2
O010521,2024-06-01,16,B03,CH1,C00000,CMP000,3,9,87.0
O010522,2024-06-01,13,B03,CH1,C00000,CMP000,4,11,96.05
O010523,2024-06-01,14,B03,CH1,C00000,CMP000,2,6,52.15
O010524,2024-06-02,13,B03,CH1,C04503,CMP000,5,14,121.4
O010525,2024-06-02,13,B03,CH1,C00020,CMP000,3,9,103.65
O010526,2024-06-02,22,B03,CH1,C01223,CMP000,4,10,92.7
O010527,2024-06-02,17,B03,CH1,C00217,CMP000,1,3,29.45
O010528,2024-06-02,19,B03,CH1,C00000,CMP000,6,21,162.5
O010529,2024-06-03,12,B03,CH1,C00000,CMP000,6,15,143.25
O010530,2024-06-03,20,B03,CH1,C00000,CMP000,1,3,22.95
O010531,2024-06-05,13,B03,CH1,C00000,CMP000,2,4,56.7
O010532,2024-06-05,12,B03,CH1,C01594,CMP000,4,10,90.2
O010533,2024-06-06,15,B03,CH1,C04352,CMP000,4,12,104.15
O010534,2024-06-06,20,B03,CH2,C01754,CMP000,0,9,84.05
O010535,2024-06-06,13,B03,CH1,C01223,CMP000,2,5,49.0
O010536,2024-06-06,18,B03,CH1,C01223,CMP000,1,4,36.25
O010537,2024-06-07,17,B03,CH1,C00000,CMP000,2,9,63.5
O010538,2024-06-07,21,B03,CH3,C01755,CMP000,0,6,44.9
O010539,2024-06-08,12,B03,CH1,C00000,CMP000,3,11,100.9
O010540,2024-06-08,14,B03,CH1,C00000,CMP000,2,6,47.4
O010541,2024-06-08,14,B03,CH1,C00000,CMP000,2,6,68.1
O010542,2024-06-09,21,B03,CH1,C00205,CMP000,3,12,124.25
O010543,2024-06-09,21,B03,CH1,C02744,CMP000,2,7,71.4
O010544,2024-06-09,16,B03,CH1,C00000,CMP000,3,9,84.6
O010545,2024-06-10,21,B03,CH1,C00000,CMP000,3,9,67.85
O010546,2024-06-10,21,B03,CH4,C01536,CMP000,0,8,68.9
O010547,2024-06-10,20,B03,CH1,C00000,CMP000,4,13,114.85
O010548,2024-06-10,13,B03,CH1,C01306,CMP000,2,3,46.5
O010549,2024-06-10,13,B03,CH1,C00000,CMP000,4,10,107.95
O010550,2024-06-10,13,B03,CH1,C01059,CMP000,3,11,96.05
O010551,2024-06-12,13,B03,CH1,C00000,CMP000,2,5,40.75
O010552,2024-06-12,22,B03,CH1,C00000,CMP000,2,7,55.6
O010553,2024-06-12,13,B03,CH2,C00000,CMP000,0,2,22.7
O010554,2024-06-13,19,B03,CH1,C04574,CMP000,3,11,89.5
O010555,2024-06-13,13,B03,CH1,C00000,CMP000,2,6,65.75
O010556,2024-06-13,20,B03,CH1,C03918,CMP000,4,14,121.15
O010557,2024-06-13,18,B03,CH1,C00000,CMP000,3,9,88.45
O010558,2024-06-13,17,B03,CH4,C00000,CMP000,0,5,41.9
O010559,2024-06-13,17,B03,CH3,C00000,CMP000,0,4,36.75
O010560,2024-06-13,21,B03,CH1,C00000,CMP000,1,3,24.95
O010561,2024-06-14,19,B03,CH1,C00000,CMP000,2,6,74.35
O010562,2024-06-14,18,B03,CH1,C00020,CMP000,2,6,67.2
O010563,2024-06-14,14,B03,CH1,C00000,CMP000,3,6,64.85
O010564,2024-06-14,13,B03,CH3,C00000,CMP000,0,8,82.3
O010565,2024-06-14,21,B03,CH2,C00000,CMP000,0,2,17.7
O010566,2024-06-14,19,B03,CH1,C00000,CMP000,7,22,182.7
O010567,2024-06-14,14,B03,CH1,C00000,CMP000,2,5,50.35
O010568,2024-06-14,12,B03,CH1,C00000,CMP000,3,7,83.8
O010569,2024-06-15,19,B03,CH4,C00000,CMP000,0,5,41.0
O010570,2024-06-15,20,B03,CH4,C00000,CMP000,0,4,28.75
O010571,2024-06-15,18,B03,CH1,C00000,CMP000,6,17,169.55
O010572,2024-06-15,13,B03,CH2,C01223,CMP000,0,8,71.85
O010573,2024-06-16,20,B03,CH1,C01223,CMP000,2,8,63.95
O010574,2024-06-16,17,B03,CH2,C04963,CMP000,0,5,37.4
O010575,2024-06-16,13,B03,CH1,C01223,CMP000,2,5,42.2
O010576,2024-06-16,19,B03,CH1,C00000,CMP000,2,7,52.95
O010577,2024-06-16,21,B03,CH1,C04960,CMP000,4,12,108.15
O010578,2024-06-16,12,B03,CH1,C00000,CMP000,4,11,91.5
O010579,2024-06-17,18,B03,CH1,C00000,CMP000,3,10,85.5
O010580,2024-06-19,18,B03,CH4,C00000,CMP000,0,8,100.9
O010581,2024-06-19,19,B03,CH1,C04755,CMP000,3,8,75.95
O010582,2024-06-19,19,B03,CH1,C01223,CMP000,4,10,97.2
O010583,2024-06-20,20,B03,CH1,C00000,CMP000,3,11,99.7
O010584,2024-06-20,14,B03,CH1,C00000,CMP000,3,8,73.55
O010585,2024-06-20,17,B03,CH1,C00000,CMP000,1,3,36.75
O010586,2024-06-21,14,B03,CH4,C01223,CMP000,0,2,17.5
O010587,2024-06-21,12,B03,CH1,C04963,CMP000,2,5,50.8
O010588,2024-06-21,13,B03,CH1,C02356,CMP000,2,5,42.8
O010589,2024-06-21,20,B03,CH2,C00000,CMP000,0,4,36.75
O010590,2024-06-21,20,B03,CH1,C01223,CMP000,4,11,93.15
O010591,2024-06-22,20,B03,CH1,C03179,CMP000,1,2,20.6
O010592,2024-06-22,14,B03,CH1,C02504,CMP000,4,15,112.7
O010593,2024-06-22,12,B03,CH1,C00000,CMP000,4,9,86.75
O010594,2024-06-22,18,B03,CH3,C01059,CMP000,0,5,55.35
O010595,2024-06-22,21,B03,CH1,C01223,CMP000,6,21,168.75
O010596,2024-06-22,21,B03,CH1,C00000,CMP000,1,5,36.3
O010597,2024-06-22,13,B03,CH2,C03193,CMP000,0,2,30.85
O010598,2024-06-22,13,B03,CH1,C00000,CMP000,4,10,94.95
O010599,2024-06-22,20,B03,CH1,C00000,CMP000,3,9,70.2
O010600,2024-06-22,19,B03,CH1,C02744,CMP000,2,9,71.2
O010601,2024-06-23,22,B03,CH3,C00000,CMP000,0,3,34.45
O010602,2024-06-23,13,B03,CH1,C00000,CMP000,4,13,112.25
O010603,2024-06-23,20,B03,CH1,C00000,CMP000,7,16,161.1
O010604,2024-06-23,16,B03,CH1,C00000,CMP000,4,12,100.05
O010605,2024-06-23,22,B03,CH1,C01059,CMP000,2,5,47.7
O010606,2024-06-23,15,B03,CH1,C02519,CMP000,5,19,160.75
O010607,2024-06-23,12,B03,CH1,C00000,CMP000,2,4,36.7
O010608,2024-06-23,18,B03,CH1,C04412,CMP000,2,5,43.55
O010609,2024-06-23,21,B03,CH1,C00000,CMP000,2,7,51.45
O010610,2024-06-23,13,B03,CH1,C00000,CMP000,1,3,29.9
O010611,2024-06-23,13,B03,CH1,C00000,CMP000,3,9,71.65
O010612,2024-06-23,21,B03,CH1,C00000,CMP000,2,6,74.5
O010613,2024-06-23,19,B03,CH1,C02550,CMP000,6,20,212.6
O010614,2024-06-24,19,B03,CH1,C00000,CMP000,2,7,60.15
O010615,2024-06-24,22,B03,CH1,C00000,CMP000,2,7,73.3
O010616,2024-06-24,21,B03,CH1,C00000,CMP000,4,14,140.15
O010617,2024-06-26,18,B03,CH1,C00000,CMP000,6,19,178.4
O010618,2024-06-26,19,B03,CH4,C00000,CMP000,0,1,14.05
O010619,2024-06-26,12,B03,CH1,C00000,CMP000,2,7,51.9
O010620,2024-06-26,22,B03,CH1,C00000,CMP000,1,3,24.75
O010621,2024-06-26,20,B03,CH1,C00000,CMP000,2,8,70.75
O010622,2024-06-26,17,B03,CH1,C00000,CMP000,8,23,223.0
O010623,2024-06-26,18,B03,CH4,C01223,CMP000,0,3,42.2
O010624,2024-06-27,20,B03,CH1,C00000,CMP000,2,5,50.1
O010625,2024-06-27,22,B03,CH1,C00000,CMP000,2,6,63.0
O010626,2024-06-27,16,B03,CH1,C00000,CMP000,2,6,65.25
O010627,2024-06-27,17,B03,CH1,C00000,CMP000,3,8,81.15
O010628,2024-06-27,20,B03,CH1,C01913,CMP000,6,25,215.5
O010629,2024-06-27,18,B03,CH1,C00000,CMP000,3,10,92.65
O010630,2024-06-28,12,B03,CH1,C00000,CMP000,4,12,115.9
O010631,2024-06-28,13,B03,CH1,C00000,CMP000,4,10,122.75
O010632,2024-06-28,20,B03,CH1,C04215,CMP000,8,29,230.05
O010633,2024-06-28,22,B03,CH1,C00000,CMP000,6,23,278.7
O010634,2024-06-28,20,B03,CH1,C00020,CMP000,4,11,105.0
O010635,2024-06-28,20,B03,CH3,C00000,CMP000,0,3,21.95
O010636,2024-06-29,18,B03,CH1,C00000,CMP000,4,11,138.75
O010637,2024-06-29,12,B03,CH1,C00000,CMP000,6,15,133.25
O010638,2024-06-29,16,B03,CH1,C00000,CMP000,2,7,54.45
O010639,2024-06-29,19,B03,CH3,C00000,CMP000,0,7,97.0
O010640,2024-06-29,22,B03,CH1,C00000,CMP000,1,2,15.9
O010641,2024-06-30,19,B03,CH3,C00000,CMP000,0,4,32.95
O010642,2024-06-30,21,B03,CH1,C03918,CMP000,1,3,24.5
O010643,2024-06-30,19,B03,CH2,C00000,CMP000,0,7,59.15
O010644,2024-07-01,20,B03,CH1,C00000,CMP000,2,6,58.7
O010645,2024-07-01,15,B03,CH4,C00000,CMP000,0,5,42.45
O010646,2024-07-01,12,B03,CH1,C00000,CMP000,4,8,79.45
O010647,2024-07-01,13,B03,CH1,C00020,CMP000,4,10,90.5
O010648,2024-07-01,20,B03,CH1,C00000,CMP000,1,1,17.7
O010649,2024-07-03,19,B03,CH1,C04755,CMP000,3,8,80.1
O010650,2024-07-03,12,B03,CH1,C00000,CMP000,5,11,118.05
O010651,2024-07-03,19,B03,CH1,C00000,CMP000,5,13,158.5
O010652,2024-07-03,12,B03,CH1,C00000,CMP000,4,10,98.85
O010653,2024-07-04,19,B03,CH2,C00000,CMP000,0,3,30.15
O010654,2024-07-04,14,B03,CH1,C01223,CMP000,8,20,191.5
O010655,2024-07-04,21,B03,CH1,C00000,CMP000,1,3,38.35
O010656,2024-07-04,13,B03,CH1,C00000,CMP000,5,15,135.0
O010657,2024-07-04,20,B03,CH1,C04504,CMP000,2,5,66.0
O010658,2024-07-04,19,B03,CH3,C00000,CMP000,0,2,18.15
O010659,2024-07-05,21,B03,CH3,C00000,CMP000,0,5,40.2
O010660,2024-07-05,18,B03,CH1,C03049,CMP000,3,11,114.0
O010661,2024-07-05,17,B03,CH1,C03543,CMP000,2,6,47.0
O010662,2024-07-05,18,B03,CH1,C00000,CMP000,1,2,21.75
O010663,2024-07-05,12,B03,CH1,C00796,CMP000,3,5,53.95
O010664,2024-07-05,19,B03,CH1,C00000,CMP000,1,2,15.6
O010665,2024-07-05,21,B03,CH3,C00000,CMP000,0,2,34.45
O010666,2024-07-06,22,B03,CH4,C00000,CMP000,0,11,117.85
O010667,2024-07-06,12,B03,CH1,C00000,CMP000,5,14,107.3
O010668,2024-07-07,19,B03,CH1,C02550,CMP000,4,15,138.05
O010669,2024-07-07,16,B03,CH1,C00000,CMP000,1,3,40.8
O010670,2024-07-07,13,B03,CH1,C01223,CMP000,1,2,19.3
O010671,2024-07-07,16,B03,CH1,C00000,CMP000,2,6,85.7
O010672,2024-07-07,20,B03,CH4,C00000,CMP000,0,6,51.9
O010673,2024-07-07,17,B03,CH3,C00000,CMP000,0,6,48.3
O010674,2024-07-07,15,B03,CH1,C00000,CMP000,2,8,70.15
O010675,2024-07-07,21,B03,CH1,C00000,CMP000,2,6,48.55
O010676,2024-07-07,22,B03,CH1,C00000,CMP000,1,4,37.45
O010677,2024-07-07,20,B03,CH1,C00000,CMP000,3,6,102.0
O010678,2024-07-07,22,B03,CH4,C04923,CMP000,0,4,43.7
O010679,2024-07-07,19,B03,CH1,C01223,CMP000,1,4,27.05
O010680,2024-07-08,21,B03,CH1,C00000,CMP000,2,7,71.2
O010681,2024-07-08,22,B03,CH1,C00000,CMP000,3,8,67.0
O010682,2024-07-08,18,B03,CH1,C00000,CMP000,2,8,67.4
O010683,2024-07-08,21,B03,CH1,C00000,CMP000,4,13,125.8
O010684,2024-07-08,13,B03,CH3,C00000,CMP000,0,7,68.95
O010685,2024-07-08,17,B03,CH2,C00000,CMP000,0,7,59.45
O010686,2024-07-10,22,B03,CH1,C00000,CMP000,2,4,31.2
O010687,2024-07-10,14,B03,CH1,C02552,CMP000,2,7,53.1
O010688,2024-07-10,18,B03,CH1,C00000,CMP000,2,7,73.95
O010689,2024-07-10,13,B03,CH1,C02283,CMP000,2,3,27.85
O010690,2024-07-11,17,B03,CH1,C00000,CMP000,5,15,136.3
O010691,2024-07-11,20,B03,CH4,C00000,CMP000,0,6,50.35
O010692,2024-07-11,19,B03,CH1,C00000,CMP000,2,7,58.95
O010693,2024-07-12,13,B03,CH1,C00000,CMP000,1,4,33.75
O010694,2024-07-12,17,B03,CH1,C00000,CMP000,2,6,51.25
O010695,2024-07-12,20,B03,CH1,C00000,CMP000,7,25,211.95
O010696,2024-07-12,20,B03,CH1,C00000,CMP000,2,6,61.7
O010697,2024-07-12,15,B03,CH3,C00020,CMP000,0,2,17.7
O010698,2024-07-12,15,B03,CH3,C00000,CMP000,0,3,32.2
O010699,2024-07-12,19,B03,CH1,C00620,CMP000,2,5,47.15
O010700,2024-07-13,14,B03,CH4,C00000,CMP000,0,3,41.55
O010701,2024-07-14,21,B03,CH1,C00000,CMP000,1,1,14.5
O010702,2024-07-14,22,B03,CH1,C00000,CMP000,1,4,29.95
O010703,2024-07-14,20,B03,CH1,C01059,CMP000,2,4,46.7
O010704,2024-07-14,16,B03,CH1,C00000,CMP000,1,3,27.2
O010705,2024-07-15,12,B03,CH1,C00000,CMP000,4,8,93.45
O010706,2024-07-15,13,B03,CH1,C00000,CMP000,2,3,30.4
O010707,2024-07-17,18,B03,CH1,C00000,CMP000,4,14,141.15
O010708,2024-07-17,22,B03,CH1,C02744,CMP000,1,2,29.5
O010709,2024-07-17,22,B03,CH3,C00000,CMP000,0,3,40.1
O010710,2024-07-17,18,B03,CH1,C01205,CMP000,4,11,97.3
O010711,2024-07-17,17,B03,CH4,C00000,CMP000,0,4,47.15
O010712,2024-07-18,19,B03,CH1,C00000,CMP000,2,7,65.6
O010713,2024-07-18,18,B03,CH1,C00000,CMP000,2,5,47.6
O010714,2024-07-18,15,B03,CH1,C00000,CMP000,3,8,72.95
O010715,2024-07-18,21,B03,CH1,C00000,CMP000,1,4,28.4
O010716,2024-07-18,15,B03,CH1,C00000,CMP000,3,10,82.0
O010717,2024-07-18,12,B03,CH1,C00000,CMP000,4,12,95.35
O010718,2024-07-19,14,B03,CH2,C00000,CMP000,0,3,28.3
O010719,2024-07-19,12,B03,CH3,C00000,CMP000,0,1,13.15
O010720,2024-07-19,16,B03,CH1,C00000,CMP000,2,7,56.2
O010721,2024-07-19,18,B03,CH1,C00000,CMP000,4,9,112.85
O010722,2024-07-19,13,B03,CH1,C00000,CMP000,2,4,33.75
O010723,2024-07-19,20,B03,CH1,C00000,CMP000,2,5,73.0
O010724,2024-07-20,18,B03,CH1,C00000,CMP000,1,2,19.5
O010725,2024-07-20,18,B03,CH1,C04923,CMP000,2,6,57.4
O010726,2024-07-20,20,B03,CH1,C00000,CMP000,2,5,47.8
O010727,2024-07-20,12,B03,CH1,C01929,CMP000,1,2,33.1
O010728,2024-07-20,12,B03,CH4,C00000,CMP000,0,4,44.5
O010729,2024-07-20,12,B03,CH1,C00000,CMP000,2,5,59.9
O010730,2024-07-20,14,B03,CH1,C00000,CMP000,2,6,57.45
O010731,2024-07-20,12,B03,CH4,C00000,CMP000,0,6,55.5
O010732,2024-07-20,18,B03,CH1,C00020,CMP000,3,11,89.9
O010733,2024-07-20,19,B03,CH4,C02283,CMP000,0,8,69.6
O010734,2024-07-20,19,B03,CH1,C00000,CMP000,3,7,73.0
O010735,2024-07-20,20,B03,CH1,C00000,CMP000,4,12,106.45
O010736,2024-07-21,13,B03,CH2,C03419,CMP000,0,2,15.9
O010737,2024-07-21,22,B03,CH2,C04503,CMP000,0,6,54.45
O010738,2024-07-21,17,B03,CH1,C00000,CMP000,2,4,37.45
O010739,2024-07-21,20,B03,CH1,C00000,CMP000,6,19,189.05
O010740,2024-07-21,17,B03,CH1,C04923,CMP000,2,5,45.15
O010741,2024-07-21,12,B03,CH1,C00000,CMP000,2,7,83.75
O010742,2024-07-21,21,B03,CH1,C00000,CMP000,3,9,88.0
O010743,2024-07-21,19,B03,CH1,C00000,CMP000,6,17,175.7
O010744,2024-07-22,22,B03,CH2,C00000,CMP000,0,2,18.75
O010745,2024-07-22,14,B03,CH1,C00000,CMP000,1,3,37.65
O010746,2024-07-22,19,B03,CH3,C00000,CMP000,0,2,18.15
O010747,2024-07-22,19,B03,CH1,C00000,CMP000,1,4,28.85
O010748,2024-07-24,20,B03,CH3,C00000,CMP000,0,1,11.8
O010749,2024-07-24,19,B03,CH1,C00000,CMP000,3,10,84.55
O010750,2024-07-25,13,B03,CH2,C00000,CMP000,0,2,16.95
O010751,2024-07-26,21,B03,CH1,C00000,CMP000,1,2,19.05
O010752,2024-07-26,18,B03,CH1,C00000,CMP000,1,3,24.05
O010753,2024-07-26,18,B03,CH1,C02283,CMP000,4,12,128.0
O010754,2024-07-26,19,B03,CH2,C02320,CMP000,0,6,42.5
O010755,2024-07-27,20,B03,CH1,C02834,CMP000,2,6,78.5
O010756,2024-07-27,12,B03,CH1,C00000,CMP000,2,6,61.75
O010757,2024-07-27,13,B03,CH1,C00000,CMP000,5,12,115.35
O010758,2024-07-27,13,B03,CH1,C01223,CMP000,2,4,39.25
O010759,2024-07-27,20,B03,CH1,C00000,CMP000,8,23,278.0
O010760,2024-07-27,20,B03,CH2,C00000,CMP000,0,7,51.3
O010761,2024-07-27,19,B03,CH1,C04015,CMP000,4,12,119.75
O010762,2024-07-27,15,B03,CH1,C01223,CMP000,2,5,53.2
O010763,2024-07-28,17,B03,CH4,C04784,CMP000,0,2,17.25
O010764,2024-07-28,16,B03,CH2,C00000,CMP000,0,4,45.2
O010765,2024-07-28,20,B03,CH1,C00000,CMP000,4,17,119.6
O010766,2024-07-28,19,B03,CH1,C00000,CMP000,4,12,117.55
O010767,2024-07-28,14,B03,CH1,C00000,CMP000,2,5,44.45
O010768,2024-07-28,20,B03,CH1,C00000,CMP000,2,7,72.6
O010769,2024-07-29,20,B03,CH1,C01223,CMP000,3,8,81.7
O010770,2024-07-29,21,B03,CH1,C00872,CMP000,3,10,90.1
O010771,2024-07-29,20,B03,CH3,C00000,CMP000,0,3,20.6
O010772,2024-07-31,19,B03,CH2,C00000,CMP000,0,6,68.7
O010773,2024-07-31,17,B03,CH2,C00000,CMP000,0,2,24.05
O010774,2024-07-31,20,B03,CH1,C00000,CMP000,2,5,56.3
O010775,2024-08-01,12,B03,CH1,C02912,CMP000,2,5,54.6
O010776,2024-08-01,22,B03,CH1,C04414,CMP000,2,7,62.15
O010777,2024-08-01,18,B03,CH1,C00000,CMP000,2,6,94.5
O010778,2024-08-01,20,B03,CH4,C00000,CMP000,0,4,37.25
O010779,2024-08-01,19,B03,CH1,C00000,CMP000,3,10,135.25
O010780,2024-08-01,17,B03,CH1,C01223,CMP000,3,9,77.5
O010781,2024-08-02,18,B03,CH1,C00000,CMP000,4,12,103.15
O010782,2024-08-02,19,B03,CH2,C00000,CMP000,0,2,17.25
O010783,2024-08-02,13,B03,CH1,C00000,CMP000,2,5,77.1
O010784,2024-08-03,12,B03,CH1,C01059,CMP000,1,3,21.6
O010785,2024-08-03,18,B03,CH2,C00000,CMP000,0,6,52.45
O010786,2024-08-03,18,B03,CH1,C00000,CMP000,2,6,43.55
O010787,2024-08-03,21,B03,CH1,C00000,CMP000,2,4,38.55
O010788,2024-08-04,21,B03,CH4,C00000,CMP000,0,1,23.6
O010789,2024-08-04,21,B03,CH1,C00000,CMP000,2,5,56.25
O010790,2024-08-04,21,B03,CH1,C01223,CMP000,3,9,72.25
O010791,2024-08-04,21,B03,CH1,C00000,CMP000,4,15,142.75
O010792,2024-08-04,14,B03,CH1,C00000,CMP000,3,13,100.85
O010793,2024-08-04,12,B03,CH2,C00000,CMP000,0,2,36.75
O010794,2024-08-04,20,B03,CH1,C00791,CMP000,2,4,63.05
O010795,2024-08-04,20,B03,CH3,C00000,CMP000,0,1,13.15
O010796,2024-08-05,20,B03,CH3,C00000,CMP000,0,1,14.05
O010797,2024-08-05,17,B03,CH4,C00000,CMP000,0,10,109.55
O010798,2024-08-05,19,B03,CH1,C02744,CMP000,2,10,82.9
O010799,2024-08-07,21,B03,CH1,C00000,CMP000,1,3,32.2
O010800,2024-08-07,19,B03,CH3,C00000,CMP000,0,2,16.95
O010801,2024-08-07,22,B03,CH3,C04308,CMP000,0,2,16.5
O010802,2024-08-07,19,B03,CH1,C00000,CMP000,2,6,49.0
O010803,2024-08-07,17,B03,CH1,C01532,CMP000,2,6,58.5
O010804,2024-08-08,22,B03,CH1,C00000,CMP000,6,23,186.6
O010805,2024-08-08,17,B03,CH1,C00791,CMP000,2,6,80.3
O010806,2024-08-09,22,B03,CH1,C00000,CMP000,5,19,155.75
O010807,2024-08-09,20,B03,CH1,C00000,CMP000,3,11,88.0
O010808,2024-08-09,17,B03,CH3,C00000,CMP000,0,3,34.0
O010809,2024-08-10,20,B03,CH1,C01921,CMP000,2,7,63.1
O010810,2024-08-10,19,B03,CH1,C00000,CMP000,2,6,62.3
O010811,2024-08-10,13,B03,CH3,C04002,CMP000,0,4,53.1
O010812,2024-08-10,16,B03,CH1,C00000,CMP000,3,7,63.7
O010813,2024-08-10,21,B03,CH1,C00000,CMP000,3,10,144.8
O010814,2024-08-10,17,B03,CH1,C01223,CMP000,4,14,130.1
O010815,2024-08-10,22,B03,CH1,C00000,CMP000,1,5,36.25
O010816,2024-08-10,20,B03,CH2,C04503,CMP000,0,1,23.6
O010817,2024-08-10,18,B03,CH1,C00000,CMP000,2,8,61.1
O010818,2024-08-10,22,B03,CH3,C00825,CMP000,0,5,44.6
O010819,2024-08-10,19,B03,CH1,C00000,CMP000,4,12,118.15
O010820,2024-08-11,16,B03,CH4,C00000,CMP000,0,3,19.7
O010821,2024-08-11,22,B03,CH1,C02012,CMP000,5,15,132.1
O010822,2024-08-11,13,B03,CH1,C00000,CMP000,8,19,171.85
O010823,2024-08-11,20,B03,CH1,C02746,CMP000,2,8,60.05
O010824,2024-08-11,21,B03,CH1,C00000,CMP000,4,14,125.6
O010825,2024-08-11,21,B03,CH4,C00000,CMP000,0,2,20.4
O010826,2024-08-11,21,B03,CH1,C03265,CMP000,4,13,122.9
O010827,2024-08-11,17,B03,CH2,C00000,CMP000,0,2,19.5
O010828,2024-08-11,19,B03,CH1,C00000,CMP000,2,7,61.6
O010829,2024-08-12,18,B03,CH1,C00000,CMP000,4,11,92.5
O010830,2024-08-12,17,B03,CH1,C04963,CMP000,2,6,50.8
O010831,2024-08-12,13,B03,CH1,C03228,CMP000,1,2,17.5
O010832,2024-08-12,17,B03,CH1,C00000,CMP000,2,7,80.7
O010833,2024-08-14,15,B03,CH1,C00000,CMP000,2,6,51.7
O010834,2024-08-14,14,B03,CH1,C01316,CMP000,5,13,119.5
O010835,2024-08-14,19,B03,CH2,C00000,CMP000,0,3,33.75
O010836,2024-08-15,19,B03,CH3,C00000,CMP000,0,3,18.35
O010837,2024-08-15,12,B03,CH1,C00000,CMP000,6,14,140.35
O010838,2024-08-15,20,B03,CH1,C00000,CMP000,2,6,46.3
O010839,2024-08-16,18,B03,CH1,C03567,CMP000,2,8,75.65
O010840,2024-08-16,18,B03,CH1,C00440,CMP000,4,13,149.15
O010841,2024-08-16,12,B03,CH1,C00000,CMP000,3,9,115.75
O010842,2024-08-16,12,B03,CH1,C02550,CMP000,3,8,69.0
O010843,2024-08-17,21,B03,CH1,C03457,CMP000,4,12,106.9
O010844,2024-08-17,20,B03,CH2,C00000,CMP000,0,4,47.65
O010845,2024-08-17,21,B03,CH1,C00000,CMP000,4,14,114.5
O010846,2024-08-17,20,B03,CH4,C00000,CMP000,0,2,28.55
O010847,2024-08-17,15,B03,CH1,C00000,CMP000,2,6,55.25
O010848,2024-08-17,13,B03,CH1,C00000,CMP000,2,5,44.25
O010849,2024-08-18,16,B03,CH1,C00000,CMP000,1,4,27.85
O010850,2024-08-18,17,B03,CH4,C00000,CMP000,0,7,57.8
O010851,2024-08-18,19,B03,CH2,C00000,CMP000,0,9,86.1
O010852,2024-08-18,13,B03,CH1,C00000,CMP000,2,6,71.95
O010853,2024-08-18,21,B03,CH1,C00000,CMP000,4,17,136.45
O010854,2024-08-18,21,B03,CH1,C00000,CMP000,3,6,56.3
O010855,2024-08-18,19,B03,CH3,C00000,CMP000,0,2,19.95
O010856,2024-08-18,19,B03,CH3,C02356,CMP000,0,4,35.2
O010857,2024-08-19,22,B03,CH1,C03112,CMP000,4,9,72.3
O010858,2024-08-19,18,B03,CH3,C00000,CMP000,0,6,45.8
O010859,2024-08-19,17,B03,CH3,C00000,CMP000,0,5,60.5
O010860,2024-08-21,14,B03,CH1,C00000,CMP000,4,12,111.35
O010861,2024-08-21,21,B03,CH1,C01132,CMP000,2,6,48.55
O010862,2024-08-21,18,B03,CH1,C00000,CMP000,3,8,93.4
O010863,2024-08-22,13,B03,CH1,C00000,CMP000,2,8,60.25
O010864,2024-08-22,18,B03,CH1,C00000,CMP000,1,3,27.8
O010865,2024-08-22,22,B03,CH1,C00000,CMP000,8,21,235.6
O010866,2024-08-22,19,B03,CH1,C00000,CMP000,7,22,200.2
O010867,2024-08-22,13,B03,CH1,C03751,CMP000,2,6,44.8
O010868,2024-08-23,18,B03,CH1,C00000,CMP000,2,7,83.6
O010869,2024-08-23,20,B03,CH1,C00531,CMP000,2,6,53.95
O010870,2024-08-23,21,B03,CH1,C04838,CMP000,2,6,47.35
O010871,2024-08-23,22,B03,CH1,C03904,CMP000,3,9,77.25
O010872,2024-08-23,19,B03,CH1,C00989,CMP000,4,12,106.15
O010873,2024-08-23,17,B03,CH1,C01772,CMP000,5,18,222.95
O010874,2024-08-24,22,B03,CH1,C00000,CMP000,3,9,131.95
O010875,2024-08-24,19,B03,CH1,C01223,CMP000,2,4,42.35
O010876,2024-08-24,19,B03,CH1,C01223,CMP000,2,5,78.3
O010877,2024-08-24,19,B03,CH1,C00000,CMP000,2,7,57.15
O010878,2024-08-24,21,B03,CH2,C00000,CMP000,0,2,26.5
O010879,2024-08-25,13,B03,CH1,C00000,CMP000,4,8,71.95
O010880,2024-08-25,18,B03,CH3,C01921,CMP000,0,7,53.55
O010881,2024-08-25,19,B03,CH1,C00000,CMP000,2,8,57.55
O010882,2024-08-26,20,B03,CH1,C00000,CMP000,4,10,139.0
O010883,2024-08-26,17,B03,CH1,C00000,CMP000,4,13,117.4
O010884,2024-08-28,17,B03,CH1,C00000,CMP000,3,11,92.7
O010885,2024-08-28,13,B03,CH1,C00000,CMP000,3,8,111.35
O010886,2024-08-28,13,B03,CH1,C00000,CMP000,2,7,65.8
O010887,2024-08-29,14,B03,CH1,C00138,CMP000,2,8,60.95
O010888,2024-08-29,20,B03,CH1,C00000,CMP000,3,10,87.5
O010889,2024-08-29,12,B03,CH1,C00000,CMP000,4,12,102.0
O010890,2024-08-29,18,B03,CH1,C00020,CMP000,2,6,57.25
O010891,2024-08-30,20,B03,CH2,C00000,CMP000,0,4,32.85
O010892,2024-08-30,19,B03,CH1,C00000,CMP000,1,4,32.45
O010893,2024-08-30,19,B03,CH1,C00000,CMP000,4,11,122.9
O010894,2024-08-30,19,B03,CH1,C00000,CMP000,3,10,89.1
O010895,2024-08-30,21,B03,CH1,C01223,CMP000,6,18,150.35
O010896,2024-08-30,16,B03,CH3,C02494,CMP000,0,5,42.65
O010897,2024-08-30,18,B03,CH1,C00000,CMP000,2,4,64.45
O010898,2024-08-30,22,B03,CH1,C00774,CMP000,2,7,59.45
O010899,2024-08-30,21,B03,CH1,C03228,CMP000,3,9,92.0
O010900,2024-08-30,13,B03,CH1,C04140,CMP000,2,4,35.0
O010901,2024-08-31,20,B03,CH1,C02772,CMP000,3,10,128.95
O010902,2024-08-31,15,B03,CH1,C00000,CMP000,2,7,64.2
O010903,2024-08-31,13,B03,CH1,C00000,CMP000,2,6,44.9
O010904,2024-08-31,14,B03,CH1,C00000,CMP000,6,16,157.95
O010905,2024-08-31,14,B03,CH1,C01223,CMP000,2,4,54.4
O010906,2024-09-01,22,B03,CH1,C00000,CMP000,2,7,54.5
O010907,2024-09-01,12,B03,CH1,C00000,CMP000,1,3,24.95
O010908,2024-09-01,21,B03,CH2,C00000,CMP000,0,4,36.3
O010909,2024-09-01,12,B03,CH1,C03112,CMP000,1,2,15.15
O010910,2024-09-01,20,B03,CH1,C00000,CMP000,4,14,138.55
O010911,2024-09-01,13,B03,CH1,C00000,CMP000,1,2,21.6
O010912,2024-09-02,18,B03,CH1,C00000,CMP000,7,25,225.55
O010913,2024-09-02,12,B03,CH1,C00000,CMP000,3,9,80.75
O010914,2024-09-04,14,B03,CH1,C00000,CMP000,3,8,100.85
O010915,2024-09-04,14,B03,CH1,C00991,CMP000,6,19,178.95
O010916,2024-09-04,12,B03,CH1,C00000,CMP000,1,2,16.95
O010917,2024-09-05,19,B03,CH1,C00000,CMP000,5,17,151.3
O010918,2024-09-05,20,B03,CH1,C00000,CMP000,3,10,81.5
O010919,2024-09-05,21,B03,CH4,C00000,CMP000,0,2,24.05
O010920,2024-09-05,22,B03,CH2,C00000,CMP000,0,2,19.95
O010921,2024-09-06,14,B03,CH1,C00991,CMP000,2,5,59.0
O010922,2024-09-06,17,B03,CH1,C00000,CMP000,2,8,68.3
O010923,2024-09-06,21,B03,CH1,C00000,CMP000,2,6,66.5
O010924,2024-09-06,22,B03,CH1,C00000,CMP000,4,12,96.9
O010925,2024-09-06,19,B03,CH1,C00000,CMP000,1,2,39.45
O010926,2024-09-06,19,B03,CH2,C00000,CMP000,0,3,22.95
O010927,2024-09-06,12,B03,CH1,C00000,CMP000,4,13,98.35
O010928,2024-09-06,15,B03,CH4,C00000,CMP000,0,4,42.8
O010929,2024-09-06,20,B03,CH3,C00000,CMP000,0,4,36.55
O010930,2024-09-06,21,B03,CH1,C00000,CMP000,2,7,63.2
O010931,2024-09-06,15,B03,CH1,C00020,CMP000,2,6,52.9
O010932,2024-09-06,15,B03,CH1,C02356,CMP000,4,13,112.4
O010933,2024-09-07,13,B03,CH1,C00000,CMP000,2,5,49.65
O010934,2024-09-07,14,B03,CH1,C00000,CMP000,1,4,27.4
O010935,2024-09-07,20,B03,CH1,C00000,CMP000,4,14,101.35
O010936,2024-09-07,18,B03,CH4,C00000,CMP000,0,2,16.95
O010937,2024-09-07,18,B03,CH1,C00000,CMP000,1,5,32.65
O010938,2024-09-07,21,B03,CH3,C00000,CMP000,0,3,36.25
O010939,2024-09-08,13,B03,CH1,C01223,CMP000,6,17,163.75
O010940,2024-09-08,20,B03,CH1,C00000,CMP000,6,18,167.5
O010941,2024-09-08,19,B03,CH1,C02356,CMP000,3,8,98.05
O010942,2024-09-08,22,B03,CH1,C02660,CMP000,2,7,79.65
O010943,2024-09-09,22,B03,CH1,C00000,CMP000,5,17,153.3
O010944,2024-09-09,17,B03,CH1,C04612,CMP000,2,7,55.6
O010945,2024-09-11,13,B03,CH3,C00000,CMP000,0,1,15.85
O010946,2024-09-12,14,B03,CH1,C00000,CMP000,2,4,49.65
O010947,2024-09-12,15,B03,CH3,C00000,CMP000,0,2,16.05
O010948,2024-09-13,19,B03,CH1,C02744,CMP000,2,8,99.9
O010949,2024-09-13,21,B03,CH3,C00000,CMP000,0,7,55.1
O010950,2024-09-13,18,B03,CH1,C00000,CMP000,2,5,50.35
O010951,2024-09-13,20,B03,CH2,C00000,CMP000,0,8,57.8
O010952,2024-09-14,15,B03,CH1,C02427,CMP000,4,15,129.6
O010953,2024-09-14,19,B03,CH1,C00000,CMP000,1,2,26.55
O010954,2024-09-14,21,B03,CH1,C01223,CMP000,4,11,105.85
O010955,2024-09-14,18,B03,CH1,C01205,CMP000,4,13,108.3
O010956,2024-09-14,13,B03,CH1,C00000,CMP000,1,3,26.75
O010957,2024-09-14,20,B03,CH1,C01223,CMP000,2,5,51.65
O010958,2024-09-15,19,B03,CH1,C01223,CMP000,7,22,226.25
O010959,2024-09-15,17,B03,CH1,C00000,CMP000,2,9,68.9
O010960,2024-09-15,21,B03,CH3,C00000,CMP000,0,4,38.55
O010961,2024-09-15,22,B03,CH1,C01223,CMP000,2,6,46.9
O010962,2024-09-15,20,B03,CH1,C00000,CMP000,4,11,93.6
O010963,2024-09-16,18,B03,CH2,C00000,CMP000,0,7,65.15
O010964,2024-09-16,15,B03,CH3,C00000,CMP000,0,2,27.7
O010965,2024-09-16,16,B03,CH1,C00000,CMP000,2,6,64.2
O010966,2024-09-16,12,B03,CH1,C00000,CMP000,3,9,75.9
O010967,2024-09-16,16,B03,CH2,C00000,CMP000,0,3,19.25
O010968,2024-09-16,20,B03,CH1,C00000,CMP000,2,8,61.75
O010969,2024-09-16,14,B03,CH1,C00000,CMP000,4,10,101.8
O010970,2024-09-16,21,B03,CH2,C00000,CMP000,0,3,23.15
O010971,2024-09-18,12,B03,CH1,C00000,CMP000,2,4,45.15
O010972,2024-09-19,13,B03,CH4,C00000,CMP000,0,6,57.45
O010973,2024-09-19,17,B03,CH3,C00000,CMP000,0,3,31.9
O010974,2024-09-19,21,B03,CH4,C00000,CMP000,0,2,23.6
O010975,2024-09-19,12,B03,CH1,C02387,CMP000,2,3,43.8
O010976,2024-09-19,16,B03,CH1,C00000,CMP000,3,11,104.15
O010977,2024-09-19,22,B03,CH1,C01223,CMP000,2,8,67.35
O010978,2024-09-19,22,B03,CH1,C00000,CMP000,2,8,65.75
O010979,2024-09-20,18,B03,CH1,C00000,CMP000,5,13,153.1
O010980,2024-09-20,16,B03,CH2,C00000,CMP000,0,2,15.7
O010981,2024-09-20,20,B03,CH4,C00000,CMP000,0,6,55.25
O010982,2024-09-20,13,B03,CH1,C00000,CMP000,6,20,188.8
O010983,2024-09-21,21,B03,CH2,C00000,CMP000,0,7,58.1
O010984,2024-09-21,17,B03,CH2,C00000,CMP000,0,2,16.95
O010985,2024-09-21,12,B03,CH1,C00000,CMP000,4,14,110.1
O010986,2024-09-21,22,B03,CH1,C00000,CMP000,8,25,237.3
O010987,2024-09-21,19,B03,CH1,C00000,CMP000,8,26,231.65
O010988,2024-09-21,14,B03,CH1,C00000,CMP000,3,7,60.95
O010989,2024-09-21,18,B03,CH1,C00000,CMP000,8,27,248.15
O010990,2024-09-21,20,B03,CH1,C00000,CMP000,4,16,156.1
O010991,2024-09-22,17,B03,CH1,C00000,CMP000,2,5,40.0
O010992,2024-09-23,12,B03,CH1,C00000,CMP000,2,5,81.2
O010993,2024-09-23,14,B03,CH1,C04574,CMP000,2,6,73.05
O010994,2024-09-25,22,B03,CH2,C00000,CMP000,0,2,15.6
O010995,2024-09-25,14,B03,CH1,C00000,CMP000,2,7,50.65
O010996,2024-09-26,22,B03,CH1,C03514,CMP000,7,24,231.2
O010997,2024-09-26,19,B03,CH1,C00000,CMP000,2,7,63.75
O010998,2024-09-26,21,B03,CH1,C00000,CMP000,4,9,123.65
O010999,2024-09-26,12,B03,CH1,C00000,CMP000,2,4,38.15
O011000,2024-09-26,20,B03,CH1,C00000,CMP000,2,7,69.2
O011001,2024-09-26,13,B03,CH1,C00000,CMP000,1,4,30.7
O011002,2024-09-27,20,B03,CH1,C01223,CMP000,4,12,103.1
O011003,2024-09-27,13,B03,CH1,C03525,CMP000,3,11,86.1
O011004,2024-09-27,20,B03,CH1,C00000,CMP000,1,4,37.65
O011005,2024-09-27,21,B03,CH1,C00000,CMP000,5,16,148.05
O011006,2024-09-27,13,B03,CH1,C00000,CMP000,8,24,205.1
O011007,2024-09-28,17,B03,CH4,C00000,CMP000,0,3,37.65
O011008,2024-09-28,18,B03,CH2,C00000,CMP000,0,1,14.05
O011009,2024-09-28,20,B03,CH1,C00000,CMP000,2,6,61.0
O011010,2024-09-28,20,B03,CH1,C04503,CMP000,4,13,120.3
O011011,2024-09-28,18,B03,CH1,C00000,CMP000,2,6,45.7
O011012,2024-09-28,19,B03,CH1,C01223,CMP000,2,7,79.8
O011013,2024-09-29,20,B03,CH1,C00000,CMP000,1,4,28.75
O011014,2024-09-29,21,B03,CH3,C00000,CMP000,0,6,57.35
O011015,2024-09-30,22,B03,CH1,C04963,CMP000,2,5,47.15
O011016,2024-09-30,18,B03,CH3,C00000,CMP000,0,3,26.95
O011017,2024-09-30,21,B03,CH1,C00000,CMP000,2,5,40.65
O011018,2024-10-02,18,B03,CH1,C00000,CMP000,2,6,55.3
O011019,2024-10-02,15,B03,CH1,C00000,CMP000,2,7,53.5
O011020,2024-10-02,20,B03,CH1,C00000,CMP000,2,6,76.15
O011021,2024-10-03,18,B03,CH1,C00000,CMP000,2,6,58.95
O011022,2024-10-03,16,B03,CH1,C00000,CMP000,5,14,130.65
O011023,2024-10-04,17,B03,CH4,C00000,CMP000,0,5,53.75
O011024,2024-10-04,20,B03,CH1,C00000,CMP000,5,18,205.05
O011025,2024-10-04,19,B03,CH4,C00000,CMP000,0,5,42.35
O011026,2024-10-04,21,B03,CH1,C03464,CMP000,1,3,25.85
O011027,2024-10-04,17,B03,CH4,C00000,CMP000,0,4,39.05
O011028,2024-10-04,21,B03,CH1,C00791,CMP000,4,14,120.35
O011029,2024-10-04,22,B03,CH1,C00000,CMP000,2,3,32.8
O011030,2024-10-05,13,B03,CH1,C00000,CMP000,6,20,165.55
O011031,2024-10-05,19,B03,CH1,C02744,CMP000,2,5,44.5
O011032,2024-10-05,13,B03,CH1,C03095,CMP000,6,21,169.7
O011033,2024-10-05,13,B03,CH1,C00000,CMP000,5,11,102.9
O011034,2024-10-05,14,B03,CH1,C00000,CMP000,4,13,87.85
O011035,2024-10-05,20,B03,CH1,C00000,CMP000,1,5,33.6
O011036,2024-10-05,22,B03,CH1,C04923,CMP000,1,2,24.3
O011037,2024-10-05,18,B03,CH1,C00000,CMP000,4,12,115.85
O011038,2024-10-05,22,B03,CH3,C00000,CMP000,0,5,39.65
O011039,2024-10-05,12,B03,CH1,C00000,CMP000,2,5,36.75
O011040,2024-10-05,18,B03,CH1,C00000,CMP000,2,6,61.5
O011041,2024-10-06,20,B03,CH1,C00000,CMP000,5,18,158.0
O011042,2024-10-06,20,B03,CH1,C00000,CMP000,4,13,162.55
O011043,2024-10-06,19,B03,CH1,C01059,CMP000,2,7,58.45
O011044,2024-10-06,15,B03,CH1,C00000,CMP000,3,12,127.95
O011045,2024-10-06,18,B03,CH1,C01223,CMP000,1,5,40.35
O011046,2024-10-07,16,B03,CH1,C00000,CMP000,1,2,30.1
O011047,2024-10-07,17,B03,CH3,C00000,CMP000,0,1,23.6
O011048,2024-10-07,20,B03,CH1,C00000,CMP000,4,14,122.5
O011049,2024-10-07,21,B03,CH1,C00801,CMP000,4,13,134.2
O011050,2024-10-07,20,B03,CH2,C00000,CMP000,0,3,38.1
O011051,2024-10-07,18,B03,CH1,C01775,CMP000,2,7,70.95
O011052,2024-10-07,18,B03,CH1,C00442,CMP000,2,6,87.05
O011053,2024-10-09,21,B03,CH1,C00000,CMP000,2,5,72.6
O011054,2024-10-09,13,B03,CH1,C00000,CMP000,4,11,91.5
O011055,2024-10-09,20,B03,CH1,C00000,CMP000,3,11,105.9
O011056,2024-10-10,17,B03,CH3,C00000,CMP000,0,4,51.7
O011057,2024-10-10,21,B03,CH1,C01389,CMP000,2,5,60.75
O011058,2024-10-11,22,B03,CH1,C00000,CMP000,2,5,40.55
O011059,2024-10-11,20,B03,CH2,C03751,CMP000,0,2,18.75
O011060,2024-10-11,21,B03,CH1,C00000,CMP000,2,5,45.75
O011061,2024-10-11,12,B03,CH2,C00000,CMP000,0,4,39.45
O011062,2024-10-12,14,B03,CH1,C00000,CMP000,2,5,62.3
O011063,2024-10-12,20,B03,CH1,C00000,CMP000,2,8,78.0
O011064,2024-10-12,20,B03,CH1,C00000,CMP000,4,14,144.5
O011065,2024-10-12,17,B03,CH3,C04951,CMP000,0,11,81.5
O011066,2024-10-12,19,B03,CH1,C00791,CMP000,2,5,63.7
O011067,2024-10-12,22,B03,CH1,C02968,CMP000,2,7,65.35
O011068,2024-10-12,20,B03,CH1,C00000,CMP000,1,3,31.15
O011069,2024-10-13,19,B03,CH1,C00991,CMP000,2,6,56.2
O011070,2024-10-13,14,B03,CH1,C00000,CMP000,2,7,51.25
O011071,2024-10-13,13,B03,CH1,C00000,CMP000,2,5,42.8
O011072,2024-10-13,18,B03,CH1,C00000,CMP000,3,8,84.75
O011073,2024-10-13,20,B03,CH1,C00000,CMP000,2,5,51.0
O011074,2024-10-13,19,B03,CH1,C00000,CMP000,2,6,60.8
O011075,2024-10-13,13,B03,CH1,C00020,CMP000,2,4,44.2
O011076,2024-10-14,18,B03,CH1,C00000,CMP000,4,12,107.25
O011077,2024-10-14,19,B03,CH1,C00000,CMP000,3,11,85.85
O011078,2024-10-14,21,B03,CH1,C00531,CMP000,2,4,40.35
O011079,2024-10-14,18,B03,CH3,C00000,CMP000,0,7,80.5
O011080,2024-10-16,21,B03,CH1,C00000,CMP000,5,14,130.7
O011081,2024-10-17,19,B03,CH1,C01223,CMP000,2,5,52.9
O011082,2024-10-17,17,B03,CH3,C00000,CMP000,0,7,62.5
O011083,2024-10-17,19,B03,CH3,C00991,CMP000,0,9,92.25
O011084,2024-10-18,19,B03,CH2,C00000,CMP000,0,10,73.85
O011085,2024-10-18,18,B03,CH1,C00000,CMP000,2,5,49.3
O011086,2024-10-18,20,B03,CH2,C00000,CMP000,0,3,21.8
O011087,2024-10-18,19,B03,CH3,C02660,CMP000,0,5,41.0
O011088,2024-10-18,20,B03,CH3,C00000,CMP000,0,5,44.2
O011089,2024-10-18,20,B03,CH1,C00000,CMP000,2,5,41.1
O011090,2024-10-18,20,B03,CH1,C01223,CMP000,2,4,34.9
O011091,2024-10-18,22,B03,CH2,C00000,CMP000,0,3,18.8
O011092,2024-10-19,13,B03,CH1,C00000,CMP000,1,2,24.95
O011093,2024-10-19,19,B03,CH1,C01223,CMP000,5,16,123.5
O011094,2024-10-19,19,B03,CH2,C00000,CMP000,0,1,15.85
O011095,2024-10-19,18,B03,CH1,C00000,CMP000,3,11,89.0
O011096,2024-10-19,14,B03,CH3,C00000,CMP000,0,2,21.35
O011097,2024-10-20,18,B03,CH1,C00000,CMP000,5,20,177.65
O011098,2024-10-20,12,B03,CH3,C00000,CMP000,0,6,63.25
O011099,2024-10-20,22,B03,CH1,C02470,CMP000,2,8,67.1
O011100,2024-10-20,14,B03,CH1,C00000,CMP000,3,9,74.05
O011101,2024-10-21,18,B03,CH3,C00000,CMP000,0,4,26.5
O011102,2024-10-21,13,B03,CH1,C00000,CMP000,1,3,36.3
O011103,2024-10-23,20,B03,CH1,C00000,CMP000,2,8,61.0
O011104,2024-10-23,19,B03,CH1,C00000,CMP000,4,11,100.75
O011105,2024-10-24,14,B03,CH4,C00000,CMP000,0,3,19.8
O011106,2024-10-24,18,B03,CH1,C00000,CMP000,2,4,97.0
O011107,2024-10-24,19,B03,CH1,C01223,CMP000,2,5,37.45
O011108,2024-10-24,14,B03,CH1,C00000,CMP000,4,12,127.8
O011109,2024-10-24,21,B03,CH3,C00000,CMP000,0,7,48.1
O011110,2024-10-25,19,B03,CH3,C00000,CMP000,0,5,51.1
O011111,2024-10-25,14,B03,CH1,C00000,CMP000,2,7,85.25
O011112,2024-10-25,22,B03,CH1,C00000,CMP000,6,20,189.85
O011113,2024-10-25,18,B03,CH1,C00000,CMP000,1,1,12.7
O011114,2024-10-25,19,B03,CH2,C04590,CMP000,0,5,58.7
O011115,2024-10-25,21,B03,CH1,C01223,CMP000,2,5,53.25
O011116,2024-10-25,20,B03,CH1,C00000,CMP000,4,15,113.35
O011117,2024-10-25,17,B03,CH2,C00000,CMP000,0,5,46.0
O011118,2024-10-26,20,B03,CH1,C00000,CMP000,4,14,109.15
O011119,2024-10-26,12,B03,CH1,C01316,CMP000,2,5,45.05
O011120,2024-10-26,19,B03,CH1,C00000,CMP000,5,16,128.5
O011121,2024-10-26,19,B03,CH1,C03057,CMP000,3,8,92.35
O011122,2024-10-26,18,B03,CH1,C01844,CMP000,4,13,116.1
O011123,2024-10-26,20,B03,CH3,C00000,CMP000,0,6,69.1
O011124,2024-10-26,20,B03,CH1,C00000,CMP000,6,24,212.0
O011125,2024-10-26,18,B03,CH2,C00000,CMP000,0,3,32.4
O011126,2024-10-26,21,B03,CH1,C00000,CMP000,8,28,264.75
O011127,2024-10-26,21,B03,CH3,C00648,CMP000,0,4,27.85
O011128,2024-10-27,18,B03,CH1,C00000,CMP000,4,15,106.1
O011129,2024-10-27,13,B03,CH1,C00000,CMP000,4,11,96.85
O011130,2024-10-27,20,B03,CH1,C00000,CMP000,2,7,58.8
O011131,2024-10-27,19,B03,CH1,C00000,CMP000,4,15,114.75
O011132,2024-10-27,20,B03,CH4,C01346,CMP000,0,3,23.6
O011133,2024-10-27,19,B03,CH1,C02744,CMP000,5,16,145.5
O011134,2024-10-27,18,B03,CH1,C01223,CMP000,5,13,173.9
O011135,2024-10-27,21,B03,CH1,C03543,CMP000,2,7,53.95
O011136,2024-10-27,18,B03,CH1,C01223,CMP000,2,7,74.8
O011137,2024-10-27,19,B03,CH1,C02744,CMP000,3,8,73.2
O011138,2024-10-28,12,B03,CH2,C00000,CMP000,0,8,65.25
O011139,2024-10-28,20,B03,CH1,C00000,CMP000,2,5,50.6
O011140,2024-10-28,20,B03,CH3,C00000,CMP000,0,6,48.85
O011141,2024-10-28,15,B03,CH1,C01563,CMP000,2,7,88.9
O011142,2024-10-28,13,B03,CH1,C00791,CMP000,3,10,71.9
O011143,2024-10-28,17,B03,CH1,C00000,CMP000,2,6,52.4
O011144,2024-10-30,18,B03,CH1,C04923,CMP000,2,5,45.5
O011145,2024-10-30,18,B03,CH1,C00000,CMP000,3,10,116.05
O011146,2024-10-31,19,B03,CH1,C04634,CMP000,4,11,105.0
O011147,2024-10-31,20,B03,CH4,C01205,CMP000,0,5,41.75
O011148,2024-10-31,19,B03,CH1,C03293,CMP000,2,5,41.55
O011149,2024-10-31,19,B03,CH3,C00000,CMP000,0,2,19.05
O011150,2024-10-31,18,B03,CH4,C00000,CMP000,0,3,20.6
O011151,2024-11-01,17,B03,CH2,C02744,CMP000,0,5,39.95
O011152,2024-11-01,20,B03,CH1,C00000,CMP000,5,18,199.2
O011153,2024-11-01,17,B03,CH1,C00000,CMP000,4,15,138.35
O011154,2024-11-02,13,B03,CH1,C00000,CMP000,1,2,33.75
O011155,2024-11-02,20,B03,CH1,C00000,CMP000,2,6,67.85
O011156,2024-11-03,14,B03,CH1,C03464,CMP000,2,4,41.4
O011157,2024-11-03,18,B03,CH1,C00000,CMP000,1,4,44.9
O011158,2024-11-03,14,B03,CH1,C03217,CMP000,4,15,104.9
O011159,2024-11-03,20,B03,CH1,C00000,CMP000,3,10,80.75
O011160,2024-11-03,21,B03,CH1,C00000,CMP000,7,18,168.5
O011161,2024-11-03,14,B03,CH4,C00000,CMP000,0,2,16.35
O011162,2024-11-03,19,B03,CH3,C00000,CMP000,0,1,12.7
O011163,2024-11-03,21,B03,CH1,C00000,CMP000,5,18,164.35
O011164,2024-11-03,20,B03,CH1,C01794,CMP000,2,10,100.5
O011165,2024-11-03,21,B03,CH1,C02660,CMP000,3,8,66.3
O011166,2024-11-04,22,B03,CH1,C04398,CMP000,2,4,40.25
O011167,2024-11-04,21,B03,CH1,C00000,CMP000,2,8,60.75
O011168,2024-11-04,12,B03,CH1,C00192,CMP000,1,4,48.55
O011169,2024-11-06,18,B03,CH1,C00000,CMP000,3,10,87.35
O011170,2024-11-07,13,B03,CH2,C00000,CMP000,0,4,51.45
O011171,2024-11-07,14,B03,CH1,C00000,CMP000,2,8,74.25
O011172,2024-11-07,22,B03,CH1,C00000,CMP000,2,6,42.95
O011173,2024-11-07,18,B03,CH1,C03095,CMP000,1,4,33.8
O011174,2024-11-07,19,B03,CH1,C00000,CMP000,1,3,28.55
O011175,2024-11-08,20,B03,CH1,C04963,CMP000,4,10,94.0
O011176,2024-11-08,13,B03,CH1,C01901,CMP000,2,4,54.6
O011177,2024-11-08,13,B03,CH3,C00020,CMP000,0,3,19.8
O011178,2024-11-08,19,B03,CH1,C00000,CMP000,4,12,97.75
O011179,2024-11-08,22,B03,CH3,C00000,CMP000,0,8,66.7
O011180,2024-11-08,12,B03,CH1,C00000,CMP000,3,9,69.0
O011181,2024-11-08,16,B03,CH1,C00000,CMP000,5,19,145.25
O011182,2024-11-09,20,B03,CH1,C00000,CMP000,2,7,57.45
O011183,2024-11-09,19,B03,CH3,C01223,CMP000,0,3,19.7
O011184,2024-11-09,12,B03,CH1,C00000,CMP000,8,23,230.6
O011185,2024-11-09,14,B03,CH1,C00813,CMP000,2,4,48.25
O011186,2024-11-10,13,B03,CH1,C02332,CMP000,8,28,260.25
O011187,2024-11-11,21,B03,CH1,C00000,CMP000,3,7,69.4
O011188,2024-11-11,20,B03,CH1,C02744,CMP000,2,6,49.9
O011189,2024-11-13,18,B03,CH1,C01223,CMP000,6,16,166.55
O011190,2024-11-13,19,B03,CH1,C01059,CMP000,3,8,65.2
O011191,2024-11-13,20,B03,CH1,C00791,CMP000,2,8,58.1
O011192,2024-11-14,17,B03,CH1,C00000,CMP000,4,10,101.1
O011193,2024-11-14,12,B03,CH1,C04248,CMP000,2,8,76.8
O011194,2024-11-15,19,B03,CH1,C00800,CMP000,2,8,88.15
O011195,2024-11-15,20,B03,CH1,C01223,CMP000,4,12,120.45
O011196,2024-11-15,17,B03,CH2,C00000,CMP000,0,10,84.3
O011197,2024-11-15,21,B03,CH3,C00000,CMP000,0,1,13.15
O011198,2024-11-15,20,B03,CH1,C00000,CMP000,2,5,48.5
O011199,2024-11-16,22,B03,CH1,C00000,CMP000,1,4,32.8
O011200,2024-11-16,17,B03,CH3,C00000,CMP000,0,2,15.6
O011201,2024-11-16,12,B03,CH1,C00000,CMP000,2,7,67.55
O011202,2024-11-16,21,B03,CH1,C01532,CMP000,2,9,70.45
O011203,2024-11-16,17,B03,CH1,C00000,CMP000,6,22,191.15
O011204,2024-11-16,13,B03,CH1,C00000,CMP000,2,6,60.95
O011205,2024-11-16,12,B03,CH1,C01059,CMP000,2,6,51.9
O011206,2024-11-16,19,B03,CH2,C00000,CMP000,0,4,39.75
O011207,2024-11-16,18,B03,CH1,C00000,CMP000,4,14,104.35
O011208,2024-11-16,20,B03,CH1,C01059,CMP000,3,8,83.0
O011209,2024-11-16,13,B03,CH1,C00000,CMP000,4,12,126.65
O011210,2024-11-16,20,B03,CH2,C00000,CMP000,0,2,17.7
O011211,2024-11-17,22,B03,CH1,C00000,CMP000,5,18,146.7
O011212,2024-11-17,19,B03,CH1,C00531,CMP000,3,10,78.15
O011213,2024-11-17,18,B03,CH3,C00000,CMP000,0,6,48.9
O011214,2024-11-17,21,B03,CH1,C00000,CMP000,2,7,63.0
O011215,2024-11-17,12,B03,CH1,C01516,CMP000,2,5,49.45
O011216,2024-11-18,12,B03,CH1,C00000,CMP001,2,8,60.44
O011217,2024-11-18,19,B03,CH2,C01563,CMP000,0,5,51.9
O011218,2024-11-18,21,B03,CH1,C00000,CMP001,2,7,65.53
O011219,2024-11-20,13,B03,CH1,C04823,CMP000,2,6,43.0
O011220,2024-11-20,21,B03,CH1,C00000,CMP000,3,9,72.65
O011221,2024-11-20,21,B03,CH1,C00000,CMP001,1,3,26.83
O011222,2024-11-21,21,B03,CH3,C00000,CMP000,0,2,27.25
O011223,2024-11-22,16,B03,CH3,C00000,CMP000,0,5,44.2
O011224,2024-11-22,20,B03,CH1,C00000,CMP001,2,7,60.55
O011225,2024-11-22,19,B03,CH3,C00000,CMP000,0,3,18.0
O011226,2024-11-22,21,B03,CH1,C00442,CMP001,5,15,124.67
O011227,2024-11-22,18,B03,CH1,C00993,CMP001,3,9,77.51
O011228,2024-11-22,17,B03,CH3,C00000,CMP000,0,2,20.85
O011229,2024-11-22,20,B03,CH1,C00000,CMP001,2,6,45.15
O011230,2024-11-22,22,B03,CH1,C00000,CMP001,4,17,184.92
O011231,2024-11-22,19,B03,CH1,C00000,CMP000,6,16,148.5
O011232,2024-11-22,21,B03,CH1,C01346,CMP000,2,5,67.1
O011233,2024-11-22,20,B03,CH1,C00000,CMP001,2,5,41.33
O011234,2024-11-23,13,B03,CH1,C01205,CMP000,6,16,155.75
O011235,2024-11-23,13,B03,CH1,C00000,CMP000,5,14,119.2
O011236,2024-11-23,12,B03,CH1,C02744,CMP000,2,5,46.15
O011237,2024-11-23,20,B03,CH1,C00000,CMP001,4,12,88.22
O011238,2024-11-23,17,B03,CH1,C00000,CMP001,3,10,105.5
O011239,2024-11-23,12,B03,CH1,C00000,CMP001,4,12,92.26
O011240,2024-11-23,13,B03,CH1,C03207,CMP000,6,13,176.5
O011241,2024-11-23,13,B03,CH4,C00000,CMP000,0,3,20.15
O011242,2024-11-23,20,B03,CH1,C00000,CMP001,7,26,234.98
O011243,2024-11-23,22,B03,CH1,C00000,CMP000,5,15,143.6
O011244,2024-11-23,17,B03,CH1,C00000,CMP000,4,13,117.6
O011245,2024-11-23,19,B03,CH1,C00000,CMP000,4,13,123.85
O011246,2024-11-23,19,B03,CH1,C04923,CMP000,6,18,185.4
O011247,2024-11-23,19,B03,CH1,C00000,CMP000,2,7,58.65
O011248,2024-11-24,20,B03,CH1,C00000,CMP000,2,9,73.3
O011249,2024-11-24,14,B03,CH1,C01274,CMP000,4,12,96.35
O011250,2024-11-24,22,B03,CH1,C00000,CMP000,7,25,257.65
O011251,2024-11-24,19,B03,CH1,C00000,CMP000,1,3,24.5
O011252,2024-11-24,18,B03,CH2,C00000,CMP000,0,2,19.5
O011253,2024-11-24,20,B03,CH1,C01474,CMP001,1,3,27.7
O011254,2024-11-27,20,B03,CH1,C03781,CMP001,1,5,41.19
O011255,2024-11-27,20,B03,CH1,C00000,CMP000,3,10,88.5
O011256,2024-11-28,22,B03,CH1,C04923,CMP000,4,15,146.85
O011257,2024-11-28,19,B03,CH3,C00000,CMP000,0,4,32.4
O011258,2024-11-28,21,B03,CH4,C04879,CMP000,0,5,50.55
O011259,2024-11-29,20,B03,CH3,C02111,CMP000,0,3,26.15
O011260,2024-11-29,18,B03,CH1,C01231,CMP000,2,7,63.25
O011261,2024-11-29,21,B03,CH3,C00000,CMP000,0,1,12.7
O011262,2024-11-29,15,B03,CH1,C00000,CMP001,1,4,26.89
O011263,2024-11-29,13,B03,CH2,C00000,CMP000,0,2,19.5
O011264,2024-11-29,20,B03,CH2,C00000,CMP000,0,3,19.7
O011265,2024-11-30,21,B03,CH4,C00000,CMP000,0,2,36.75
O011266,2024-11-30,14,B03,CH1,C00020,CMP000,5,14,139.85
O011267,2024-11-30,19,B03,CH1,C00000,CMP000,1,3,25.65
O011268,2024-11-30,20,B03,CH4,C00000,CMP000,0,2,20.85
O011269,2024-11-30,18,B03,CH3,C00000,CMP000,0,2,34.9
O011270,2024-11-30,14,B03,CH1,C00000,CMP000,2,5,43.7
O011271,2024-11-30,20,B03,CH1,C00103,CMP000,2,7,53.7
O011272,2024-11-30,19,B03,CH1,C00000,CMP000,4,12,102.5
O011273,2024-11-30,17,B03,CH1,C01475,CMP000,2,8,65.45
O011274,2024-11-30,21,B03,CH4,C02012,CMP000,0,4,37.0
O011275,2024-12-01,14,B03,CH3,C00000,CMP000,0,2,26.75
O011276,2024-12-01,22,B03,CH1,C00000,CMP000,2,5,53.05
O011277,2024-12-01,19,B03,CH2,C00000,CMP000,0,5,38.85
O011278,2024-12-01,21,B03,CH2,C03566,CMP000,0,3,23.3
O011279,2024-12-02,17,B03,CH1,C02660,CMP000,2,6,47.4
O011280,2024-12-02,15,B03,CH1,C00620,CMP000,4,10,94.1
O011281,2024-12-02,19,B03,CH3,C00000,CMP000,0,11,82.75
O011282,2024-12-02,20,B03,CH1,C00000,CMP000,3,12,100.35
O011283,2024-12-02,13,B03,CH1,C00000,CMP001,2,5,39.99
O011284,2024-12-02,13,B03,CH1,C00000,CMP000,2,6,44.1
O011285,2024-12-04,20,B03,CH1,C00000,CMP000,2,5,52.95
O011286,2024-12-04,20,B03,CH1,C00000,CMP000,2,5,42.0
O011287,2024-12-04,20,B03,CH2,C02705,CMP000,0,2,16.35
O011288,2024-12-04,16,B03,CH2,C00000,CMP000,0,3,22.25
O011289,2024-12-04,13,B03,CH1,C03313,CMP000,2,4,46.7
O011290,2024-12-05,19,B03,CH1,C00000,CMP001,2,6,51.09
O011291,2024-12-05,21,B03,CH2,C00000,CMP000,0,2,17.4
O011292,2024-12-05,21,B03,CH1,C04840,CMP000,2,7,62.2
O011293,2024-12-05,19,B03,CH1,C00000,CMP001,5,15,116.49
O011294,2024-12-06,14,B03,CH1,C01223,CMP000,2,5,46.75
O011295,2024-12-06,20,B03,CH1,C02356,CMP000,2,5,44.2
O011296,2024-12-06,19,B03,CH3,C00000,CMP000,0,2,16.5
O011297,2024-12-06,12,B03,CH2,C01223,CMP000,0,2,18.6
O011298,2024-12-06,17,B03,CH4,C00000,CMP000,0,1,13.6
O011299,2024-12-06,13,B03,CH1,C01532,CMP000,1,3,22.95
O011300,2024-12-06,17,B03,CH2,C00107,CMP000,0,2,18.15
O011301,2024-12-07,21,B03,CH1,C01328,CMP000,2,4,42.85
O011302,2024-12-07,17,B03,CH1,C00000,CMP001,2,7,60.59
O011303,2024-12-07,12,B03,CH1,C00000,CMP001,2,6,52.14
O011304,2024-12-07,20,B03,CH1,C00000,CMP001,4,12,105.33
O011305,2024-12-07,19,B03,CH1,C00000,CMP001,8,29,290.43
O011306,2024-12-07,21,B03,CH1,C00000,CMP000,4,12,147.15
O011307,2024-12-07,22,B03,CH1,C00000,CMP001,3,12,81.54
O011308,2024-12-07,14,B03,CH1,C02746,CMP000,3,6,57.85
O011309,2024-12-08,18,B03,CH1,C00000,CMP000,4,12,98.65
O011310,2024-12-08,19,B03,CH1,C00000,CMP001,2,7,47.57
O011311,2024-12-08,19,B03,CH1,C00000,CMP000,3,9,77.35
O011312,2024-12-08,20,B03,CH1,C01223,CMP001,4,12,103.47
O011313,2024-12-08,19,B03,CH2,C02586,CMP000,0,3,24.95
O011314,2024-12-08,18,B03,CH1,C00000,CMP000,4,11,110.15
O011315,2024-12-08,20,B03,CH1,C00000,CMP001,1,3,29.54
O011316,2024-12-08,14,B03,CH4,C03534,CMP000,0,4,39.0
O011317,2024-12-08,13,B03,CH1,C00000,CMP001,2,6,57.76
O011318,2024-12-09,18,B03,CH1,C00000,CMP000,4,15,135.4
O011319,2024-12-09,18,B03,CH2,C00000,CMP000,0,2,17.25
O011320,2024-12-09,18,B03,CH1,C00000,CMP001,4,13,101.75
O011321,2024-12-11,14,B03,CH1,C00000,CMP000,8,24,196.45
O011322,2024-12-11,19,B03,CH1,C03112,CMP001,4,14,125.4
O011323,2024-12-11,20,B03,CH1,C03087,CMP000,4,12,110.9
O011324,2024-12-11,14,B03,CH1,C00000,CMP000,7,19,155.95
O011325,2024-12-11,18,B03,CH1,C00000,CMP000,2,5,54.45
O011326,2024-12-12,18,B03,CH1,C04574,CMP000,2,7,55.6
O011327,2024-12-12,18,B03,CH1,C00000,CMP001,4,10,104.37
O011328,2024-12-12,19,B03,CH1,C02989,CMP000,2,7,69.1
O011329,2024-12-12,22,B03,CH1,C00000,CMP001,2,5,49.45
O011330,2024-12-12,16,B03,CH1,C00000,CMP000,1,4,41.55
O011331,2024-12-13,18,B03,CH2,C00000,CMP000,0,9,104.2
O011332,2024-12-13,19,B03,CH1,C00000,CMP001,3,8,68.82
O011333,2024-12-13,12,B03,CH1,C00000,CMP000,3,9,67.15
O011334,2024-12-13,20,B03,CH1,C00000,CMP000,5,19,164.55
O011335,2024-12-13,16,B03,CH1,C00000,CMP000,3,11,108.7
O011336,2024-12-13,19,B03,CH1,C00468,CMP000,1,2,21.95
O011337,2024-12-13,20,B03,CH3,C00000,CMP000,0,2,21.3
O011338,2024-12-13,20,B03,CH1,C03313,CMP000,8,24,233.75
O011339,2024-12-13,19,B03,CH4,C00000,CMP000,0,10,105.1
O011340,2024-12-14,12,B03,CH1,C00000,CMP000,1,3,25.4
O011341,2024-12-14,22,B03,CH1,C00000,CMP000,5,18,156.65
O011342,2024-12-14,21,B03,CH1,C00000,CMP001,2,9,81.8
O011343,2024-12-14,22,B03,CH1,C04969,CMP001,4,14,104.17
O011344,2024-12-14,22,B03,CH1,C00000,CMP000,2,6,45.2
O011345,2024-12-14,13,B03,CH3,C00000,CMP000,0,2,20.4
O011346,2024-12-14,22,B03,CH1,C04879,CMP000,3,11,96.05
O011347,2024-12-14,17,B03,CH1,C04254,CMP000,2,5,50.1
O011348,2024-12-14,20,B03,CH1,C00000,CMP000,1,4,30.1
O011349,2024-12-14,13,B03,CH1,C00000,CMP000,2,9,81.4
O011350,2024-12-14,12,B03,CH1,C00000,CMP001,1,3,20.46
O011351,2024-12-14,19,B03,CH1,C03266,CMP001,3,11,97.51
O011352,2024-12-14,15,B03,CH1,C00000,CMP000,2,5,50.9
O011353,2024-12-14,12,B03,CH1,C01223,CMP001,5,13,129.23
O011354,2024-12-14,19,B03,CH1,C00000,CMP000,1,3,21.05
O011355,2024-12-15,19,B03,CH1,C02834,CMP000,6,16,172.25
O011356,2024-12-15,13,B03,CH1,C00000,CMP000,2,5,44.8
O011357,2024-12-15,20,B03,CH1,C00000,CMP001,4,12,100.47
O011358,2024-12-15,19,B03,CH1,C01223,CMP000,1,3,52.45
O011359,2024-12-15,19,B03,CH1,C02550,CMP000,4,12,125.6
O011360,2024-12-15,18,B03,CH1,C00000,CMP000,2,7,60.1
O011361,2024-12-15,15,B03,CH1,C02190,CMP001,4,10,81.71
O011362,2024-12-15,20,B03,CH1,C00000,CMP001,2,9,63.83
O011363,2024-12-16,22,B03,CH1,C00000,CMP001,2,7,51.42
O011364,2024-12-18,15,B03,CH1,C01059,CMP000,4,14,144.9
O011365,2024-12-18,21,B03,CH2,C00000,CMP000,0,2,37.65
O011366,2024-12-18,21,B03,CH1,C01606,CMP001,2,7,48.72
O011367,2024-12-18,21,B03,CH1,C01223,CMP001,4,15,109.22
O011368,2024-12-18,19,B03,CH4,C00000,CMP000,0,4,35.55
O011369,2024-12-18,14,B03,CH1,C00000,CMP001,3,6,56.98
O011370,2024-12-19,17,B03,CH1,C00000,CMP000,4,16,150.85
O011371,2024-12-19,12,B03,CH1,C00000,CMP000,2,6,60.5
O011372,2024-12-19,19,B03,CH3,C00000,CMP000,0,9,77.45
O011373,2024-12-20,13,B03,CH1,C00000,CMP000,4,9,112.75
O011374,2024-12-20,15,B03,CH1,C00857,CMP000,2,6,57.8
O011375,2024-12-20,22,B03,CH2,C00000,CMP000,0,3,20.7
O011376,2024-12-20,19,B03,CH2,C04963,CMP000,0,2,19.95
O011377,2024-12-20,14,B03,CH1,C00000,CMP000,2,7,63.45
O011378,2024-12-20,20,B03,CH1,C02356,CMP000,6,16,149.65
O011379,2024-12-20,19,B03,CH4,C00000,CMP000,0,11,91.2
O011380,2024-12-20,17,B03,CH3,C00000,CMP000,0,4,35.4
O011381,2024-12-20,19,B03,CH4,C00000,CMP000,0,2,19.95
O011382,2024-12-21,19,B03,CH1,C00000,CMP000,4,14,137.2
O011383,2024-12-21,20,B03,CH1,C00000,CMP000,2,6,59.65
O011384,2024-12-21,19,B03,CH1,C00000,CMP001,2,7,67.02
O011385,2024-12-21,18,B03,CH1,C00394,CMP000,5,17,147.25
O011386,2024-12-21,20,B03,CH3,C00000,CMP000,0,2,64.85
O011387,2024-12-21,18,B03,CH1,C00000,CMP001,2,4,54.44
O011388,2024-12-21,15,B03,CH1,C00000,CMP000,1,3,35.2
O011389,2024-12-21,12,B03,CH1,C00000,CMP001,2,5,36.39
O011390,2024-12-21,13,B03,CH1,C01223,CMP000,6,16,132.15
O011391,2024-12-22,19,B03,CH4,C00000,CMP000,0,1,23.6
O011392,2024-12-22,18,B03,CH1,C00000,CMP000,2,7,56.4
O011393,2024-12-22,19,B03,CH1,C00000,CMP001,2,5,43.25
O011394,2024-12-22,18,B03,CH3,C01182,CMP000,0,3,24.5
O011395,2024-12-22,13,B03,CH1,C00000,CMP000,2,5,41.8
O011396,2024-12-22,15,B03,CH2,C01223,CMP000,0,10,88.6
O011397,2024-12-22,17,B03,CH1,C04944,CMP000,1,3,28.55
O011398,2024-12-22,18,B03,CH1,C00000,CMP000,4,12,125.8
O011399,2024-12-22,21,B03,CH1,C00000,CMP001,3,12,84.54
O011400,2024-12-23,12,B03,CH1,C00000,CMP000,2,6,63.25
O011401,2024-12-23,12,B03,CH1,C04015,CMP000,2,7,66.4
O011402,2024-12-23,12,B03,CH1,C03228,CMP000,6,18,140.5
O011403,2024-12-23,21,B03,CH3,C00000,CMP000,0,12,84.05
O011404,2024-12-23,12,B03,CH1,C00000,CMP000,4,11,92.4
O011405,2024-12-26,20,B03,CH1,C00000,CMP000,2,6,50.3
O011406,2024-12-26,19,B03,CH4,C00000,CMP000,0,3,24.05
O011407,2024-12-26,13,B03,CH1,C00000,CMP000,2,7,58.2
O011408,2024-12-27,22,B03,CH4,C00000,CMP000,0,3,32.65
O011409,2024-12-27,21,B03,CH1,C00000,CMP000,2,4,83.25
O011410,2024-12-27,21,B03,CH1,C02356,CMP000,3,9,88.95
O011411,2024-12-27,19,B03,CH4,C00000,CMP000,0,4,26.95
O011412,2024-12-28,12,B03,CH1,C01346,CMP000,4,12,93.25
O011413,2024-12-28,22,B03,CH1,C00000,CMP000,6,24,217.45
O011414,2024-12-28,21,B03,CH1,C04503,CMP000,5,18,145.05
O011415,2024-12-28,19,B03,CH1,C00000,CMP000,1,3,31.7
O011416,2024-12-28,19,B03,CH1,C00000,CMP000,4,13,125.15
O011417,2024-12-28,12,B03,CH1,C00000,CMP000,2,5,53.7
O011418,2024-12-28,19,B03,CH2,C00000,CMP000,0,3,29.95
O011419,2024-12-29,18,B03,CH1,C00000,CMP000,4,9,93.2
O011420,2024-12-29,20,B03,CH1,C00000,CMP000,3,7,81.9
O011421,2024-12-29,12,B03,CH2,C00000,CMP000,0,4,36.0
O011422,2024-12-30,14,B03,CH1,C04545,CMP000,2,7,56.95
O011423,2024-12-30,18,B03,CH2,C00204,CMP000,0,2,27.65
O011424,2024-12-30,21,B03,CH1,C00000,CMP000,2,6,51.95
O011425,2024-12-30,20,B03,CH4,C00000,CMP000,0,4,50.35
O011426,2024-12-30,14,B03,CH1,C00727,CMP000,2,6,56.4
O011427,2025-01-02,17,B03,CH1,C01223,CMP000,5,14,125.85
O011428,2025-01-02,12,B03,CH1,C00000,CMP000,1,2,18.15
O011429,2025-01-02,12,B03,CH1,C00000,CMP000,5,10,110.5
O011430,2025-01-02,13,B03,CH1,C01223,CMP000,2,6,53.05
O011431,2025-01-02,19,B03,CH3,C00000,CMP000,0,8,62.35
O011432,2025-01-03,13,B03,CH1,C00000,CMP000,4,10,110.15
O011433,2025-01-03,17,B03,CH3,C00000,CMP000,0,6,54.9
O011434,2025-01-03,16,B03,CH1,C00000,CMP000,1,1,19.95
O011435,2025-01-03,13,B03,CH1,C00000,CMP000,4,13,137.05
O011436,2025-01-04,21,B03,CH1,C00000,CMP000,2,6,53.5
O011437,2025-01-04,17,B03,CH2,C00000,CMP000,0,4,40.4
O011438,2025-01-04,18,B03,CH1,C00000,CMP000,2,6,68.45
O011439,2025-01-05,21,B03,CH1,C00000,CMP000,1,4,30.65
O011440,2025-01-05,18,B03,CH1,C00000,CMP000,2,6,58.8
O011441,2025-01-05,13,B03,CH1,C00000,CMP000,2,4,40.7
O011442,2025-01-05,18,B03,CH1,C02168,CMP000,3,11,118.2
O011443,2025-01-05,20,B03,CH1,C04890,CMP000,2,4,66.65
O011444,2025-01-06,19,B03,CH1,C00000,CMP002,6,15,124.04
O011445,2025-01-06,21,B03,CH1,C00000,CMP002,2,5,41.98
O011446,2025-01-06,21,B03,CH1,C00000,CMP000,2,5,46.05
O011447,2025-01-08,18,B03,CH2,C03556,CMP000,0,3,23.85
O011448,2025-01-08,19,B03,CH3,C00000,CMP000,0,6,46.45
O011449,2025-01-09,20,B03,CH4,C00000,CMP000,0,2,28.6
O011450,2025-01-09,18,B03,CH3,C00000,CMP000,0,2,22.7
O011451,2025-01-09,16,B03,CH4,C02356,CMP000,0,5,41.55
O011452,2025-01-10,18,B03,CH2,C00000,CMP000,0,10,83.85
O011453,2025-01-10,19,B03,CH4,C01970,CMP000,0,6,46.1
O011454,2025-01-10,13,B03,CH1,C00000,CMP000,2,6,47.35
O011455,2025-01-10,12,B03,CH1,C04314,CMP000,3,9,80.75
O011456,2025-01-10,21,B03,CH1,C00000,CMP002,6,16,148.05
O011457,2025-01-10,20,B03,CH1,C00000,CMP002,4,12,122.96
O011458,2025-01-11,20,B03,CH3,C00000,CMP000,0,3,23.15
O011459,2025-01-11,17,B03,CH1,C02356,CMP002,2,9,55.75
O011460,2025-01-11,18,B03,CH4,C04634,CMP000,0,4,29.2
O011461,2025-01-11,17,B03,CH1,C00000,CMP002,1,4,30.11
O011462,2025-01-11,15,B03,CH2,C00000,CMP000,0,5,35.25
O011463,2025-01-11,16,B03,CH1,C00000,CMP002,2,8,70.43
O011464,2025-01-12,21,B03,CH4,C00000,CMP000,0,7,58.25
O011465,2025-01-12,14,B03,CH1,C00000,CMP000,4,12,130.15
O011466,2025-01-12,21,B03,CH1,C00000,CMP000,2,5,49.85
O011467,2025-01-12,13,B03,CH2,C04319,CMP000,0,4,25.6
O011468,2025-01-12,18,B03,CH1,C00000,CMP002,4,14,118.17
O011469,2025-01-12,13,B03,CH1,C00000,CMP000,2,6,50.05
O011470,2025-01-12,12,B03,CH1,C00000,CMP000,4,14,133.75
O011471,2025-01-13,20,B03,CH1,C00000,CMP000,2,7,58.1
O011472,2025-01-13,19,B03,CH1,C00000,CMP000,4,11,137.65
O011473,2025-01-15,18,B03,CH1,C00000,CMP000,2,6,95.05
O011474,2025-01-15,12,B03,CH1,C00077,CMP000,2,5,38.9
O011475,2025-01-16,22,B03,CH2,C00000,CMP000,0,2,16.05
O011476,2025-01-16,22,B03,CH1,C01772,CMP002,4,13,153.63
O011477,2025-01-17,12,B03,CH2,C00000,CMP000,0,3,28.15
O011478,2025-01-17,14,B03,CH1,C00000,CMP000,4,13,91.75
O011479,2025-01-17,16,B03,CH1,C00000,CMP002,4,15,97.3
O011480,2025-01-17,17,B03,CH4,C00000,CMP000,0,4,46.45
O011481,2025-01-17,12,B03,CH1,C00000,CMP000,2,4,37.9
O011482,2025-01-18,12,B03,CH1,C00000,CMP000,2,7,75.75
O011483,2025-01-18,20,B03,CH1,C00000,CMP000,8,20,204.75
O011484,2025-01-18,20,B03,CH1,C03419,CMP000,3,7,65.95
O011485,2025-01-18,12,B03,CH2,C00000,CMP000,0,3,26.05
O011486,2025-01-19,13,B03,CH1,C04963,CMP002,2,7,56.38
O011487,2025-01-19,22,B03,CH1,C02280,CMP002,3,11,88.38
O011488,2025-01-20,21,B03,CH1,C00000,CMP000,2,9,69.85
O011489,2025-01-20,15,B03,CH1,C00000,CMP000,4,14,169.2
O011490,2025-01-20,21,B03,CH1,C00000,CMP000,4,13,134.2
O011491,2025-01-22,14,B03,CH3,C00000,CMP000,0,1,12.7
O011492,2025-01-22,18,B03,CH1,C00000,CMP000,2,6,77.4
O011493,2025-01-22,17,B03,CH1,C00791,CMP000,3,8,62.15
O011494,2025-01-23,17,B03,CH2,C00000,CMP000,0,4,32.85
O011495,2025-01-23,12,B03,CH2,C00000,CMP000,0,1,19.95
O011496,2025-01-23,19,B03,CH1,C00000,CMP002,2,7,43.11
O011497,2025-01-24,18,B03,CH1,C00000,CMP002,3,12,84.83
O011498,2025-01-24,12,B03,CH1,C01059,CMP002,3,9,65.44
O011499,2025-01-24,12,B03,CH1,C00000,CMP002,4,9,84.0
O011500,2025-01-24,22,B03,CH1,C02586,CMP000,2,6,61.7
O011501,2025-01-24,17,B03,CH1,C00000,CMP000,2,7,78.5
O011502,2025-01-24,18,B03,CH1,C01059,CMP002,2,6,39.3
O011503,2025-01-24,12,B03,CH1,C00000,CMP002,2,6,33.23
O011504,2025-01-25,19,B03,CH1,C01205,CMP002,3,6,73.04
O011505,2025-01-25,18,B03,CH1,C01117,CMP000,2,8,75.5
O011506,2025-01-25,19,B03,CH1,C00000,CMP000,2,7,50.8
O011507,2025-01-25,12,B03,CH1,C00000,CMP000,5,17,138.45
O011508,2025-01-25,18,B03,CH1,C00000,CMP000,2,6,61.2
O011509,2025-01-25,19,B03,CH2,C00018,CMP000,0,1,14.5
O011510,2025-01-25,15,B03,CH1,C00000,CMP000,2,7,65.05
O011511,2025-01-25,16,B03,CH2,C00000,CMP000,0,2,22.7
O011512,2025-01-25,21,B03,CH1,C00000,CMP000,3,7,72.45
O011513,2025-01-26,18,B03,CH2,C00000,CMP000,0,3,27.85
O011514,2025-01-26,14,B03,CH1,C04574,CMP000,4,10,77.75
O011515,2025-01-27,12,B03,CH1,C02356,CMP000,6,17,149.4
O011516,2025-01-27,14,B03,CH1,C01223,CMP002,4,11,75.45
O011517,2025-01-27,19,B03,CH1,C01536,CMP000,8,26,286.7
O011518,2025-01-29,18,B03,CH1,C00060,CMP002,1,2,15.3
O011519,2025-01-30,12,B03,CH1,C00000,CMP002,4,9,67.78
O011520,2025-01-30,19,B03,CH1,C00000,CMP000,2,7,73.95
O011521,2025-01-31,18,B03,CH1,C00000,CMP002,2,3,26.72
O011522,2025-01-31,19,B03,CH1,C03313,CMP000,2,5,42.9
O011523,2025-01-31,20,B03,CH2,C00888,CMP000,0,4,36.45
O011524,2025-01-31,19,B03,CH3,C00000,CMP000,0,2,19.5
O011525,2025-01-31,17,B03,CH1,C01205,CMP002,2,5,60.94
O011526,2025-01-31,13,B03,CH1,C00000,CMP000,1,3,40.15
O011527,2025-02-01,20,B03,CH1,C00000,CMP000,2,7,72.8
O011528,2025-02-01,20,B03,CH4,C00000,CMP000,0,2,15.7
O011529,2025-02-01,19,B03,CH3,C00000,CMP000,0,4,48.05
O011530,2025-02-02,14,B03,CH1,C00000,CMP000,8,24,189.75
O011531,2025-02-02,21,B03,CH1,C04326,CMP000,1,2,19.65
O011532,2025-02-02,20,B03,CH1,C04095,CMP000,2,8,75.3
O011533,2025-02-02,20,B03,CH3,C00000,CMP000,0,4,57.15
O011534,2025-02-03,13,B03,CH4,C00000,CMP000,0,4,35.55
O011535,2025-02-03,18,B03,CH3,C00000,CMP000,0,5,38.75
O011536,2025-02-03,19,B03,CH4,C00000,CMP000,0,2,17.4
O011537,2025-02-05,21,B03,CH1,C00000,CMP000,2,7,67.1
O011538,2025-02-05,13,B03,CH1,C03641,CMP000,5,12,112.9
O011539,2025-02-05,20,B03,CH1,C00000,CMP000,5,18,149.5
O011540,2025-02-06,20,B03,CH3,C00000,CMP000,0,10,117.85
O011541,2025-02-06,20,B03,CH1,C04879,CMP000,2,6,52.6
O011542,2025-02-06,21,B03,CH3,C00000,CMP000,0,3,23.4
O011543,2025-02-06,14,B03,CH3,C00000,CMP000,0,6,62.3
O011544,2025-02-07,12,B03,CH1,C04002,CMP000,2,5,51.0
O011545,2025-02-07,18,B03,CH4,C00000,CMP000,0,8,70.45
O011546,2025-02-07,15,B03,CH1,C00000,CMP000,5,17,138.15
O011547,2025-02-07,21,B03,CH1,C00000,CMP000,2,7,61.05
O011548,2025-02-07,19,B03,CH1,C04879,CMP000,5,15,141.75
O011549,2025-02-07,13,B03,CH1,C04346,CMP000,4,14,112.95
O011550,2025-02-08,13,B03,CH1,C01223,CMP000,3,8,62.85
O011551,2025-02-08,18,B03,CH1,C04531,CMP000,1,4,26.6
O011552,2025-02-08,21,B03,CH1,C00000,CMP000,4,14,158.7
O011553,2025-02-08,22,B03,CH4,C00000,CMP000,0,5,42.2
O011554,2025-02-08,22,B03,CH3,C00000,CMP000,0,8,70.8
O011555,2025-02-08,21,B03,CH1,C03363,CMP000,4,12,112.85
O011556,2025-02-09,20,B03,CH1,C02660,CMP000,4,13,115.8
O011557,2025-02-10,21,B03,CH1,C00000,CMP000,3,10,103.3
O011558,2025-02-10,18,B03,CH1,C00000,CMP000,2,5,43.1
O011559,2025-02-10,14,B03,CH1,C04574,CMP000,1,3,26.75
O011560,2025-02-12,17,B03,CH4,C00000,CMP000,0,6,48.55
O011561,2025-02-12,21,B03,CH1,C00000,CMP000,3,8,72.75
O011562,2025-02-13,13,B03,CH1,C00000,CMP000,1,3,29.95
O011563,2025-02-13,21,B03,CH3,C01223,CMP000,0,3,37.85
O011564,2025-02-14,17,B03,CH1,C03520,CMP000,1,5,63.95
O011565,2025-02-15,19,B03,CH1,C01779,CMP000,8,32,304.1
O011566,2025-02-15,22,B03,CH3,C00000,CMP000,0,6,64.15
O011567,2025-02-15,17,B03,CH2,C00000,CMP000,0,3,49.9
O011568,2025-02-15,14,B03,CH4,C00000,CMP000,0,3,32.2
O011569,2025-02-15,14,B03,CH1,C00000,CMP000,1,4,31.75
O011570,2025-02-16,18,B03,CH1,C00494,CMP000,1,2,26.75
O011571,2025-02-16,21,B03,CH1,C04140,CMP000,2,7,60.15
O011572,2025-02-16,21,B03,CH2,C00000,CMP000,0,5,49.0
O011573,2025-02-16,18,B03,CH4,C00000,CMP000,0,4,44.2
O011574,2025-02-20,18,B03,CH1,C00468,CMP000,1,3,29.0
O011575,2025-02-21,12,B03,CH1,C00000,CMP000,3,11,81.95
O011576,2025-02-21,18,B03,CH1,C00000,CMP000,3,11,104.35
O011577,2025-02-21,14,B03,CH1,C00000,CMP000,1,4,26.95
O011578,2025-02-21,15,B03,CH1,C00000,CMP000,2,6,45.55
O011579,2025-02-22,14,B03,CH1,C00000,CMP000,3,9,65.95
O011580,2025-02-22,19,B03,CH1,C00620,CMP000,2,5,43.1
O011581,2025-02-22,21,B03,CH1,C00000,CMP000,2,6,54.4
O011582,2025-02-22,18,B03,CH1,C00000,CMP000,2,6,53.4
O011583,2025-02-23,19,B03,CH1,C00000,CMP000,3,7,87.3
O011584,2025-02-23,22,B03,CH1,C00000,CMP000,5,16,148.05
O011585,2025-02-23,21,B03,CH1,C04907,CMP000,2,5,43.5
O011586,2025-02-23,14,B03,CH1,C02744,CMP000,1,3,24.65
O011587,2025-02-24,15,B03,CH1,C00000,CMP000,4,11,96.1
O011588,2025-02-24,18,B03,CH1,C00000,CMP000,1,2,21.3
O011589,2025-02-26,13,B03,CH3,C00000,CMP000,0,4,37.2
O011590,2025-02-27,17,B03,CH4,C00000,CMP000,0,8,65.5
O011591,2025-02-28,16,B03,CH1,C04574,CMP000,2,6,51.5
O011592,2025-02-28,17,B03,CH1,C04966,CMP000,2,6,61.4
O011593,2025-02-28,19,B03,CH1,C01223,CMP000,6,18,218.2
O011594,2025-02-28,19,B03,CH3,C00191,CMP000,0,2,19.05
O011595,2025-02-28,21,B03,CH1,C00000,CMP000,2,6,66.95
O011596,2025-02-28,18,B03,CH3,C01274,CMP000,0,1,23.6
O011597,2025-03-01,21,B03,CH3,C00000,CMP000,0,3,30.8
O011598,2025-03-01,21,B03,CH1,C00000,CMP000,4,12,113.85
O011599,2025-03-01,16,B03,CH3,C00000,CMP000,0,4,50.5
O011600,2025-03-01,16,B03,CH1,C00000,CMP000,4,14,118.6
O011601,2025-03-01,16,B03,CH4,C00000,CMP000,0,8,93.75
O011602,2025-03-02,20,B03,CH1,C00000,CMP000,2,6,100.45
O011603,2025-03-02,12,B03,CH4,C00000,CMP000,0,6,47.3
O011604,2025-03-03,22,B03,CH4,C00000,CMP000,0,3,30.3
O011605,2025-03-03,18,B03,CH1,C03543,CMP000,2,6,119.25
O011606,2025-03-03,19,B03,CH1,C00000,CMP000,3,8,89.45
O011607,2025-03-03,19,B03,CH1,C00000,CMP000,3,11,96.7
O011608,2025-03-05,20,B03,CH1,C00000,CMP000,1,3,26.2
O011609,2025-03-05,18,B03,CH1,C00000,CMP000,2,6,54.95
O011610,2025-03-06,15,B03,CH2,C00000,CMP000,0,4,40.4
O011611,2025-03-06,16,B03,CH1,C00000,CMP000,1,2,24.35
O011612,2025-03-06,13,B03,CH1,C00000,CMP000,2,6,48.1
O011613,2025-03-06,19,B03,CH1,C00000,CMP000,5,15,130.25
O011614,2025-03-07,14,B03,CH1,C04503,CMP000,2,4,43.0
O011615,2025-03-07,18,B03,CH1,C00000,CMP000,2,3,34.6
O011616,2025-03-07,14,B03,CH3,C04760,CMP000,0,1,21.15
O011617,2025-03-07,20,B03,CH1,C00000,CMP000,2,5,48.75
O011618,2025-03-08,18,B03,CH4,C00000,CMP000,0,4,29.1
O011619,2025-03-08,17,B03,CH3,C02746,CMP000,0,6,54.55
O011620,2025-03-08,13,B03,CH2,C00000,CMP000,0,4,38.2
O011621,2025-03-08,21,B03,CH3,C00000,CMP000,0,2,18.0
O011622,2025-03-08,20,B03,CH4,C00000,CMP000,0,5,42.35
O011623,2025-03-08,18,B03,CH1,C00000,CMP000,2,7,86.5
O011624,2025-03-08,22,B03,CH1,C00000,CMP000,6,15,152.45
O011625,2025-03-09,19,B03,CH1,C00000,CMP000,3,12,96.6
O011626,2025-03-09,14,B03,CH1,C00000,CMP000,4,8,81.9
O011627,2025-03-09,19,B03,CH3,C00000,CMP000,0,3,34.85
O011628,2025-03-09,14,B03,CH1,C00000,CMP000,2,6,62.0
O011629,2025-03-09,20,B03,CH1,C00000,CMP000,5,17,191.55
O011630,2025-03-09,22,B03,CH1,C00000,CMP000,3,8,83.85
O011631,2025-03-10,18,B03,CH1,C00000,CMP000,3,10,86.25
O011632,2025-03-10,18,B03,CH1,C00626,CMP000,4,11,114.3
O011633,2025-03-12,19,B03,CH3,C00000,CMP000,0,7,64.75
O011634,2025-03-12,22,B03,CH3,C00000,CMP000,0,3,38.0
O011635,2025-03-12,12,B03,CH1,C02356,CMP000,2,4,39.7
O011636,2025-03-12,21,B03,CH3,C00000,CMP000,0,3,36.05
O011637,2025-03-13,14,B03,CH1,C01223,CMP000,2,5,50.9
O011638,2025-03-13,13,B03,CH1,C00000,CMP000,3,8,83.9
O011639,2025-03-13,22,B03,CH4,C00000,CMP000,0,3,22.9
O011640,2025-03-13,18,B03,CH1,C01288,CMP000,3,12,103.35
O011641,2025-03-13,22,B03,CH2,C00000,CMP000,0,3,40.4
O011642,2025-03-13,19,B03,CH4,C00000,CMP000,0,3,30.3
O011643,2025-03-14,12,B03,CH1,C00000,CMP000,1,3,28.35
O011644,2025-03-14,19,B03,CH1,C02356,CMP000,2,6,58.25
O011645,2025-03-14,17,B03,CH1,C00000,CMP000,7,19,233.5
O011646,2025-03-14,13,B03,CH1,C00000,CMP000,5,13,122.2
O011647,2025-03-14,21,B03,CH4,C01754,CMP000,0,4,37.25
O011648,2025-03-15,18,B03,CH1,C01223,CMP000,6,20,187.25
O011649,2025-03-15,18,B03,CH2,C03543,CMP000,0,4,35.6
O011650,2025-03-15,14,B03,CH1,C01474,CMP000,3,9,80.0
O011651,2025-03-15,16,B03,CH1,C04710,CMP000,1,3,30.5
O011652,2025-03-15,20,B03,CH1,C00000,CMP000,1,2,20.2
O011653,2025-03-15,17,B03,CH1,C00000,CMP000,4,11,133.0
O011654,2025-03-15,13,B03,CH1,C00000,CMP000,1,3,23.8
O011655,2025-03-15,19,B03,CH3,C00000,CMP000,0,1,21.15
O011656,2025-03-16,17,B03,CH3,C00000,CMP000,0,5,50.7
O011657,2025-03-16,12,B03,CH1,C00000,CMP000,4,13,135.15
O011658,2025-03-16,22,B03,CH1,C00000,CMP000,4,12,99.3
O011659,2025-03-16,14,B03,CH1,C00000,CMP000,4,10,87.95
O011660,2025-03-16,22,B03,CH1,C00000,CMP000,3,9,95.4
O011661,2025-03-17,17,B03,CH1,C00000,CMP000,2,6,101.25
O011662,2025-03-17,20,B03,CH1,C00000,CMP000,2,4,45.2
O011663,2025-03-17,13,B03,CH1,C04963,CMP000,2,5,41.1
O011664,2025-03-17,22,B03,CH1,C00000,CMP000,2,6,64.3
O011665,2025-03-17,18,B03,CH4,C00000,CMP000,0,2,18.0
O011666,2025-03-20,21,B03,CH1,C00000,CMP000,2,7,73.1
O011667,2025-03-20,13,B03,CH1,C00000,CMP000,4,14,116.75
O011668,2025-03-21,15,B03,CH1,C04963,CMP000,1,3,24.55
O011669,2025-03-21,20,B03,CH1,C00000,CMP000,5,19,210.4
O011670,2025-03-21,13,B03,CH1,C00000,CMP000,4,15,135.35
O011671,2025-03-21,22,B03,CH1,C00000,CMP000,2,4,39.6
O011672,2025-03-21,19,B03,CH1,C00000,CMP000,2,6,57.75
O011673,2025-03-21,20,B03,CH1,C00000,CMP000,2,4,35.55
O011674,2025-03-21,20,B03,CH4,C00000,CMP000,0,5,63.8
O011675,2025-03-22,19,B03,CH1,C00000,CMP000,6,17,160.95
O011676,2025-03-22,20,B03,CH1,C00000,CMP000,5,13,152.0
O011677,2025-03-22,19,B03,CH1,C00000,CMP000,2,5,56.5
O011678,2025-03-22,20,B03,CH1,C00000,CMP000,4,12,101.8
O011679,2025-03-22,20,B03,CH3,C00000,CMP000,0,1,13.95
O011680,2025-03-22,14,B03,CH3,C00000,CMP000,0,5,44.45
O011681,2025-03-22,12,B03,CH1,C01067,CMP000,3,7,69.05
O011682,2025-03-22,14,B03,CH1,C00000,CMP000,1,2,21.65
O011683,2025-03-22,14,B03,CH1,C00000,CMP000,2,5,39.65
O011684,2025-03-22,18,B03,CH1,C00000,CMP000,4,15,115.35
O011685,2025-03-22,20,B03,CH1,C00000,CMP000,3,10,136.55
O011686,2025-03-23,16,B03,CH1,C00000,CMP000,4,12,121.35
O011687,2025-03-23,14,B03,CH1,C00000,CMP000,2,6,48.0
O011688,2025-03-23,14,B03,CH4,C00000,CMP000,0,4,41.1
O011689,2025-03-23,19,B03,CH1,C02140,CMP000,4,12,108.15
O011690,2025-03-23,20,B03,CH2,C00000,CMP000,0,3,29.55
O011691,2025-03-24,21,B03,CH4,C00000,CMP000,0,6,70.45
O011692,2025-03-24,19,B03,CH1,C04966,CMP000,2,7,65.7
O011693,2025-03-24,13,B03,CH1,C00000,CMP000,4,14,118.35
O011694,2025-03-24,18,B03,CH3,C00000,CMP000,0,4,34.55
O011695,2025-03-26,19,B03,CH1,C00000,CMP000,2,6,71.05
O011696,2025-03-26,21,B03,CH3,C00000,CMP000,0,2,18.75
O011697,2025-03-27,19,B03,CH4,C00000,CMP000,0,3,24.25
O011698,2025-03-27,17,B03,CH1,C04264,CMP000,4,14,114.65
O011699,2025-03-27,21,B03,CH1,C03414,CMP000,2,6,55.75
O011700,2025-03-27,18,B03,CH1,C00000,CMP000,2,5,40.6
O011701,2025-03-27,19,B03,CH3,C00000,CMP000,0,4,29.05
O011702,2025-03-27,20,B03,CH2,C00000,CMP000,0,3,25.5
O011703,2025-03-28,18,B03,CH1,C00000,CMP000,1,4,39.75
O011704,2025-03-28,21,B03,CH1,C00000,CMP000,2,7,60.95
O011705,2025-03-28,12,B03,CH1,C00000,CMP000,1,3,33.7
O011706,2025-03-28,19,B03,CH3,C04666,CMP000,0,2,23.1
O011707,2025-03-29,22,B03,CH2,C00000,CMP000,0,5,52.25
O011708,2025-03-29,19,B03,CH3,C00000,CMP000,0,2,17.8
O011709,2025-03-29,12,B03,CH1,C00347,CMP000,4,8,100.4
O011710,2025-03-29,21,B03,CH1,C04002,CMP000,4,11,93.15
O011711,2025-03-29,19,B03,CH4,C00000,CMP000,0,1,13.45
O011712,2025-03-29,19,B03,CH1,C00468,CMP000,2,6,52.6
O011713,2025-03-29,17,B03,CH4,C00000,CMP000,0,3,24.55
O011714,2025-03-29,19,B03,CH1,C00000,CMP000,4,13,129.4
O011715,2025-03-29,19,B03,CH3,C03432,CMP000,0,2,19.25
O011716,2025-03-29,18,B03,CH3,C00000,CMP000,0,4,50.7
O011717,2025-03-29,21,B03,CH1,C00000,CMP000,5,13,148.8
O011718,2025-03-29,14,B03,CH1,C00000,CMP000,2,5,69.9
O011719,2025-03-30,21,B03,CH1,C01061,CMP000,1,3,25.95
O011720,2025-03-30,17,B03,CH3,C00000,CMP000,0,9,78.6
O011721,2025-03-30,22,B03,CH1,C01223,CMP000,6,18,231.4
O011722,2025-03-30,14,B03,CH1,C01223,CMP000,2,6,64.5
O011723,2025-03-31,12,B03,CH1,C00000,CMP000,2,4,39.15
O011724,2025-03-31,13,B03,CH1,C01316,CMP000,4,10,123.95
O011725,2025-04-02,18,B03,CH1,C00000,CMP000,5,16,167.5
O011726,2025-04-02,19,B03,CH1,C00721,CMP000,4,13,145.85
O011727,2025-04-02,19,B03,CH4,C00000,CMP003,0,8,99.04
O011728,2025-04-02,12,B03,CH1,C00000,CMP000,2,4,37.3
O011729,2025-04-03,12,B03,CH3,C00000,CMP000,0,6,83.9
O011730,2025-04-03,16,B03,CH1,C00000,CMP000,3,10,99.55
O011731,2025-04-04,14,B03,CH3,C01231,CMP000,0,3,27.4
O011732,2025-04-04,19,B03,CH1,C01205,CMP000,1,2,17.5
O011733,2025-04-05,22,B03,CH2,C01059,CMP000,0,6,67.05
O011734,2025-04-05,20,B03,CH1,C00000,CMP000,4,12,139.35
O011735,2025-04-05,18,B03,CH1,C02190,CMP000,2,5,52.45
O011736,2025-04-05,13,B03,CH3,C00000,CMP000,0,1,28.85
O011737,2025-04-05,19,B03,CH1,C04608,CMP000,2,6,61.2
O011738,2025-04-05,13,B03,CH4,C00000,CMP000,0,2,26.45
O011739,2025-04-05,12,B03,CH1,C00303,CMP000,4,10,113.0
O011740,2025-04-05,12,B03,CH4,C00000,CMP003,0,3,33.84
O011741,2025-04-06,18,B03,CH3,C00000,CMP000,0,7,71.45
O011742,2025-04-06,17,B03,CH1,C00000,CMP000,4,11,115.7
O011743,2025-04-06,13,B03,CH3,C00000,CMP000,0,6,64.45
O011744,2025-04-06,22,B03,CH1,C00000,CMP000,2,8,71.05
O011745,2025-04-06,21,B03,CH1,C00000,CMP000,3,9,84.7
O011746,2025-04-06,19,B03,CH1,C00000,CMP000,2,6,51.8
O011747,2025-04-06,20,B03,CH1,C00000,CMP000,2,8,76.45
O011748,2025-04-06,15,B03,CH1,C00000,CMP000,5,13,137.35
O011749,2025-04-07,21,B03,CH3,C03616,CMP000,0,1,14.9
O011750,2025-04-09,12,B03,CH1,C00000,CMP000,3,9,100.45
O011751,2025-04-09,13,B03,CH1,C00000,CMP000,1,2,26.45
O011752,2025-04-09,17,B03,CH2,C00000,CMP000,0,2,20.2
O011753,2025-04-09,13,B03,CH1,C00000,CMP000,3,9,90.35
O011754,2025-04-10,12,B03,CH1,C00000,CMP000,2,4,38.2
O011755,2025-04-10,21,B03,CH2,C00000,CMP000,0,1,21.15
O011756,2025-04-10,13,B03,CH1,C00000,CMP000,2,7,54.1
O011757,2025-04-11,20,B03,CH2,C00000,CMP000,0,4,27.15
O011758,2025-04-11,19,B03,CH1,C00000,CMP000,2,8,92.2
O011759,2025-04-11,19,B03,CH4,C00000,CMP003,0,4,43.48
O011760,2025-04-11,20,B03,CH2,C00000,CMP000,0,7,79.1
O011761,2025-04-11,14,B03,CH2,C00000,CMP000,0,7,77.35
O011762,2025-04-11,13,B03,CH1,C00000,CMP000,2,7,60.4
O011763,2025-04-11,21,B03,CH1,C00000,CMP000,2,6,84.15
O011764,2025-04-12,17,B03,CH1,C00000,CMP000,3,11,91.05
O011765,2025-04-12,22,B03,CH3,C00000,CMP000,0,2,16.55
O011766,2025-04-12,12,B03,CH4,C00000,CMP000,0,8,73.55
O011767,2025-04-12,18,B03,CH1,C04109,CMP000,7,24,216.05
O011768,2025-04-12,22,B03,CH1,C01223,CMP000,1,2,24.05
O011769,2025-04-12,18,B03,CH3,C01294,CMP000,0,4,38.95
O011770,2025-04-13,14,B03,CH1,C00000,CMP000,4,12,101.25
O011771,2025-04-13,18,B03,CH1,C04818,CMP000,2,7,68.2
O011772,2025-04-13,20,B03,CH1,C04977,CMP000,3,8,75.7
O011773,2025-04-13,13,B03,CH3,C00000,CMP000,0,3,30.5
O011774,2025-04-13,13,B03,CH1,C02631,CMP000,3,9,78.4
O011775,2025-04-13,20,B03,CH1,C00000,CMP000,2,7,72.35
O011776,2025-04-13,21,B03,CH4,C04264,CMP003,0,2,12.88
O011777,2025-04-13,19,B03,CH1,C00000,CMP000,5,18,227.15
O011778,2025-04-13,20,B03,CH1,C02550,CMP000,2,7,58.65
O011779,2025-04-14,16,B03,CH1,C00000,CMP000,2,6,49.1
O011780,2025-04-16,20,B03,CH2,C04977,CMP000,0,1,14.4
O011781,2025-04-16,13,B03,CH1,C00000,CMP000,5,10,110.9
O011782,2025-04-16,12,B03,CH2,C00000,CMP000,0,2,22.6
O011783,2025-04-16,18,B03,CH1,C00000,CMP000,4,11,107.95
O011784,2025-04-17,16,B03,CH1,C00000,CMP000,2,6,52.9
O011785,2025-04-18,16,B03,CH1,C01890,CMP000,4,14,124.25
O011786,2025-04-18,13,B03,CH1,C00000,CMP000,6,16,154.45
O011787,2025-04-18,19,B03,CH2,C00000,CMP000,0,2,18.5
O011788,2025-04-18,21,B03,CH1,C01223,CMP000,1,3,38.2
O011789,2025-04-18,21,B03,CH1,C00000,CMP000,1,4,35.0
O011790,2025-04-18,12,B03,CH1,C00000,CMP000,2,5,39.0
O011791,2025-04-19,18,B03,CH4,C00000,CMP000,0,4,26.65
O011792,2025-04-19,19,B03,CH3,C00000,CMP000,0,2,23.1
O011793,2025-04-19,13,B03,CH1,C00000,CMP000,2,6,49.95
O011794,2025-04-19,18,B03,CH1,C00000,CMP000,4,15,140.6
O011795,2025-04-19,13,B03,CH1,C00000,CMP000,1,2,18.0
O011796,2025-04-19,13,B03,CH1,C00000,CMP000,4,10,92.45
O011797,2025-04-19,19,B03,CH1,C02012,CMP000,2,7,83.0
O011798,2025-04-20,13,B03,CH4,C00000,CMP000,0,9,72.4
O011799,2025-04-20,21,B03,CH1,C00000,CMP000,3,12,120.25
O011800,2025-04-20,19,B03,CH3,C00000,CMP000,0,3,22.4
O011801,2025-04-20,13,B03,CH1,C00000,CMP000,4,10,107.85
O011802,2025-04-21,13,B03,CH1,C00000,CMP000,2,5,40.3
O011803,2025-04-21,19,B03,CH1,C00000,CMP000,2,7,59.0
O011804,2025-04-21,21,B03,CH2,C00000,CMP000,0,7,69.0
O011805,2025-04-23,12,B03,CH3,C00000,CMP000,0,5,47.6
O011806,2025-04-24,18,B03,CH1,C00000,CMP000,3,9,94.3
O011807,2025-04-24,13,B03,CH1,C04840,CMP000,4,12,101.7
O011808,2025-04-25,20,B03,CH1,C04264,CMP000,5,15,178.5
O011809,2025-04-25,21,B03,CH4,C00000,CMP003,0,1,13.48
O011810,2025-04-25,20,B03,CH4,C00000,CMP003,0,7,67.28
O011811,2025-04-25,20,B03,CH1,C00000,CMP000,4,10,104.55
O011812,2025-04-26,18,B03,CH1,C00000,CMP000,2,5,59.1
O011813,2025-04-26,19,B03,CH3,C00000,CMP000,0,7,65.65
O011814,2025-04-26,13,B03,CH2,C00000,CMP000,0,10,98.8
O011815,2025-04-26,22,B03,CH1,C04612,CMP000,3,10,89.3
O011816,2025-04-26,19,B03,CH4,C00000,CMP003,0,7,40.16
O011817,2025-04-26,19,B03,CH4,C00000,CMP003,0,3,41.16
O011818,2025-04-26,21,B03,CH1,C00000,CMP000,2,6,59.65
O011819,2025-04-26,21,B03,CH1,C00000,CMP000,4,14,182.55
O011820,2025-04-26,17,B03,CH1,C00552,CMP000,4,13,133.2
O011821,2025-04-27,19,B03,CH1,C01035,CMP000,4,14,165.95
O011822,2025-04-27,20,B03,CH1,C00442,CMP000,2,6,55.8
O011823,2025-04-27,20,B03,CH1,C00000,CMP000,1,2,18.95
O011824,2025-04-27,14,B03,CH1,C00000,CMP000,6,13,142.8
O011825,2025-04-27,19,B03,CH1,C01066,CMP000,4,12,139.0
O011826,2025-04-28,18,B03,CH1,C00000,CMP000,2,8,85.8
O011827,2025-04-28,20,B03,CH1,C03941,CMP000,3,12,113.4
O011828,2025-04-30,18,B03,CH1,C00020,CMP000,1,4,31.9
O011829,2025-04-30,22,B03,CH3,C00000,CMP000,0,2,23.3
O011830,2025-04-30,22,B03,CH1,C00000,CMP000,2,5,54.1
O011831,2025-04-30,22,B03,CH2,C00000,CMP000,0,4,42.8
O011832,2025-04-30,21,B03,CH1,C00000,CMP000,2,6,80.35
O011833,2025-04-30,20,B03,CH1,C00000,CMP000,2,6,48.65
O011834,2025-05-01,17,B03,CH1,C03616,CMP000,6,22,203.15
O011835,2025-05-01,22,B03,CH1,C00020,CMP000,4,16,128.5
O011836,2025-05-01,20,B03,CH1,C03616,CMP000,5,13,161.1
O011837,2025-05-01,17,B03,CH1,C00000,CMP000,2,7,91.7
O011838,2025-05-01,20,B03,CH4,C00000,CMP000,0,4,30.8
O011839,2025-05-01,18,B03,CH1,C02012,CMP000,2,5,59.65
O011840,2025-05-01,20,B03,CH3,C00000,CMP000,0,2,23.3
O011841,2025-05-01,12,B03,CH1,C00000,CMP000,2,6,60.05
O011842,2025-05-02,19,B03,CH1,C00000,CMP000,1,4,40.7
O011843,2025-05-02,20,B03,CH1,C00000,CMP000,6,17,167.1
O011844,2025-05-02,21,B03,CH1,C04818,CMP000,1,3,44.25
O011845,2025-05-02,19,B03,CH3,C00000,CMP000,0,7,54.95
O011846,2025-05-02,18,B03,CH1,C00000,CMP000,8,24,272.4
O011847,2025-05-02,19,B03,CH4,C00000,CMP000,0,3,41.35
O011848,2025-05-02,20,B03,CH4,C00000,CMP000,0,3,35.8
O011849,2025-05-02,12,B03,CH1,C00000,CMP000,2,6,52.85
O011850,2025-05-03,16,B03,CH1,C00000,CMP000,2,5,58.65
O011851,2025-05-03,14,B03,CH4,C00000,CMP000,0,2,17.8
O011852,2025-05-03,21,B03,CH1,C00000,CMP000,1,4,31.55
O011853,2025-05-03,19,B03,CH1,C02163,CMP000,6,18,195.45
O011854,2025-05-03,21,B03,CH1,C03529,CMP000,1,3,23.4
O011855,2025-05-03,22,B03,CH1,C02356,CMP000,2,5,53.8
O011856,2025-05-03,13,B03,CH1,C04503,CMP000,4,12,123.95
O011857,2025-05-03,17,B03,CH1,C00000,CMP000,6,22,225.5
O011858,2025-05-03,20,B03,CH1,C00000,CMP000,6,20,206.05
O011859,2025-05-03,19,B03,CH1,C00000,CMP000,2,5,62.95
O011860,2025-05-03,21,B03,CH2,C00000,CMP000,0,4,48.8
O011861,2025-05-04,19,B03,CH1,C00000,CMP000,3,11,95.55
O011862,2025-05-04,20,B03,CH1,C00000,CMP000,4,12,113.75
O011863,2025-05-04,20,B03,CH1,C00000,CMP000,7,23,216.8
O011864,2025-05-05,19,B03,CH1,C03566,CMP000,2,5,59.35
O011865,2025-05-05,13,B03,CH1,C01288,CMP000,4,10,143.35
O011866,2025-05-07,21,B03,CH1,C00000,CMP000,2,7,63.35
O011867,2025-05-07,18,B03,CH1,C00000,CMP000,2,5,47.9
O011868,2025-05-07,12,B03,CH1,C01563,CMP000,4,10,115.85
O011869,2025-05-08,13,B03,CH1,C01609,CMP000,2,5,96.0
O011870,2025-05-08,19,B03,CH1,C00872,CMP000,3,12,97.35
O011871,2025-05-08,20,B03,CH1,C00000,CMP000,2,5,49.75
O011872,2025-05-09,18,B03,CH2,C01651,CMP000,0,3,22.35
O011873,2025-05-09,17,B03,CH1,C00526,CMP000,2,4,47.95
O011874,2025-05-10,18,B03,CH1,C01810,CMP000,2,6,77.15
O011875,2025-05-10,17,B03,CH3,C02968,CMP000,0,4,29.05
O011876,2025-05-10,19,B03,CH2,C00000,CMP000,0,3,26.95
O011877,2025-05-10,20,B03,CH1,C00000,CMP000,2,4,40.15
O011878,2025-05-10,12,B03,CH1,C01807,CMP000,2,5,42.75
O011879,2025-05-11,17,B03,CH1,C00000,CMP000,1,4,33.85
O011880,2025-05-11,19,B03,CH1,C00000,CMP000,1,3,24.2
O011881,2025-05-11,18,B03,CH1,C00000,CMP000,1,4,32.55
O011882,2025-05-11,21,B03,CH4,C00000,CMP000,0,11,96.5
O011883,2025-05-11,17,B03,CH1,C04352,CMP000,2,9,66.4
O011884,2025-05-11,19,B03,CH2,C00000,CMP000,0,1,14.9
O011885,2025-05-11,21,B03,CH2,C01223,CMP000,0,2,19.7
O011886,2025-05-12,19,B03,CH1,C01035,CMP000,7,20,198.3
O011887,2025-05-12,12,B03,CH1,C00000,CMP000,4,13,108.9
O011888,2025-05-12,19,B03,CH3,C00000,CMP000,0,1,13.0
O011889,2025-05-14,12,B03,CH3,C03616,CMP000,0,7,77.05
O011890,2025-05-14,14,B03,CH1,C01223,CMP000,2,5,47.35
O011891,2025-05-14,16,B03,CH1,C03419,CMP000,2,6,55.55
O011892,2025-05-14,19,B03,CH2,C00000,CMP000,0,7,52.85
O011893,2025-05-14,14,B03,CH1,C00000,CMP000,3,13,102.85
O011894,2025-05-15,18,B03,CH3,C00365,CMP000,0,5,66.1
O011895,2025-05-15,14,B03,CH2,C00000,CMP000,0,5,60.65
O011896,2025-05-16,19,B03,CH2,C00000,CMP000,0,5,46.55
O011897,2025-05-16,20,B03,CH1,C00000,CMP000,2,7,86.1
O011898,2025-05-17,15,B03,CH3,C00000,CMP000,0,2,21.15
O011899,2025-05-17,17,B03,CH1,C01059,CMP000,2,8,72.55
O011900,2025-05-17,19,B03,CH1,C04574,CMP000,2,7,55.8
O011901,2025-05-17,21,B03,CH4,C00000,CMP000,0,3,19.95
O011902,2025-05-17,17,B03,CH1,C00020,CMP000,4,14,142.1
O011903,2025-05-17,14,B03,CH1,C00000,CMP000,1,2,16.55
O011904,2025-05-17,22,B03,CH1,C00000,CMP000,3,8,107.05
O011905,2025-05-17,19,B03,CH1,C00000,CMP000,3,12,101.65
O011906,2025-05-17,14,B03,CH1,C00000,CMP000,2,4,38.2
O011907,2025-05-17,18,B03,CH3,C00000,CMP000,0,3,25.5
O011908,2025-05-18,13,B03,CH1,C00000,CMP000,2,5,44.75
O011909,2025-05-18,13,B03,CH3,C00278,CMP000,0,2,19.25
O011910,2025-05-18,19,B03,CH1,C00000,CMP000,7,26,272.35
O011911,2025-05-18,20,B03,CH1,C02059,CMP000,2,9,86.65
O011912,2025-05-18,18,B03,CH1,C00000,CMP000,3,11,94.05
O011913,2025-05-18,12,B03,CH2,C00000,CMP000,0,1,21.15
O011914,2025-05-19,13,B03,CH1,C00000,CMP000,1,3,24.7
O011915,2025-05-19,17,B03,CH1,C00000,CMP000,2,6,51.6
O011916,2025-05-19,15,B03,CH1,C00000,CMP000,3,10,129.45
O011917,2025-05-21,13,B03,CH1,C00000,CMP000,4,12,98.35
O011918,2025-05-21,18,B03,CH1,C00000,CMP000,1,3,27.4
O011919,2025-05-21,22,B03,CH1,C00000,CMP000,2,6,54.05
O011920,2025-05-22,21,B03,CH1,C00000,CMP000,4,11,140.7
O011921,2025-05-22,13,B03,CH1,C04054,CMP000,2,6,54.3
O011922,2025-05-22,19,B03,CH1,C01316,CMP000,6,17,186.85
O011923,2025-05-23,19,B03,CH1,C00000,CMP000,2,3,40.55
O011924,2025-05-23,19,B03,CH2,C00000,CMP000,0,4,33.95
O011925,2025-05-23,19,B03,CH1,C00000,CMP000,2,7,58.8
O011926,2025-05-23,18,B03,CH1,C00000,CMP000,4,12,111.9
O011927,2025-05-23,17,B03,CH3,C00000,CMP000,0,3,43.0
O011928,2025-05-23,21,B03,CH4,C01223,CMP000,0,3,26.95
O011929,2025-05-23,12,B03,CH1,C02912,CMP000,2,6,65.65
O011930,2025-05-24,19,B03,CH3,C00000,CMP000,0,5,48.35
O011931,2025-05-24,15,B03,CH1,C00000,CMP000,3,7,70.95
O011932,2025-05-24,13,B03,CH1,C00000,CMP000,2,6,50.2
O011933,2025-05-24,13,B03,CH1,C00000,CMP000,1,3,74.05
O011934,2025-05-24,13,B03,CH1,C00000,CMP000,2,6,44.3
O011935,2025-05-24,14,B03,CH3,C00000,CMP000,0,3,31.75
O011936,2025-05-24,20,B03,CH1,C00000,CMP000,4,13,130.65
O011937,2025-05-24,20,B03,CH1,C01316,CMP000,3,8,80.5
O011938,2025-05-25,19,B03,CH1,C00000,CMP000,4,16,199.55
O011939,2025-05-26,22,B03,CH4,C00000,CMP000,0,5,48.1
O011940,2025-05-26,19,B03,CH1,C00000,CMP000,3,12,96.05
O011941,2025-05-26,17,B03,CH1,C01223,CMP000,1,5,63.95
O011942,2025-05-26,21,B03,CH1,C00000,CMP000,2,6,47.55
O011943,2025-05-28,16,B03,CH1,C04234,CMP000,2,5,66.2
O011944,2025-05-28,22,B03,CH1,C00000,CMP000,6,21,203.3
O011945,2025-05-28,17,B03,CH1,C00000,CMP000,2,6,49.5
O011946,2025-05-29,18,B03,CH3,C00000,CMP000,0,3,23.3
O011947,2025-05-29,20,B03,CH1,C00000,CMP000,6,16,165.9
O011948,2025-05-29,20,B03,CH3,C00000,CMP000,0,1,13.0
O011949,2025-05-29,13,B03,CH2,C00000,CMP000,0,2,20.2
O011950,2025-05-29,20,B03,CH1,C00750,CMP000,4,10,118.95
O011951,2025-05-30,20,B03,CH1,C01059,CMP000,5,14,153.8
O011952,2025-05-30,16,B03,CH1,C00000,CMP000,4,17,137.55
O011953,2025-05-30,22,B03,CH3,C00000,CMP000,0,2,21.45
O011954,2025-05-30,13,B03,CH3,C02181,CMP000,0,4,41.1
O011955,2025-05-30,12,B03,CH1,C04314,CMP000,2,7,54.0
O011956,2025-05-31,18,B03,CH2,C00000,CMP000,0,3,26.0
O011957,2025-05-31,17,B03,CH1,C01223,CMP000,2,5,54.4
O011958,2025-05-31,17,B03,CH3,C04091,CMP000,0,6,51.2
O011959,2025-05-31,20,B03,CH1,C00000,CMP000,6,22,207.6
O011960,2025-05-31,18,B03,CH4,C01536,CMP000,0,5,48.8
O011961,2025-05-31,12,B03,CH1,C04977,CMP000,2,7,51.55
O011962,2025-05-31,22,B03,CH1,C00000,CMP000,2,7,54.9
O011963,2025-05-31,19,B03,CH2,C00000,CMP000,0,9,83.45
O011964,2025-06-01,18,B03,CH1,C00000,CMP000,4,13,126.85
O011965,2025-06-01,21,B03,CH1,C00000,CMP000,5,12,121.45
O011966,2025-06-01,19,B03,CH1,C00000,CMP000,2,5,55.0
O011967,2025-06-01,14,B03,CH1,C01346,CMP000,2,6,66.45
O011968,2025-06-01,20,B03,CH1,C00000,CMP000,2,5,50.8
O011969,2025-06-02,15,B03,CH3,C00000,CMP000,0,3,39.15
O011970,2025-06-02,18,B03,CH3,C00000,CMP000,0,2,19.25
O011971,2025-06-02,21,B03,CH1,C00000,CMP000,2,4,50.45
O011972,2025-06-02,20,B03,CH1,C01346,CMP000,4,16,153.1
O011973,2025-06-04,22,B03,CH1,C00000,CMP000,3,9,79.5
O011974,2025-06-04,21,B03,CH3,C00000,CMP000,0,5,44.0
O011975,2025-06-04,19,B03,CH1,C04890,CMP000,4,11,107.95
O011976,2025-06-04,21,B03,CH1,C00000,CMP000,2,6,57.05
O011977,2025-06-04,20,B03,CH4,C00000,CMP000,0,4,31.95
O011978,2025-06-04,18,B03,CH1,C01929,CMP000,3,8,77.9
O011979,2025-06-04,19,B03,CH1,C00000,CMP000,6,17,157.4
O011980,2025-06-04,20,B03,CH1,C01223,CMP000,2,6,59.95
O011981,2025-06-05,19,B03,CH1,C03214,CMP000,4,14,129.85
O011982,2025-06-05,19,B03,CH1,C00000,CMP000,2,6,58.2
O011983,2025-06-05,21,B03,CH4,C03027,CMP000,0,8,69.95
O011984,2025-06-05,20,B03,CH1,C00000,CMP000,1,3,24.05
O011985,2025-06-06,22,B03,CH1,C00000,CMP000,2,7,69.1
O011986,2025-06-06,20,B03,CH2,C01059,CMP000,0,5,51.2
O011987,2025-06-06,13,B03,CH1,C01223,CMP000,4,12,126.55
O011988,2025-06-07,20,B03,CH2,C00000,CMP000,0,1,16.85
O011989,2025-06-07,18,B03,CH1,C00000,CMP000,1,3,46.65
O011990,2025-06-07,19,B03,CH3,C03106,CMP000,0,2,17.8
O011991,2025-06-08,19,B03,CH3,C00000,CMP000,0,7,52.85
O011992,2025-06-08,21,B03,CH3,C00000,CMP000,0,3,19.55
O011993,2025-06-08,18,B03,CH1,C00000,CMP000,4,10,110.1
O011994,2025-06-08,16,B03,CH1,C00000,CMP000,2,4,59.45
O011995,2025-06-08,12,B03,CH4,C00000,CMP000,0,8,77.85
O011996,2025-06-08,18,B03,CH1,C00020,CMP000,2,7,60.35
O011997,2025-06-08,20,B03,CH4,C00000,CMP000,0,3,35.6
O011998,2025-06-09,12,B03,CH2,C00531,CMP000,0,2,19.25
O011999,2025-06-09,19,B03,CH1,C00000,CMP000,7,23,237.6
O012000,2025-06-11,20,B03,CH1,C03228,CMP000,2,6,51.5
O012001,2025-06-11,13,B03,CH1,C04015,CMP000,5,13,142.6
O012002,2025-06-11,20,B03,CH1,C00000,CMP000,2,6,48.5
O012003,2025-06-11,21,B03,CH1,C00000,CMP000,2,5,52.4
O012004,2025-06-11,19,B03,CH1,C00000,CMP000,2,9,78.95
O012005,2025-06-12,20,B03,CH1,C00000,CMP000,2,7,60.4
O012006,2025-06-12,21,B03,CH1,C00000,CMP000,3,10,82.6
O012007,2025-06-12,14,B03,CH3,C01223,CMP000,0,2,16.65
O012008,2025-06-12,12,B03,CH1,C00000,CMP000,2,5,43.8
O012009,2025-06-13,20,B03,CH2,C01223,CMP000,0,1,14.9
O012010,2025-06-13,20,B03,CH4,C00000,CMP000,0,3,34.6
O012011,2025-06-13,21,B03,CH1,C00000,CMP000,4,13,127.3
O012012,2025-06-13,19,B03,CH1,C00000,CMP000,4,10,100.35
O012013,2025-06-13,17,B03,CH1,C00727,CMP000,2,6,47.85
O012014,2025-06-13,19,B03,CH1,C00000,CMP000,1,4,34.95
O012015,2025-06-13,18,B03,CH1,C00214,CMP000,2,4,48.55
O012016,2025-06-14,20,B03,CH1,C00000,CMP000,1,3,27.9
O012017,2025-06-14,13,B03,CH1,C00000,CMP000,2,6,61.5
O012018,2025-06-14,21,B03,CH2,C00000,CMP000,0,6,56.45
O012019,2025-06-14,21,B03,CH1,C00000,CMP000,2,8,76.7
O012020,2025-06-14,21,B03,CH1,C01035,CMP000,2,7,56.65
O012021,2025-06-14,14,B03,CH1,C01127,CMP000,1,2,17.05
O012022,2025-06-14,22,B03,CH1,C00000,CMP000,2,7,63.45
O012023,2025-06-14,14,B03,CH1,C00000,CMP000,2,6,43.7
O012024,2025-06-14,20,B03,CH1,C00000,CMP000,7,22,202.8
O012025,2025-06-14,22,B03,CH1,C00000,CMP000,2,7,63.85
O012026,2025-06-15,22,B03,CH1,C04241,CMP000,7,25,283.2
O012027,2025-06-15,19,B03,CH1,C00000,CMP000,1,3,26.15
O012028,2025-06-15,17,B03,CH1,C04398,CMP000,3,10,92.5
O012029,2025-06-15,20,B03,CH2,C04966,CMP000,0,7,70.45
O012030,2025-06-15,19,B03,CH2,C00000,CMP000,0,4,40.85
O012031,2025-06-15,21,B03,CH1,C00000,CMP000,4,14,136.0
O012032,2025-06-16,17,B03,CH1,C00000,CMP000,4,11,96.35
O012033,2025-06-18,12,B03,CH1,C01223,CMP000,3,7,68.7
O012034,2025-06-18,18,B03,CH3,C00000,CMP000,0,5,44.45
O012035,2025-06-18,14,B03,CH1,C01346,CMP000,2,5,62.25
O012036,2025-06-18,14,B03,CH1,C04879,CMP000,3,8,86.7
O012037,2025-06-18,14,B03,CH1,C00000,CMP000,2,6,62.3
O012038,2025-06-18,22,B03,CH1,C01223,CMP000,2,7,54.1
O012039,2025-06-19,12,B03,CH1,C00000,CMP000,6,15,148.25
O012040,2025-06-19,19,B03,CH1,C01223,CMP000,2,7,56.6
O012041,2025-06-19,19,B03,CH1,C00020,CMP000,1,3,31.75
O012042,2025-06-20,13,B03,CH1,C00000,CMP000,4,8,101.0
O012043,2025-06-20,21,B03,CH1,C00000,CMP000,3,9,83.85
O012044,2025-06-20,18,B03,CH1,C00000,CMP000,2,4,42.8
O012045,2025-06-20,20,B03,CH1,C00000,CMP000,2,9,94.8
O012046,2025-06-20,15,B03,CH1,C00000,CMP000,2,6,70.9
O012047,2025-06-20,17,B03,CH4,C04363,CMP000,0,3,28.6
O012048,2025-06-20,15,B03,CH1,C00000,CMP000,3,10,92.65
O012049,2025-06-21,22,B03,CH1,C00000,CMP000,1,4,40.9
O012050,2025-06-21,19,B03,CH1,C00000,CMP000,2,7,85.35
O012051,2025-06-21,19,B03,CH1,C00000,CMP000,4,11,106.4
O012052,2025-06-21,12,B03,CH1,C00000,CMP000,1,4,37.5
O012053,2025-06-21,22,B03,CH4,C00000,CMP000,0,2,19.7
O012054,2025-06-21,19,B03,CH1,C00000,CMP000,6,19,194.75
O012055,2025-06-21,20,B03,CH1,C01536,CMP000,5,16,154.6
O012056,2025-06-21,13,B03,CH1,C00000,CMP000,2,5,42.05
O012057,2025-06-21,22,B03,CH1,C01223,CMP000,6,18,177.35
O012058,2025-06-22,19,B03,CH1,C00000,CMP000,2,4,35.15
O012059,2025-06-22,15,B03,CH1,C00000,CMP000,3,8,97.55
O012060,2025-06-23,19,B03,CH1,C00000,CMP000,7,27,269.3
O012061,2025-06-23,21,B03,CH1,C00000,CMP000,6,21,245.5
O012062,2025-06-23,22,B03,CH1,C00000,CMP000,7,18,209.65
O012063,2025-06-23,13,B03,CH1,C00000,CMP000,2,4,46.85
O012064,2025-06-23,22,B03,CH1,C04367,CMP000,5,18,178.4
O012065,2025-06-25,19,B03,CH1,C00000,CMP000,1,3,31.25
O012066,2025-06-25,18,B03,CH4,C00000,CMP000,0,4,30.1
O012067,2025-06-26,17,B03,CH3,C00000,CMP000,0,2,16.55
O012068,2025-06-27,12,B03,CH1,C00000,CMP000,2,5,47.1
O012069,2025-06-27,22,B03,CH1,C00000,CMP000,1,2,17.3
O012070,2025-06-27,18,B03,CH2,C00620,CMP000,0,4,30.05
O012071,2025-06-28,20,B03,CH3,C00000,CMP000,0,2,18.3
O012072,2025-06-28,14,B03,CH1,C00000,CMP000,6,14,160.85
O012073,2025-06-28,20,B03,CH1,C04817,CMP000,2,7,55.2
O012074,2025-06-28,21,B03,CH1,C00000,CMP000,1,4,31.75
O012075,2025-06-28,22,B03,CH1,C00000,CMP000,4,14,151.4
O012076,2025-06-28,17,B03,CH1,C01223,CMP000,8,30,287.3
O012077,2025-06-28,18,B03,CH4,C03247,CMP000,0,1,14.4
O012078,2025-06-28,20,B03,CH2,C00000,CMP000,0,5,57.7
O012079,2025-06-29,21,B03,CH2,C00000,CMP000,0,3,26.45
O012080,2025-06-29,14,B03,CH1,C00791,CMP000,3,7,63.9
O012081,2025-06-29,19,B03,CH2,C00000,CMP000,0,6,53.3
O012082,2025-06-29,19,B03,CH1,C03918,CMP000,2,5,48.1
O012083,2025-06-29,14,B03,CH1,C00000,CMP000,4,11,96.35
O012084,2025-06-29,17,B03,CH1,C01463,CMP000,2,8,72.0
O012085,2025-06-30,22,B03,CH1,C00217,CMP000,5,16,165.15
O012086,2025-07-02,18,B03,CH1,C00000,CMP000,2,5,56.65
O012087,2025-07-02,21,B03,CH1,C00000,CMP004,8,28,239.04
O012088,2025-07-02,19,B03,CH4,C00000,CMP000,0,1,14.9
O012089,2025-07-02,18,B03,CH1,C00000,CMP000,4,17,153.6
O012090,2025-07-04,14,B03,CH4,C00000,CMP000,0,2,18.75
O012091,2025-07-04,20,B03,CH1,C01890,CMP004,4,15,130.52
O012092,2025-07-04,17,B03,CH1,C00000,CMP000,2,6,46.2
O012093,2025-07-04,19,B03,CH1,C00000,CMP000,2,7,61.75
O012094,2025-07-04,20,B03,CH1,C00000,CMP000,4,12,100.15
O012095,2025-07-04,18,B03,CH1,C00000,CMP004,2,6,45.45
O012096,2025-07-04,22,B03,CH1,C00000,CMP000,2,4,36.35
O012097,2025-07-04,17,B03,CH1,C00000,CMP004,1,3,30.07
O012098,2025-07-04,16,B03,CH1,C00000,CMP000,1,2,19.25
O012099,2025-07-04,18,B03,CH1,C00255,CMP000,7,22,214.6
O012100,2025-07-04,22,B03,CH1,C00000,CMP004,1,4,32.02
O012101,2025-07-05,21,B03,CH1,C02563,CMP000,3,11,88.8
O012102,2025-07-05,20,B03,CH2,C00000,CMP000,0,5,48.1
O012103,2025-07-05,20,B03,CH1,C00000,CMP000,2,5,54.0
O012104,2025-07-05,22,B03,CH1,C00000,CMP004,6,17,216.47
O012105,2025-07-05,14,B03,CH1,C00000,CMP000,2,4,38.7
O012106,2025-07-05,15,B03,CH1,C04497,CMP000,2,7,57.45
O012107,2025-07-06,20,B03,CH3,C00000,CMP000,0,9,83.15
O012108,2025-07-06,21,B03,CH1,C00000,CMP000,1,5,35.2
O012109,2025-07-06,14,B03,CH1,C00000,CMP004,4,10,94.7
O012110,2025-07-06,18,B03,CH4,C00000,CMP000,0,4,30.55
O012111,2025-07-06,14,B03,CH1,C00000,CMP000,6,18,181.6
O012112,2025-07-06,18,B03,CH1,C00000,CMP000,5,16,171.45
O012113,2025-07-06,14,B03,CH1,C04162,CMP000,2,5,60.0
O012114,2025-07-07,19,B03,CH3,C00000,CMP000,0,2,26.45
O012115,2025-07-07,20,B03,CH1,C00000,CMP004,2,9,70.75
O012116,2025-07-07,20,B03,CH3,C00000,CMP000,0,6,67.55
O012117,2025-07-09,21,B03,CH1,C00000,CMP000,2,7,64.9
O012118,2025-07-09,14,B03,CH1,C00000,CMP000,4,10,102.2
O012119,2025-07-09,13,B03,CH1,C00000,CMP000,2,6,63.7
O012120,2025-07-09,14,B03,CH1,C00535,CMP000,3,8,93.85
O012121,2025-07-09,12,B03,CH1,C02009,CMP004,4,11,108.25
O012122,2025-07-09,19,B03,CH1,C00000,CMP000,2,7,66.6
O012123,2025-07-09,19,B03,CH1,C00860,CMP000,1,3,27.4
O012124,2025-07-09,22,B03,CH1,C00000,CMP004,2,8,60.87
O012125,2025-07-10,12,B03,CH1,C00000,CMP004,4,12,105.05
O012126,2025-07-11,17,B03,CH1,C01223,CMP000,3,13,115.15
O012127,2025-07-11,21,B03,CH1,C00000,CMP000,1,3,48.55
O012128,2025-07-11,19,B03,CH1,C00020,CMP004,2,8,64.65
O012129,2025-07-11,12,B03,CH3,C00000,CMP000,0,4,34.35
O012130,2025-07-11,15,B03,CH1,C01223,CMP000,2,8,101.1
O012131,2025-07-11,19,B03,CH1,C00000,CMP000,4,11,140.55
O012132,2025-07-12,22,B03,CH1,C00000,CMP000,5,19,195.55
O012133,2025-07-12,21,B03,CH1,C00000,CMP000,5,13,151.5
O012134,2025-07-12,21,B03,CH1,C04109,CMP000,3,9,91.5
O012135,2025-07-12,13,B03,CH1,C00000,CMP000,2,6,64.2
O012136,2025-07-12,19,B03,CH1,C00000,CMP000,4,13,122.0
O012137,2025-07-12,19,B03,CH1,C02168,CMP000,2,7,66.15
O012138,2025-07-12,21,B03,CH1,C00492,CMP000,2,8,70.95
O012139,2025-07-12,18,B03,CH1,C02356,CMP000,2,6,62.0
O012140,2025-07-12,12,B03,CH1,C00000,CMP000,1,4,31.55
O012141,2025-07-12,18,B03,CH4,C00000,CMP000,0,2,29.8
O012142,2025-07-13,13,B03,CH1,C00000,CMP000,4,13,107.3
O012143,2025-07-13,17,B03,CH4,C01477,CMP000,0,4,38.3
O012144,2025-07-13,17,B03,CH1,C00000,CMP004,3,8,70.0
O012145,2025-07-13,17,B03,CH1,C01223,CMP000,3,9,86.45
O012146,2025-07-13,19,B03,CH3,C00000,CMP000,0,4,51.2
O012147,2025-07-13,18,B03,CH1,C00000,CMP000,2,4,49.85
O012148,2025-07-13,13,B03,CH1,C00000,CMP000,1,3,26.45
O012149,2025-07-13,20,B03,CH1,C00000,CMP000,3,7,73.6
O012150,2025-07-14,19,B03,CH1,C00000,CMP000,2,7,55.6
O012151,2025-07-14,22,B03,CH1,C00000,CMP000,4,12,141.8
O012152,2025-07-14,18,B03,CH1,C04338,CMP000,3,10,111.1
O012153,2025-07-14,14,B03,CH1,C02168,CMP004,7,20,194.0
O012154,2025-07-16,20,B03,CH2,C01223,CMP000,0,6,47.9
O012155,2025-07-16,18,B03,CH4,C00000,CMP000,0,3,45.2
O012156,2025-07-16,21,B03,CH1,C00000,CMP004,5,14,174.8
O012157,2025-07-16,13,B03,CH1,C00000,CMP000,2,4,58.4
O012158,2025-07-16,12,B03,CH1,C04456,CMP000,4,9,105.35
O012159,2025-07-16,18,B03,CH3,C00000,CMP000,0,9,70.9
O012160,2025-07-16,13,B03,CH1,C00000,CMP000,2,9,74.65
O012161,2025-07-17,13,B03,CH1,C00000,CMP000,1,3,29.55
O012162,2025-07-17,12,B03,CH1,C00000,CMP000,2,5,51.75
O012163,2025-07-17,13,B03,CH1,C00020,CMP000,4,9,96.35
O012164,2025-07-17,21,B03,CH3,C00000,CMP000,0,7,53.6
O012165,2025-07-17,17,B03,CH2,C00000,CMP000,0,2,18.25
O012166,2025-07-17,21,B03,CH2,C00000,CMP000,0,5,55.5
O012167,2025-07-18,17,B03,CH1,C00000,CMP000,6,18,169.5
O012168,2025-07-18,19,B03,CH1,C00000,CMP000,1,3,33.35
O012169,2025-07-18,13,B03,CH2,C00000,CMP000,0,1,14.9
O012170,2025-07-18,15,B03,CH1,C00000,CMP000,2,8,68.1
O012171,2025-07-18,18,B03,CH1,C00000,CMP000,4,11,115.2
O012172,2025-07-18,17,B03,CH1,C00000,CMP000,2,7,62.05
O012173,2025-07-18,22,B03,CH2,C00000,CMP000,0,1,15.4
O012174,2025-07-18,15,B03,CH1,C01223,CMP004,3,10,93.85
O012175,2025-07-18,20,B03,CH4,C00000,CMP000,0,4,30.05
O012176,2025-07-18,20,B03,CH3,C00000,CMP000,0,2,22.15
O012177,2025-07-18,13,B03,CH2,C00000,CMP000,0,3,26.65
O012178,2025-07-19,14,B03,CH1,C00000,CMP004,3,8,92.85
O012179,2025-07-19,19,B03,CH3,C04816,CMP000,0,5,63.0
O012180,2025-07-19,16,B03,CH3,C00000,CMP000,0,7,50.45
O012181,2025-07-19,13,B03,CH1,C00000,CMP000,2,7,71.0
O012182,2025-07-19,20,B03,CH1,C00000,CMP004,2,5,48.6
O012183,2025-07-19,20,B03,CH1,C00000,CMP000,4,10,103.75
O012184,2025-07-19,19,B03,CH1,C00713,CMP004,4,10,90.95
O012185,2025-07-20,19,B03,CH1,C00000,CMP000,6,16,143.55
O012186,2025-07-20,20,B03,CH3,C00000,CMP000,0,6,45.7
O012187,2025-07-20,20,B03,CH1,C00000,CMP004,3,9,85.12
O012188,2025-07-21,19,B03,CH1,C00000,CMP000,1,4,35.9
O012189,2025-07-21,13,B03,CH2,C02744,CMP000,0,2,18.75
O012190,2025-07-21,14,B03,CH4,C00000,CMP000,0,2,18.75
O012191,2025-07-23,17,B03,CH2,C01536,CMP000,0,6,72.15
O012192,2025-07-23,21,B03,CH1,C00000,CMP000,4,12,111.05
O012193,2025-07-23,12,B03,CH1,C00000,CMP000,2,5,44.95
O012194,2025-07-23,19,B03,CH3,C00000,CMP000,0,3,24.05
O012195,2025-07-23,18,B03,CH3,C00000,CMP000,0,8,93.35
O012196,2025-07-24,18,B03,CH1,C00000,CMP000,3,9,101.9
O012197,2025-07-24,19,B03,CH1,C00000,CMP000,2,8,87.6
O012198,2025-07-24,20,B03,CH2,C01182,CMP000,0,2,18.0
O012199,2025-07-24,20,B03,CH1,C00367,CMP000,3,11,100.25
O012200,2025-07-24,21,B03,CH1,C00000,CMP004,6,17,222.6
O012201,2025-07-24,17,B03,CH3,C00000,CMP000,0,6,62.3
O012202,2025-07-24,17,B03,CH1,C01035,CMP000,2,6,56.8
O012203,2025-07-24,18,B03,CH1,C00000,CMP004,3,10,88.17
O012204,2025-07-24,17,B03,CH1,C03338,CMP000,4,17,156.2
O012205,2025-07-24,18,B03,CH2,C00480,CMP000,0,7,74.4
O012206,2025-07-24,14,B03,CH1,C00242,CMP000,6,19,172.55
O012207,2025-07-24,19,B03,CH4,C00000,CMP000,0,1,13.45
O012208,2025-07-24,21,B03,CH1,C00000,CMP000,3,10,91.85
O012209,2025-07-25,19,B03,CH1,C00000,CMP004,2,9,89.22
O012210,2025-07-25,12,B03,CH1,C00000,CMP004,5,15,125.52
O012211,2025-07-25,14,B03,CH1,C00000,CMP004,2,4,37.6
O012212,2025-07-25,16,B03,CH1,C00000,CMP000,2,4,42.3
O012213,2025-07-25,13,B03,CH1,C00000,CMP000,2,5,47.45
O012214,2025-07-25,19,B03,CH1,C00000,CMP004,2,6,57.8
O012215,2025-07-25,22,B03,CH1,C00000,CMP000,2,7,54.5
O012216,2025-07-25,17,B03,CH2,C03112,CMP000,0,6,55.8
O012217,2025-07-25,19,B03,CH3,C03543,CMP000,0,2,22.4
O012218,2025-07-26,22,B03,CH1,C00000,CMP000,6,22,202.0
O012219,2025-07-26,22,B03,CH1,C03179,CMP004,4,11,102.85
O012220,2025-07-26,19,B03,CH1,C00000,CMP004,2,6,70.3
O012221,2025-07-26,20,B03,CH1,C00000,CMP004,6,21,178.4
O012222,2025-07-26,20,B03,CH1,C00000,CMP000,8,25,269.1
O012223,2025-07-26,18,B03,CH1,C00020,CMP000,4,14,137.05
O012224,2025-07-26,18,B03,CH1,C00000,CMP004,1,2,25.7
O012225,2025-07-27,12,B03,CH1,C00000,CMP000,1,2,18.1
O012226,2025-07-27,18,B03,CH1,C00713,CMP004,2,5,45.17
O012227,2025-07-27,15,B03,CH1,C00000,CMP004,2,6,63.7
O012228,2025-07-27,20,B03,CH1,C00000,CMP004,2,8,88.9
O012229,2025-07-27,13,B03,CH2,C01563,CMP000,0,3,21.0
O012230,2025-07-27,21,B03,CH1,C00000,CMP004,4,13,131.65
O012231,2025-07-28,20,B03,CH2,C01536,CMP000,0,2,17.5
O012232,2025-07-28,20,B03,CH2,C00000,CMP000,0,5,40.1
O012233,2025-07-28,20,B03,CH1,C02586,CMP000,2,5,52.7
O012234,2025-07-28,15,B03,CH1,C00191,CMP004,1,3,43.25
O012235,2025-07-30,16,B03,CH1,C00000,CMP000,1,3,26.0
O012236,2025-07-30,13,B03,CH1,C00000,CMP004,2,5,50.95
O012237,2025-07-30,17,B03,CH3,C00000,CMP000,0,2,20.2
O012238,2025-07-30,19,B03,CH1,C00000,CMP000,6,21,191.25
O012239,2025-07-30,21,B03,CH4,C00000,CMP000,0,4,41.1
O012240,2025-07-30,21,B03,CH1,C00000,CMP004,4,14,117.6
O012241,2025-07-31,18,B03,CH3,C00000,CMP000,0,3,23.3
O012242,2025-07-31,20,B03,CH1,C02190,CMP000,6,14,156.65
O012243,2025-07-31,20,B03,CH1,C00000,CMP004,2,7,57.22
O012244,2025-08-01,14,B03,CH4,C00000,CMP000,0,10,83.2
O012245,2025-08-01,13,B03,CH1,C00000,CMP000,3,9,81.95
O012246,2025-08-01,20,B03,CH3,C00000,CMP000,0,3,23.1
O012247,2025-08-01,20,B03,CH1,C01797,CMP000,4,15,123.0
O012248,2025-08-02,17,B03,CH1,C00000,CMP004,2,7,85.82
O012249,2025-08-02,20,B03,CH1,C00000,CMP004,1,2,18.97
O012250,2025-08-03,20,B03,CH2,C00872,CMP000,0,2,20.2
O012251,2025-08-03,18,B03,CH3,C00000,CMP000,0,3,31.75
O012252,2025-08-03,21,B03,CH1,C00000,CMP000,2,6,57.35
O012253,2025-08-03,20,B03,CH1,C00903,CMP004,3,10,77.97
O012254,2025-08-04,21,B03,CH1,C00000,CMP000,4,12,114.9
O012255,2025-08-06,22,B03,CH1,C00191,CMP004,4,11,104.55
O012256,2025-08-06,18,B03,CH1,C00000,CMP004,2,10,92.25
O012257,2025-08-06,20,B03,CH1,C00000,CMP000,4,10,135.8
O012258,2025-08-06,13,B03,CH1,C00000,CMP000,5,17,142.8
O012259,2025-08-07,21,B03,CH1,C00000,CMP000,4,12,115.25
O012260,2025-08-07,19,B03,CH1,C00000,CMP000,3,11,99.5
O012261,2025-08-07,22,B03,CH1,C00000,CMP004,1,3,23.3
O012262,2025-08-07,18,B03,CH3,C00000,CMP000,0,2,34.15
O012263,2025-08-07,19,B03,CH4,C00000,CMP000,0,3,32.5
O012264,2025-08-08,17,B03,CH1,C04545,CMP000,2,5,66.35
O012265,2025-08-08,17,B03,CH1,C00713,CMP000,2,7,64.2
O012266,2025-08-08,12,B03,CH1,C00000,CMP004,3,8,99.05
O012267,2025-08-08,13,B03,CH1,C00000,CMP000,1,3,28.35
O012268,2025-08-08,19,B03,CH1,C00000,CMP000,1,3,31.75
O012269,2025-08-08,16,B03,CH1,C00000,CMP004,2,7,80.15
O012270,2025-08-09,20,B03,CH1,C01274,CMP000,2,4,48.4
O012271,2025-08-09,13,B03,CH1,C03112,CMP000,2,7,79.2
O012272,2025-08-09,20,B03,CH2,C00000,CMP000,0,7,54.6
O012273,2025-08-09,18,B03,CH1,C00000,CMP000,4,13,122.95
O012274,2025-08-09,20,B03,CH1,C02283,CMP000,4,12,106.55
O012275,2025-08-10,18,B03,CH1,C03406,CMP000,2,6,58.65
O012276,2025-08-10,12,B03,CH1,C00000,CMP000,1,2,18.5
O012277,2025-08-10,12,B03,CH1,C00000,CMP000,3,7,77.05
O012278,2025-08-10,20,B03,CH1,C00000,CMP000,3,9,82.95
O012279,2025-08-10,17,B03,CH3,C01286,CMP000,0,3,47.1
O012280,2025-08-10,20,B03,CH1,C01921,CMP000,2,6,54.7
O012281,2025-08-10,19,B03,CH1,C00000,CMP000,1,2,19.7
O012282,2025-08-11,12,B03,CH1,C00000,CMP000,2,7,55.85
O012283,2025-08-11,12,B03,CH1,C00000,CMP004,2,6,50.1
O012284,2025-08-11,22,B03,CH1,C02538,CMP004,1,2,20.5
O012285,2025-08-11,16,B03,CH1,C00000,CMP000,3,12,91.25
O012286,2025-08-13,19,B03,CH1,C00000,CMP000,2,7,68.7
O012287,2025-08-13,17,B03,CH4,C00000,CMP000,0,4,41.85
O012288,2025-08-13,18,B03,CH2,C00000,CMP000,0,1,14.4
O012289,2025-08-14,19,B03,CH2,C00000,CMP000,0,3,30.05
O012290,2025-08-14,12,B03,CH1,C00000,CMP000,4,13,138.05
O012291,2025-08-14,21,B03,CH1,C00000,CMP000,3,10,80.4
O012292,2025-08-14,20,B03,CH1,C01672,CMP000,2,8,62.35
O012293,2025-08-15,17,B03,CH1,C00000,CMP004,4,8,77.42
O012294,2025-08-15,13,B03,CH1,C00346,CMP000,6,16,150.95
O012295,2025-08-15,13,B03,CH2,C03542,CMP000,0,1,15.4
O012296,2025-08-16,17,B03,CH2,C00000,CMP000,0,4,27.75
O012297,2025-08-16,15,B03,CH1,C00000,CMP000,2,3,36.05
O012298,2025-08-16,18,B03,CH4,C00000,CMP000,0,4,42.25
O012299,2025-08-16,14,B03,CH4,C00000,CMP000,0,8,61.4
O012300,2025-08-16,20,B03,CH1,C00000,CMP004,1,3,21.4
O012301,2025-08-16,15,B03,CH1,C00000,CMP000,1,3,99.2
O012302,2025-08-17,15,B03,CH4,C00000,CMP000,0,3,42.35
O012303,2025-08-17,20,B03,CH2,C01223,CMP000,0,4,44.0
O012304,2025-08-17,12,B03,CH1,C00000,CMP000,6,17,163.85
O012305,2025-08-18,20,B03,CH1,C03230,CMP000,2,6,48.4
O012306,2025-08-18,22,B03,CH1,C01223,CMP004,2,7,55.82
O012307,2025-08-18,21,B03,CH1,C04574,CMP004,2,7,67.6
O012308,2025-08-18,20,B03,CH1,C00000,CMP000,4,10,107.2
O012309,2025-08-20,17,B03,CH1,C00000,CMP004,4,10,106.82
O012310,2025-08-20,22,B03,CH3,C00000,CMP000,0,2,18.75
O012311,2025-08-21,20,B03,CH1,C00000,CMP000,4,12,111.45
O012312,2025-08-21,21,B03,CH1,C01269,CMP000,7,30,284.3
O012313,2025-08-21,13,B03,CH2,C00000,CMP000,0,4,40.7
O012314,2025-08-22,19,B03,CH1,C00000,CMP000,5,16,150.75
O012315,2025-08-22,12,B03,CH1,C02111,CMP000,2,7,66.85
O012316,2025-08-22,20,B03,CH1,C00000,CMP004,4,12,102.22
O012317,2025-08-22,14,B03,CH1,C00000,CMP000,2,6,56.35
O012318,2025-08-22,18,B03,CH3,C03918,CMP000,0,1,13.0
O012319,2025-08-22,19,B03,CH1,C01346,CMP004,2,8,66.02
O012320,2025-08-22,20,B03,CH1,C00000,CMP004,2,8,69.6
O012321,2025-08-23,18,B03,CH1,C02937,CMP000,4,11,102.05
O012322,2025-08-23,19,B03,CH1,C00000,CMP000,2,7,99.55
O012323,2025-08-23,21,B03,CH1,C00000,CMP004,2,8,62.3
O012324,2025-08-23,16,B03,CH1,C00000,CMP004,5,17,159.75
O012325,2025-08-23,13,B03,CH1,C01346,CMP000,1,2,18.95
O012326,2025-08-23,20,B03,CH1,C01223,CMP000,3,7,115.7
O012327,2025-08-23,20,B03,CH4,C00346,CMP000,0,6,52.15
O012328,2025-08-23,12,B03,CH1,C00000,CMP000,2,6,54.1
O012329,2025-08-23,18,B03,CH1,C01223,CMP000,2,3,30.05
O012330,2025-08-23,20,B03,CH1,C00000,CMP000,1,3,25.8
O012331,2025-08-24,20,B03,CH1,C00750,CMP000,6,18,178.45
O012332,2025-08-24,15,B03,CH4,C00000,CMP000,0,9,70.65
O012333,2025-08-24,21,B03,CH1,C02586,CMP004,1,3,25.0
O012334,2025-08-24,13,B03,CH1,C00000,CMP004,3,12,111.05
O012335,2025-08-24,20,B03,CH1,C04002,CMP004,2,7,56.29
O012336,2025-08-24,14,B03,CH1,C00000,CMP000,4,9,109.7
O012337,2025-08-25,14,B03,CH1,C00872,CMP000,4,9,80.65
O012338,2025-08-25,22,B03,CH4,C04784,CMP000,0,2,16.85
O012339,2025-08-25,16,B03,CH2,C00000,CMP000,0,6,62.95
O012340,2025-08-25,20,B03,CH1,C00000,CMP000,6,14,137.15
O012341,2025-08-25,20,B03,CH1,C00000,CMP000,3,9,84.2
O012342,2025-08-27,20,B03,CH1,C00000,CMP004,3,12,97.82
O012343,2025-08-27,18,B03,CH1,C00000,CMP000,1,4,34.6
O012344,2025-08-27,18,B03,CH3,C03616,CMP000,0,4,25.8
O012345,2025-08-27,16,B03,CH1,C00000,CMP000,4,11,108.55
O012346,2025-08-27,17,B03,CH4,C00000,CMP000,0,4,38.5
O012347,2025-08-27,13,B03,CH1,C00000,CMP000,2,8,57.85
O012348,2025-08-28,14,B03,CH1,C00240,CMP004,4,10,76.95
O012349,2025-08-28,13,B03,CH1,C00000,CMP000,2,5,70.25
O012350,2025-08-28,17,B03,CH4,C00713,CMP000,0,6,54.3
O012351,2025-08-29,20,B03,CH1,C01223,CMP000,2,6,59.3
O012352,2025-08-29,18,B03,CH1,C00000,CMP000,2,5,56.25
O012353,2025-08-29,19,B03,CH3,C02378,CMP000,0,7,99.0
O012354,2025-08-29,19,B03,CH1,C03175,CMP000,1,3,34.15
O012355,2025-08-30,18,B03,CH4,C00000,CMP000,0,4,39.65
O012356,2025-08-30,20,B03,CH1,C00000,CMP000,2,7,61.2
O012357,2025-08-30,17,B03,CH1,C00000,CMP000,1,2,18.0
O012358,2025-08-30,22,B03,CH1,C00000,CMP000,1,5,37.25
O012359,2025-08-30,18,B03,CH1,C00000,CMP000,4,13,109.65
O012360,2025-08-30,13,B03,CH4,C00000,CMP000,0,4,37.8
O012361,2025-08-31,21,B03,CH1,C00000,CMP000,4,10,93.6
O012362,2025-08-31,20,B03,CH1,C00000,CMP004,4,13,134.1
O012363,2025-08-31,18,B03,CH3,C00000,CMP000,0,6,63.45
O012364,2025-08-31,19,B03,CH1,C04002,CMP004,4,14,112.85
O012365,2025-08-31,13,B03,CH1,C00000,CMP004,4,12,99.12
O012366,2025-09-01,18,B03,CH2,C00000,CMP000,0,9,64.1
O012367,2025-09-01,18,B03,CH1,C00000,CMP000,2,5,47.25
O012368,2025-09-01,21,B03,CH3,C00000,CMP000,0,3,54.8
O012369,2025-09-01,22,B03,CH1,C00000,CMP000,2,7,53.7
O012370,2025-09-03,20,B03,CH1,C00000,CMP000,2,5,52.15
O012371,2025-09-03,13,B03,CH1,C03464,CMP000,2,6,75.25
O012372,2025-09-03,22,B03,CH1,C00000,CMP000,2,4,40.85
O012373,2025-09-04,22,B03,CH1,C01223,CMP000,1,3,34.6
O012374,2025-09-04,17,B03,CH1,C03912,CMP000,4,12,121.45
O012375,2025-09-05,14,B03,CH1,C00242,CMP000,5,16,150.5
O012376,2025-09-05,20,B03,CH1,C00000,CMP000,3,10,104.2
O012377,2025-09-05,12,B03,CH1,C00000,CMP000,2,5,40.8
O012378,2025-09-05,18,B03,CH1,C00000,CMP000,3,8,78.1
O012379,2025-09-05,18,B03,CH1,C00000,CMP000,2,8,78.55
O012380,2025-09-05,17,B03,CH1,C01474,CMP000,6,21,255.25
O012381,2025-09-05,20,B03,CH4,C00000,CMP000,0,1,25.0
O012382,2025-09-05,20,B03,CH3,C00000,CMP000,0,6,71.0
O012383,2025-09-05,20,B03,CH1,C02213,CMP000,4,13,128.5
O012384,2025-09-05,14,B03,CH1,C00000,CMP000,1,2,35.1
O012385,2025-09-05,20,B03,CH1,C00000,CMP000,1,3,35.1
O012386,2025-09-06,20,B03,CH1,C00000,CMP000,2,5,44.4
O012387,2025-09-06,19,B03,CH4,C00000,CMP000,0,6,49.05
O012388,2025-09-06,20,B03,CH4,C00000,CMP000,0,1,13.45
O012389,2025-09-06,21,B03,CH1,C00000,CMP000,2,6,70.25
O012390,2025-09-06,21,B03,CH1,C00000,CMP000,1,3,29.85
O012391,2025-09-06,13,B03,CH1,C00000,CMP000,1,2,18.95
O012392,2025-09-06,19,B03,CH1,C00000,CMP000,1,4,29.65
O012393,2025-09-06,22,B03,CH1,C00000,CMP000,3,8,87.5
O012394,2025-09-07,21,B03,CH2,C00000,CMP000,0,3,30.5
O012395,2025-09-07,19,B03,CH1,C02744,CMP000,2,4,36.2
O012396,2025-09-07,20,B03,CH3,C00000,CMP000,0,3,38.95
O012397,2025-09-07,20,B03,CH1,C01223,CMP000,2,7,55.65
O012398,2025-09-07,21,B03,CH1,C00000,CMP000,2,5,59.45
O012399,2025-09-07,15,B03,CH1,C02356,CMP000,4,9,100.65
O012400,2025-09-07,21,B03,CH1,C03918,CMP000,4,12,130.5
O012401,2025-09-07,18,B03,CH1,C00000,CMP000,4,11,113.55
O012402,2025-09-07,19,B03,CH1,C00000,CMP000,7,20,245.0
O012403,2025-09-07,18,B03,CH2,C00000,CMP000,0,4,50.2
O012404,2025-09-07,20,B03,CH1,C00000,CMP000,2,8,70.9
O012405,2025-09-10,12,B03,CH1,C02059,CMP000,4,10,98.95
O012406,2025-09-10,13,B03,CH1,C00000,CMP000,6,16,153.0
O012407,2025-09-10,17,B03,CH2,C01223,CMP000,0,2,16.55
O012408,2025-09-10,22,B03,CH1,C04264,CMP000,2,4,54.8
O012409,2025-09-10,14,B03,CH2,C00000,CMP000,0,7,54.65
O012410,2025-09-10,12,B03,CH3,C00000,CMP000,0,2,20.65
O012411,2025-09-11,20,B03,CH1,C01223,CMP000,4,13,114.7
O012412,2025-09-11,20,B03,CH1,C00000,CMP000,4,17,143.45
O012413,2025-09-11,17,B03,CH4,C00000,CMP000,0,2,17.35
O012414,2025-09-11,14,B03,CH2,C00000,CMP000,0,2,26.45
O012415,2025-09-12,20,B03,CH1,C00000,CMP000,3,12,95.1
O012416,2025-09-12,21,B03,CH1,C00000,CMP000,5,19,181.5
O012417,2025-09-12,21,B03,CH1,C00791,CMP000,3,7,64.15
O012418,2025-09-12,16,B03,CH1,C00552,CMP000,6,19,202.5
O012419,2025-09-12,20,B03,CH4,C01223,CMP000,0,2,21.65
O012420,2025-09-12,17,B03,CH1,C03909,CMP000,2,4,40.85
O012421,2025-09-13,12,B03,CH1,C00112,CMP000,5,14,120.9
O012422,2025-09-13,16,B03,CH4,C00000,CMP000,0,3,24.55
O012423,2025-09-13,19,B03,CH1,C01035,CMP000,4,10,92.8
O012424,2025-09-14,21,B03,CH3,C00000,CMP000,0,5,59.1
O012425,2025-09-14,22,B03,CH1,C00000,CMP000,2,9,82.8
O012426,2025-09-14,14,B03,CH1,C00000,CMP000,2,7,55.85
O012427,2025-09-14,20,B03,CH1,C00000,CMP000,2,5,52.85
O012428,2025-09-15,22,B03,CH1,C00000,CMP000,2,8,100.85
O012429,2025-09-15,14,B03,CH1,C00000,CMP000,2,9,79.1
O012430,2025-09-15,21,B03,CH1,C00000,CMP000,4,9,90.75
O012431,2025-09-17,13,B03,CH2,C00000,CMP000,0,11,127.3
O012432,2025-09-17,19,B03,CH4,C00000,CMP000,0,3,38.2
O012433,2025-09-17,20,B03,CH2,C00000,CMP000,0,7,64.45
O012434,2025-09-18,18,B03,CH1,C00000,CMP000,4,14,159.1
O012435,2025-09-19,22,B03,CH1,C00000,CMP000,5,18,165.65
O012436,2025-09-19,21,B03,CH4,C01223,CMP000,0,9,79.3
O012437,2025-09-19,18,B03,CH1,C01606,CMP000,2,8,76.8
O012438,2025-09-19,18,B03,CH3,C00000,CMP000,0,11,110.35
O012439,2025-09-19,13,B03,CH1,C01286,CMP000,2,4,63.2
O012440,2025-09-20,21,B03,CH3,C00000,CMP000,0,6,52.35
O012441,2025-09-21,19,B03,CH1,C00000,CMP000,7,19,236.5
O012442,2025-09-21,19,B03,CH3,C00000,CMP000,0,7,71.75
O012443,2025-09-21,13,B03,CH1,C00000,CMP000,2,8,63.8
O012444,2025-09-21,13,B03,CH1,C00000,CMP000,5,13,138.65
O012445,2025-09-21,15,B03,CH4,C00000,CMP000,0,7,92.85
O012446,2025-09-21,12,B03,CH1,C00000,CMP000,1,2,20.2
O012447,2025-09-22,12,B03,CH1,C00000,CMP000,4,12,101.6
O012448,2025-09-22,19,B03,CH2,C00000,CMP000,0,4,33.95
O012449,2025-09-22,18,B03,CH1,C00000,CMP000,5,14,163.1
O012450,2025-09-22,13,B03,CH1,C00000,CMP000,4,9,107.5
O012451,2025-09-22,19,B03,CH1,C03561,CMP000,2,6,67.65
O012452,2025-09-24,19,B03,CH1,C00000,CMP000,4,14,119.3
O012453,2025-09-24,21,B03,CH1,C00000,CMP000,2,7,70.15
O012454,2025-09-24,12,B03,CH1,C04574,CMP000,2,5,52.9
O012455,2025-09-25,20,B03,CH3,C00000,CMP000,0,1,13.45
O012456,2025-09-25,22,B03,CH1,C03057,CMP000,7,21,256.05
O012457,2025-09-25,15,B03,CH4,C00000,CMP000,0,7,73.4
O012458,2025-09-25,14,B03,CH2,C00000,CMP000,0,2,17.5
O012459,2025-09-26,17,B03,CH4,C00000,CMP000,0,8,80.35
O012460,2025-09-26,14,B03,CH1,C00000,CMP000,2,5,51.0
O012461,2025-09-26,13,B03,CH1,C00000,CMP000,2,4,35.15
O012462,2025-09-26,19,B03,CH1,C00000,CMP000,5,13,123.2
O012463,2025-09-26,20,B03,CH1,C00889,CMP000,2,9,78.1
O012464,2025-09-27,18,B03,CH1,C02012,CMP000,2,9,71.2
O012465,2025-09-27,18,B03,CH1,C00000,CMP000,2,8,64.15
O012466,2025-09-27,20,B03,CH2,C00000,CMP000,0,6,47.85
O012467,2025-09-27,17,B03,CH1,C00000,CMP000,8,26,232.2
O012468,2025-09-27,12,B03,CH1,C00000,CMP000,2,9,70.65
O012469,2025-09-27,19,B03,CH4,C00000,CMP000,0,5,72.85
O012470,2025-09-27,20,B03,CH1,C00000,CMP000,4,13,120.15
O012471,2025-09-27,17,B03,CH1,C00442,CMP000,1,2,17.05
O012472,2025-09-28,18,B03,CH3,C00000,CMP000,0,8,63.75
O012473,2025-09-28,12,B03,CH1,C02868,CMP000,2,6,53.1
O012474,2025-09-28,17,B03,CH1,C03217,CMP000,2,8,71.65
O012475,2025-09-28,18,B03,CH1,C02744,CMP000,4,14,140.95
O012476,2025-09-28,14,B03,CH1,C04094,CMP000,2,7,55.0
O012477,2025-09-28,22,B03,CH1,C00000,CMP000,2,8,59.45
O012478,2025-09-28,18,B03,CH1,C00000,CMP000,2,7,69.85
O012479,2025-09-28,17,B03,CH1,C00000,CMP000,2,6,65.05
O012480,2025-09-28,19,B03,CH1,C02111,CMP000,6,29,250.95
O012481,2025-09-28,13,B03,CH4,C00000,CMP000,0,3,35.1
O012482,2025-09-28,19,B03,CH1,C01453,CMP000,3,11,86.4
O012483,2025-09-29,12,B03,CH1,C00000,CMP000,1,4,36.3
O012484,2025-09-29,19,B03,CH1,C00020,CMP000,3,13,113.25
O012485,2025-09-29,16,B03,CH1,C00346,CMP000,1,2,17.5
O012486,2025-09-29,21,B03,CH3,C00000,CMP000,0,2,19.7
O012487,2025-09-29,21,B03,CH1,C00000,CMP000,2,7,67.85
O012488,2025-10-01,18,B03,CH3,C00000,CMP000,0,8,73.3
O012489,2025-10-01,17,B03,CH2,C00000,CMP000,0,4,43.0
O012490,2025-10-01,17,B03,CH1,C00000,CMP000,2,5,62.5
O012491,2025-10-01,13,B03,CH1,C00000,CMP000,6,17,177.85
O012492,2025-10-01,19,B03,CH4,C00000,CMP000,0,4,47.15
O012493,2025-10-01,18,B03,CH3,C00000,CMP000,0,4,37.5
O012494,2025-10-02,14,B03,CH1,C01170,CMP000,7,18,158.85
O012495,2025-10-02,18,B03,CH1,C00000,CMP000,2,6,50.8
O012496,2025-10-02,12,B03,CH1,C03228,CMP000,3,9,92.05
O012497,2025-10-02,13,B03,CH1,C00000,CMP000,7,20,206.2
O012498,2025-10-02,17,B03,CH3,C00000,CMP000,0,12,87.9
O012499,2025-10-03,13,B03,CH1,C00000,CMP000,2,8,67.35
O012500,2025-10-03,21,B03,CH1,C00000,CMP000,2,6,62.0
O012501,2025-10-03,19,B03,CH1,C01035,CMP000,2,7,50.15
O012502,2025-10-04,13,B03,CH1,C00000,CMP000,1,3,27.7
O012503,2025-10-04,18,B03,CH1,C00000,CMP000,4,13,109.2
O012504,2025-10-04,12,B03,CH1,C00000,CMP000,6,17,151.6
O012505,2025-10-04,18,B03,CH2,C00000,CMP000,0,5,54.3
O012506,2025-10-04,20,B03,CH1,C00000,CMP000,4,16,167.6
O012507,2025-10-04,13,B03,CH1,C00961,CMP000,2,6,49.4
O012508,2025-10-05,20,B03,CH1,C00000,CMP000,6,20,185.9
O012509,2025-10-05,19,B03,CH1,C00000,CMP000,4,11,133.9
O012510,2025-10-05,20,B03,CH1,C00000,CMP000,4,13,114.8
O012511,2025-10-05,20,B03,CH2,C04963,CMP000,0,3,21.85
O012512,2025-10-05,22,B03,CH1,C00000,CMP000,2,6,56.6
O012513,2025-10-06,18,B03,CH1,C04219,CMP000,1,3,28.85
O012514,2025-10-06,18,B03,CH2,C00000,CMP000,0,2,24.05
O012515,2025-10-06,22,B03,CH2,C02283,CMP000,0,2,35.6
O012516,2025-10-08,20,B03,CH1,C01223,CMP000,1,4,46.65
O012517,2025-10-08,19,B03,CH1,C00000,CMP000,3,11,95.85
O012518,2025-10-08,19,B03,CH3,C00000,CMP000,0,4,38.95
O012519,2025-10-08,22,B03,CH1,C01606,CMP000,3,9,125.75
O012520,2025-10-09,20,B03,CH1,C00000,CMP000,6,18,192.45
O012521,2025-10-09,18,B03,CH3,C02012,CMP000,0,3,21.95
O012522,2025-10-09,19,B03,CH1,C00000,CMP000,2,4,44.9
O012523,2025-10-09,19,B03,CH3,C01223,CMP000,0,3,32.45
O012524,2025-10-10,18,B03,CH2,C04503,CMP000,0,7,60.15
O012525,2025-10-10,18,B03,CH3,C03679,CMP000,0,5,63.2
O012526,2025-10-10,20,B03,CH3,C00000,CMP000,0,5,61.75
O012527,2025-10-10,22,B03,CH1,C04923,CMP000,4,12,113.6
O012528,2025-10-10,14,B03,CH1,C00000,CMP000,4,9,98.35
O012529,2025-10-10,18,B03,CH1,C00000,CMP000,2,6,52.65
O012530,2025-10-10,19,B03,CH1,C04755,CMP000,3,9,90.4
O012531,2025-10-10,12,B03,CH1,C02968,CMP000,4,12,102.9
O012532,2025-10-11,19,B03,CH1,C00000,CMP000,2,4,37.25
O012533,2025-10-11,17,B03,CH4,C00000,CMP000,0,4,31.25
O012534,2025-10-11,20,B03,CH3,C00000,CMP000,0,8,73.75
O012535,2025-10-11,17,B03,CH1,C01223,CMP000,4,13,128.1
O012536,2025-10-11,13,B03,CH1,C00000,CMP000,4,13,103.65
O012537,2025-10-11,18,B03,CH1,C00000,CMP005,2,8,56.82
O012538,2025-10-11,17,B03,CH3,C00000,CMP000,0,6,56.8
O012539,2025-10-12,19,B03,CH2,C00000,CMP000,0,3,36.85
O012540,2025-10-12,16,B03,CH1,C00000,CMP000,6,19,184.25
O012541,2025-10-12,19,B03,CH1,C00991,CMP000,2,7,79.35
O012542,2025-10-12,13,B03,CH1,C00000,CMP000,2,5,49.75
O012543,2025-10-13,19,B03,CH1,C00000,CMP005,2,8,58.85
O012544,2025-10-13,13,B03,CH1,C00000,CMP000,2,4,61.05
O012545,2025-10-13,12,B03,CH1,C00000,CMP005,4,11,85.6
O012546,2025-10-13,12,B03,CH1,C00000,CMP000,4,14,166.85
O012547,2025-10-13,16,B03,CH1,C01286,CMP000,3,7,71.25
O012548,2025-10-13,17,B03,CH1,C03941,CMP000,1,3,21.35
O012549,2025-10-13,17,B03,CH1,C00000,CMP000,3,12,135.55
O012550,2025-10-15,20,B03,CH1,C00000,CMP000,3,8,122.8
O012551,2025-10-15,19,B03,CH1,C00000,CMP000,8,23,247.85
O012552,2025-10-15,19,B03,CH1,C00000,CMP005,2,5,44.12
O012553,2025-10-15,21,B03,CH1,C03653,CMP000,3,7,72.45
O012554,2025-10-15,21,B03,CH1,C00775,CMP000,4,14,122.9
O012555,2025-10-16,18,B03,CH4,C00000,CMP000,0,4,43.3
O012556,2025-10-16,17,B03,CH1,C03871,CMP000,2,6,76.0
O012557,2025-10-16,21,B03,CH4,C04574,CMP000,0,3,45.5
O012558,2025-10-16,20,B03,CH1,C03751,CMP000,1,4,28.4
O012559,2025-10-16,12,B03,CH1,C02312,CMP000,6,19,167.3
O012560,2025-10-17,19,B03,CH1,C01223,CMP000,3,7,80.6
O012561,2025-10-17,19,B03,CH1,C01223,CMP000,5,15,172.2
O012562,2025-10-17,19,B03,CH1,C00000,CMP000,2,4,70.7
O012563,2025-10-17,21,B03,CH2,C03750,CMP000,0,5,40.35
O012564,2025-10-17,17,B03,CH1,C01223,CMP000,3,7,117.4
O012565,2025-10-17,20,B03,CH1,C01346,CMP000,1,3,40.4
O012566,2025-10-17,22,B03,CH1,C00000,CMP000,6,23,199.4
O012567,2025-10-17,15,B03,CH1,C00000,CMP000,2,5,53.35
O012568,2025-10-17,18,B03,CH4,C00000,CMP000,0,11,103.55
O012569,2025-10-18,21,B03,CH1,C01223,CMP000,2,8,68.85
O012570,2025-10-18,21,B03,CH1,C00000,CMP000,2,7,63.0
O012571,2025-10-18,17,B03,CH1,C00000,CMP000,3,9,101.25
O012572,2025-10-18,20,B03,CH3,C00000,CMP000,0,1,13.45
O012573,2025-10-18,20,B03,CH1,C01346,CMP000,1,2,45.65
O012574,2025-10-19,17,B03,CH2,C01223,CMP000,0,3,40.4
O012575,2025-10-19,20,B03,CH1,C00000,CMP000,5,17,155.95
O012576,2025-10-19,20,B03,CH4,C00000,CMP000,0,1,15.4
O012577,2025-10-22,19,B03,CH1,C00000,CMP000,2,5,44.35
O012578,2025-10-23,20,B03,CH1,C03487,CMP000,2,7,65.35
O012579,2025-10-23,18,B03,CH1,C02968,CMP000,3,10,96.0
O012580,2025-10-23,22,B03,CH3,C00000,CMP000,0,5,74.25
O012581,2025-10-24,16,B03,CH2,C00000,CMP000,0,2,17.5
O012582,2025-10-24,13,B03,CH4,C00000,CMP000,0,10,104.8
O012583,2025-10-24,21,B03,CH1,C00000,CMP000,4,11,116.75
O012584,2025-10-24,12,B03,CH1,C00000,CMP000,6,15,156.25
O012585,2025-10-25,22,B03,CH1,C00000,CMP000,2,6,52.4
O012586,2025-10-25,22,B03,CH1,C00000,CMP000,2,7,83.5
O012587,2025-10-25,20,B03,CH1,C00000,CMP000,2,4,41.3
O012588,2025-10-25,19,B03,CH1,C00000,CMP000,1,2,19.25
O012589,2025-10-25,22,B03,CH1,C00000,CMP000,2,8,88.0
O012590,2025-10-25,19,B03,CH3,C00000,CMP000,0,8,68.75
O012591,2025-10-25,22,B03,CH1,C04840,CMP000,2,5,57.7
O012592,2025-10-26,14,B03,CH1,C00000,CMP000,2,5,53.1
O012593,2025-10-26,20,B03,CH3,C00000,CMP000,0,6,53.1
O012594,2025-10-26,22,B03,CH1,C00000,CMP005,1,5,43.17
O012595,2025-10-26,19,B03,CH1,C00000,CMP000,2,7,74.85
O012596,2025-10-26,16,B03,CH1,C00000,CMP000,1,5,45.25
O012597,2025-10-27,19,B03,CH1,C03750,CMP000,4,9,108.65
O012598,2025-10-27,15,B03,CH1,C00343,CMP000,2,6,52.65
O012599,2025-10-29,19,B03,CH2,C00000,CMP000,0,6,72.7
O012600,2025-10-29,12,B03,CH1,C00000,CMP000,2,6,48.5
O012601,2025-10-29,19,B03,CH1,C00470,CMP000,2,6,71.2
O012602,2025-10-29,19,B03,CH1,C03313,CMP000,4,15,139.45
O012603,2025-10-29,20,B03,CH1,C00000,CMP000,2,6,66.05
O012604,2025-10-29,21,B03,CH1,C00000,CMP005,2,5,65.97
O012605,2025-10-30,18,B03,CH1,C02978,CMP000,2,7,56.75
O012606,2025-10-30,19,B03,CH1,C00000,CMP000,2,9,66.15
O012607,2025-10-30,15,B03,CH1,C00000,CMP000,4,12,125.95
O012608,2025-10-30,18,B03,CH1,C00000,CMP005,2,8,73.44
O012609,2025-10-30,19,B03,CH1,C00000,CMP005,7,17,162.41
O012610,2025-10-30,18,B03,CH1,C01205,CMP000,2,8,72.6
O012611,2025-10-30,15,B03,CH4,C00000,CMP000,0,2,25.5
O012612,2025-10-31,19,B03,CH1,C01223,CMP000,1,2,23.55
O012613,2025-10-31,18,B03,CH1,C00000,CMP000,1,2,32.7
O012614,2025-10-31,22,B03,CH1,C00000,CMP000,2,7,59.1
O012615,2025-11-01,20,B03,CH3,C00000,CMP000,0,5,42.15
O012616,2025-11-01,19,B03,CH2,C04002,CMP000,0,2,27.9
O012617,2025-11-01,19,B03,CH4,C00000,CMP000,0,7,73.9
O012618,2025-11-01,21,B03,CH1,C00000,CMP005,6,18,136.91
O012619,2025-11-01,17,B03,CH3,C00000,CMP000,0,3,23.4
O012620,2025-11-01,20,B03,CH4,C00000,CMP000,0,1,15.4
O012621,2025-11-01,20,B03,CH3,C00000,CMP000,0,9,79.7
O012622,2025-11-01,12,B03,CH1,C00000,CMP000,2,5,53.65
O012623,2025-11-01,13,B03,CH1,C00000,CMP000,4,12,105.5
O012624,2025-11-01,17,B03,CH4,C00000,CMP000,0,4,49.95
O012625,2025-11-01,19,B03,CH1,C00000,CMP000,4,9,106.6
O012626,2025-11-01,22,B03,CH1,C00000,CMP005,6,19,163.68
O012627,2025-11-01,17,B03,CH1,C04573,CMP000,2,5,52.1
O012628,2025-11-01,17,B03,CH4,C00000,CMP000,0,1,14.9
O012629,2025-11-01,12,B03,CH1,C00000,CMP000,2,4,43.75
O012630,2025-11-02,20,B03,CH1,C00000,CMP000,6,19,186.5
O012631,2025-11-02,13,B03,CH1,C00000,CMP000,2,5,59.65
O012632,2025-11-02,21,B03,CH1,C00000,CMP000,2,6,72.95
O012633,2025-11-02,21,B03,CH1,C04537,CMP000,2,5,42.6
O012634,2025-11-02,21,B03,CH3,C04352,CMP000,0,1,13.0
O012635,2025-11-03,15,B03,CH1,C00000,CMP000,3,13,103.9
O012636,2025-11-06,19,B03,CH1,C00000,CMP000,1,2,41.85
O012637,2025-11-06,19,B03,CH3,C00000,CMP000,0,2,18.5
O012638,2025-11-06,18,B03,CH3,C00000,CMP000,0,3,27.15
O012639,2025-11-07,21,B03,CH1,C00000,CMP000,1,2,24.25
O012640,2025-11-07,20,B03,CH3,C00000,CMP000,0,1,14.9
O012641,2025-11-07,21,B03,CH1,C00000,CMP000,6,17,155.5
O012642,2025-11-07,21,B03,CH1,C00000,CMP000,1,3,25.8
O012643,2025-11-07,19,B03,CH3,C00000,CMP000,0,5,43.55
O012644,2025-11-08,18,B03,CH1,C00000,CMP000,2,6,60.3
O012645,2025-11-08,20,B03,CH1,C00000,CMP000,2,9,107.5
O012646,2025-11-08,22,B03,CH1,C00000,CMP000,1,3,24.85
O012647,2025-11-08,12,B03,CH1,C00000,CMP000,3,11,91.35
O012648,2025-11-09,15,B03,CH1,C00000,CMP000,4,13,119.1
O012649,2025-11-09,18,B03,CH2,C00000,CMP000,0,2,20.7
O012650,2025-11-09,21,B03,CH1,C00000,CMP000,2,7,57.5
O012651,2025-11-09,20,B03,CH3,C00000,CMP000,0,3,19.95
O012652,2025-11-09,21,B03,CH1,C02125,CMP000,4,13,126.45
O012653,2025-11-09,17,B03,CH1,C00000,CMP000,2,4,39.6
O012654,2025-11-09,20,B03,CH1,C00000,CMP000,2,6,61.55
O012655,2025-11-09,18,B03,CH1,C00000,CMP000,2,7,97.15
O012656,2025-11-10,14,B03,CH1,C00000,CMP000,3,9,96.6
O012657,2025-11-10,21,B03,CH1,C01223,CMP000,6,16,163.05
O012658,2025-11-12,12,B03,CH1,C00000,CMP000,2,6,58.2
O012659,2025-11-12,12,B03,CH1,C03616,CMP000,1,3,31.45
O012660,2025-11-12,13,B03,CH4,C00000,CMP000,0,7,50.95
O012661,2025-11-12,15,B03,CH1,C01223,CMP000,1,3,39.9
O012662,2025-11-13,19,B03,CH1,C00000,CMP000,4,17,152.8
O012663,2025-11-13,19,B03,CH4,C00000,CMP000,0,7,83.5
O012664,2025-11-13,22,B03,CH1,C00000,CMP000,2,7,64.0
O012665,2025-11-13,17,B03,CH4,C00000,CMP000,0,12,119.5
O012666,2025-11-14,14,B03,CH1,C00047,CMP000,2,6,58.25
O012667,2025-11-14,17,B03,CH1,C00000,CMP000,2,6,61.25
O012668,2025-11-14,12,B03,CH1,C00413,CMP000,2,5,45.65
O012669,2025-11-15,18,B03,CH2,C00000,CMP000,0,4,33.2
O012670,2025-11-15,14,B03,CH1,C02744,CMP000,6,16,179.6
O012671,2025-11-15,21,B03,CH1,C04963,CMP000,2,8,60.55
O012672,2025-11-16,13,B03,CH1,C04503,CMP000,2,7,71.65
O012673,2025-11-16,18,B03,CH1,C00000,CMP000,3,13,110.75
O012674,2025-11-16,21,B03,CH3,C00000,CMP000,0,3,21.95
O012675,2025-11-16,13,B03,CH3,C00000,CMP000,0,9,102.2
O012676,2025-11-16,20,B03,CH1,C00000,CMP000,2,9,99.35
O012677,2025-11-17,21,B03,CH1,C00000,CMP000,3,12,109.3
O012678,2025-11-19,16,B03,CH4,C04977,CMP000,0,4,39.45
O012679,2025-11-19,21,B03,CH2,C00000,CMP000,0,8,71.9
O012680,2025-11-20,13,B03,CH1,C00000,CMP000,2,5,46.65
O012681,2025-11-20,18,B03,CH1,C00000,CMP000,1,4,27.2
O012682,2025-11-21,14,B03,CH3,C00000,CMP000,0,4,32.25
O012683,2025-11-21,19,B03,CH1,C00000,CMP000,2,7,65.9
O012684,2025-11-21,17,B03,CH4,C00000,CMP000,0,3,79.35
O012685,2025-11-21,20,B03,CH1,C03534,CMP000,4,13,110.8
O012686,2025-11-21,19,B03,CH1,C00000,CMP000,1,1,14.9
O012687,2025-11-22,19,B03,CH2,C00000,CMP000,0,6,53.4
O012688,2025-11-22,20,B03,CH1,C00000,CMP006,2,7,77.29
O012689,2025-11-22,18,B03,CH1,C04456,CMP000,1,2,18.6
O012690,2025-11-22,22,B03,CH2,C00000,CMP000,0,3,21.85
O012691,2025-11-22,20,B03,CH1,C00000,CMP006,2,7,75.0
O012692,2025-11-22,18,B03,CH3,C00000,CMP000,0,3,35.4
O012693,2025-11-22,13,B03,CH1,C02978,CMP006,1,3,22.27
O012694,2025-11-22,17,B03,CH1,C00000,CMP000,4,14,155.4
O012695,2025-11-23,17,B03,CH1,C02937,CMP000,2,9,65.6
O012696,2025-11-23,13,B03,CH1,C04412,CMP000,2,4,52.15
O012697,2025-11-23,21,B03,CH1,C00000,CMP006,4,13,97.68
O012698,2025-11-24,18,B03,CH4,C00000,CMP000,0,3,31.0
O012699,2025-11-24,19,B03,CH1,C02241,CMP000,3,8,109.75
O012700,2025-11-24,19,B03,CH1,C00000,CMP006,2,5,49.49
O012701,2025-11-24,22,B03,CH1,C02300,CMP000,4,12,112.6
O012702,2025-11-26,19,B03,CH3,C00000,CMP000,0,7,70.65
O012703,2025-11-26,13,B03,CH3,C00000,CMP000,0,3,21.85
O012704,2025-11-26,20,B03,CH1,C00000,CMP000,5,14,153.45
O012705,2025-11-26,22,B03,CH1,C04784,CMP000,1,3,31.25
O012706,2025-11-27,14,B03,CH1,C00000,CMP006,2,8,53.4
O012707,2025-11-27,21,B03,CH1,C04879,CMP000,4,13,137.9
O012708,2025-11-27,20,B03,CH1,C00000,CMP000,8,24,291.75
O012709,2025-11-27,20,B03,CH2,C00000,CMP000,0,2,27.4
O012710,2025-11-27,12,B03,CH1,C00000,CMP000,2,5,48.85
O012711,2025-11-27,22,B03,CH1,C00000,CMP000,2,6,46.65
O012712,2025-11-27,20,B03,CH1,C00000,CMP000,2,4,51.95
O012713,2025-11-27,22,B03,CH1,C04816,CMP000,3,9,82.95
O012714,2025-11-28,15,B03,CH1,C00000,CMP006,5,16,158.98
O012715,2025-11-28,17,B03,CH1,C02427,CMP000,4,14,122.55
O012716,2025-11-28,19,B03,CH1,C00000,CMP006,2,8,63.72
O012717,2025-11-28,20,B03,CH1,C00000,CMP006,4,13,121.19
O012718,2025-11-28,21,B03,CH1,C00000,CMP006,2,6,51.49
O012719,2025-11-28,12,B03,CH1,C00000,CMP000,1,3,23.4
O012720,2025-11-29,17,B03,CH1,C01058,CMP006,2,5,39.06
O012721,2025-11-29,13,B03,CH1,C00713,CMP006,2,5,61.14
O012722,2025-11-29,17,B03,CH2,C00000,CMP000,0,5,42.15
O012723,2025-11-29,19,B03,CH1,C02586,CMP000,4,10,111.2
O012724,2025-11-29,16,B03,CH1,C02744,CMP000,4,15,160.15
O012725,2025-11-29,20,B03,CH1,C00006,CMP000,1,3,27.6
O012726,2025-11-29,21,B03,CH1,C00000,CMP000,5,17,155.4
O012727,2025-11-29,20,B03,CH1,C00000,CMP006,4,12,101.1
O012728,2025-11-30,20,B03,CH2,C00000,CMP000,0,5,46.2
O012729,2025-11-30,12,B03,CH1,C00000,CMP000,2,5,40.35
O012730,2025-11-30,22,B03,CH1,C01346,CMP006,2,8,61.48
O012731,2025-12-01,17,B03,CH4,C00000,CMP000,0,5,39.65
O012732,2025-12-01,15,B03,CH1,C00000,CMP000,1,4,40.85
O012733,2025-12-03,22,B03,CH1,C00000,CMP000,3,11,87.1
O012734,2025-12-03,21,B03,CH2,C00000,CMP000,0,3,21.4
O012735,2025-12-03,20,B03,CH1,C01223,CMP006,6,16,132.32
O012736,2025-12-03,19,B03,CH1,C01182,CMP006,4,15,131.31
O012737,2025-12-03,18,B03,CH1,C00000,CMP006,2,4,56.85
O012738,2025-12-03,18,B03,CH3,C00000,CMP000,0,4,29.55
O012739,2025-12-04,20,B03,CH3,C00000,CMP000,0,11,96.1
O012740,2025-12-04,17,B03,CH1,C00030,CMP000,2,6,54.15
O012741,2025-12-04,14,B03,CH1,C00000,CMP006,3,12,88.9
O012742,2025-12-04,19,B03,CH1,C00000,CMP000,4,13,113.8
O012743,2025-12-05,13,B03,CH1,C00000,CMP000,1,3,48.55
O012744,2025-12-05,19,B03,CH1,C01223,CMP006,1,2,23.78
O012745,2025-12-05,18,B03,CH3,C00000,CMP000,0,4,47.6
O012746,2025-12-05,20,B03,CH1,C00000,CMP006,2,8,91.76
O012747,2025-12-05,18,B03,CH1,C00000,CMP000,4,14,128.3
O012748,2025-12-05,13,B03,CH1,C00000,CMP006,2,8,59.13
O012749,2025-12-05,19,B03,CH1,C00000,CMP006,2,5,65.68
O012750,2025-12-05,19,B03,CH3,C00000,CMP000,0,2,16.1
O012751,2025-12-05,20,B03,CH1,C00000,CMP000,4,10,123.35
O012752,2025-12-06,21,B03,CH1,C00000,CMP006,2,7,61.4
O012753,2025-12-06,20,B03,CH1,C00000,CMP000,1,1,14.9
O012754,2025-12-06,14,B03,CH1,C04997,CMP006,2,5,67.62
O012755,2025-12-06,18,B03,CH1,C00000,CMP000,1,2,30.3
O012756,2025-12-06,17,B03,CH4,C00000,CMP000,0,3,23.3
O012757,2025-12-06,15,B03,CH1,C00000,CMP000,6,15,163.5
O012758,2025-12-06,12,B03,CH1,C00000,CMP000,3,7,77.85
O012759,2025-12-06,19,B03,CH1,C00000,CMP000,2,5,45.0
O012760,2025-12-06,21,B03,CH1,C00000,CMP000,2,5,53.2
O012761,2025-12-06,19,B03,CH1,C00000,CMP000,2,4,43.6
O012762,2025-12-06,13,B03,CH1,C00000,CMP000,2,4,49.35
O012763,2025-12-06,19,B03,CH1,C00000,CMP000,2,6,64.65
O012764,2025-12-06,22,B03,CH1,C00000,CMP000,2,5,46.5
O012765,2025-12-06,16,B03,CH3,C00000,CMP000,0,4,36.15
O012766,2025-12-07,14,B03,CH1,C01223,CMP000,1,3,23.3
O012767,2025-12-07,19,B03,CH1,C00000,CMP000,2,7,60.45
O012768,2025-12-07,22,B03,CH1,C00000,CMP000,1,3,24.35
O012769,2025-12-07,20,B03,CH1,C00000,CMP006,2,7,58.4
O012770,2025-12-07,21,B03,CH2,C00000,CMP000,0,6,73.6
O012771,2025-12-07,21,B03,CH1,C00000,CMP000,5,18,183.7
O012772,2025-12-08,19,B03,CH1,C02406,CMP000,6,20,219.4
O012773,2025-12-08,21,B03,CH1,C01695,CMP000,5,17,143.3
O012774,2025-12-08,21,B03,CH2,C00192,CMP000,0,5,78.15
O012775,2025-12-10,19,B03,CH1,C00000,CMP000,2,6,47.15
O012776,2025-12-10,12,B03,CH1,C00000,CMP000,1,4,37.05
O012777,2025-12-10,13,B03,CH1,C04816,CMP000,2,5,50.55
O012778,2025-12-10,19,B03,CH1,C00000,CMP000,2,9,107.75
O012779,2025-12-10,12,B03,CH1,C01264,CMP000,6,14,139.8
O012780,2025-12-10,13,B03,CH1,C04264,CMP006,1,2,25.38
O012781,2025-12-11,13,B03,CH4,C00000,CMP000,0,2,18.0
O012782,2025-12-11,18,B03,CH3,C00000,CMP000,0,6,51.2
O012783,2025-12-11,14,B03,CH1,C00000,CMP000,4,11,101.65
O012784,2025-12-11,21,B03,CH1,C04779,CMP006,4,16,139.22
O012785,2025-12-12,21,B03,CH1,C01456,CMP000,4,14,134.35
O012786,2025-12-12,22,B03,CH2,C00000,CMP000,0,7,94.35
O012787,2025-12-12,21,B03,CH2,C00000,CMP000,0,5,40.1
O012788,2025-12-12,19,B03,CH1,C00000,CMP000,3,7,74.55
O012789,2025-12-12,20,B03,CH3,C00000,CMP000,0,5,51.95
O012790,2025-12-12,19,B03,CH1,C00469,CMP000,3,9,88.1
O012791,2025-12-13,19,B03,CH1,C01223,CMP000,3,10,88.1
O012792,2025-12-13,18,B03,CH3,C00000,CMP000,0,3,24.05
O012793,2025-12-13,20,B03,CH1,C00000,CMP000,2,7,80.65
O012794,2025-12-13,18,B03,CH2,C00000,CMP000,0,4,45.9
O012795,2025-12-13,20,B03,CH2,C00000,CMP000,0,8,72.15
O012796,2025-12-13,19,B03,CH1,C00000,CMP006,2,6,55.3
O012797,2025-12-13,18,B03,CH1,C00000,CMP000,1,3,25.8
O012798,2025-12-13,22,B03,CH2,C01223,CMP000,0,3,27.7
O012799,2025-12-13,17,B03,CH3,C00991,CMP000,0,2,18.75
O012800,2025-12-13,21,B03,CH1,C00000,CMP000,5,16,166.75
O012801,2025-12-14,18,B03,CH1,C00000,CMP000,2,5,45.4
O012802,2025-12-14,17,B03,CH1,C01223,CMP000,4,11,145.0
O012803,2025-12-14,21,B03,CH1,C00000,CMP006,1,4,41.11
O012804,2025-12-14,13,B03,CH1,C00000,CMP006,2,5,46.23
O012805,2025-12-14,21,B03,CH1,C00000,CMP000,5,17,164.25
O012806,2025-12-14,17,B03,CH1,C04773,CMP006,4,12,115.04
O012807,2025-12-15,19,B03,CH1,C00000,CMP000,1,2,24.05
O012808,2025-12-15,22,B03,CH4,C00000,CMP000,0,6,64.95
O012809,2025-12-17,18,B03,CH4,C04545,CMP000,0,2,23.3
O012810,2025-12-17,12,B03,CH3,C00000,CMP000,0,2,27.9
O012811,2025-12-17,14,B03,CH1,C04868,CMP000,2,6,52.15
O012812,2025-12-17,14,B03,CH1,C00000,CMP000,3,8,71.15
O012813,2025-12-17,13,B03,CH1,C01316,CMP000,3,8,148.05
O012814,2025-12-17,22,B03,CH3,C00000,CMP000,0,3,22.1
O012815,2025-12-18,19,B03,CH1,C00000,CMP006,1,4,31.42
O012816,2025-12-18,13,B03,CH1,C00000,CMP006,4,11,102.71
O012817,2025-12-18,12,B03,CH2,C00000,CMP000,0,3,44.25
O012818,2025-12-18,18,B03,CH1,C01886,CMP000,5,14,175.5
O012819,2025-12-18,20,B03,CH3,C00000,CMP000,0,4,42.8
O012820,2025-12-18,20,B03,CH1,C01059,CMP000,1,3,23.85
O012821,2025-12-19,20,B03,CH1,C00000,CMP006,3,9,80.89
O012822,2025-12-19,19,B03,CH1,C00791,CMP006,2,7,53.0
O012823,2025-12-19,14,B03,CH1,C00138,CMP006,2,5,50.1
O012824,2025-12-19,19,B03,CH1,C00000,CMP000,2,6,49.7
O012825,2025-12-19,16,B03,CH1,C00000,CMP006,6,19,205.58
O012826,2025-12-19,22,B03,CH1,C02283,CMP006,5,15,159.47
O012827,2025-12-19,13,B03,CH1,C00000,CMP006,1,3,21.28
O012828,2025-12-19,14,B03,CH1,C00000,CMP000,5,15,147.25
O012829,2025-12-19,13,B03,CH1,C00442,CMP000,4,10,93.7
O012830,2025-12-19,19,B03,CH4,C02586,CMP000,0,7,71.35
O012831,2025-12-19,19,B03,CH1,C00000,CMP000,4,11,121.85
O012832,2025-12-19,13,B03,CH1,C02356,CMP006,3,10,79.31
O012833,2025-12-19,15,B03,CH2,C00000,CMP000,0,4,30.5
O012834,2025-12-20,19,B03,CH4,C00000,CMP000,0,6,73.55
O012835,2025-12-20,14,B03,CH1,C00000,CMP000,3,9,95.45
O012836,2025-12-20,20,B03,CH3,C00000,CMP000,0,8,77.9
O012837,2025-12-20,19,B03,CH1,C03178,CMP006,3,11,91.72
O012838,2025-12-20,22,B03,CH1,C00849,CMP000,2,7,79.6
O012839,2025-12-20,14,B03,CH1,C00000,CMP000,2,5,66.35
O012840,2025-12-20,17,B03,CH1,C04248,CMP006,1,4,59.89
O012841,2025-12-20,19,B03,CH1,C01434,CMP000,2,7,65.45
O012842,2025-12-20,22,B03,CH1,C04962,CMP000,1,3,30.3
O012843,2025-12-21,18,B03,CH2,C00000,CMP000,0,1,12.5
O012844,2025-12-21,12,B03,CH1,C00000,CMP000,3,11,114.5
O012845,2025-12-21,17,B03,CH1,C00000,CMP000,4,12,116.05
O012846,2025-12-21,16,B03,CH2,C00000,CMP000,0,1,28.85
O012847,2025-12-21,20,B03,CH3,C00000,CMP000,0,5,38.5
O012848,2025-12-22,21,B03,CH3,C02195,CMP000,0,2,22.9
O012849,2025-12-22,13,B03,CH4,C00000,CMP000,0,4,46.65
O012850,2025-12-22,16,B03,CH1,C00000,CMP000,5,17,156.6
O012851,2025-12-22,18,B03,CH1,C00000,CMP000,2,7,58.0
O012852,2025-12-24,18,B03,CH1,C03247,CMP000,3,9,75.25
O012853,2025-12-24,21,B03,CH1,C00000,CMP000,2,7,55.85
O012854,2025-12-24,19,B03,CH1,C01651,CMP000,1,2,20.0
O012855,2025-12-24,13,B03,CH1,C00000,CMP000,2,4,44.05
O012856,2025-12-24,14,B03,CH1,C00000,CMP000,2,6,59.2
O012857,2025-12-26,12,B03,CH2,C00000,CMP000,0,2,18.75
O012858,2025-12-26,12,B03,CH1,C00000,CMP000,6,19,200.6
O012859,2025-12-26,18,B03,CH2,C00000,CMP000,0,2,17.6
O012860,2025-12-26,20,B03,CH1,C00000,CMP000,1,3,24.85
O012861,2025-12-26,21,B03,CH3,C02391,CMP000,0,1,13.45
O012862,2025-12-27,18,B03,CH3,C00000,CMP000,0,6,61.1
O012863,2025-12-27,13,B03,CH1,C00000,CMP000,3,8,78.6
O012864,2025-12-27,18,B03,CH4,C00000,CMP000,0,2,18.0
O012865,2025-12-28,22,B03,CH1,C01677,CMP000,6,19,180.6
O012866,2025-12-29,22,B03,CH4,C00000,CMP000,0,1,15.4
O012867,2025-12-29,21,B03,CH1,C00000,CMP000,2,6,95.0
O012868,2025-12-29,21,B03,CH1,C00000,CMP000,6,18,185.55
O012869,2025-12-29,19,B03,CH4,C02309,CMP000,0,1,13.45
O012870,2025-12-31,13,B03,CH1,C03138,CMP000,5,13,165.75
O012871,2026-01-01,13,B03,CH1,C01346,CMP000,1,2,35.1
O012872,2026-01-01,12,B03,CH1,C00000,CMP000,2,4,43.4
O012873,2026-01-01,17,B03,CH1,C04319,CMP000,2,5,58.0
O012874,2026-01-01,16,B03,CH1,C03057,CMP000,6,18,162.15
O012875,2026-01-02,22,B03,CH1,C00991,CMP000,2,8,62.9
O012876,2026-01-02,21,B03,CH3,C00000,CMP000,0,4,54.35
O012877,2026-01-02,18,B03,CH2,C00000,CMP000,0,3,24.75
O012878,2026-01-02,18,B03,CH1,C00000,CMP000,4,18,160.05
O012879,2026-01-02,20,B03,CH1,C00000,CMP000,7,24,228.75
O012880,2026-01-02,14,B03,CH1,C00000,CMP000,2,6,51.2
O012881,2026-01-02,20,B03,CH3,C00000,CMP000,0,4,69.0
O012882,2026-01-02,22,B03,CH3,C00107,CMP000,0,2,28.85
O012883,2026-01-03,13,B03,CH1,C00000,CMP000,3,8,71.8
O012884,2026-01-03,19,B03,CH3,C00000,CMP000,0,6,53.3
O012885,2026-01-03,19,B03,CH1,C01223,CMP000,2,7,71.6
O012886,2026-01-03,21,B03,CH1,C02660,CMP000,6,22,196.1
O012887,2026-01-03,18,B03,CH2,C00000,CMP000,0,3,32.7
O012888,2026-01-03,16,B03,CH3,C00000,CMP000,0,6,47.45
O012889,2026-01-04,19,B03,CH1,C04879,CMP000,1,2,20.65
O012890,2026-01-04,13,B03,CH4,C00000,CMP000,0,2,29.8
O012891,2026-01-04,22,B03,CH3,C00000,CMP000,0,8,73.8
O012892,2026-01-04,19,B03,CH1,C00000,CMP000,2,7,56.3
O012893,2026-01-04,18,B03,CH2,C00000,CMP000,0,3,25.95
O012894,2026-01-04,12,B03,CH1,C00000,CMP000,5,13,158.0
O012895,2026-01-04,21,B03,CH1,C01536,CMP000,3,9,85.45
O012896,2026-01-04,18,B03,CH2,C00000,CMP000,0,6,65.9
O012897,2026-01-05,14,B03,CH1,C00000,CMP007,1,3,24.66
O012898,2026-01-05,13,B03,CH1,C00000,CMP007,3,9,63.68
O012899,2026-01-05,13,B03,CH3,C00000,CMP000,0,4,48.6
O012900,2026-01-05,21,B03,CH1,C00000,CMP007,3,9,78.79
O012901,2026-01-05,20,B03,CH1,C00000,CMP007,1,4,23.32
O012902,2026-01-05,18,B03,CH1,C00000,CMP007,2,6,47.23
O012903,2026-01-08,17,B03,CH3,C04712,CMP000,0,4,27.15
O012904,2026-01-08,21,B03,CH1,C00000,CMP000,2,6,67.15
O012905,2026-01-08,19,B03,CH1,C00000,CMP000,5,19,193.1
O012906,2026-01-08,14,B03,CH1,C00989,CMP000,2,7,66.1
O012907,2026-01-08,19,B03,CH3,C00000,CMP000,0,4,39.95
O012908,2026-01-08,19,B03,CH1,C04049,CMP007,4,13,106.09
O012909,2026-01-09,16,B03,CH1,C01205,CMP000,1,2,21.0
O012910,2026-01-09,19,B03,CH1,C00000,CMP000,2,5,57.8
O012911,2026-01-09,18,B03,CH2,C00000,CMP000,0,3,34.65
O012912,2026-01-09,16,B03,CH3,C00000,CMP000,0,1,14.9
O012913,2026-01-09,13,B03,CH1,C00000,CMP007,2,4,40.81
O012914,2026-01-10,13,B03,CH1,C04503,CMP000,2,4,46.75
O012915,2026-01-10,12,B03,CH3,C03918,CMP000,0,6,62.75
O012916,2026-01-10,13,B03,CH1,C00000,CMP007,2,9,57.75
O012917,2026-01-10,21,B03,CH1,C00000,CMP000,2,8,58.75
O012918,2026-01-10,21,B03,CH1,C00000,CMP000,1,4,29.6
O012919,2026-01-10,18,B03,CH1,C01223,CMP000,2,4,52.45
O012920,2026-01-10,12,B03,CH4,C00000,CMP000,0,6,69.0
O012921,2026-01-10,21,B03,CH2,C00000,CMP000,0,5,45.15
O012922,2026-01-11,17,B03,CH1,C00000,CMP007,2,4,31.86
O012923,2026-01-11,22,B03,CH4,C00000,CMP000,0,2,18.3
O012924,2026-01-12,22,B03,CH1,C00000,CMP000,2,4,49.05
O012925,2026-01-12,22,B03,CH4,C00000,CMP000,0,6,44.7
O012926,2026-01-14,20,B03,CH3,C00000,CMP000,0,3,21.85
O012927,2026-01-15,13,B03,CH1,C00000,CMP007,1,3,22.93
O012928,2026-01-15,12,B03,CH1,C00000,CMP000,2,5,47.6
O012929,2026-01-15,22,B03,CH3,C00000,CMP000,0,4,26.7
O012930,2026-01-16,19,B03,CH1,C00000,CMP007,2,6,42.25
O012931,2026-01-16,19,B03,CH1,C00470,CMP000,6,20,193.2
O012932,2026-01-16,14,B03,CH3,C00000,CMP000,0,3,43.75
O012933,2026-01-16,19,B03,CH4,C00000,CMP000,0,3,22.1
O012934,2026-01-16,21,B03,CH1,C02249,CMP007,3,9,91.12
O012935,2026-01-16,12,B03,CH3,C00000,CMP000,0,3,27.15
O012936,2026-01-16,20,B03,CH2,C04608,CMP000,0,3,33.2
O012937,2026-01-16,19,B03,CH2,C00000,CMP000,0,4,37.85
O012938,2026-01-17,21,B03,CH1,C01223,CMP007,2,9,82.76
O012939,2026-01-17,13,B03,CH1,C00000,CMP007,1,4,25.81
O012940,2026-01-17,19,B03,CH1,C00991,CMP000,2,4,52.65
O012941,2026-01-17,22,B03,CH1,C00000,CMP000,4,10,113.8
O012942,2026-01-17,13,B03,CH1,C00000,CMP007,2,6,44.15
O012943,2026-01-18,18,B03,CH1,C01223,CMP007,2,5,39.97
O012944,2026-01-18,13,B03,CH1,C00000,CMP007,2,4,50.49
O012945,2026-01-18,18,B03,CH1,C00000,CMP007,7,23,218.05
O012946,2026-01-19,17,B03,CH3,C00000,CMP000,0,2,18.0
O012947,2026-01-19,15,B03,CH1,C00000,CMP007,1,4,28.99
O012948,2026-01-19,15,B03,CH1,C04712,CMP000,5,18,185.1
O012949,2026-01-21,17,B03,CH2,C00000,CMP000,0,9,83.85
O012950,2026-01-21,13,B03,CH3,C00000,CMP000,0,3,32.9
O012951,2026-01-22,18,B03,CH1,C01877,CMP000,2,10,73.45
O012952,2026-01-22,18,B03,CH3,C00000,CMP000,0,4,46.4
O012953,2026-01-22,14,B03,CH1,C00000,CMP000,6,21,200.3
O012954,2026-01-22,14,B03,CH1,C04094,CMP007,4,10,86.6
O012955,2026-01-22,18,B03,CH1,C04816,CMP000,4,14,129.85
O012956,2026-01-22,13,B03,CH1,C00000,CMP000,3,8,78.15
O012957,2026-01-22,13,B03,CH1,C00000,CMP007,1,4,22.4
O012958,2026-01-22,19,B03,CH1,C00000,CMP007,2,8,66.34
O012959,2026-01-23,20,B03,CH4,C01067,CMP000,0,4,44.25
O012960,2026-01-23,12,B03,CH1,C00000,CMP000,1,3,42.8
O012961,2026-01-23,21,B03,CH1,C01223,CMP000,2,5,48.4
O012962,2026-01-23,16,B03,CH1,C00000,CMP007,4,13,113.57
O012963,2026-01-23,19,B03,CH3,C00000,CMP000,0,1,16.85
O012964,2026-01-23,13,B03,CH1,C01105,CMP000,3,10,88.2
O012965,2026-01-24,19,B03,CH1,C00000,CMP000,4,13,99.35
O012966,2026-01-24,19,B03,CH2,C00000,CMP000,0,4,39.0
O012967,2026-01-24,19,B03,CH1,C00000,CMP007,2,6,43.05
O012968,2026-01-24,20,B03,CH1,C00000,CMP007,3,12,81.89
O012969,2026-01-24,18,B03,CH1,C04725,CMP000,2,9,71.0
O012970,2026-01-25,19,B03,CH1,C04879,CMP000,1,2,23.55
O012971,2026-01-25,22,B03,CH1,C00000,CMP000,2,4,37.85
O012972,2026-01-25,18,B03,CH1,C00000,CMP000,4,13,150.65
O012973,2026-01-25,15,B03,CH4,C00000,CMP000,0,1,13.95
O012974,2026-01-25,20,B03,CH1,C00000,CMP000,4,14,129.1
O012975,2026-01-25,20,B03,CH3,C00000,CMP000,0,2,16.1
O012976,2026-01-25,14,B03,CH1,C01223,CMP000,1,1,14.4
O012977,2026-01-28,22,B03,CH4,C00000,CMP000,0,3,42.5
O012978,2026-01-29,18,B03,CH1,C02356,CMP000,2,6,57.0
O012979,2026-01-29,22,B03,CH1,C00000,CMP007,2,5,38.11
O012980,2026-01-30,18,B03,CH1,C00000,CMP007,5,14,115.01
O012981,2026-01-30,19,B03,CH1,C00000,CMP000,6,20,190.2
O012982,2026-01-30,19,B03,CH1,C00991,CMP000,4,11,133.6
O012983,2026-01-30,18,B03,CH4,C00000,CMP000,0,2,32.7
O012984,2026-01-30,19,B03,CH1,C00991,CMP007,4,12,92.89
O012985,2026-01-30,20,B03,CH4,C00000,CMP000,0,2,28.85
O012986,2026-01-30,17,B03,CH1,C00000,CMP007,1,2,24.3
O012987,2026-01-31,17,B03,CH2,C00000,CMP000,0,2,18.3
O012988,2026-01-31,20,B03,CH4,C00000,CMP000,0,3,24.05
O012989,2026-01-31,20,B03,CH3,C00531,CMP000,0,3,23.6
O012990,2026-01-31,21,B03,CH1,C03095,CMP000,2,7,72.8
O012991,2026-01-31,21,B03,CH4,C04963,CMP000,0,5,35.35
O012992,2026-01-31,19,B03,CH1,C00000,CMP007,6,16,131.83
O012993,2026-02-01,21,B03,CH1,C04634,CMP000,2,6,82.2
O012994,2026-02-01,18,B03,CH1,C00000,CMP000,6,19,167.8
O012995,2026-02-01,13,B03,CH1,C00974,CMP000,4,9,89.7
O012996,2026-02-01,20,B03,CH2,C00689,CMP000,0,2,21.0
O012997,2026-02-01,19,B03,CH1,C00000,CMP000,2,6,83.8
O012998,2026-02-02,13,B03,CH4,C00000,CMP000,0,5,47.0
O012999,2026-02-02,14,B03,CH2,C00000,CMP000,0,2,29.0
O013000,2026-02-04,15,B03,CH1,C00000,CMP008,3,8,60.9
O013001,2026-02-04,21,B03,CH2,C00000,CMP000,0,2,28.8
O013002,2026-02-05,17,B03,CH3,C00000,CMP000,0,2,19.0
O013003,2026-02-05,19,B03,CH3,C00000,CMP000,0,9,84.4
O013004,2026-02-05,13,B03,CH1,C01836,CMP000,4,9,113.5
O013005,2026-02-05,18,B03,CH1,C00000,CMP000,3,9,89.0
O013006,2026-02-05,13,B03,CH1,C00000,CMP000,2,5,51.8
O013007,2026-02-05,21,B03,CH4,C01059,CMP000,0,4,42.2
O013008,2026-02-06,14,B03,CH1,C04634,CMP000,2,6,63.3
O013009,2026-02-06,17,B03,CH2,C00000,CMP000,0,4,50.5
O013010,2026-02-06,21,B03,CH1,C00000,CMP000,3,11,108.0
O013011,2026-02-06,20,B03,CH1,C00000,CMP000,2,6,73.5
O013012,2026-02-06,12,B03,CH1,C02437,CMP000,2,7,55.5
O013013,2026-02-06,16,B03,CH1,C00000,CMP000,4,14,128.4
O013014,2026-02-06,21,B03,CH1,C00000,CMP000,2,6,68.5
O013015,2026-02-06,17,B03,CH2,C00000,CMP000,0,2,18.0
O013016,2026-02-07,20,B03,CH4,C00689,CMP000,0,2,28.8
O013017,2026-02-07,12,B03,CH2,C01223,CMP000,0,2,18.7
O013018,2026-02-07,19,B03,CH4,C00000,CMP000,0,2,26.5
O013019,2026-02-07,12,B03,CH1,C00000,CMP000,4,15,140.0
O013020,2026-02-07,17,B03,CH1,C00000,CMP000,5,15,138.3
O013021,2026-02-07,12,B03,CH1,C00000,CMP000,1,2,19.8
O013022,2026-02-08,21,B03,CH1,C01128,CMP000,4,9,110.8
O013023,2026-02-08,13,B03,CH1,C00000,CMP000,2,4,41.9
O013024,2026-02-09,14,B03,CH1,C00000,CMP000,2,6,46.4
O013025,2026-02-11,22,B03,CH1,C00000,CMP008,2,6,47.39
O013026,2026-02-11,22,B03,CH1,C01302,CMP008,2,7,49.91
O013027,2026-02-11,22,B03,CH4,C00000,CMP000,0,1,65.0
O013028,2026-02-11,19,B03,CH4,C00000,CMP000,0,2,19.5
O013029,2026-02-12,19,B03,CH3,C00000,CMP000,0,8,69.7
O013030,2026-02-12,15,B03,CH3,C00000,CMP000,0,3,23.5
O013031,2026-02-12,16,B03,CH3,C01223,CMP000,0,3,33.7
O013032,2026-02-12,20,B03,CH1,C00000,CMP000,8,28,257.6
O013033,2026-02-13,16,B03,CH1,C00825,CMP000,2,9,73.5
O013034,2026-02-13,13,B03,CH1,C00000,CMP000,4,14,119.4
O013035,2026-02-13,18,B03,CH1,C00000,CMP000,1,3,27.8
O013036,2026-02-13,20,B03,CH1,C01223,CMP000,3,10,103.3
O013037,2026-02-13,14,B03,CH1,C03749,CMP000,4,10,113.2
O013038,2026-02-13,22,B03,CH3,C00000,CMP000,0,2,18.7
O013039,2026-02-14,12,B03,CH1,C00000,CMP000,4,13,141.2
O013040,2026-02-14,21,B03,CH4,C00000,CMP000,0,1,14.0
O013041,2026-02-14,17,B03,CH4,C02868,CMP000,0,6,54.4
O013042,2026-02-14,18,B03,CH4,C00000,CMP000,0,3,31.3
O013043,2026-02-14,15,B03,CH1,C03112,CMP000,2,7,81.0
O013044,2026-02-14,18,B03,CH1,C00000,CMP000,3,9,92.0
O013045,2026-02-14,13,B03,CH3,C00000,CMP000,0,1,26.0
O013046,2026-02-15,18,B03,CH2,C00000,CMP000,0,2,30.0
O013047,2026-02-15,20,B03,CH2,C00000,CMP000,0,3,35.5
O013048,2026-02-16,14,B03,CH1,C02294,CMP000,2,5,40.9
O013049,2026-02-16,19,B03,CH1,C00000,CMP000,4,15,137.4
O013050,2026-02-16,17,B03,CH1,C00000,CMP000,2,8,61.9
O013051,2026-02-16,21,B03,CH4,C00000,CMP000,0,3,46.5
O013052,2026-02-18,17,B03,CH4,C00494,CMP000,0,3,26.0
O013053,2026-02-18,13,B03,CH4,C03894,CMP000,0,7,91.7
O013054,2026-02-19,19,B03,CH1,C01921,CMP000,3,11,97.8
O013055,2026-02-19,20,B03,CH1,C04963,CMP000,2,6,56.7
O013056,2026-02-19,20,B03,CH1,C00000,CMP000,4,13,120.8
O013057,2026-02-19,12,B03,CH1,C00000,CMP000,1,3,33.0
O013058,2026-02-20,21,B03,CH1,C00000,CMP000,1,2,19.8
O013059,2026-02-20,17,B03,CH1,C00000,CMP000,4,11,99.9
O013060,2026-02-20,15,B03,CH3,C00000,CMP000,0,6,65.2
O013061,2026-02-20,12,B03,CH1,C00000,CMP000,1,2,24.2
O013062,2026-02-20,18,B03,CH1,C00000,CMP000,8,27,240.6
O013063,2026-02-20,18,B03,CH1,C00000,CMP000,8,20,229.8
O013064,2026-02-21,13,B03,CH1,C00000,CMP000,2,4,45.8
O013065,2026-02-21,13,B03,CH1,C00000,CMP000,4,13,111.2
O013066,2026-02-21,21,B03,CH1,C00000,CMP000,1,3,34.0
O013067,2026-02-21,20,B03,CH1,C03228,CMP000,2,7,95.5
O013068,2026-02-22,14,B03,CH1,C02868,CMP000,3,8,73.0
O013069,2026-02-22,21,B03,CH3,C00000,CMP000,0,3,38.5
O013070,2026-02-23,20,B03,CH1,C00000,CMP000,2,7,108.5
O013071,2026-02-25,22,B03,CH3,C00000,CMP000,0,12,115.5
O013072,2026-02-26,13,B03,CH1,C00053,CMP000,2,5,43.7
O013073,2026-02-26,19,B03,CH3,C04503,CMP000,0,2,20.5
O013074,2026-02-27,13,B03,CH1,C01223,CMP000,1,3,24.7
O013075,2026-02-27,22,B03,CH1,C00000,CMP000,1,4,38.2
O013076,2026-02-27,19,B03,CH3,C00000,CMP000,0,3,32.7
O013077,2026-02-27,12,B03,CH3,C00000,CMP000,0,9,97.3
O013078,2026-02-28,17,B03,CH1,C04879,CMP000,4,15,124.3
O013079,2026-02-28,18,B03,CH1,C00000,CMP000,2,6,71.0
O013080,2026-02-28,13,B03,CH1,C00000,CMP000,2,6,56.7
O013081,2026-03-01,12,B03,CH1,C00000,CMP000,1,2,22.3
O013082,2026-03-01,20,B03,CH1,C00991,CMP000,2,6,50.1
O013083,2026-03-01,21,B03,CH4,C00991,CMP000,0,8,95.4
O013084,2026-03-01,19,B03,CH3,C00000,CMP000,0,5,56.0
O013085,2026-03-01,22,B03,CH4,C00000,CMP000,0,2,21.5
O013086,2026-03-02,18,B03,CH4,C00000,CMP000,0,1,16.0
O013087,2026-03-04,12,B03,CH1,C03464,CMP000,3,7,82.0
O013088,2026-03-04,22,B03,CH1,C00000,CMP000,2,8,100.0
O013089,2026-03-04,18,B03,CH4,C00000,CMP000,0,10,106.7
O013090,2026-03-04,13,B03,CH1,C00487,CMP000,2,5,46.7
O013091,2026-03-05,19,B03,CH1,C00000,CMP000,3,9,89.5
O013092,2026-03-05,18,B03,CH1,C00000,CMP000,3,11,120.0
O013093,2026-03-05,20,B03,CH1,C01288,CMP000,2,5,53.5
O013094,2026-03-05,21,B03,CH3,C00000,CMP000,0,7,74.7
O013095,2026-03-05,14,B03,CH1,C00000,CMP000,2,7,56.0
O013096,2026-03-06,17,B03,CH1,C00000,CMP000,8,23,244.7
O013097,2026-03-06,19,B03,CH1,C00000,CMP000,8,26,269.9
O013098,2026-03-06,13,B03,CH1,C00000,CMP000,3,6,62.3
O013099,2026-03-07,21,B03,CH3,C00000,CMP000,0,4,41.0
O013100,2026-03-07,19,B03,CH3,C00000,CMP000,0,4,44.0
O013101,2026-03-07,18,B03,CH3,C00000,CMP000,0,6,53.3
O013102,2026-03-07,20,B03,CH1,C04963,CMP000,1,6,56.5
O013103,2026-03-07,13,B03,CH3,C04634,CMP000,0,2,27.5
O013104,2026-03-08,17,B03,CH1,C00000,CMP000,2,4,47.5
O013105,2026-03-08,19,B03,CH3,C01668,CMP000,0,6,52.2
O013106,2026-03-08,13,B03,CH3,C00000,CMP000,0,2,18.0
O013107,2026-03-08,19,B03,CH1,C00000,CMP000,3,8,72.1
O013108,2026-03-08,19,B03,CH1,C00000,CMP000,3,9,91.7
O013109,2026-03-08,13,B03,CH1,C00000,CMP000,7,20,246.0
O013110,2026-03-09,19,B03,CH1,C00000,CMP000,2,7,58.0
O013111,2026-03-09,18,B03,CH1,C00000,CMP000,3,7,72.5
O013112,2026-03-11,12,B03,CH1,C02125,CMP000,1,2,20.0
O013113,2026-03-11,19,B03,CH1,C00000,CMP000,1,4,34.0
O013114,2026-03-11,20,B03,CH1,C00000,CMP008,4,12,77.14
O013115,2026-03-11,18,B03,CH2,C00000,CMP000,0,2,23.5
O013116,2026-03-11,21,B03,CH2,C00000,CMP000,0,2,20.0
O013117,2026-03-11,22,B03,CH1,C03464,CMP008,5,18,103.95
O013118,2026-03-12,18,B03,CH2,C00746,CMP000,0,3,26.5
O013119,2026-03-12,14,B03,CH1,C00000,CMP000,4,10,96.9
O013120,2026-03-12,20,B03,CH1,C00991,CMP000,4,13,136.3
O013121,2026-03-12,20,B03,CH2,C00000,CMP000,0,7,55.0
O013122,2026-03-12,14,B03,CH1,C00000,CMP000,5,11,129.5
O013123,2026-03-12,19,B03,CH4,C00000,CMP000,0,5,46.7
O013124,2026-03-12,16,B03,CH3,C00000,CMP000,0,1,14.5
O013125,2026-03-13,18,B03,CH1,C01346,CMP000,6,18,243.3
O013126,2026-03-13,20,B03,CH1,C00713,CMP000,4,10,136.8
O013127,2026-03-14,19,B03,CH1,C04264,CMP000,2,7,60.0
O013128,2026-03-14,20,B03,CH1,C00000,CMP000,4,10,91.5
O013129,2026-03-14,18,B03,CH3,C04963,CMP000,0,1,26.0
O013130,2026-03-14,13,B03,CH1,C00000,CMP000,2,4,40.5
O013131,2026-03-14,20,B03,CH2,C00000,CMP000,0,2,19.0
O013132,2026-03-15,19,B03,CH1,C03679,CMP000,6,23,242.6
O013133,2026-03-16,16,B03,CH4,C00000,CMP000,0,2,18.0
O013134,2026-03-16,13,B03,CH1,C00000,CMP000,2,3,34.7
O013135,2026-03-18,13,B03,CH4,C00000,CMP000,0,3,35.5
O013136,2026-03-19,15,B03,CH1,C01970,CMP000,4,12,122.5
O013137,2026-03-20,12,B03,CH2,C00000,CMP000,0,8,59.9
O013138,2026-03-20,18,B03,CH3,C00000,CMP000,0,3,26.2
O013139,2026-03-20,20,B03,CH4,C00000,CMP000,0,2,29.5
O013140,2026-03-20,14,B03,CH1,C01223,CMP000,8,21,226.8
O013141,2026-03-21,18,B03,CH1,C00000,CMP000,2,8,114.2
O013142,2026-03-21,22,B03,CH4,C02799,CMP000,0,6,53.7
O013143,2026-03-21,19,B03,CH1,C00000,CMP000,2,5,92.0
O013144,2026-03-22,20,B03,CH1,C00000,CMP000,6,17,191.6
O013145,2026-03-22,15,B03,CH1,C00000,CMP000,2,5,45.2
O013146,2026-03-22,19,B03,CH2,C00000,CMP000,0,2,19.5
O013147,2026-03-22,17,B03,CH2,C01861,CMP000,0,3,32.5
O013148,2026-03-22,13,B03,CH1,C00000,CMP000,6,18,246.7
O013149,2026-03-22,14,B03,CH1,C00000,CMP000,2,6,83.2
O013150,2026-03-23,19,B03,CH1,C00000,CMP000,2,7,63.5
O013151,2026-03-23,20,B03,CH4,C00623,CMP000,0,2,25.2
O013152,2026-03-23,14,B03,CH2,C01053,CMP000,0,6,61.2
O013153,2026-03-23,13,B03,CH1,C00000,CMP000,2,7,55.5
O013154,2026-03-23,12,B03,CH1,C03058,CMP000,2,4,45.0
O013155,2026-03-25,22,B03,CH1,C00000,CMP008,2,8,48.79
O013156,2026-03-25,22,B03,CH1,C00000,CMP000,3,10,106.5
O013157,2026-03-25,14,B03,CH1,C00000,CMP000,7,21,166.0
O013158,2026-03-26,19,B03,CH1,C03464,CMP000,2,6,53.2
O013159,2026-03-26,19,B03,CH3,C01105,CMP000,0,2,26.5
O013160,2026-03-26,20,B03,CH1,C00000,CMP000,4,13,114.2
O013161,2026-03-26,20,B03,CH1,C00000,CMP000,2,6,54.0
O013162,2026-03-27,13,B03,CH1,C00000,CMP000,7,17,212.4
O013163,2026-03-27,15,B03,CH1,C04984,CMP000,6,23,252.7
O013164,2026-03-27,19,B03,CH1,C00107,CMP000,2,5,58.5
O013165,2026-03-28,17,B03,CH3,C00000,CMP000,0,5,38.9
O013166,2026-03-28,18,B03,CH3,C00000,CMP000,0,9,82.9
O013167,2026-03-28,21,B03,CH1,C01036,CMP000,2,9,80.0
O013168,2026-03-28,20,B03,CH1,C00000,CMP000,1,4,37.0
O013169,2026-03-28,18,B03,CH1,C02168,CMP000,2,6,61.7
O013170,2026-03-28,13,B03,CH3,C00000,CMP000,0,3,60.5
O013171,2026-03-29,19,B03,CH1,C01223,CMP000,7,21,230.7
O013172,2026-03-29,20,B03,CH3,C00000,CMP000,0,3,33.5
O013173,2026-03-30,19,B03,CH1,C01316,CMP000,2,6,53.0
O013174,2026-04-01,20,B03,CH1,C00000,CMP000,4,13,116.4
O013175,2026-04-01,21,B03,CH1,C00000,CMP008,4,11,76.65
O013176,2026-04-01,19,B03,CH1,C00000,CMP008,1,3,36.61
O013177,2026-04-01,20,B03,CH3,C00000,CMP000,0,3,31.5
O013178,2026-04-01,18,B03,CH4,C00000,CMP000,0,5,45.9
O013179,2026-04-02,17,B03,CH4,C00000,CMP000,0,2,22.0
O013180,2026-04-02,16,B03,CH2,C00528,CMP000,0,5,48.7
O013181,2026-04-03,20,B03,CH1,C00278,CMP000,2,5,46.7
O013182,2026-04-03,19,B03,CH1,C00000,CMP000,8,22,243.2
O013183,2026-04-03,18,B03,CH4,C03775,CMP000,0,4,38.3
O013184,2026-04-03,13,B03,CH1,C03193,CMP000,2,5,54.5
O013185,2026-04-03,19,B03,CH1,C00000,CMP000,2,8,79.8
O013186,2026-04-03,20,B03,CH1,C00000,CMP000,6,20,175.4
O013187,2026-04-03,20,B03,CH1,C03228,CMP000,1,2,16.7
O013188,2026-04-04,19,B03,CH4,C00000,CMP000,0,6,69.0
O013189,2026-04-04,20,B03,CH3,C00000,CMP000,0,4,28.3
O013190,2026-04-04,21,B03,CH1,C00997,CMP000,2,8,94.8
O013191,2026-04-04,15,B03,CH1,C00000,CMP000,2,6,81.8
O013192,2026-04-04,20,B03,CH1,C00000,CMP000,2,6,66.2
O013193,2026-04-04,18,B03,CH1,C04415,CMP000,3,9,89.0
O013194,2026-04-04,13,B03,CH3,C00000,CMP000,0,4,46.5
O013195,2026-04-04,20,B03,CH1,C04338,CMP000,2,7,71.0
O013196,2026-04-04,19,B03,CH3,C00000,CMP000,0,9,103.9
O013197,2026-04-04,13,B03,CH1,C00000,CMP000,4,11,115.1
O013198,2026-04-05,13,B03,CH1,C00000,CMP000,2,7,89.2
O013199,2026-04-05,18,B03,CH1,C01223,CMP000,6,16,178.2
O013200,2026-04-05,19,B03,CH2,C00000,CMP000,0,4,48.5
O013201,2026-04-05,12,B03,CH1,C00000,CMP000,4,12,124.8
O013202,2026-04-05,20,B03,CH1,C00000,CMP000,2,8,91.3
O013203,2026-04-06,13,B03,CH1,C03057,CMP000,4,12,112.1
O013204,2026-04-08,12,B03,CH1,C00000,CMP008,3,12,71.54
O013205,2026-04-08,19,B03,CH1,C00000,CMP008,2,6,69.3
O013206,2026-04-08,20,B03,CH1,C00000,CMP000,4,9,92.3
O013207,2026-04-08,13,B03,CH3,C00000,CMP000,0,4,48.2
O013208,2026-04-08,13,B03,CH1,C00000,CMP000,4,13,166.9
O013209,2026-04-08,20,B03,CH4,C00000,CMP000,0,2,26.5
O013210,2026-04-08,12,B03,CH4,C00000,CMP000,0,10,100.2
O013211,2026-04-09,19,B03,CH4,C03534,CMP000,0,4,49.5
O013212,2026-04-09,17,B03,CH3,C00000,CMP000,0,7,54.4
O013213,2026-04-09,12,B03,CH3,C00000,CMP000,0,6,62.7
O013214,2026-04-09,15,B03,CH1,C00192,CMP000,4,10,105.8
O013215,2026-04-09,12,B03,CH1,C03803,CMP000,2,6,68.5
O013216,2026-04-09,20,B03,CH1,C00000,CMP000,2,6,60.2
O013217,2026-04-10,19,B03,CH4,C00000,CMP000,0,1,26.0
O013218,2026-04-10,19,B03,CH4,C02586,CMP000,0,7,92.8
O013219,2026-04-10,20,B03,CH4,C00000,CMP000,0,1,14.0
O013220,2026-04-10,13,B03,CH1,C00000,CMP000,3,8,105.3
O013221,2026-04-10,20,B03,CH2,C03086,CMP000,0,1,15.5
O013222,2026-04-10,20,B03,CH1,C00000,CMP000,2,7,61.4
O013223,2026-04-10,21,B03,CH1,C00000,CMP000,2,5,53.8
O013224,2026-04-11,16,B03,CH3,C00000,CMP000,0,5,50.0
O013225,2026-04-11,18,B03,CH1,C00000,CMP000,6,17,199.0
O013226,2026-04-11,21,B03,CH4,C00000,CMP000,0,6,66.0
O013227,2026-04-11,15,B03,CH1,C00000,CMP000,2,8,69.3
O013228,2026-04-11,19,B03,CH4,C00000,CMP000,0,5,52.3
O013229,2026-04-11,18,B03,CH1,C03057,CMP000,1,4,34.3
O013230,2026-04-11,20,B03,CH1,C00000,CMP000,3,11,109.5
O013231,2026-04-11,17,B03,CH2,C00000,CMP000,0,1,15.0
O013232,2026-04-11,19,B03,CH1,C00000,CMP000,5,18,208.0
O013233,2026-04-12,20,B03,CH4,C00000,CMP000,0,11,91.6
O013234,2026-04-12,21,B03,CH4,C00000,CMP000,0,4,43.0
O013235,2026-04-13,12,B03,CH1,C00000,CMP000,4,11,111.9
O013236,2026-04-13,20,B03,CH2,C01921,CMP000,0,1,15.0
O013237,2026-04-13,17,B03,CH1,C00000,CMP000,2,5,50.7
O013238,2026-04-13,19,B03,CH1,C00000,CMP000,2,7,76.5
O013239,2026-04-15,19,B03,CH1,C00000,CMP008,2,6,51.1
O013240,2026-04-15,12,B03,CH1,C00000,CMP000,4,11,147.0
O013241,2026-04-16,20,B03,CH1,C00000,CMP000,4,13,120.4
O013242,2026-04-16,14,B03,CH1,C00000,CMP000,8,21,186.0
O013243,2026-04-16,16,B03,CH1,C02968,CMP000,1,3,30.0
O013244,2026-04-16,20,B03,CH1,C03464,CMP000,2,6,108.6
O013245,2026-04-17,22,B03,CH1,C00000,CMP000,3,14,154.8
O013246,2026-04-17,13,B03,CH3,C04963,CMP000,0,4,29.3
O013247,2026-04-17,20,B03,CH4,C00000,CMP000,0,2,18.7
O013248,2026-04-17,21,B03,CH1,C00000,CMP000,1,4,36.8
O013249,2026-04-18,22,B03,CH1,C00000,CMP000,5,16,165.4
O013250,2026-04-19,17,B03,CH1,C04639,CMP000,2,9,78.0
O013251,2026-04-19,18,B03,CH1,C00000,CMP000,4,12,116.3
O013252,2026-04-19,21,B03,CH1,C00000,CMP000,2,8,73.3
O013253,2026-04-19,14,B03,CH1,C00000,CMP000,4,10,87.1
O013254,2026-04-19,21,B03,CH1,C00107,CMP000,4,13,127.2
O013255,2026-04-20,19,B03,CH1,C00000,CMP000,2,6,56.3
O013256,2026-04-20,13,B03,CH4,C01223,CMP000,0,2,43.5
O013257,2026-04-20,14,B03,CH1,C01197,CMP000,5,18,164.2
O013258,2026-04-20,15,B03,CH1,C00000,CMP000,2,5,61.3
O013259,2026-04-22,12,B03,CH1,C00000,CMP000,2,6,52.7
O013260,2026-04-22,12,B03,CH1,C02306,CMP000,4,11,98.1
O013261,2026-04-22,12,B03,CH1,C01697,CMP000,3,8,84.6
O013262,2026-04-23,18,B03,CH4,C00000,CMP000,0,3,22.8
O013263,2026-04-23,19,B03,CH1,C04868,CMP000,5,13,137.4
O013264,2026-04-23,19,B03,CH2,C00000,CMP000,0,1,26.0
O013265,2026-04-23,19,B03,CH1,C00000,CMP000,2,7,98.5
O013266,2026-04-23,20,B03,CH1,C04503,CMP000,2,6,67.2
O013267,2026-04-23,15,B03,CH1,C03616,CMP000,2,5,57.2
O013268,2026-04-23,16,B03,CH1,C02553,CMP000,2,4,45.5
O013269,2026-04-23,12,B03,CH4,C01952,CMP000,0,5,48.4
O013270,2026-04-23,21,B03,CH1,C01288,CMP000,2,8,81.7
O013271,2026-04-24,19,B03,CH1,C00000,CMP000,1,2,23.0
O013272,2026-04-24,13,B03,CH2,C01532,CMP000,0,6,59.2
O013273,2026-04-24,19,B03,CH4,C00000,CMP000,0,11,88.5
O013274,2026-04-24,19,B03,CH1,C02875,CMP000,6,24,237.9
O013275,2026-04-24,19,B03,CH2,C00000,CMP000,0,6,61.2
O013276,2026-04-24,18,B03,CH1,C00000,CMP000,4,13,124.0
O013277,2026-04-25,13,B03,CH3,C00000,CMP000,0,3,28.2
O013278,2026-04-25,13,B03,CH1,C00000,CMP000,2,9,72.1
O013279,2026-04-25,15,B03,CH3,C02755,CMP000,0,5,46.9
O013280,2026-04-25,21,B03,CH4,C01059,CMP000,0,7,70.9
O013281,2026-04-25,17,B03,CH3,C00000,CMP000,0,4,44.2
O013282,2026-04-25,14,B03,CH2,C02883,CMP000,0,2,21.5
O013283,2026-04-26,20,B03,CH3,C04836,CMP000,0,1,16.5
O013284,2026-04-26,18,B03,CH1,C03434,CMP000,3,10,91.7
O013285,2026-04-26,20,B03,CH1,C04002,CMP000,2,6,58.6
O013286,2026-04-26,18,B03,CH4,C00000,CMP000,0,3,40.2
O013287,2026-04-26,12,B03,CH2,C00679,CMP000,0,7,66.2
O013288,2026-04-27,13,B03,CH1,C00000,CMP000,2,4,43.3
O013289,2026-04-29,12,B03,CH4,C00000,CMP000,0,7,67.7
O013290,2026-04-30,17,B03,CH1,C03058,CMP000,6,21,232.0
O013291,2026-04-30,22,B03,CH1,C00000,CMP000,6,19,204.2
O013292,2026-05-01,18,B03,CH1,C00000,CMP000,3,9,85.7
O013293,2026-05-01,19,B03,CH2,C00000,CMP000,0,2,29.2
O013294,2026-05-01,13,B03,CH1,C00000,CMP000,2,7,65.8
O013295,2026-05-01,20,B03,CH3,C00000,CMP000,0,2,22.0
O013296,2026-05-01,18,B03,CH3,C00000,CMP000,0,3,21.2
O013297,2026-05-01,22,B03,CH1,C00278,CMP000,4,12,103.8
O013298,2026-05-01,21,B03,CH1,C03520,CMP000,4,13,126.8
O013299,2026-05-02,19,B03,CH1,C01717,CMP000,3,9,100.4
O013300,2026-05-02,18,B03,CH1,C00000,CMP000,2,6,65.5
O013301,2026-05-02,16,B03,CH1,C00000,CMP000,3,9,82.0
O013302,2026-05-02,16,B03,CH1,C00000,CMP000,2,7,67.0
O013303,2026-05-02,19,B03,CH1,C00000,CMP000,4,11,118.9
O013304,2026-05-02,22,B03,CH1,C03112,CMP000,3,11,112.2
O013305,2026-05-02,13,B03,CH3,C00000,CMP000,0,9,81.5
O013306,2026-05-02,20,B03,CH1,C00000,CMP000,1,3,31.8
O013307,2026-05-03,14,B03,CH1,C01035,CMP000,2,8,70.8
O013308,2026-05-03,20,B03,CH1,C00000,CMP000,3,8,90.0
O013309,2026-05-03,19,B03,CH1,C03909,CMP000,2,6,67.3
O013310,2026-05-03,19,B03,CH3,C01223,CMP000,0,6,61.4
O013311,2026-05-06,20,B03,CH1,C00000,CMP000,5,17,159.4
O013312,2026-05-06,19,B03,CH4,C00000,CMP000,0,3,33.7
O013313,2026-05-06,20,B03,CH3,C01223,CMP000,0,13,105.9
O013314,2026-05-06,12,B03,CH1,C00000,CMP000,3,8,102.7
O013315,2026-05-07,12,B03,CH1,C00000,CMP000,2,7,85.8
O013316,2026-05-07,21,B03,CH1,C00000,CMP000,4,15,151.5
O013317,2026-05-08,20,B03,CH1,C00000,CMP000,1,5,43.3
O013318,2026-05-08,18,B03,CH1,C00000,CMP000,2,7,54.4
O013319,2026-05-08,19,B03,CH1,C00000,CMP000,6,20,191.5
O013320,2026-05-08,22,B03,CH1,C00000,CMP000,2,5,47.4
O013321,2026-05-08,20,B03,CH3,C00527,CMP000,0,2,18.2
O013322,2026-05-08,19,B03,CH1,C00000,CMP000,4,13,122.6
O013323,2026-05-08,12,B03,CH1,C00000,CMP000,3,8,72.4
O013324,2026-05-09,22,B03,CH4,C00000,CMP000,0,3,33.5
O013325,2026-05-09,20,B03,CH1,C00192,CMP000,3,11,132.5
O013326,2026-05-09,17,B03,CH1,C04456,CMP000,5,16,153.3
O013327,2026-05-10,13,B03,CH1,C00000,CMP000,2,5,45.5
O013328,2026-05-10,15,B03,CH1,C00000,CMP000,2,7,61.7
O013329,2026-05-10,13,B03,CH1,C01035,CMP000,3,9,88.9
O013330,2026-05-11,19,B03,CH1,C02725,CMP000,4,10,102.1
O013331,2026-05-11,20,B03,CH1,C00000,CMP000,2,6,82.3
O013332,2026-05-11,14,B03,CH1,C00000,CMP000,2,5,50.1
O013333,2026-05-13,21,B03,CH3,C00000,CMP000,0,2,19.5
O013334,2026-05-13,12,B03,CH2,C00000,CMP000,0,2,42.0
O013335,2026-05-13,13,B03,CH3,C00000,CMP000,0,2,23.0
O013336,2026-05-13,18,B03,CH1,C03908,CMP000,5,19,190.3
O013337,2026-05-13,13,B03,CH1,C02359,CMP000,1,1,23.5
O013338,2026-05-13,13,B03,CH1,C03941,CMP000,2,6,48.6
O013339,2026-05-14,13,B03,CH4,C00000,CMP000,0,1,16.5
O013340,2026-05-14,12,B03,CH1,C00000,CMP000,6,16,147.8
O013341,2026-05-14,18,B03,CH4,C00000,CMP000,0,2,24.2
O013342,2026-05-14,12,B03,CH2,C04710,CMP000,0,2,35.5
O013343,2026-05-15,13,B03,CH1,C00000,CMP000,2,6,63.2
O013344,2026-05-15,22,B03,CH3,C00000,CMP000,0,2,23.5
O013345,2026-05-15,18,B03,CH2,C00000,CMP000,0,6,47.4
O013346,2026-05-15,13,B03,CH1,C00000,CMP000,2,5,54.3
O013347,2026-05-16,21,B03,CH3,C00000,CMP000,0,3,26.0
O013348,2026-05-16,20,B03,CH4,C03653,CMP000,0,1,15.5
O013349,2026-05-16,17,B03,CH3,C00000,CMP000,0,4,39.0
O013350,2026-05-16,22,B03,CH2,C00000,CMP000,0,3,39.0
O013351,2026-05-16,18,B03,CH1,C01223,CMP000,5,18,169.2
O013352,2026-05-16,13,B03,CH1,C01059,CMP000,2,7,80.5
O013353,2026-05-16,18,B03,CH1,C00000,CMP000,2,6,51.6
O013354,2026-05-16,18,B03,CH1,C01952,CMP000,4,13,116.6
O013355,2026-05-16,21,B03,CH1,C00000,CMP000,3,9,90.4
O013356,2026-05-17,19,B03,CH1,C00000,CMP000,2,8,89.0
O013357,2026-05-17,22,B03,CH1,C00000,CMP000,4,12,125.7
O013358,2026-05-17,12,B03,CH4,C00000,CMP000,0,2,19.5
O013359,2026-05-17,13,B03,CH1,C00000,CMP000,1,2,21.8
O013360,2026-05-18,21,B03,CH1,C02744,CMP000,3,10,111.9
O013361,2026-05-18,17,B03,CH1,C00000,CMP000,2,6,50.4
O013362,2026-05-18,13,B03,CH1,C00000,CMP000,2,6,74.7
O013363,2026-05-20,15,B03,CH1,C02805,CMP000,6,21,177.0
O013364,2026-05-20,12,B03,CH3,C00000,CMP000,0,2,22.0
O013365,2026-05-20,18,B03,CH1,C00000,CMP000,2,7,55.5
O013366,2026-05-21,14,B03,CH1,C00000,CMP000,2,5,57.0
O013367,2026-05-21,21,B03,CH1,C00000,CMP000,5,17,179.7
O013368,2026-05-21,19,B03,CH1,C00000,CMP000,3,13,106.0
O013369,2026-05-21,14,B03,CH1,C00000,CMP000,2,5,43.2
O013370,2026-05-21,16,B03,CH1,C00000,CMP000,2,7,76.3
O013371,2026-05-22,12,B03,CH1,C00000,CMP000,2,6,85.3
O013372,2026-05-22,21,B03,CH1,C00000,CMP000,3,11,122.0
O013373,2026-05-22,12,B03,CH4,C00000,CMP000,0,2,29.8
O013374,2026-05-22,20,B03,CH1,C00000,CMP000,1,4,33.7
O013375,2026-05-23,14,B03,CH2,C00000,CMP000,0,6,54.0
O013376,2026-05-23,13,B03,CH3,C00000,CMP000,0,5,48.3
O013377,2026-05-23,20,B03,CH1,C00000,CMP000,2,7,56.9
O013378,2026-05-23,13,B03,CH1,C00000,CMP000,2,4,54.2
O013379,2026-05-23,13,B03,CH1,C00000,CMP000,3,7,70.3
O013380,2026-05-23,16,B03,CH1,C02527,CMP000,2,5,64.5
O013381,2026-05-23,18,B03,CH1,C00000,CMP000,6,17,193.6
O013382,2026-05-23,13,B03,CH1,C02306,CMP000,4,10,123.2
O013383,2026-05-23,12,B03,CH1,C00000,CMP000,2,5,47.8
O013384,2026-05-24,18,B03,CH2,C00000,CMP000,0,3,31.2
O013385,2026-05-24,18,B03,CH1,C01932,CMP000,6,17,176.4
O013386,2026-05-24,13,B03,CH3,C00000,CMP000,0,4,48.0
O013387,2026-05-24,19,B03,CH3,C00000,CMP000,0,4,81.0
O013388,2026-05-25,21,B03,CH3,C00000,CMP000,0,5,44.5
O013389,2026-05-27,22,B03,CH4,C03155,CMP000,0,3,35.5
O013390,2026-05-28,20,B03,CH3,C00000,CMP000,0,3,34.5
O013391,2026-05-28,12,B03,CH1,C00000,CMP000,2,4,38.7
O013392,2026-05-28,20,B03,CH3,C01223,CMP000,0,2,25.2
O013393,2026-05-29,20,B03,CH4,C01921,CMP000,0,9,70.1
O013394,2026-05-29,17,B03,CH2,C00000,CMP000,0,9,88.4
O013395,2026-05-29,21,B03,CH1,C00000,CMP000,3,8,88.7
O013396,2026-05-29,21,B03,CH2,C00000,CMP000,0,4,30.2
O013397,2026-05-29,18,B03,CH1,C00480,CMP000,3,9,91.8
O013398,2026-05-29,12,B03,CH1,C00000,CMP000,2,9,69.7
O013399,2026-05-30,14,B03,CH2,C00000,CMP000,0,2,20.0
O013400,2026-05-30,18,B03,CH1,C00000,CMP000,2,8,74.5
O013401,2026-05-30,19,B03,CH1,C00000,CMP000,2,7,67.5
O013402,2026-05-31,17,B03,CH3,C00000,CMP000,0,2,20.5
O013403,2026-05-31,19,B03,CH1,C00000,CMP000,5,15,147.6
O013404,2026-05-31,20,B03,CH1,C02185,CMP000,3,8,99.7
O013405,2026-06-01,21,B03,CH1,C00000,CMP000,2,7,54.2
O013406,2026-06-01,20,B03,CH1,C04666,CMP000,4,12,135.3
O013407,2026-06-01,13,B03,CH1,C04503,CMP000,3,10,117.7
O013408,2026-06-03,13,B03,CH1,C01035,CMP000,2,6,55.7
O013409,2026-06-03,21,B03,CH4,C00000,CMP000,0,8,73.8
O013410,2026-06-03,20,B03,CH1,C00000,CMP000,1,2,20.3
O013411,2026-06-04,18,B03,CH1,C00346,CMP000,1,5,41.3
O013412,2026-06-04,22,B03,CH3,C00000,CMP000,0,3,25.0
O013413,2026-06-04,20,B03,CH3,C00000,CMP000,0,5,47.2
O013414,2026-06-05,19,B03,CH1,C00000,CMP000,2,6,59.4
O013415,2026-06-05,19,B03,CH1,C04380,CMP000,3,11,130.8
O013416,2026-06-05,19,B03,CH1,C00000,CMP000,1,4,33.8
O013417,2026-06-05,18,B03,CH4,C00000,CMP000,0,3,29.7
O013418,2026-06-05,21,B03,CH1,C00000,CMP000,3,11,100.7
O013419,2026-06-05,19,B03,CH3,C00000,CMP000,0,3,32.5
O013420,2026-06-05,14,B03,CH1,C00000,CMP000,3,7,107.7
O013421,2026-06-06,15,B03,CH1,C00000,CMP000,2,9,89.0
O013422,2026-06-06,19,B03,CH3,C00000,CMP000,0,3,26.8
O013423,2026-06-06,13,B03,CH1,C03710,CMP000,2,5,44.4
O013424,2026-06-06,18,B03,CH3,C00000,CMP000,0,6,48.2
O013425,2026-06-06,16,B03,CH1,C00000,CMP000,2,8,84.5
O013426,2026-06-06,12,B03,CH1,C00000,CMP000,1,2,21.8
O013427,2026-06-06,18,B03,CH2,C00000,CMP000,0,3,44.0
O013428,2026-06-06,22,B03,CH3,C00000,CMP000,0,9,90.3
O013429,2026-06-07,20,B03,CH4,C00000,CMP000,0,4,33.5
O013430,2026-06-07,16,B03,CH1,C00000,CMP000,2,7,56.2
O013431,2026-06-07,17,B03,CH4,C00000,CMP000,0,3,32.5
O013432,2026-06-08,18,B03,CH2,C00991,CMP000,0,3,45.7
O013433,2026-06-10,17,B03,CH1,C00000,CMP000,2,7,65.2
O013434,2026-06-10,19,B03,CH4,C00000,CMP000,0,3,26.0
O013435,2026-06-11,12,B03,CH1,C00000,CMP000,4,13,107.7
O013436,2026-06-11,20,B03,CH1,C03749,CMP000,2,8,144.2
O013437,2026-06-11,18,B03,CH1,C00000,CMP000,2,6,65.5
O013438,2026-06-12,19,B03,CH1,C00000,CMP000,3,8,94.7
O013439,2026-06-12,18,B03,CH1,C00000,CMP000,1,5,70.5
O013440,2026-06-12,13,B03,CH2,C00000,CMP000,0,6,59.4
O013441,2026-06-12,15,B03,CH4,C00000,CMP000,0,2,19.7
O013442,2026-06-13,16,B03,CH1,C00000,CMP000,2,4,60.8
O013443,2026-06-13,17,B03,CH1,C02378,CMP000,4,14,140.6
O013444,2026-06-13,12,B03,CH1,C00000,CMP000,6,18,180.9
O013445,2026-06-13,21,B03,CH3,C00000,CMP000,0,4,46.5
O013446,2026-06-13,18,B03,CH1,C01289,CMP000,2,9,78.3
O013447,2026-06-13,21,B03,CH1,C00000,CMP000,2,5,51.8
O013448,2026-06-13,20,B03,CH1,C00000,CMP000,3,9,77.9
O013449,2026-06-13,17,B03,CH1,C00000,CMP000,3,11,94.2
O013450,2026-06-13,12,B03,CH3,C00000,CMP000,0,2,26.0
O013451,2026-06-13,22,B03,CH2,C00000,CMP000,0,2,25.0
O013452,2026-06-14,21,B03,CH1,C02473,CMP000,2,9,66.9
O013453,2026-06-14,19,B03,CH2,C00000,CMP000,0,2,21.0
O013454,2026-06-14,21,B03,CH1,C00000,CMP000,4,12,141.5
O013455,2026-06-14,20,B03,CH1,C01223,CMP000,2,7,67.4
O013456,2026-06-15,17,B03,CH1,C00000,CMP000,3,9,105.0
O013457,2026-06-15,21,B03,CH1,C00000,CMP000,4,13,136.4
O013458,2026-06-15,20,B03,CH1,C03567,CMP000,2,7,72.3
O013459,2026-06-17,13,B03,CH1,C00000,CMP000,3,7,64.2
O013460,2026-06-17,14,B03,CH1,C02391,CMP000,2,5,41.0
O013461,2026-06-17,22,B03,CH1,C00000,CMP000,2,5,47.9
O013462,2026-06-19,22,B03,CH1,C02772,CMP000,2,9,73.5
O013463,2026-06-19,12,B03,CH1,C00000,CMP000,4,11,108.6
O013464,2026-06-19,13,B03,CH1,C00000,CMP000,3,9,99.5
O013465,2026-06-19,14,B03,CH1,C01686,CMP000,4,10,89.8
O013466,2026-06-19,22,B03,CH1,C00991,CMP000,2,6,62.0
O013467,2026-06-19,21,B03,CH1,C00000,CMP000,1,4,37.7
O013468,2026-06-19,18,B03,CH3,C00000,CMP000,0,6,63.1
O013469,2026-06-19,17,B03,CH1,C00000,CMP000,2,4,60.5
O013470,2026-06-20,18,B03,CH3,C00000,CMP000,0,2,30.0
O013471,2026-06-20,20,B03,CH1,C00000,CMP000,6,16,170.0
O013472,2026-06-20,14,B03,CH1,C01223,CMP000,2,4,41.5
O013473,2026-06-20,19,B03,CH3,C00000,CMP000,0,2,20.5
O013474,2026-06-21,15,B03,CH1,C00000,CMP000,1,3,33.3
O013475,2026-06-21,19,B03,CH1,C00000,CMP000,3,7,74.7
O013476,2026-06-21,17,B03,CH1,C00000,CMP000,2,7,94.0
O013477,2026-06-21,19,B03,CH4,C00000,CMP000,0,3,22.7
O013478,2026-06-21,22,B03,CH4,C00000,CMP000,0,2,30.5
O013479,2026-06-21,20,B03,CH1,C04338,CMP000,4,15,143.1
O013480,2026-06-21,21,B03,CH1,C03543,CMP000,5,18,214.4
O013481,2026-06-22,15,B03,CH3,C00000,CMP000,0,5,67.8
O013482,2026-06-22,20,B03,CH2,C01315,CMP000,0,3,41.2
O013483,2026-06-25,22,B03,CH1,C00000,CMP000,8,28,288.3
O013484,2026-06-25,14,B03,CH1,C00000,CMP000,2,7,55.7
O013485,2026-06-26,19,B03,CH1,C00000,CMP000,2,4,42.3
O013486,2026-06-26,19,B03,CH4,C00000,CMP000,0,4,46.2
O013487,2026-06-26,20,B03,CH1,C02203,CMP000,6,23,207.3
O013488,2026-06-26,19,B03,CH3,C00000,CMP000,0,3,39.7
O013489,2026-06-26,16,B03,CH1,C00000,CMP000,2,6,56.1
O013490,2026-06-26,19,B03,CH2,C00000,CMP000,0,2,21.5
O013491,2026-06-27,14,B03,CH4,C01479,CMP000,0,5,62.5
O013492,2026-06-27,12,B03,CH1,C01677,CMP000,2,5,53.3
O013493,2026-06-27,18,B03,CH4,C00000,CMP000,0,6,71.3
O013494,2026-06-27,20,B03,CH1,C00000,CMP000,2,7,94.0
O013495,2026-06-28,18,B03,CH1,C02744,CMP000,2,6,68.0
O013496,2026-06-28,13,B03,CH1,C00000,CMP000,2,5,47.7
O013497,2026-06-28,19,B03,CH1,C02443,CMP000,4,14,144.0
O013498,2026-06-28,20,B03,CH2,C00000,CMP000,0,4,48.0
O013499,2026-06-29,14,B03,CH1,C02473,CMP000,5,13,148.0
O013500,2026-06-29,20,B03,CH1,C01223,CMP000,2,5,50.0
O013501,2026-06-29,14,B03,CH1,C00000,CMP000,2,6,55.2
O013502,2026-06-29,18,B03,CH1,C01637,CMP000,2,8,73.5
O013503,2026-06-29,18,B03,CH3,C00000,CMP000,0,4,49.7
O013504,2026-06-29,13,B03,CH4,C00000,CMP000,0,2,36.5
O013505,2026-07-01,19,B03,CH1,C00000,CMP000,4,14,164.3
O013506,2026-07-01,18,B03,CH1,C03990,CMP000,3,8,76.1
O013507,2026-07-02,12,B03,CH1,C03616,CMP000,4,11,129.3
O013508,2026-07-02,20,B03,CH1,C04634,CMP000,2,5,53.6
O013509,2026-07-02,13,B03,CH3,C00000,CMP000,0,4,50.5
O013510,2026-07-02,12,B03,CH1,C00000,CMP000,2,5,63.0
O013511,2026-07-03,19,B03,CH3,C00000,CMP000,0,2,18.7
O013512,2026-07-03,13,B03,CH1,C00000,CMP000,1,2,18.3
O013513,2026-07-03,12,B03,CH1,C00000,CMP000,5,15,120.5
O013514,2026-07-03,20,B03,CH3,C00000,CMP000,0,4,40.5
O013515,2026-07-03,20,B03,CH1,C00000,CMP000,3,10,96.0
O013516,2026-07-03,14,B03,CH1,C02883,CMP000,3,9,115.8
O013517,2026-07-03,21,B03,CH4,C00000,CMP000,0,7,53.2
O013518,2026-07-03,22,B03,CH1,C00000,CMP000,2,7,58.5
O013519,2026-07-03,19,B03,CH3,C00000,CMP000,0,9,78.4
O013520,2026-07-04,19,B03,CH4,C00000,CMP000,0,4,50.7
O013521,2026-07-04,19,B03,CH3,C00000,CMP000,0,1,16.5
O013522,2026-07-04,19,B03,CH2,C00000,CMP000,0,4,49.7
O013523,2026-07-04,12,B03,CH1,C00871,CMP000,2,4,49.3
O013524,2026-07-04,16,B03,CH3,C00000,CMP000,0,7,81.6
O013525,2026-07-05,15,B03,CH2,C00000,CMP000,0,2,18.7
O013526,2026-07-05,18,B03,CH1,C00000,CMP000,7,21,257.9
O013527,2026-07-05,13,B03,CH3,C00000,CMP000,0,9,83.7
O013528,2026-07-06,19,B03,CH1,C00000,CMP000,2,4,63.0
O013529,2026-07-06,12,B03,CH2,C00000,CMP000,0,2,17.7
O013530,2026-07-06,13,B03,CH1,C00000,CMP000,1,3,24.8
O013531,2026-07-06,13,B03,CH1,C00000,CMP000,6,18,177.6
O013532,2026-07-08,19,B03,CH1,C04574,CMP000,3,10,122.8
O013533,2026-07-08,20,B03,CH1,C04300,CMP000,1,5,41.0
O013534,2026-07-08,14,B03,CH1,C00000,CMP000,2,8,61.7
O013535,2026-07-08,19,B03,CH1,C03542,CMP000,2,4,49.0
O013536,2026-07-09,21,B03,CH2,C00000,CMP000,0,4,55.7
O013537,2026-07-09,22,B03,CH1,C00000,CMP000,4,14,134.5
O013538,2026-07-09,19,B03,CH1,C00000,CMP000,4,12,118.2
O013539,2026-07-09,15,B03,CH1,C00000,CMP000,1,4,63.0
O013540,2026-07-09,14,B03,CH1,C02009,CMP000,4,10,90.7
O013541,2026-07-10,21,B03,CH1,C00000,CMP000,4,18,172.1
O013542,2026-07-10,22,B03,CH1,C00020,CMP000,2,6,70.5
O013543,2026-07-11,18,B03,CH1,C00000,CMP000,4,14,141.6
O013544,2026-07-11,21,B03,CH1,C00000,CMP000,2,6,84.0
O013545,2026-07-11,19,B03,CH3,C00020,CMP000,0,8,73.2
O013546,2026-07-11,19,B03,CH1,C00991,CMP000,3,10,87.7
O013547,2026-07-11,14,B03,CH4,C00000,CMP000,0,5,48.5
O013548,2026-07-11,22,B03,CH1,C00000,CMP000,4,11,147.4
O013549,2026-07-11,18,B03,CH2,C00000,CMP000,0,4,47.3
O013550,2026-07-11,21,B03,CH1,C00306,CMP000,2,7,73.0
O013551,2026-07-11,19,B03,CH1,C02755,CMP000,3,8,94.7
O013552,2026-07-11,14,B03,CH4,C02586,CMP000,0,6,69.5
O013553,2026-07-11,19,B03,CH1,C00499,CMP000,2,6,56.8
O013554,2026-07-12,19,B03,CH3,C00000,CMP000,0,7,66.4
O013555,2026-07-12,17,B03,CH3,C00000,CMP000,0,12,109.2
O013556,2026-07-12,19,B03,CH1,C00000,CMP000,2,7,76.3
O013557,2026-07-12,14,B03,CH3,C00000,CMP000,0,7,73.2
O013558,2026-07-12,20,B03,CH1,C00000,CMP000,1,3,32.3
O013559,2026-07-12,19,B03,CH3,C00000,CMP000,0,6,53.2
O013560,2026-07-12,13,B03,CH1,C00000,CMP000,4,14,126.5
O013561,2026-07-13,21,B03,CH1,C00000,CMP000,4,14,135.4
O013562,2026-07-13,21,B03,CH1,C01223,CMP000,1,3,25.2
O013563,2026-07-13,14,B03,CH1,C00000,CMP000,4,11,99.5
O013564,2026-07-13,19,B03,CH1,C04962,CMP000,4,11,101.5
O013565,2026-07-16,19,B03,CH1,C00000,CMP000,4,15,137.5
O013566,2026-07-16,14,B03,CH1,C00000,CMP000,1,4,30.7
O013567,2026-07-16,20,B03,CH1,C00000,CMP000,1,4,34.3
O013568,2026-07-16,13,B03,CH1,C00000,CMP000,3,6,63.2
O013569,2026-07-16,19,B03,CH1,C00000,CMP000,2,4,52.8
O013570,2026-07-16,13,B03,CH1,C00000,CMP000,2,6,56.8
O013571,2026-07-17,20,B03,CH2,C00000,CMP000,0,2,25.0
O013572,2026-07-17,17,B03,CH1,C00000,CMP000,1,4,33.2
O013573,2026-07-17,19,B03,CH1,C00000,CMP000,2,6,51.2
O013574,2026-07-17,21,B03,CH1,C00000,CMP000,2,5,47.4
O013575,2026-07-17,17,B03,CH1,C00000,CMP000,6,20,199.4
O013576,2026-07-17,18,B03,CH4,C00000,CMP000,0,3,21.2
O013577,2026-07-17,17,B03,CH1,C01223,CMP000,2,6,66.8
O013578,2026-07-17,16,B03,CH1,C01223,CMP000,2,6,59.3
O013579,2026-07-18,18,B03,CH1,C00000,CMP000,2,9,67.5
O013580,2026-07-18,13,B03,CH1,C00000,CMP000,3,8,82.6
O013581,2026-07-18,17,B03,CH1,C00000,CMP000,6,22,284.2
O013582,2026-07-18,14,B03,CH1,C03616,CMP000,6,17,177.6
O013583,2026-07-19,20,B03,CH4,C00000,CMP000,0,5,46.2
O013584,2026-07-19,19,B03,CH1,C00800,CMP000,4,13,132.4
O013585,2026-07-20,19,B03,CH1,C00000,CMP000,5,20,194.3
O013586,2026-07-20,20,B03,CH1,C00971,CMP000,1,3,50.0
O013587,2026-07-20,19,B03,CH1,C04963,CMP000,1,3,27.8
O013588,2026-07-20,19,B03,CH4,C00000,CMP000,0,3,26.7
O013589,2026-07-20,15,B03,CH1,C02283,CMP000,2,7,69.6
O013590,2026-07-20,20,B03,CH1,C01223,CMP000,1,3,36.2
O013591,2026-07-22,19,B03,CH1,C02884,CMP000,2,6,59.8
O013592,2026-07-22,20,B03,CH1,C02306,CMP000,4,12,118.8
O013593,2026-07-22,18,B03,CH2,C00000,CMP000,0,3,27.5
O013594,2026-07-22,14,B03,CH1,C04784,CMP000,8,24,232.8
O013595,2026-07-22,19,B03,CH1,C01952,CMP000,1,4,32.3
O013596,2026-07-22,21,B03,CH3,C03174,CMP000,0,4,38.2
O013597,2026-07-22,20,B03,CH3,C00000,CMP000,0,4,37.7
O013598,2026-07-23,13,B03,CH1,C00000,CMP000,4,11,101.2
O013599,2026-07-23,18,B03,CH1,C02111,CMP000,1,2,23.0
O013600,2026-07-24,17,B03,CH1,C00000,CMP000,2,8,76.3
O013601,2026-07-24,18,B03,CH1,C02884,CMP000,7,25,229.2
O013602,2026-07-24,13,B03,CH4,C03464,CMP000,0,5,44.7
O013603,2026-07-25,14,B03,CH1,C00000,CMP000,2,6,48.4
O013604,2026-07-25,19,B03,CH1,C00000,CMP000,2,7,58.5
O013605,2026-07-25,22,B03,CH1,C00000,CMP000,2,7,85.5
O013606,2026-07-27,13,B03,CH2,C00000,CMP000,0,2,21.5
O013607,2026-07-29,17,B03,CH1,C00000,CMP000,1,5,54.5
O013608,2026-07-29,19,B03,CH1,C00000,CMP000,4,13,123.2
O013609,2026-07-29,22,B03,CH1,C04286,CMP000,2,7,69.2
O013610,2026-07-29,18,B03,CH1,C03745,CMP000,2,7,70.0
O013611,2026-07-30,22,B03,CH1,C02744,CMP000,3,8,84.6
O013612,2026-07-31,21,B03,CH1,C00000,CMP000,2,7,60.8
O013613,2026-07-31,19,B03,CH1,C02249,CMP000,4,12,121.5
O013614,2026-07-31,12,B03,CH1,C04963,CMP000,8,22,204.3
O013615,2026-07-31,19,B03,CH1,C04456,CMP000,1,4,31.2
O013616,2026-07-31,19,B03,CH1,C00000,CMP000,4,13,125.3
O013617,2026-08-01,20,B03,CH3,C00000,CMP000,0,5,43.2
O013618,2026-08-01,21,B03,CH1,C00000,CMP000,1,4,35.8
O013619,2026-08-01,12,B03,CH1,C00018,CMP000,1,2,44.5
O013620,2026-08-01,12,B03,CH1,C00000,CMP000,4,11,107.0
O013621,2026-08-01,21,B03,CH2,C00000,CMP000,0,8,65.5
O013622,2026-08-01,19,B03,CH4,C00000,CMP000,0,4,61.5
O013623,2026-08-01,18,B03,CH4,C00000,CMP000,0,3,22.7
O013624,2026-08-02,19,B03,CH3,C02978,CMP000,0,3,35.5
O013625,2026-08-02,13,B03,CH1,C00000,CMP000,3,8,146.2
O013626,2026-08-02,12,B03,CH1,C00000,CMP000,2,6,57.7
O013627,2026-08-02,22,B03,CH1,C03058,CMP000,2,9,78.6
O013628,2026-08-03,19,B03,CH1,C00791,CMP000,4,12,102.0
O013629,2026-08-03,20,B03,CH1,C00000,CMP000,1,2,18.8
O013630,2026-08-05,13,B03,CH1,C03228,CMP000,5,15,132.9
O013631,2026-08-05,13,B03,CH3,C00000,CMP000,0,8,68.6
O013632,2026-08-06,15,B03,CH1,C00000,CMP000,6,20,214.3
O013633,2026-08-06,21,B03,CH1,C04907,CMP000,4,13,151.0
O013634,2026-08-06,21,B03,CH1,C00000,CMP000,5,16,133.6
O013635,2026-08-06,15,B03,CH4,C01677,CMP000,0,2,28.5
O013636,2026-08-07,17,B03,CH1,C00000,CMP000,2,7,54.8
O013637,2026-08-07,21,B03,CH1,C00000,CMP000,3,8,111.5
O013638,2026-08-07,13,B03,CH1,C00000,CMP000,1,3,21.7
O013639,2026-08-07,18,B03,CH3,C00000,CMP000,0,4,41.5
O013640,2026-08-08,19,B03,CH3,C02111,CMP000,0,1,15.0
O013641,2026-08-08,20,B03,CH1,C00000,CMP000,3,9,92.0
O013642,2026-08-08,15,B03,CH1,C00000,CMP000,1,3,26.7
O013643,2026-08-08,14,B03,CH1,C03280,CMP000,3,8,71.7
O013644,2026-08-08,22,B03,CH1,C00000,CMP000,1,3,40.5
O013645,2026-08-09,20,B03,CH1,C00000,CMP000,5,17,141.8
O013646,2026-08-09,21,B03,CH1,C00000,CMP000,4,16,163.8
O013647,2026-08-09,18,B03,CH1,C00000,CMP000,2,8,72.0
O013648,2026-08-09,22,B03,CH3,C00000,CMP000,0,7,73.9
O013649,2026-08-09,21,B03,CH1,C00000,CMP000,3,8,88.3
O013650,2026-08-09,19,B03,CH3,C00000,CMP000,0,3,40.0
O013651,2026-08-09,18,B03,CH4,C00000,CMP000,0,4,52.5
O013652,2026-08-09,18,B03,CH3,C00020,CMP000,0,3,20.7
O013653,2026-08-10,16,B03,CH3,C00000,CMP000,0,8,66.7
O013654,2026-08-10,13,B03,CH1,C00000,CMP000,5,14,124.8
O013655,2026-08-10,13,B03,CH1,C00713,CMP000,2,7,66.0
O013656,2026-08-10,18,B03,CH1,C00000,CMP000,4,12,128.4
O013657,2026-08-10,19,B03,CH1,C00000,CMP000,3,9,77.7
O013658,2026-08-10,20,B03,CH1,C01223,CMP000,2,5,92.8
O013659,2026-08-10,21,B03,CH1,C00000,CMP000,4,13,129.7
O013660,2026-08-10,18,B03,CH4,C01623,CMP000,0,4,40.2
O013661,2026-08-12,17,B03,CH1,C00000,CMP000,4,12,114.3
O013662,2026-08-12,14,B03,CH1,C04495,CMP000,7,21,185.3
O013663,2026-08-12,18,B03,CH2,C00000,CMP000,0,7,96.2
O013664,2026-08-13,22,B03,CH2,C00000,CMP000,0,6,71.7
O013665,2026-08-13,19,B03,CH1,C00000,CMP000,1,3,25.2
O013666,2026-08-14,15,B03,CH1,C00000,CMP000,1,3,38.3
O013667,2026-08-14,14,B03,CH2,C00000,CMP000,0,5,48.5
O013668,2026-08-14,20,B03,CH1,C01346,CMP000,1,3,27.0
O013669,2026-08-14,17,B03,CH1,C00000,CMP000,2,4,44.5
O013670,2026-08-15,20,B03,CH3,C04890,CMP000,0,9,84.2
O013671,2026-08-15,21,B03,CH1,C01076,CMP000,3,13,110.0
O013672,2026-08-15,19,B03,CH4,C00000,CMP000,0,3,24.0
O013673,2026-08-15,12,B03,CH2,C00000,CMP000,0,6,115.2
O013674,2026-08-15,13,B03,CH1,C00000,CMP000,2,4,35.9
O013675,2026-08-16,14,B03,CH4,C00000,CMP000,0,1,15.5
O013676,2026-08-16,18,B03,CH1,C00000,CMP000,2,5,49.7
O013677,2026-08-16,16,B03,CH4,C00000,CMP000,0,2,33.0
O013678,2026-08-16,12,B03,CH1,C00000,CMP000,2,5,73.7
O013679,2026-08-17,20,B03,CH1,C00000,CMP000,2,5,55.7
O013680,2026-08-17,17,B03,CH4,C00000,CMP000,0,3,28.7
O013681,2026-08-17,17,B03,CH3,C00000,CMP000,0,6,47.5
O013682,2026-08-17,13,B03,CH1,C00000,CMP000,2,5,49.0
O013683,2026-08-19,15,B03,CH4,C00000,CMP000,0,9,100.9
O013684,2026-08-19,16,B03,CH1,C00000,CMP000,2,8,79.2
O013685,2026-08-20,19,B03,CH4,C00800,CMP000,0,6,67.8
O013686,2026-08-20,22,B03,CH1,C00000,CMP000,2,4,40.0
O013687,2026-08-20,12,B03,CH1,C00000,CMP000,6,17,156.3
O013688,2026-08-21,14,B03,CH1,C00000,CMP000,2,6,70.5
O013689,2026-08-21,13,B03,CH1,C00000,CMP000,1,2,22.7
O013690,2026-08-21,19,B03,CH3,C00000,CMP000,0,2,29.5
O013691,2026-08-21,12,B03,CH1,C00000,CMP000,1,2,22.0
O013692,2026-08-22,17,B03,CH1,C00000,CMP000,1,4,35.5
O013693,2026-08-22,20,B03,CH1,C00000,CMP000,2,7,61.1
O013694,2026-08-22,21,B03,CH3,C00000,CMP000,0,4,35.7
O013695,2026-08-22,18,B03,CH2,C00266,CMP000,0,3,21.2
O013696,2026-08-22,22,B03,CH1,C00346,CMP000,4,13,159.5
O013697,2026-08-22,17,B03,CH1,C04109,CMP000,1,4,41.0
O013698,2026-08-22,19,B03,CH1,C00000,CMP000,2,6,54.5
O013699,2026-08-23,18,B03,CH1,C00000,CMP000,1,3,26.5
O013700,2026-08-23,22,B03,CH1,C03338,CMP000,5,14,141.2
O013701,2026-08-23,22,B03,CH1,C00000,CMP000,1,4,34.2
O013702,2026-08-23,15,B03,CH1,C00000,CMP000,4,11,151.0
O013703,2026-08-23,15,B03,CH1,C00000,CMP000,2,6,58.2
O013704,2026-08-23,12,B03,CH1,C00000,CMP000,2,7,52.2
O013705,2026-08-23,17,B03,CH1,C04608,CMP000,2,5,47.7
O013706,2026-08-23,15,B03,CH1,C00000,CMP000,4,12,150.3
O013707,2026-08-26,16,B03,CH1,C00000,CMP000,2,6,57.8
O013708,2026-08-26,21,B03,CH1,C03174,CMP000,3,9,111.7
O013709,2026-08-26,18,B03,CH1,C00000,CMP000,1,3,29.5
O013710,2026-08-27,18,B03,CH1,C00000,CMP000,3,10,90.3
O013711,2026-08-27,13,B03,CH1,C00020,CMP000,4,12,102.9
O013712,2026-08-27,12,B03,CH1,C00000,CMP000,7,18,209.2
O013713,2026-08-27,19,B03,CH1,C02660,CMP000,4,13,144.0
O013714,2026-08-27,13,B03,CH1,C00000,CMP000,1,3,33.2
O013715,2026-08-27,12,B03,CH1,C03174,CMP000,3,9,77.4
O013716,2026-08-28,18,B03,CH2,C00000,CMP000,0,8,74.7
O013717,2026-08-28,18,B03,CH3,C03781,CMP000,0,5,43.0
O013718,2026-08-28,13,B03,CH1,C01223,CMP000,3,7,90.0
O013719,2026-08-28,20,B03,CH1,C00000,CMP000,2,6,71.7
O013720,2026-08-28,18,B03,CH2,C00000,CMP000,0,2,27.5
O013721,2026-08-28,17,B03,CH1,C01453,CMP000,1,4,35.0
O013722,2026-08-28,19,B03,CH3,C00000,CMP000,0,4,106.7
O013723,2026-08-28,14,B03,CH2,C00000,CMP000,0,6,62.5
O013724,2026-08-28,18,B03,CH1,C00000,CMP000,5,18,162.7
O013725,2026-08-28,18,B03,CH2,C00000,CMP000,0,6,64.0
O013726,2026-08-29,18,B03,CH1,C02643,CMP000,2,8,68.0
O013727,2026-08-29,21,B03,CH1,C00000,CMP000,7,24,248.4
O013728,2026-08-29,17,B03,CH4,C00000,CMP000,0,9,86.3
O013729,2026-08-29,22,B03,CH1,C00000,CMP000,3,10,96.9
O013730,2026-08-29,20,B03,CH1,C00000,CMP000,2,8,72.8
O013731,2026-08-29,21,B03,CH1,C01053,CMP000,2,7,62.7
O013732,2026-08-29,22,B03,CH1,C02884,CMP000,2,6,82.0
O013733,2026-08-30,21,B03,CH1,C00000,CMP000,2,5,60.4
O013734,2026-08-30,19,B03,CH1,C00000,CMP000,4,10,107.9
O013735,2026-08-30,18,B03,CH1,C04162,CMP000,2,7,60.8
O013736,2026-08-30,22,B03,CH1,C00000,CMP000,1,4,60.5
O013737,2026-08-30,14,B03,CH1,C02205,CMP000,6,17,165.8
O013738,2026-08-30,20,B03,CH1,C00000,CMP000,4,11,143.9
O013739,2026-08-30,13,B03,CH3,C00393,CMP000,0,5,44.3
O013740,2026-08-30,21,B03,CH1,C00000,CMP000,2,6,51.2
O013741,2026-08-31,20,B03,CH1,C04392,CMP000,4,14,127.2
O013742,2026-08-31,22,B03,CH1,C01677,CMP000,1,2,19.2
O013743,2026-09-02,12,B03,CH1,C01890,CMP000,2,3,33.7
O013744,2026-09-02,12,B03,CH1,C00000,CMP000,2,4,37.3
O013745,2026-09-02,20,B03,CH1,C00000,CMP000,4,12,120.5
O013746,2026-09-02,18,B03,CH1,C00800,CMP000,2,8,64.5
O013747,2026-09-02,17,B03,CH1,C00000,CMP000,2,6,75.2
O013748,2026-09-03,19,B03,CH2,C00000,CMP000,0,3,47.5
O013749,2026-09-03,16,B03,CH4,C00000,CMP000,0,3,27.0
O013750,2026-09-03,14,B03,CH1,C03775,CMP000,2,5,53.7
O013751,2026-09-03,19,B03,CH4,C00000,CMP000,0,3,24.2
O013752,2026-09-03,20,B03,CH1,C00000,CMP000,4,10,101.4
O013753,2026-09-04,21,B03,CH3,C00000,CMP000,0,2,24.0
O013754,2026-09-04,19,B03,CH1,C04503,CMP000,2,6,54.7
O013755,2026-09-04,18,B03,CH1,C02631,CMP000,2,6,51.6
O013756,2026-09-04,21,B03,CH1,C00000,CMP000,1,3,23.5
O013757,2026-09-04,13,B03,CH1,C00000,CMP000,2,6,53.0
O013758,2026-09-05,17,B03,CH1,C00138,CMP000,8,27,256.1
O013759,2026-09-05,14,B03,CH1,C00000,CMP000,6,16,172.2
O013760,2026-09-05,14,B03,CH1,C00000,CMP000,5,13,166.7
O013761,2026-09-05,21,B03,CH1,C00679,CMP000,5,17,214.2
O013762,2026-09-05,20,B03,CH2,C04755,CMP000,0,8,93.5
O013763,2026-09-05,14,B03,CH1,C03753,CMP000,6,15,159.4
O013764,2026-09-05,21,B03,CH1,C00000,CMP000,8,25,224.7
O013765,2026-09-05,17,B03,CH1,C00000,CMP000,3,9,82.2
O013766,2026-09-06,17,B03,CH4,C00000,CMP000,0,3,26.2
O013767,2026-09-06,20,B03,CH3,C00000,CMP000,0,5,55.7
O013768,2026-09-06,17,B03,CH1,C00000,CMP000,2,8,92.8
O013769,2026-09-06,18,B03,CH3,C00000,CMP000,0,7,58.5
O013770,2026-09-06,13,B03,CH1,C03748,CMP000,2,6,61.0
O013771,2026-09-06,19,B03,CH2,C00000,CMP000,0,5,53.9
O013772,2026-09-06,22,B03,CH1,C00713,CMP000,2,3,31.8
O013773,2026-09-06,13,B03,CH3,C00000,CMP000,0,4,31.3
O013774,2026-09-06,18,B03,CH4,C00000,CMP000,0,1,19.5
O013775,2026-09-07,20,B03,CH2,C00000,CMP000,0,8,85.2
O013776,2026-09-09,19,B03,CH1,C00000,CMP000,4,10,102.2
O013777,2026-09-09,13,B03,CH1,C00000,CMP000,4,9,88.1
O013778,2026-09-09,22,B03,CH2,C00000,CMP000,0,4,37.5
O013779,2026-09-09,13,B03,CH1,C00000,CMP000,4,11,136.5
O013780,2026-09-09,14,B03,CH1,C00000,CMP000,1,3,25.0
O013781,2026-09-09,13,B03,CH2,C00000,CMP000,0,4,29.2
O013782,2026-09-09,20,B03,CH4,C00000,CMP000,0,2,29.2
O013783,2026-09-09,22,B03,CH3,C00000,CMP000,0,3,36.5
O013784,2026-09-10,14,B03,CH1,C00214,CMP000,4,10,126.1
O013785,2026-09-10,16,B03,CH4,C00000,CMP000,0,1,15.0
O013786,2026-09-10,22,B03,CH3,C01346,CMP000,0,3,30.0
O013787,2026-09-11,16,B03,CH3,C00000,CMP000,0,5,43.2
O013788,2026-09-11,13,B03,CH1,C00000,CMP000,2,6,58.3
O013789,2026-09-11,17,B03,CH2,C03117,CMP000,0,4,29.7
O013790,2026-09-12,13,B03,CH1,C00000,CMP000,2,4,43.4
O013791,2026-09-12,19,B03,CH1,C00000,CMP000,1,4,30.8
O013792,2026-09-12,18,B03,CH1,C01073,CMP000,3,9,92.0
O013793,2026-09-12,18,B03,CH1,C00000,CMP000,3,9,76.5
O013794,2026-09-12,21,B03,CH3,C00000,CMP000,0,3,29.2
O013795,2026-09-13,19,B03,CH4,C00000,CMP000,0,8,66.0
O013796,2026-09-13,20,B03,CH1,C00000,CMP000,4,15,144.0
O013797,2026-09-13,19,B03,CH1,C00000,CMP000,4,13,116.3
O013798,2026-09-13,18,B03,CH1,C00000,CMP000,4,14,123.6
O013799,2026-09-14,20,B03,CH1,C00000,CMP000,6,17,168.1
O013800,2026-09-14,20,B03,CH1,C00000,CMP000,1,3,22.7
O013801,2026-09-16,21,B03,CH3,C00000,CMP000,0,3,43.5
O013802,2026-09-17,21,B03,CH1,C00000,CMP000,4,13,158.9
O013803,2026-09-17,12,B03,CH1,C00000,CMP000,2,5,45.0
O013804,2026-09-17,20,B03,CH1,C02356,CMP000,2,7,60.8
O013805,2026-09-18,18,B03,CH1,C04109,CMP000,2,6,58.3
O013806,2026-09-18,22,B03,CH4,C00000,CMP000,0,7,60.8
O013807,2026-09-18,13,B03,CH1,C00000,CMP000,2,6,56.2
O013808,2026-09-18,12,B03,CH3,C00000,CMP000,0,7,67.4
O013809,2026-09-18,14,B03,CH1,C00140,CMP000,2,7,63.8
O013810,2026-09-18,17,B03,CH1,C00000,CMP000,4,13,179.5
O013811,2026-09-18,12,B03,CH1,C00000,CMP000,2,8,60.7
O013812,2026-09-19,16,B03,CH3,C00000,CMP000,0,1,13.5
O013813,2026-09-19,12,B03,CH1,C01223,CMP000,4,9,92.3
O013814,2026-09-19,18,B03,CH2,C00000,CMP000,0,3,38.5
O013815,2026-09-19,19,B03,CH2,C00000,CMP000,0,5,45.8
O013816,2026-09-19,18,B03,CH2,C00000,CMP000,0,2,24.2
O013817,2026-09-19,13,B03,CH1,C00000,CMP000,6,16,188.9
O013818,2026-09-19,15,B03,CH4,C00000,CMP000,0,2,23.0
O013819,2026-09-19,18,B03,CH1,C00000,CMP000,2,6,66.7
O013820,2026-09-20,19,B03,CH1,C00000,CMP000,2,7,90.0
O013821,2026-09-20,20,B03,CH4,C00000,CMP000,0,3,60.5
O013822,2026-09-20,20,B03,CH1,C02990,CMP000,5,18,164.1
O013823,2026-09-21,18,B03,CH1,C02850,CMP000,1,5,42.8
O013824,2026-09-21,20,B03,CH1,C00000,CMP000,4,12,115.5
O013825,2026-09-21,21,B03,CH2,C00000,CMP000,0,9,105.7
O013826,2026-09-23,12,B03,CH1,C02744,CMP000,3,4,52.5
O013827,2026-09-23,18,B03,CH1,C00000,CMP000,2,4,40.7
O013828,2026-09-23,16,B03,CH1,C00000,CMP000,5,17,168.4
O013829,2026-09-23,22,B03,CH2,C03117,CMP000,0,4,61.5
O013830,2026-09-23,17,B03,CH3,C00000,CMP000,0,4,40.2
O013831,2026-09-24,19,B03,CH4,C00000,CMP000,0,4,43.7
O013832,2026-09-24,20,B03,CH1,C04109,CMP000,2,8,99.5
O013833,2026-09-24,20,B03,CH1,C00000,CMP000,2,7,57.9
O013834,2026-09-24,13,B03,CH1,C00000,CMP000,2,6,48.9
O013835,2026-09-24,22,B03,CH4,C00000,CMP000,0,7,72.7
O013836,2026-09-24,18,B03,CH1,C00000,CMP000,1,5,34.7
O013837,2026-09-24,19,B03,CH1,C00000,CMP000,6,19,185.9
O013838,2026-09-24,14,B03,CH1,C00000,CMP000,1,3,57.0
O013839,2026-09-24,12,B03,CH1,C00000,CMP000,3,8,74.7
O013840,2026-09-24,18,B03,CH3,C00000,CMP000,0,1,14.5
O013841,2026-09-24,13,B03,CH1,C00000,CMP000,2,5,50.3
O013842,2026-09-25,18,B03,CH1,C00000,CMP000,2,6,53.3
O013843,2026-09-26,19,B03,CH1,C03547,CMP000,2,8,70.6
O013844,2026-09-26,21,B03,CH1,C00066,CMP000,3,6,60.5
O013845,2026-09-26,18,B03,CH4,C00713,CMP000,0,4,37.7
O013846,2026-09-26,22,B03,CH1,C00000,CMP000,6,21,205.7
O013847,2026-09-26,21,B03,CH1,C00000,CMP000,4,10,93.1
O013848,2026-09-26,22,B03,CH1,C00000,CMP000,2,8,98.5
O013849,2026-09-27,19,B03,CH3,C00000,CMP000,0,2,20.0
O013850,2026-09-27,17,B03,CH3,C00000,CMP000,0,2,18.5
O013851,2026-09-28,13,B03,CH1,C00000,CMP000,1,3,30.7
O013852,2026-09-28,12,B03,CH1,C01205,CMP000,3,8,101.1
O013853,2026-09-28,19,B03,CH1,C04042,CMP000,4,14,118.5
O013854,2026-09-30,16,B03,CH1,C04117,CMP000,6,20,202.8
O013855,2025-06-02,16,B04,CH1,C03093,CMP000,4,16,136.85
O013856,2025-06-02,20,B04,CH4,C00000,CMP000,0,6,78.15
O013857,2025-06-02,15,B04,CH1,C00000,CMP000,2,5,80.3
O013858,2025-06-04,19,B04,CH1,C03587,CMP000,2,6,78.15
O013859,2025-06-04,19,B04,CH3,C00000,CMP000,0,4,36.85
O013860,2025-06-04,12,B04,CH1,C00000,CMP000,6,15,155.95
O013861,2025-06-04,21,B04,CH1,C00000,CMP000,3,13,117.5
O013862,2025-06-04,18,B04,CH1,C03093,CMP000,1,4,34.0
O013863,2025-06-04,21,B04,CH4,C03093,CMP000,0,2,15.6
O013864,2025-06-04,21,B04,CH1,C00000,CMP000,3,10,92.9
O013865,2025-06-05,15,B04,CH1,C02432,CMP000,1,2,21.15
O013866,2025-06-06,21,B04,CH4,C00000,CMP000,0,8,95.75
O013867,2025-06-06,17,B04,CH1,C02432,CMP000,1,4,33.2
O013868,2025-06-06,22,B04,CH1,C02138,CMP000,1,3,23.75
O013869,2025-06-06,22,B04,CH1,C00000,CMP000,2,7,54.35
O013870,2025-06-06,19,B04,CH2,C00000,CMP000,0,2,23.3
O013871,2025-06-06,20,B04,CH1,C00000,CMP000,2,7,62.5
O013872,2025-06-06,22,B04,CH2,C00000,CMP000,0,2,18.75
O013873,2025-06-07,13,B04,CH1,C03093,CMP000,5,14,123.1
O013874,2025-06-07,16,B04,CH1,C00612,CMP000,2,6,74.75
O013875,2025-06-07,20,B04,CH1,C00000,CMP000,2,4,55.1
O013876,2025-06-07,20,B04,CH1,C00000,CMP000,3,9,84.85
O013877,2025-06-08,17,B04,CH3,C00000,CMP000,0,3,32.4
O013878,2025-06-08,21,B04,CH1,C02138,CMP000,2,6,56.5
O013879,2025-06-08,19,B04,CH1,C02432,CMP000,4,11,111.55
O013880,2025-06-11,18,B04,CH1,C03093,CMP000,2,5,44.3
O013881,2025-06-12,19,B04,CH1,C00000,CMP000,2,5,41.85
O013882,2025-06-12,19,B04,CH4,C00000,CMP000,0,4,45.45
O013883,2025-06-13,20,B04,CH1,C00000,CMP000,2,4,59.95
O013884,2025-06-13,22,B04,CH1,C01813,CMP000,3,7,89.45
O013885,2025-06-14,19,B04,CH1,C01966,CMP000,4,14,133.3
O013886,2025-06-14,19,B04,CH1,C04240,CMP000,4,14,115.9
O013887,2025-06-14,19,B04,CH1,C00000,CMP000,1,3,27.4
O013888,2025-06-14,22,B04,CH1,C00000,CMP000,2,7,75.05
O013889,2025-06-14,15,B04,CH1,C00000,CMP000,4,12,135.0
O013890,2025-06-15,19,B04,CH3,C00000,CMP000,0,2,26.25
O013891,2025-06-15,19,B04,CH4,C00000,CMP000,0,7,69.75
O013892,2025-06-15,20,B04,CH1,C00000,CMP000,2,5,42.8
O013893,2025-06-15,19,B04,CH2,C01813,CMP000,0,1,21.15
O013894,2025-06-16,20,B04,CH1,C02138,CMP000,4,11,113.7
O013895,2025-06-16,22,B04,CH1,C00000,CMP000,3,10,92.45
O013896,2025-06-16,20,B04,CH1,C04539,CMP000,4,15,126.95
O013897,2025-06-16,19,B04,CH1,C00000,CMP000,2,6,73.9
O013898,2025-06-16,20,B04,CH1,C00000,CMP000,2,6,76.95
O013899,2025-06-18,22,B04,CH1,C02516,CMP000,6,19,187.8
O013900,2025-06-18,14,B04,CH1,C00000,CMP000,4,12,118.75
O013901,2025-06-18,21,B04,CH1,C04240,CMP000,4,14,107.5
O013902,2025-06-18,19,B04,CH3,C00000,CMP000,0,3,24.75
O013903,2025-06-18,18,B04,CH3,C00000,CMP000,0,3,27.65
O013904,2025-06-19,18,B04,CH1,C04911,CMP000,2,6,98.7
O013905,2025-06-19,18,B04,CH4,C00000,CMP000,0,3,36.25
O013906,2025-06-19,19,B04,CH1,C00000,CMP000,1,3,23.3
O013907,2025-06-19,18,B04,CH1,C00000,CMP000,2,4,44.25
O013908,2025-06-20,18,B04,CH1,C00000,CMP000,5,17,149.9
O013909,2025-06-21,21,B04,CH1,C00000,CMP000,2,8,60.05
O013910,2025-06-21,19,B04,CH1,C00000,CMP000,3,8,85.9
O013911,2025-06-22,12,B04,CH1,C00000,CMP000,6,16,194.1
O013912,2025-06-22,21,B04,CH1,C01776,CMP000,2,7,62.55
O013913,2025-06-22,20,B04,CH1,C00000,CMP000,4,14,138.85
O013914,2025-06-23,20,B04,CH3,C00000,CMP000,0,4,51.2
O013915,2025-06-23,14,B04,CH1,C04911,CMP000,4,13,103.7
O013916,2025-06-23,22,B04,CH1,C04240,CMP000,2,4,43.2
O013917,2025-06-26,20,B04,CH1,C00000,CMP000,6,19,177.1
O013918,2025-06-26,20,B04,CH1,C00000,CMP000,6,19,234.3
O013919,2025-06-26,16,B04,CH1,C01813,CMP000,2,7,57.4
O013920,2025-06-27,20,B04,CH1,C01813,CMP000,4,10,100.2
O013921,2025-06-27,17,B04,CH1,C00000,CMP000,2,5,42.6
O013922,2025-06-27,12,B04,CH1,C00000,CMP000,4,11,118.75
O013923,2025-06-27,17,B04,CH4,C00000,CMP000,0,4,43.5
O013924,2025-06-27,12,B04,CH2,C00000,CMP000,0,2,35.1
O013925,2025-06-27,12,B04,CH1,C00042,CMP000,2,6,51.5
O013926,2025-06-28,20,B04,CH1,C00305,CMP000,2,4,40.9
O013927,2025-06-28,15,B04,CH3,C00000,CMP000,0,2,19.25
O013928,2025-06-28,12,B04,CH3,C00000,CMP000,0,5,51.95
O013929,2025-06-28,20,B04,CH3,C00000,CMP000,0,2,24.55
O013930,2025-06-28,18,B04,CH1,C00000,CMP000,2,6,68.3
O013931,2025-06-28,14,B04,CH3,C00000,CMP000,0,1,14.9
O013932,2025-06-28,14,B04,CH1,C00000,CMP000,3,6,77.85
O013933,2025-06-28,13,B04,CH1,C00000,CMP000,3,9,116.6
O013934,2025-06-29,13,B04,CH1,C00039,CMP000,4,10,110.85
O013935,2025-06-29,12,B04,CH1,C02516,CMP000,4,11,122.85
O013936,2025-06-29,20,B04,CH4,C00000,CMP000,0,6,42.85
O013937,2025-06-29,13,B04,CH3,C00000,CMP000,0,8,101.5
O013938,2025-06-29,13,B04,CH1,C00000,CMP000,4,10,115.45
O013939,2025-06-30,20,B04,CH1,C00000,CMP000,1,4,32.7
O013940,2025-06-30,17,B04,CH3,C00000,CMP000,0,5,44.0
O013941,2025-06-30,17,B04,CH3,C00000,CMP000,0,4,43.2
O013942,2025-07-02,21,B04,CH3,C00000,CMP000,0,5,55.5
O013943,2025-07-02,20,B04,CH1,C00000,CMP000,2,8,71.3
O013944,2025-07-02,20,B04,CH1,C00000,CMP004,4,12,137.4
O013945,2025-07-02,16,B04,CH1,C00000,CMP000,1,2,17.8
O013946,2025-07-03,17,B04,CH1,C00000,CMP000,4,11,109.2
O013947,2025-07-03,19,B04,CH1,C00000,CMP000,2,6,61.95
O013948,2025-07-03,18,B04,CH3,C02402,CMP000,0,3,33.65
O013949,2025-07-04,17,B04,CH4,C00000,CMP000,0,2,17.3
O013950,2025-07-04,20,B04,CH1,C00000,CMP000,2,5,63.0
O013951,2025-07-05,13,B04,CH1,C00000,CMP000,2,7,54.75
O013952,2025-07-05,17,B04,CH1,C04911,CMP000,4,15,152.45
O013953,2025-07-05,14,B04,CH1,C04516,CMP000,4,13,113.55
O013954,2025-07-05,19,B04,CH1,C00000,CMP004,4,12,98.32
O013955,2025-07-05,18,B04,CH2,C00000,CMP000,0,1,14.9
O013956,2025-07-05,22,B04,CH1,C03806,CMP000,2,6,48.4
O013957,2025-07-06,21,B04,CH1,C00000,CMP004,2,5,46.47
O013958,2025-07-06,19,B04,CH1,C00000,CMP000,2,8,63.95
O013959,2025-07-06,18,B04,CH1,C00000,CMP000,2,7,69.25
O013960,2025-07-07,19,B04,CH1,C00000,CMP000,1,3,25.5
O013961,2025-07-07,14,B04,CH1,C00000,CMP004,6,17,147.32
O013962,2025-07-07,13,B04,CH1,C00000,CMP000,2,6,65.25
O013963,2025-07-07,13,B04,CH1,C00000,CMP004,5,16,147.4
O013964,2025-07-10,20,B04,CH1,C00000,CMP000,1,3,29.5
O013965,2025-07-10,17,B04,CH1,C04240,CMP004,1,3,51.9
O013966,2025-07-10,14,B04,CH1,C00000,CMP000,1,4,53.85
O013967,2025-07-10,14,B04,CH1,C02311,CMP000,6,14,149.8
O013968,2025-07-11,12,B04,CH1,C00000,CMP000,2,5,45.15
O013969,2025-07-11,13,B04,CH1,C02138,CMP000,4,9,95.15
O013970,2025-07-11,12,B04,CH1,C01984,CMP000,1,2,20.65
O013971,2025-07-11,19,B04,CH1,C01764,CMP000,2,5,61.4
O013972,2025-07-11,18,B04,CH1,C04240,CMP000,2,6,60.6
O013973,2025-07-11,17,B04,CH1,C00000,CMP000,2,5,49.25
O013974,2025-07-12,13,B04,CH2,C04240,CMP000,0,4,42.35
O013975,2025-07-12,20,B04,CH1,C03587,CMP000,3,9,70.35
O013976,2025-07-12,19,B04,CH4,C00000,CMP000,0,4,43.25
O013977,2025-07-12,22,B04,CH2,C00000,CMP000,0,7,57.7
O013978,2025-07-12,18,B04,CH1,C04911,CMP000,2,4,40.1
O013979,2025-07-13,17,B04,CH3,C00000,CMP000,0,7,59.15
O013980,2025-07-13,22,B04,CH1,C00000,CMP000,3,13,104.7
O013981,2025-07-13,13,B04,CH1,C00000,CMP000,1,3,26.45
O013982,2025-07-13,18,B04,CH1,C02785,CMP004,2,7,78.35
O013983,2025-07-13,13,B04,CH1,C02254,CMP004,1,2,18.75
O013984,2025-07-14,17,B04,CH1,C00000,CMP000,5,15,149.7
O013985,2025-07-14,20,B04,CH1,C00000,CMP004,6,22,216.95
O013986,2025-07-14,20,B04,CH1,C04240,CMP000,3,9,86.4
O013987,2025-07-16,20,B04,CH3,C00000,CMP000,0,10,88.45
O013988,2025-07-16,15,B04,CH1,C02785,CMP000,6,20,214.25
O013989,2025-07-17,22,B04,CH3,C00000,CMP000,0,4,49.95
O013990,2025-07-17,19,B04,CH1,C00000,CMP000,6,23,209.3
O013991,2025-07-17,21,B04,CH1,C00000,CMP004,3,10,117.0
O013992,2025-07-17,12,B04,CH1,C00000,CMP000,7,24,231.3
O013993,2025-07-17,20,B04,CH1,C00000,CMP000,1,3,30.3
O013994,2025-07-17,13,B04,CH3,C00000,CMP000,0,2,29.8
O013995,2025-07-17,22,B04,CH2,C00000,CMP000,0,2,20.7
O013996,2025-07-17,17,B04,CH4,C00000,CMP000,0,6,61.6
O013997,2025-07-18,19,B04,CH1,C00000,CMP000,3,14,121.35
O013998,2025-07-18,19,B04,CH1,C01472,CMP004,6,19,161.45
O013999,2025-07-18,19,B04,CH1,C00000,CMP004,2,6,58.97
O014000,2025-07-18,13,B04,CH1,C00000,CMP004,1,4,31.45
O014001,2025-07-18,21,B04,CH2,C00000,CMP000,0,7,73.6
O014002,2025-07-18,19,B04,CH3,C00000,CMP000,0,4,36.85
O014003,2025-07-18,20,B04,CH1,C00000,CMP004,8,28,252.95
O014004,2025-07-19,19,B04,CH4,C00000,CMP000,0,7,87.1
O014005,2025-07-19,20,B04,CH1,C00000,CMP000,2,7,63.7
O014006,2025-07-19,17,B04,CH1,C00870,CMP004,2,6,52.2
O014007,2025-07-19,18,B04,CH1,C00638,CMP000,2,5,57.7
O014008,2025-07-19,12,B04,CH1,C00000,CMP000,2,6,57.25
O014009,2025-07-20,15,B04,CH4,C00000,CMP000,0,4,34.65
O014010,2025-07-20,20,B04,CH1,C00000,CMP004,2,7,60.45
O014011,2025-07-20,13,B04,CH1,C01472,CMP000,4,11,86.05
O014012,2025-07-21,21,B04,CH1,C04240,CMP000,4,14,136.4
O014013,2025-07-21,20,B04,CH1,C00000,CMP000,2,7,88.5
O014014,2025-07-21,21,B04,CH4,C00000,CMP000,0,3,32.25
O014015,2025-07-21,19,B04,CH1,C01776,CMP000,2,7,62.8
O014016,2025-07-23,20,B04,CH3,C00533,CMP000,0,7,59.1
O014017,2025-07-23,19,B04,CH4,C00000,CMP000,0,6,41.8
O014018,2025-07-24,19,B04,CH1,C02785,CMP004,4,16,177.2
O014019,2025-07-24,19,B04,CH3,C02432,CMP000,0,6,53.15
O014020,2025-07-24,17,B04,CH1,C00000,CMP000,2,7,67.2
O014021,2025-07-24,19,B04,CH1,C00000,CMP004,8,27,281.32
O014022,2025-07-24,16,B04,CH1,C00000,CMP000,5,17,159.2
O014023,2025-07-25,22,B04,CH1,C00000,CMP004,2,6,53.17
O014024,2025-07-25,12,B04,CH3,C00000,CMP000,0,9,72.45
O014025,2025-07-25,21,B04,CH1,C00000,CMP000,6,18,177.1
O014026,2025-07-25,19,B04,CH1,C00000,CMP000,7,24,231.95
O014027,2025-07-25,18,B04,CH1,C00000,CMP000,8,27,284.4
O014028,2025-07-25,21,B04,CH3,C00000,CMP000,0,2,21.65
O014029,2025-07-25,21,B04,CH1,C00000,CMP004,2,7,72.85
O014030,2025-07-25,20,B04,CH1,C00000,CMP004,2,6,48.57
O014031,2025-07-25,12,B04,CH1,C00000,CMP000,5,15,131.15
O014032,2025-07-26,20,B04,CH4,C00000,CMP000,0,4,39.65
O014033,2025-07-26,18,B04,CH1,C00000,CMP000,2,5,74.8
O014034,2025-07-26,13,B04,CH1,C00000,CMP000,1,3,32.05
O014035,2025-07-26,22,B04,CH1,C00000,CMP000,1,2,23.55
O014036,2025-07-27,22,B04,CH1,C00000,CMP000,3,8,74.9
O014037,2025-07-27,13,B04,CH1,C04911,CMP000,4,10,100.3
O014038,2025-07-27,20,B04,CH2,C00000,CMP000,0,4,31.0
O014039,2025-07-27,21,B04,CH1,C00000,CMP004,2,6,50.5
O014040,2025-07-27,21,B04,CH1,C01813,CMP000,1,3,30.3
O014041,2025-07-27,17,B04,CH3,C00000,CMP000,0,3,29.35
O014042,2025-07-27,19,B04,CH2,C01472,CMP000,0,1,14.9
O014043,2025-07-27,20,B04,CH1,C00000,CMP000,2,5,48.55
O014044,2025-07-27,21,B04,CH1,C00000,CMP000,2,8,64.15
O014045,2025-07-27,12,B04,CH1,C04240,CMP004,2,5,67.55
O014046,2025-07-28,14,B04,CH1,C00000,CMP000,2,6,50.8
O014047,2025-07-28,18,B04,CH1,C00000,CMP000,4,13,135.65
O014048,2025-07-28,16,B04,CH1,C03093,CMP000,2,6,63.55
O014049,2025-07-30,12,B04,CH1,C00000,CMP004,2,7,48.5
O014050,2025-07-30,19,B04,CH1,C00000,CMP004,6,12,128.65
O014051,2025-07-31,12,B04,CH1,C00000,CMP000,4,10,97.35
O014052,2025-07-31,19,B04,CH1,C02785,CMP000,1,3,29.8
O014053,2025-07-31,13,B04,CH1,C02889,CMP000,2,4,40.65
O014054,2025-07-31,20,B04,CH3,C04911,CMP000,0,3,44.75
O014055,2025-07-31,18,B04,CH1,C00000,CMP000,7,22,233.2
O014056,2025-07-31,21,B04,CH1,C00000,CMP000,3,9,107.3
O014057,2025-07-31,14,B04,CH1,C00000,CMP000,4,10,82.15
O014058,2025-08-01,21,B04,CH1,C00000,CMP004,1,1,14.9
O014059,2025-08-01,20,B04,CH2,C00000,CMP000,0,6,60.35
O014060,2025-08-01,22,B04,CH2,C02785,CMP000,0,1,15.4
O014061,2025-08-01,12,B04,CH1,C04069,CMP004,3,10,106.85
O014062,2025-08-01,21,B04,CH1,C00000,CMP004,1,2,16.85
O014063,2025-08-01,13,B04,CH1,C00000,CMP000,4,10,93.95
O014064,2025-08-01,18,B04,CH1,C04911,CMP000,6,14,159.8
O014065,2025-08-01,18,B04,CH1,C02662,CMP004,1,3,25.95
O014066,2025-08-01,12,B04,CH1,C04516,CMP000,4,10,104.9
O014067,2025-08-01,12,B04,CH1,C00000,CMP000,2,7,56.5
O014068,2025-08-01,13,B04,CH1,C00000,CMP004,2,4,43.45
O014069,2025-08-01,19,B04,CH3,C01813,CMP000,0,6,53.1
O014070,2025-08-02,20,B04,CH3,C00000,CMP000,0,1,13.95
O014071,2025-08-02,21,B04,CH1,C00000,CMP004,4,13,136.19
O014072,2025-08-02,19,B04,CH1,C00000,CMP000,1,4,36.05
O014073,2025-08-02,19,B04,CH1,C00000,CMP000,2,7,73.9
O014074,2025-08-02,19,B04,CH4,C00000,CMP000,0,1,14.9
O014075,2025-08-02,18,B04,CH1,C00305,CMP000,1,4,41.85
O014076,2025-08-03,19,B04,CH1,C00000,CMP000,4,12,108.4
O014077,2025-08-03,21,B04,CH3,C00000,CMP000,0,6,58.9
O014078,2025-08-03,19,B04,CH1,C00000,CMP000,2,5,65.9
O014079,2025-08-04,22,B04,CH2,C00000,CMP000,0,2,17.8
O014080,2025-08-04,13,B04,CH1,C00000,CMP000,2,7,51.95
O014081,2025-08-06,20,B04,CH1,C00000,CMP000,2,4,43.1
O014082,2025-08-07,20,B04,CH2,C00000,CMP000,0,4,28.1
O014083,2025-08-07,13,B04,CH1,C00000,CMP000,2,8,67.25
O014084,2025-08-07,20,B04,CH1,C00000,CMP000,3,8,102.4
O014085,2025-08-07,19,B04,CH1,C00000,CMP004,2,6,55.07
O014086,2025-08-08,18,B04,CH1,C00042,CMP000,4,10,99.3
O014087,2025-08-08,18,B04,CH1,C00000,CMP000,6,16,159.55
O014088,2025-08-08,19,B04,CH4,C00000,CMP000,0,4,35.55
O014089,2025-08-08,13,B04,CH4,C04516,CMP000,0,6,54.75
O014090,2025-08-08,14,B04,CH1,C02785,CMP000,4,11,100.8
O014091,2025-08-08,21,B04,CH1,C00000,CMP000,2,3,39.9
O014092,2025-08-08,15,B04,CH1,C00671,CMP004,4,17,141.3
O014093,2025-08-09,15,B04,CH4,C00000,CMP000,0,9,75.85
O014094,2025-08-09,22,B04,CH3,C00000,CMP000,0,4,38.5
O014095,2025-08-09,19,B04,CH1,C00000,CMP004,3,12,114.0
O014096,2025-08-09,22,B04,CH4,C00000,CMP000,0,4,43.3
O014097,2025-08-09,20,B04,CH1,C04516,CMP000,2,7,82.05
O014098,2025-08-09,19,B04,CH1,C00842,CMP000,2,8,78.4
O014099,2025-08-09,21,B04,CH1,C01087,CMP004,4,11,104.55
O014100,2025-08-09,22,B04,CH4,C00000,CMP000,0,4,39.45
O014101,2025-08-10,19,B04,CH1,C01472,CMP000,2,7,60.4
O014102,2025-08-10,13,B04,CH1,C02785,CMP000,5,16,142.45
O014103,2025-08-10,14,B04,CH1,C00000,CMP000,3,7,61.35
O014104,2025-08-10,20,B04,CH1,C00000,CMP000,2,6,74.05
O014105,2025-08-10,17,B04,CH1,C00000,CMP004,3,10,107.25
O014106,2025-08-10,21,B04,CH1,C00000,CMP000,4,12,123.4
O014107,2025-08-10,20,B04,CH1,C00000,CMP000,2,8,59.2
O014108,2025-08-11,17,B04,CH1,C02516,CMP000,1,3,25.8
O014109,2025-08-11,12,B04,CH1,C00000,CMP000,1,5,32.05
O014110,2025-08-11,18,B04,CH1,C00000,CMP004,2,7,61.95
O014111,2025-08-15,14,B04,CH1,C00000,CMP004,8,22,208.54
O014112,2025-08-15,14,B04,CH1,C00000,CMP000,4,11,111.7
O014113,2025-08-15,14,B04,CH1,C00000,CMP000,1,3,41.2
O014114,2025-08-15,18,B04,CH1,C00000,CMP004,4,15,147.07
O014115,2025-08-15,13,B04,CH1,C00000,CMP004,4,10,121.6
O014116,2025-08-15,18,B04,CH1,C02516,CMP000,2,6,56.3
O014117,2025-08-15,18,B04,CH1,C01138,CMP004,6,16,176.59
O014118,2025-08-15,14,B04,CH1,C00000,CMP000,4,10,117.4
O014119,2025-08-15,21,B04,CH1,C03806,CMP004,2,5,42.9
O014120,2025-08-16,21,B04,CH3,C00000,CMP000,0,6,60.15
O014121,2025-08-16,18,B04,CH1,C00000,CMP000,2,5,46.6
O014122,2025-08-16,12,B04,CH3,C02072,CMP000,0,1,15.85
O014123,2025-08-16,20,B04,CH1,C00000,CMP000,4,11,105.65
O014124,2025-08-16,21,B04,CH1,C00000,CMP004,2,7,58.65
O014125,2025-08-16,20,B04,CH1,C04069,CMP000,2,7,63.0
O014126,2025-08-17,18,B04,CH1,C00000,CMP000,2,7,56.95
O014127,2025-08-17,12,B04,CH1,C00000,CMP000,6,18,180.35
O014128,2025-08-17,18,B04,CH3,C00000,CMP000,0,4,58.4
O014129,2025-08-17,12,B04,CH1,C00000,CMP000,1,3,24.75
O014130,2025-08-17,14,B04,CH1,C02785,CMP000,6,20,191.05
O014131,2025-08-17,19,B04,CH2,C00000,CMP000,0,2,23.55
O014132,2025-08-18,19,B04,CH1,C00000,CMP000,3,8,88.7
O014133,2025-08-18,19,B04,CH1,C03093,CMP004,3,9,85.15
O014134,2025-08-18,19,B04,CH3,C00000,CMP000,0,4,37.05
O014135,2025-08-18,20,B04,CH2,C00000,CMP000,0,5,39.55
O014136,2025-08-18,13,B04,CH1,C00000,CMP000,4,11,108.1
O014137,2025-08-20,20,B04,CH1,C00000,CMP000,2,4,50.5
O014138,2025-08-20,13,B04,CH1,C02254,CMP000,6,18,149.45
O014139,2025-08-20,12,B04,CH3,C00000,CMP000,0,3,43.1
O014140,2025-08-21,13,B04,CH1,C02785,CMP004,3,7,73.45
O014141,2025-08-21,19,B04,CH4,C00000,CMP000,0,10,91.4
O014142,2025-08-21,14,B04,CH1,C00000,CMP004,2,8,84.95
O014143,2025-08-21,19,B04,CH1,C00000,CMP000,4,13,114.35
O014144,2025-08-21,13,B04,CH1,C00000,CMP000,2,4,39.45
O014145,2025-08-22,22,B04,CH1,C00000,CMP000,5,17,187.55
O014146,2025-08-22,17,B04,CH1,C00000,CMP000,8,28,305.35
O014147,2025-08-22,14,B04,CH1,C02785,CMP000,2,4,72.1
O014148,2025-08-22,13,B04,CH1,C00000,CMP004,2,3,34.45
O014149,2025-08-22,19,B04,CH2,C00000,CMP000,0,10,88.7
O014150,2025-08-22,15,B04,CH2,C00000,CMP000,0,1,62.5
O014151,2025-08-23,17,B04,CH1,C00000,CMP000,3,8,73.4
O014152,2025-08-23,21,B04,CH1,C00000,CMP000,2,7,74.1
O014153,2025-08-23,22,B04,CH3,C00000,CMP000,0,1,14.9
O014154,2025-08-23,18,B04,CH1,C02981,CMP000,2,4,36.85
O014155,2025-08-23,19,B04,CH1,C00000,CMP000,2,6,53.1
O014156,2025-08-24,21,B04,CH1,C00000,CMP004,3,9,97.8
O014157,2025-08-24,13,B04,CH1,C00000,CMP000,2,5,43.55
O014158,2025-08-24,22,B04,CH1,C00000,CMP004,3,10,80.35
O014159,2025-08-24,17,B04,CH1,C00692,CMP000,1,2,24.05
O014160,2025-08-24,21,B04,CH1,C00000,CMP000,4,11,122.75
O014161,2025-08-24,20,B04,CH1,C00000,CMP000,1,4,36.2
O014162,2025-08-24,16,B04,CH2,C00000,CMP000,0,5,43.25
O014163,2025-08-25,20,B04,CH1,C00000,CMP000,4,12,112.3
O014164,2025-08-25,21,B04,CH1,C00000,CMP000,7,20,172.75
O014165,2025-08-25,12,B04,CH3,C00000,CMP000,0,3,25.95
O014166,2025-08-25,13,B04,CH1,C02402,CMP000,2,7,54.1
O014167,2025-08-25,20,B04,CH2,C00000,CMP000,0,4,38.45
O014168,2025-08-25,20,B04,CH1,C02785,CMP004,4,15,122.55
O014169,2025-08-25,17,B04,CH1,C00000,CMP000,3,12,109.15
O014170,2025-08-27,19,B04,CH4,C00000,CMP000,0,2,25.5
O014171,2025-08-27,12,B04,CH1,C00000,CMP000,5,13,130.7
O014172,2025-08-27,13,B04,CH1,C02516,CMP000,4,9,110.7
O014173,2025-08-27,15,B04,CH1,C02785,CMP000,2,6,44.7
O014174,2025-08-27,20,B04,CH1,C00000,CMP000,4,11,108.85
O014175,2025-08-27,14,B04,CH2,C00000,CMP000,0,5,44.45
O014176,2025-08-28,20,B04,CH4,C00000,CMP000,0,2,16.35
O014177,2025-08-28,20,B04,CH1,C00000,CMP000,2,7,67.7
O014178,2025-08-28,18,B04,CH2,C00000,CMP000,0,4,42.8
O014179,2025-08-28,21,B04,CH4,C00000,CMP000,0,3,20.95
O014180,2025-08-29,20,B04,CH3,C00000,CMP000,0,2,20.65
O014181,2025-08-29,20,B04,CH1,C00000,CMP004,2,6,52.12
O014182,2025-08-29,18,B04,CH1,C00000,CMP000,2,6,50.85
O014183,2025-08-29,13,B04,CH1,C00000,CMP000,2,5,44.5
O014184,2025-08-29,17,B04,CH1,C00000,CMP004,4,10,149.25
O014185,2025-08-29,12,B04,CH1,C00000,CMP004,7,18,166.25
O014186,2025-08-29,14,B04,CH1,C00000,CMP000,2,7,67.55
O014187,2025-08-30,20,B04,CH1,C00000,CMP004,1,3,26.75
O014188,2025-08-30,20,B04,CH1,C00000,CMP000,2,6,51.75
O014189,2025-08-30,18,B04,CH1,C00000,CMP000,2,6,54.65
O014190,2025-08-30,20,B04,CH1,C02785,CMP000,2,7,88.3
O014191,2025-08-30,15,B04,CH1,C00000,CMP000,2,8,66.1
O014192,2025-08-30,18,B04,CH1,C02785,CMP004,3,8,123.25
O014193,2025-08-31,16,B04,CH2,C00000,CMP000,0,2,49.05
O014194,2025-08-31,18,B04,CH1,C03725,CMP004,3,11,143.6
O014195,2025-08-31,22,B04,CH1,C00000,CMP004,1,4,30.95
O014196,2025-08-31,18,B04,CH1,C04266,CMP000,2,7,78.45
O014197,2025-08-31,19,B04,CH2,C02785,CMP000,0,8,68.3
O014198,2025-08-31,19,B04,CH4,C00000,CMP000,0,2,26.45
O014199,2025-08-31,12,B04,CH1,C00000,CMP004,1,5,76.45
O014200,2025-08-31,15,B04,CH1,C00000,CMP000,4,11,121.65
O014201,2025-08-31,21,B04,CH3,C04905,CMP000,0,4,38.2
O014202,2025-09-01,20,B04,CH3,C00000,CMP000,0,3,35.8
O014203,2025-09-01,19,B04,CH1,C02785,CMP000,4,13,144.0
O014204,2025-09-01,14,B04,CH1,C00000,CMP000,2,6,46.9
O014205,2025-09-04,18,B04,CH1,C00753,CMP000,3,9,73.75
O014206,2025-09-04,19,B04,CH1,C00000,CMP000,1,3,23.25
O014207,2025-09-05,21,B04,CH1,C00000,CMP000,4,15,125.05
O014208,2025-09-05,19,B04,CH1,C00000,CMP000,3,9,85.8
O014209,2025-09-05,21,B04,CH2,C00000,CMP000,0,8,74.1
O014210,2025-09-05,21,B04,CH1,C00000,CMP000,1,3,19.95
O014211,2025-09-06,14,B04,CH4,C00000,CMP000,0,5,55.7
O014212,2025-09-06,19,B04,CH1,C00000,CMP000,5,14,151.6
O014213,2025-09-06,19,B04,CH4,C00042,CMP000,0,2,21.65
O014214,2025-09-06,20,B04,CH1,C00000,CMP000,2,6,57.7
O014215,2025-09-06,12,B04,CH1,C00000,CMP000,5,14,126.45
O014216,2025-09-06,18,B04,CH3,C02785,CMP000,0,2,17.8
O014217,2025-09-06,19,B04,CH1,C00000,CMP000,2,6,55.8
O014218,2025-09-07,20,B04,CH1,C01138,CMP000,1,4,59.65
O014219,2025-09-07,21,B04,CH3,C00000,CMP000,0,2,17.8
O014220,2025-09-08,18,B04,CH1,C00000,CMP000,1,2,24.35
O014221,2025-09-08,16,B04,CH2,C00000,CMP000,0,6,50.05
O014222,2025-09-10,19,B04,CH3,C00000,CMP000,0,4,36.35
O014223,2025-09-10,12,B04,CH2,C00000,CMP000,0,2,25.5
O014224,2025-09-10,20,B04,CH1,C00000,CMP000,5,14,161.35
O014225,2025-09-11,12,B04,CH1,C00000,CMP000,1,4,30.6
O014226,2025-09-12,20,B04,CH2,C00000,CMP000,0,5,45.45
O014227,2025-09-12,19,B04,CH1,C00000,CMP000,3,10,96.45
O014228,2025-09-12,19,B04,CH2,C00000,CMP000,0,2,15.2
O014229,2025-09-12,21,B04,CH1,C02138,CMP000,2,8,68.7
O014230,2025-09-12,13,B04,CH1,C02785,CMP000,5,14,128.95
O014231,2025-09-12,21,B04,CH1,C00000,CMP000,1,2,21.45
O014232,2025-09-12,16,B04,CH1,C02785,CMP000,5,16,141.25
O014233,2025-09-12,19,B04,CH3,C00000,CMP000,0,1,25.0
O014234,2025-09-12,20,B04,CH1,C01138,CMP000,4,12,101.4
O014235,2025-09-12,21,B04,CH1,C00000,CMP000,2,7,65.25
O014236,2025-09-13,22,B04,CH1,C02785,CMP000,2,3,36.25
O014237,2025-09-13,13,B04,CH2,C00000,CMP000,0,6,46.7
O014238,2025-09-13,21,B04,CH1,C02785,CMP000,1,1,20.2
O014239,2025-09-13,14,B04,CH1,C04242,CMP000,2,6,55.35
O014240,2025-09-13,19,B04,CH1,C00000,CMP000,2,4,34.6
O014241,2025-09-14,19,B04,CH1,C04266,CMP000,4,11,105.6
O014242,2025-09-14,13,B04,CH1,C00000,CMP000,3,8,130.35
O014243,2025-09-15,19,B04,CH1,C00000,CMP000,3,7,76.45
O014244,2025-09-15,20,B04,CH1,C03806,CMP000,2,9,82.75
O014245,2025-09-17,13,B04,CH1,C00000,CMP000,6,16,148.6
O014246,2025-09-17,17,B04,CH3,C00000,CMP000,0,5,51.95
O014247,2025-09-18,12,B04,CH1,C00000,CMP000,7,20,214.25
O014248,2025-09-18,22,B04,CH1,C00000,CMP000,6,21,238.4
O014249,2025-09-18,13,B04,CH4,C00000,CMP000,0,4,57.7
O014250,2025-09-18,14,B04,CH1,C02254,CMP000,2,6,50.55
O014251,2025-09-18,12,B04,CH1,C00000,CMP000,3,8,81.5
O014252,2025-09-19,18,B04,CH1,C00000,CMP000,3,7,70.05
O014253,2025-09-19,21,B04,CH1,C04136,CMP000,4,13,128.65
O014254,2025-09-19,20,B04,CH1,C04539,CMP000,5,15,135.65
O014255,2025-09-19,14,B04,CH3,C00127,CMP000,0,4,39.9
O014256,2025-09-19,20,B04,CH1,C00000,CMP000,4,11,100.35
O014257,2025-09-19,17,B04,CH4,C00000,CMP000,0,3,23.1
O014258,2025-09-19,20,B04,CH1,C00000,CMP000,5,18,168.25
O014259,2025-09-19,19,B04,CH3,C00000,CMP000,0,7,69.7
O014260,2025-09-20,18,B04,CH2,C00000,CMP000,0,1,14.4
O014261,2025-09-20,20,B04,CH1,C00000,CMP000,5,13,174.1
O014262,2025-09-20,17,B04,CH4,C01791,CMP000,0,3,31.0
O014263,2025-09-21,21,B04,CH1,C00000,CMP000,5,14,147.9
O014264,2025-09-21,12,B04,CH1,C00000,CMP000,3,8,76.8
O014265,2025-09-21,20,B04,CH1,C02785,CMP000,3,10,131.1
O014266,2025-09-21,21,B04,CH1,C00000,CMP000,6,20,202.35
O014267,2025-09-21,20,B04,CH3,C00000,CMP000,0,1,14.9
O014268,2025-09-21,15,B04,CH1,C02785,CMP000,6,25,208.05
O014269,2025-09-22,20,B04,CH3,C00601,CMP000,0,4,41.55
O014270,2025-09-22,19,B04,CH2,C00000,CMP000,0,6,58.65
O014271,2025-09-22,20,B04,CH1,C04069,CMP000,4,15,159.1
O014272,2025-09-22,20,B04,CH1,C00000,CMP000,3,9,99.2
O014273,2025-09-24,19,B04,CH1,C00000,CMP000,2,6,51.7
O014274,2025-09-24,20,B04,CH4,C00000,CMP000,0,5,45.7
O014275,2025-09-24,18,B04,CH1,C04633,CMP000,2,7,71.55
O014276,2025-09-24,21,B04,CH1,C04240,CMP000,3,11,90.0
O014277,2025-09-25,21,B04,CH1,C00637,CMP000,2,6,47.05
O014278,2025-09-25,17,B04,CH1,C00000,CMP000,3,11,96.4
O014279,2025-09-25,15,B04,CH3,C00000,CMP000,0,3,26.75
O014280,2025-09-25,20,B04,CH4,C04911,CMP000,0,3,24.05
O014281,2025-09-26,15,B04,CH1,C00000,CMP000,2,6,74.2
O014282,2025-09-26,14,B04,CH1,C04516,CMP000,4,11,106.1
O014283,2025-09-26,14,B04,CH3,C00000,CMP000,0,1,20.2
O014284,2025-09-26,12,B04,CH1,C00000,CMP000,2,5,53.1
O014285,2025-09-26,18,B04,CH1,C00000,CMP000,3,9,123.4
O014286,2025-09-26,15,B04,CH1,C00000,CMP000,3,8,72.05
O014287,2025-09-27,12,B04,CH1,C00000,CMP000,2,4,50.2
O014288,2025-09-27,20,B04,CH1,C00000,CMP000,8,23,229.6
O014289,2025-09-27,19,B04,CH1,C00000,CMP000,3,7,67.85
O014290,2025-09-27,19,B04,CH4,C00000,CMP000,0,3,29.55
O014291,2025-09-27,18,B04,CH1,C00000,CMP000,2,5,43.5
O014292,2025-09-27,12,B04,CH3,C00000,CMP000,0,7,58.2
O014293,2025-09-27,18,B04,CH2,C00000,CMP000,0,3,20.9
O014294,2025-09-27,21,B04,CH1,C00000,CMP000,2,5,49.05
O014295,2025-09-27,17,B04,CH4,C04266,CMP000,0,2,17.3
O014296,2025-09-27,13,B04,CH1,C01984,CMP000,2,5,48.5
O014297,2025-09-27,15,B04,CH2,C04069,CMP000,0,2,22.15
O014298,2025-09-28,19,B04,CH4,C00000,CMP000,0,4,79.8
O014299,2025-09-28,20,B04,CH1,C02785,CMP000,2,6,64.65
O014300,2025-09-28,19,B04,CH1,C00000,CMP000,4,10,111.1
O014301,2025-09-28,19,B04,CH3,C02785,CMP000,0,1,32.7
O014302,2025-09-29,19,B04,CH1,C04516,CMP000,3,10,83.75
O014303,2025-09-29,22,B04,CH1,C00000,CMP000,3,8,89.1
O014304,2025-09-29,21,B04,CH1,C00000,CMP000,4,14,124.1
O014305,2025-09-29,20,B04,CH2,C00000,CMP000,0,8,71.3
O014306,2025-09-29,20,B04,CH1,C00014,CMP000,6,17,193.4
O014307,2025-09-29,12,B04,CH3,C00000,CMP000,0,2,22.1
O014308,2025-10-01,12,B04,CH1,C00000,CMP000,2,7,69.9
O014309,2025-10-01,12,B04,CH1,C00000,CMP000,2,4,42.6
O014310,2025-10-01,15,B04,CH1,C00000,CMP000,2,5,52.25
O014311,2025-10-01,21,B04,CH1,C00000,CMP000,6,21,253.25
O014312,2025-10-01,20,B04,CH1,C00000,CMP000,2,7,63.95
O014313,2025-10-01,12,B04,CH1,C00762,CMP000,1,2,21.6
O014314,2025-10-01,22,B04,CH1,C03806,CMP000,2,5,66.85
O014315,2025-10-01,21,B04,CH1,C00000,CMP000,2,7,55.65
O014316,2025-10-01,19,B04,CH1,C00000,CMP000,4,15,115.25
O014317,2025-10-02,14,B04,CH1,C04516,CMP000,2,4,34.15
O014318,2025-10-02,16,B04,CH3,C04266,CMP000,0,3,55.3
O014319,2025-10-02,13,B04,CH1,C04516,CMP000,1,3,20.9
O014320,2025-10-02,21,B04,CH1,C00000,CMP000,4,15,127.0
O014321,2025-10-02,19,B04,CH1,C00000,CMP000,2,8,88.95
O014322,2025-10-02,19,B04,CH1,C00143,CMP000,4,12,154.8
O014323,2025-10-03,20,B04,CH1,C04539,CMP000,2,7,62.85
O014324,2025-10-03,17,B04,CH1,C00000,CMP000,5,19,174.45
O014325,2025-10-03,18,B04,CH1,C00000,CMP000,1,2,18.3
O014326,2025-10-03,20,B04,CH1,C04511,CMP000,2,5,59.2
O014327,2025-10-03,19,B04,CH1,C00000,CMP000,3,6,67.05
O014328,2025-10-03,17,B04,CH1,C01087,CMP000,4,12,105.6
O014329,2025-10-04,18,B04,CH4,C00638,CMP000,0,3,35.6
O014330,2025-10-04,19,B04,CH1,C00000,CMP000,3,9,81.05
O014331,2025-10-04,20,B04,CH2,C00000,CMP000,0,4,38.7
O014332,2025-10-04,19,B04,CH3,C00000,CMP000,0,4,38.2
O014333,2025-10-04,17,B04,CH3,C00000,CMP000,0,4,40.9
O014334,2025-10-04,21,B04,CH1,C00000,CMP000,2,6,55.75
O014335,2025-10-04,18,B04,CH3,C00000,CMP000,0,1,15.4
O014336,2025-10-04,20,B04,CH2,C00000,CMP000,0,6,58.9
O014337,2025-10-04,21,B04,CH1,C00601,CMP000,1,5,45.7
O014338,2025-10-04,19,B04,CH1,C00000,CMP000,4,13,118.2
O014339,2025-10-04,21,B04,CH1,C00000,CMP000,1,3,40.05
O014340,2025-10-05,20,B04,CH3,C01138,CMP000,0,3,26.45
O014341,2025-10-05,12,B04,CH1,C00000,CMP000,4,13,119.85
O014342,2025-10-05,20,B04,CH1,C00000,CMP000,3,11,114.95
O014343,2025-10-05,22,B04,CH1,C01124,CMP000,3,9,90.45
O014344,2025-10-05,21,B04,CH1,C00000,CMP000,2,7,59.7
O014345,2025-10-05,20,B04,CH1,C00000,CMP000,2,6,58.4
O014346,2025-10-05,17,B04,CH2,C00000,CMP000,0,2,18.5
O014347,2025-10-06,20,B04,CH4,C00525,CMP000,0,1,25.0
O014348,2025-10-06,17,B04,CH1,C02869,CMP000,4,11,104.15
O014349,2025-10-06,19,B04,CH1,C00000,CMP000,3,10,94.5
O014350,2025-10-06,14,B04,CH1,C00000,CMP000,2,4,43.6
O014351,2025-10-06,20,B04,CH1,C00000,CMP000,4,15,130.6
O014352,2025-10-06,19,B04,CH1,C00000,CMP005,1,2,15.93
O014353,2025-10-08,20,B04,CH1,C00000,CMP000,3,8,82.55
O014354,2025-10-08,17,B04,CH1,C00671,CMP000,1,2,18.75
O014355,2025-10-08,19,B04,CH3,C00000,CMP000,0,3,21.4
O014356,2025-10-09,15,B04,CH1,C01124,CMP000,5,15,131.75
O014357,2025-10-09,19,B04,CH1,C00000,CMP000,1,1,14.9
O014358,2025-10-09,13,B04,CH4,C00000,CMP000,0,5,53.1
O014359,2025-10-09,14,B04,CH2,C04516,CMP000,0,5,44.95
O014360,2025-10-09,19,B04,CH3,C00000,CMP000,0,2,24.05
O014361,2025-10-10,12,B04,CH1,C00000,CMP000,2,7,60.15
O014362,2025-10-10,19,B04,CH1,C00000,CMP000,4,10,95.9
O014363,2025-10-10,19,B04,CH4,C00000,CMP000,0,4,39.15
O014364,2025-10-10,14,B04,CH2,C01276,CMP000,0,2,22.6
O014365,2025-10-10,19,B04,CH1,C00000,CMP000,4,12,110.3
O014366,2025-10-10,12,B04,CH1,C00547,CMP000,2,3,30.05
O014367,2025-10-10,21,B04,CH1,C00000,CMP000,2,8,61.8
O014368,2025-10-10,20,B04,CH1,C00000,CMP000,2,8,100.0
O014369,2025-10-10,21,B04,CH1,C02785,CMP000,2,5,59.65
O014370,2025-10-10,20,B04,CH1,C00000,CMP000,2,8,109.25
O014371,2025-10-10,16,B04,CH3,C00000,CMP000,0,3,21.85
O014372,2025-10-11,18,B04,CH4,C00000,CMP000,0,5,48.8
O014373,2025-10-11,19,B04,CH1,C00000,CMP000,2,7,60.9
O014374,2025-10-11,13,B04,CH1,C00000,CMP000,2,6,48.1
O014375,2025-10-11,20,B04,CH2,C00000,CMP000,0,2,75.5
O014376,2025-10-11,13,B04,CH1,C00000,CMP005,1,2,16.36
O014377,2025-10-11,14,B04,CH1,C01138,CMP000,4,14,120.25
O014378,2025-10-11,22,B04,CH4,C00000,CMP000,0,6,69.25
O014379,2025-10-11,13,B04,CH1,C00000,CMP000,2,6,51.0
O014380,2025-10-11,21,B04,CH1,C00000,CMP000,3,7,74.1
O014381,2025-10-12,14,B04,CH1,C00692,CMP005,2,5,36.73
O014382,2025-10-12,22,B04,CH2,C00000,CMP000,0,3,24.35
O014383,2025-10-12,19,B04,CH3,C00000,CMP000,0,1,13.45
O014384,2025-10-12,18,B04,CH1,C00000,CMP000,2,5,60.55
O014385,2025-10-12,20,B04,CH1,C00671,CMP000,6,17,194.1
O014386,2025-10-13,20,B04,CH1,C00000,CMP000,2,6,62.4
O014387,2025-10-13,17,B04,CH1,C04911,CMP000,1,4,35.8
O014388,2025-10-15,12,B04,CH1,C00000,CMP000,2,6,62.1
O014389,2025-10-15,18,B04,CH1,C00000,CMP000,4,11,148.35
O014390,2025-10-15,14,B04,CH1,C00762,CMP000,4,12,104.3
O014391,2025-10-15,21,B04,CH1,C00000,CMP000,6,21,170.55
O014392,2025-10-15,20,B04,CH4,C00000,CMP000,0,3,31.95
O014393,2025-10-15,20,B04,CH2,C02785,CMP000,0,2,17.6
O014394,2025-10-16,18,B04,CH1,C00000,CMP000,8,30,267.7
O014395,2025-10-16,14,B04,CH2,C00000,CMP000,0,2,18.75
O014396,2025-10-16,14,B04,CH1,C02785,CMP005,2,6,83.93
O014397,2025-10-16,22,B04,CH3,C00000,CMP000,0,4,37.25
O014398,2025-10-16,21,B04,CH1,C00000,CMP000,6,25,214.45
O014399,2025-10-16,20,B04,CH1,C00000,CMP000,3,9,91.85
O014400,2025-10-17,22,B04,CH1,C00000,CMP000,3,9,94.9
O014401,2025-10-17,17,B04,CH1,C01570,CMP000,4,11,103.1
O014402,2025-10-17,20,B04,CH1,C00000,CMP000,2,7,63.35
O014403,2025-10-17,21,B04,CH1,C04633,CMP000,2,5,67.35
O014404,2025-10-17,20,B04,CH4,C02138,CMP000,0,10,78.85
O014405,2025-10-18,12,B04,CH1,C00000,CMP000,1,3,24.75
O014406,2025-10-18,18,B04,CH1,C00000,CMP000,2,6,58.2
O014407,2025-10-18,17,B04,CH1,C04266,CMP000,8,27,259.4
O014408,2025-10-18,19,B04,CH4,C00000,CMP000,0,2,16.35
O014409,2025-10-18,22,B04,CH1,C00139,CMP000,4,13,119.5
O014410,2025-10-18,19,B04,CH1,C01838,CMP005,2,7,54.57
O014411,2025-10-19,14,B04,CH1,C00000,CMP000,2,6,127.4
O014412,2025-10-19,14,B04,CH1,C02785,CMP000,3,7,62.9
O014413,2025-10-19,13,B04,CH1,C00000,CMP000,1,3,32.7
O014414,2025-10-19,19,B04,CH1,C01764,CMP000,1,5,58.7
O014415,2025-10-19,22,B04,CH3,C03275,CMP000,0,3,27.15
O014416,2025-10-20,22,B04,CH2,C00000,CMP000,0,12,94.7
O014417,2025-10-20,13,B04,CH1,C00000,CMP000,2,6,52.95
O014418,2025-10-20,14,B04,CH2,C00000,CMP000,0,6,113.0
O014419,2025-10-20,12,B04,CH1,C00000,CMP000,2,5,50.9
O014420,2025-10-22,20,B04,CH1,C04155,CMP000,3,10,107.3
O014421,2025-10-22,18,B04,CH1,C00000,CMP000,2,9,80.3
O014422,2025-10-23,14,B04,CH1,C00000,CMP000,4,9,86.9
O014423,2025-10-23,19,B04,CH1,C02662,CMP000,4,10,100.75
O014424,2025-10-23,15,B04,CH1,C04405,CMP000,4,11,97.75
O014425,2025-10-24,18,B04,CH2,C00000,CMP000,0,6,64.95
O014426,2025-10-24,12,B04,CH1,C00000,CMP000,2,6,59.5
O014427,2025-10-24,19,B04,CH3,C00000,CMP000,0,3,27.65
O014428,2025-10-24,19,B04,CH1,C04272,CMP000,4,10,103.45
O014429,2025-10-24,21,B04,CH3,C00000,CMP000,0,4,30.5
O014430,2025-10-24,22,B04,CH3,C00000,CMP000,0,7,99.75
O014431,2025-10-24,19,B04,CH1,C00000,CMP000,2,8,70.05
O014432,2025-10-25,16,B04,CH1,C00000,CMP000,2,6,46.1
O014433,2025-10-25,18,B04,CH1,C00000,CMP000,5,18,162.5
O014434,2025-10-25,22,B04,CH1,C00000,CMP000,4,13,136.1
O014435,2025-10-25,19,B04,CH1,C03930,CMP000,4,13,125.6
O014436,2025-10-25,12,B04,CH1,C00000,CMP000,5,18,170.1
O014437,2025-10-25,17,B04,CH1,C03981,CMP000,1,3,26.45
O014438,2025-10-25,20,B04,CH1,C00000,CMP000,4,11,105.9
O014439,2025-10-25,13,B04,CH1,C00000,CMP000,4,12,109.2
O014440,2025-10-26,13,B04,CH1,C00000,CMP005,5,14,109.78
O014441,2025-10-26,21,B04,CH2,C00000,CMP000,0,6,64.2
O014442,2025-10-26,20,B04,CH2,C00000,CMP000,0,8,96.7
O014443,2025-10-26,18,B04,CH3,C00000,CMP000,0,6,67.05
O014444,2025-10-26,20,B04,CH3,C00000,CMP000,0,9,140.95
O014445,2025-10-27,16,B04,CH1,C00000,CMP000,3,10,85.45
O014446,2025-10-27,20,B04,CH1,C00000,CMP000,4,11,130.95
O014447,2025-10-27,19,B04,CH2,C00000,CMP000,0,6,46.4
O014448,2025-10-27,12,B04,CH1,C04089,CMP000,2,7,53.65
O014449,2025-10-29,19,B04,CH4,C00000,CMP000,0,2,18.3
O014450,2025-10-29,21,B04,CH1,C00000,CMP005,4,8,78.64
O014451,2025-10-29,17,B04,CH2,C00000,CMP000,0,6,59.65
O014452,2025-10-29,19,B04,CH1,C00000,CMP000,2,7,63.05
O014453,2025-10-29,14,B04,CH4,C02311,CMP000,0,5,68.5
O014454,2025-10-30,21,B04,CH1,C04584,CMP000,2,6,49.7
O014455,2025-10-30,12,B04,CH1,C02254,CMP000,2,5,47.9
O014456,2025-10-30,19,B04,CH3,C00000,CMP000,0,5,43.95
O014457,2025-10-30,19,B04,CH4,C00000,CMP000,0,11,105.75
O014458,2025-10-30,19,B04,CH1,C00000,CMP000,3,9,92.8
O014459,2025-10-30,19,B04,CH1,C00000,CMP000,5,14,152.65
O014460,2025-10-31,18,B04,CH1,C00000,CMP000,4,11,104.05
O014461,2025-10-31,17,B04,CH4,C00000,CMP000,0,2,18.0
O014462,2025-10-31,19,B04,CH1,C00000,CMP005,2,4,41.31
O014463,2025-10-31,17,B04,CH3,C00000,CMP000,0,3,25.0
O014464,2025-10-31,20,B04,CH1,C00143,CMP000,2,7,107.65
O014465,2025-10-31,16,B04,CH1,C01138,CMP000,2,9,75.8
O014466,2025-10-31,16,B04,CH1,C00000,CMP005,4,12,106.77
O014467,2025-10-31,20,B04,CH3,C03093,CMP000,0,5,62.25
O014468,2025-10-31,19,B04,CH1,C00000,CMP000,2,6,56.4
O014469,2025-11-01,17,B04,CH4,C02785,CMP000,0,3,36.3
O014470,2025-11-01,20,B04,CH1,C02785,CMP005,3,8,54.88
O014471,2025-11-01,19,B04,CH1,C01472,CMP000,2,7,59.2
O014472,2025-11-01,22,B04,CH1,C00000,CMP000,3,9,73.5
O014473,2025-11-02,18,B04,CH2,C00000,CMP000,0,7,59.15
O014474,2025-11-02,12,B04,CH3,C04891,CMP000,0,5,42.1
O014475,2025-11-05,21,B04,CH3,C00000,CMP000,0,1,13.95
O014476,2025-11-05,15,B04,CH1,C00000,CMP000,4,11,101.45
O014477,2025-11-05,13,B04,CH1,C00000,CMP000,2,7,62.35
O014478,2025-11-06,22,B04,CH1,C03075,CMP000,2,6,56.95
O014479,2025-11-06,13,B04,CH3,C00000,CMP000,0,10,80.4
O014480,2025-11-06,20,B04,CH1,C00000,CMP000,2,7,54.5
O014481,2025-11-06,19,B04,CH1,C04183,CMP000,4,13,113.75
O014482,2025-11-06,19,B04,CH1,C00000,CMP000,2,5,46.65
O014483,2025-11-06,18,B04,CH1,C00000,CMP000,4,12,115.4
O014484,2025-11-06,15,B04,CH1,C00000,CMP000,2,8,68.7
O014485,2025-11-07,15,B04,CH1,C00000,CMP000,4,14,132.55
O014486,2025-11-07,18,B04,CH1,C00000,CMP000,5,15,138.6
O014487,2025-11-07,14,B04,CH4,C00000,CMP000,0,5,57.2
O014488,2025-11-07,12,B04,CH1,C00000,CMP000,8,20,176.65
O014489,2025-11-07,13,B04,CH1,C00000,CMP000,2,5,54.55
O014490,2025-11-07,17,B04,CH4,C00000,CMP000,0,2,19.25
O014491,2025-11-07,18,B04,CH2,C00000,CMP000,0,3,37.25
O014492,2025-11-07,21,B04,CH4,C04516,CMP000,0,3,26.95
O014493,2025-11-08,17,B04,CH1,C00000,CMP000,5,17,196.8
O014494,2025-11-08,17,B04,CH1,C00000,CMP000,4,10,90.75
O014495,2025-11-08,20,B04,CH1,C02785,CMP000,2,5,45.5
O014496,2025-11-08,22,B04,CH1,C00000,CMP000,6,18,184.25
O014497,2025-11-08,14,B04,CH1,C02785,CMP000,3,11,98.65
O014498,2025-11-08,19,B04,CH1,C00173,CMP000,1,4,30.6
O014499,2025-11-08,20,B04,CH1,C00000,CMP000,5,17,166.1
O014500,2025-11-08,22,B04,CH1,C02981,CMP000,2,8,64.25
O014501,2025-11-08,13,B04,CH1,C03930,CMP000,4,8,95.5
O014502,2025-11-08,20,B04,CH1,C00000,CMP000,4,10,111.2
O014503,2025-11-08,20,B04,CH1,C00000,CMP000,2,4,44.25
O014504,2025-11-08,12,B04,CH1,C00000,CMP000,8,22,224.85
O014505,2025-11-09,18,B04,CH1,C00000,CMP000,5,19,176.95
O014506,2025-11-09,13,B04,CH1,C03093,CMP000,2,7,120.7
O014507,2025-11-09,18,B04,CH1,C00000,CMP000,3,6,72.15
O014508,2025-11-09,20,B04,CH1,C04516,CMP000,2,6,58.0
O014509,2025-11-10,17,B04,CH1,C00000,CMP000,1,4,30.1
O014510,2025-11-10,17,B04,CH1,C00042,CMP000,1,2,18.75
O014511,2025-11-12,13,B04,CH1,C00000,CMP000,2,6,54.3
O014512,2025-11-12,13,B04,CH1,C00000,CMP000,2,5,79.2
O014513,2025-11-12,21,B04,CH1,C00000,CMP000,2,6,55.6
O014514,2025-11-12,19,B04,CH4,C00000,CMP000,0,6,52.65
O014515,2025-11-12,13,B04,CH2,C00000,CMP000,0,1,14.9
O014516,2025-11-12,19,B04,CH1,C02785,CMP000,4,12,114.15
O014517,2025-11-13,18,B04,CH1,C00000,CMP000,4,16,160.85
O014518,2025-11-13,12,B04,CH1,C00000,CMP000,2,5,44.75
O014519,2025-11-13,12,B04,CH1,C00000,CMP000,2,6,53.1
O014520,2025-11-13,20,B04,CH1,C04968,CMP000,1,1,13.95
O014521,2025-11-13,15,B04,CH2,C00000,CMP000,0,4,40.15
O014522,2025-11-13,13,B04,CH1,C00000,CMP000,2,5,50.3
O014523,2025-11-13,17,B04,CH1,C00000,CMP000,4,15,160.6
O014524,2025-11-13,17,B04,CH1,C00753,CMP000,3,8,84.35
O014525,2025-11-14,18,B04,CH4,C00000,CMP000,0,2,18.0
O014526,2025-11-14,20,B04,CH1,C00000,CMP000,4,12,134.2
O014527,2025-11-14,20,B04,CH3,C00000,CMP000,0,3,23.3
O014528,2025-11-14,22,B04,CH1,C02823,CMP000,2,6,59.15
O014529,2025-11-14,19,B04,CH2,C00000,CMP000,0,3,25.7
O014530,2025-11-14,16,B04,CH1,C04405,CMP000,4,16,134.4
O014531,2025-11-15,20,B04,CH2,C02067,CMP000,0,3,24.25
O014532,2025-11-15,13,B04,CH1,C00000,CMP000,2,4,37.55
O014533,2025-11-15,21,B04,CH2,C04172,CMP000,0,6,48.9
O014534,2025-11-15,22,B04,CH2,C00000,CMP000,0,1,13.0
O014535,2025-11-15,13,B04,CH1,C00000,CMP000,4,12,99.45
O014536,2025-11-15,13,B04,CH1,C00000,CMP000,1,4,38.3
O014537,2025-11-16,20,B04,CH1,C01103,CMP000,4,14,148.2
O014538,2025-11-16,21,B04,CH1,C00000,CMP000,2,8,64.4
O014539,2025-11-16,15,B04,CH1,C00000,CMP000,6,18,255.5
O014540,2025-11-16,19,B04,CH1,C00692,CMP000,2,6,54.35
O014541,2025-11-16,20,B04,CH1,C00000,CMP000,2,7,61.4
O014542,2025-11-17,22,B04,CH2,C00000,CMP000,0,7,52.0
O014543,2025-11-17,19,B04,CH4,C00000,CMP000,0,6,59.85
O014544,2025-11-17,20,B04,CH1,C00000,CMP000,2,6,60.15
O014545,2025-11-17,18,B04,CH1,C00000,CMP000,6,17,211.15
O014546,2025-11-19,19,B04,CH1,C02847,CMP006,4,15,135.44
O014547,2025-11-19,14,B04,CH1,C00000,CMP006,2,5,70.22
O014548,2025-11-19,22,B04,CH3,C04089,CMP000,0,4,41.4
O014549,2025-11-20,13,B04,CH1,C00000,CMP006,1,3,29.58
O014550,2025-11-20,19,B04,CH1,C00000,CMP000,2,7,56.75
O014551,2025-11-20,14,B04,CH2,C00000,CMP000,0,10,104.6
O014552,2025-11-20,20,B04,CH1,C00000,CMP006,1,4,29.61
O014553,2025-11-20,22,B04,CH3,C00000,CMP000,0,3,24.25
O014554,2025-11-21,20,B04,CH1,C00000,CMP000,3,12,104.2
O014555,2025-11-21,13,B04,CH1,C03739,CMP006,2,8,64.6
O014556,2025-11-21,17,B04,CH1,C00000,CMP000,2,8,90.75
O014557,2025-11-21,19,B04,CH1,C02432,CMP000,4,11,124.1
O014558,2025-11-21,12,B04,CH1,C00000,CMP000,6,13,140.0
O014559,2025-11-21,16,B04,CH1,C00000,CMP000,3,10,95.95
O014560,2025-11-21,18,B04,CH3,C00000,CMP000,0,3,24.25
O014561,2025-11-21,22,B04,CH1,C00000,CMP006,3,5,49.5
O014562,2025-11-21,13,B04,CH1,C00000,CMP006,2,7,52.95
O014563,2025-11-22,13,B04,CH1,C00000,CMP000,1,3,26.45
O014564,2025-11-22,17,B04,CH4,C00000,CMP000,0,9,78.35
O014565,2025-11-22,21,B04,CH1,C02785,CMP006,2,5,77.95
O014566,2025-11-22,20,B04,CH1,C03494,CMP000,2,5,51.5
O014567,2025-11-22,19,B04,CH1,C00042,CMP000,3,7,67.05
O014568,2025-11-22,20,B04,CH1,C00000,CMP000,4,16,125.1
O014569,2025-11-22,18,B04,CH1,C00000,CMP006,2,5,38.98
O014570,2025-11-23,13,B04,CH1,C01024,CMP000,2,7,66.1
O014571,2025-11-23,21,B04,CH1,C04539,CMP000,6,17,151.25
O014572,2025-11-23,19,B04,CH1,C00599,CMP006,5,14,133.28
O014573,2025-11-23,22,B04,CH1,C00000,CMP000,1,3,28.35
O014574,2025-11-23,19,B04,CH1,C00000,CMP000,2,7,70.7
O014575,2025-11-23,22,B04,CH2,C03694,CMP000,0,6,55.05
O014576,2025-11-23,20,B04,CH1,C00000,CMP006,6,19,169.92
O014577,2025-11-23,18,B04,CH1,C00000,CMP006,2,6,57.95
O014578,2025-11-24,21,B04,CH1,C00426,CMP000,4,12,97.0
O014579,2025-11-24,20,B04,CH1,C00000,CMP000,2,7,64.25
O014580,2025-11-24,20,B04,CH4,C02785,CMP000,0,2,15.7
O014581,2025-11-24,17,B04,CH3,C00000,CMP000,0,3,22.9
O014582,2025-11-24,19,B04,CH2,C00000,CMP000,0,7,62.45
O014583,2025-11-26,21,B04,CH1,C00000,CMP000,4,13,122.35
O014584,2025-11-26,20,B04,CH1,C00638,CMP006,2,7,66.69
O014585,2025-11-27,19,B04,CH4,C03066,CMP000,0,1,13.95
O014586,2025-11-27,15,B04,CH1,C00000,CMP000,2,7,73.05
O014587,2025-11-27,19,B04,CH1,C04911,CMP000,4,12,132.8
O014588,2025-11-27,19,B04,CH1,C00000,CMP000,4,12,123.15
O014589,2025-11-27,21,B04,CH1,C00000,CMP000,3,6,77.55
O014590,2025-11-27,22,B04,CH1,C00000,CMP000,3,8,84.4
O014591,2025-11-28,20,B04,CH1,C02889,CMP000,2,8,58.4
O014592,2025-11-28,21,B04,CH1,C03379,CMP000,4,10,117.45
O014593,2025-11-28,18,B04,CH1,C00000,CMP000,4,14,143.05
O014594,2025-11-28,20,B04,CH1,C00000,CMP006,2,6,48.97
O014595,2025-11-28,19,B04,CH4,C02224,CMP000,0,5,45.6
O014596,2025-11-28,20,B04,CH4,C01124,CMP000,0,3,41.85
O014597,2025-11-28,18,B04,CH1,C03930,CMP000,3,9,84.65
O014598,2025-11-28,22,B04,CH1,C00842,CMP000,7,21,214.0
O014599,2025-11-29,22,B04,CH1,C00000,CMP006,8,30,250.94
O014600,2025-11-29,22,B04,CH1,C03379,CMP006,1,3,22.03
O014601,2025-11-29,12,B04,CH2,C00000,CMP000,0,9,73.65
O014602,2025-11-29,13,B04,CH1,C00000,CMP000,4,11,152.9
O014603,2025-11-29,12,B04,CH1,C00000,CMP000,4,11,100.25
O014604,2025-11-29,13,B04,CH1,C00000,CMP000,1,3,28.1
O014605,2025-11-29,20,B04,CH1,C00000,CMP000,7,24,206.75
O014606,2025-11-29,19,B04,CH1,C02516,CMP006,2,7,76.27
O014607,2025-11-29,15,B04,CH1,C04089,CMP000,2,6,49.95
O014608,2025-11-30,18,B04,CH4,C00000,CMP000,0,8,84.35
O014609,2025-11-30,21,B04,CH1,C04584,CMP006,3,9,83.68
O014610,2025-11-30,16,B04,CH4,C02785,CMP000,0,5,58.45
O014611,2025-11-30,13,B04,CH3,C00000,CMP000,0,7,70.4
O014612,2025-12-01,18,B04,CH1,C00000,CMP006,2,6,48.4
O014613,2025-12-01,16,B04,CH3,C00000,CMP000,0,2,20.7
O014614,2025-12-01,18,B04,CH1,C00000,CMP000,1,3,49.5
O014615,2025-12-01,19,B04,CH4,C00000,CMP000,0,4,43.5
O014616,2025-12-01,13,B04,CH3,C04441,CMP000,0,7,51.35
O014617,2025-12-03,21,B04,CH1,C01012,CMP000,2,5,46.95
O014618,2025-12-03,18,B04,CH1,C00000,CMP000,2,8,85.8
O014619,2025-12-03,22,B04,CH1,C00000,CMP000,4,13,117.45
O014620,2025-12-03,21,B04,CH1,C00000,CMP000,4,18,152.3
O014621,2025-12-03,20,B04,CH1,C00000,CMP000,8,22,288.15
O014622,2025-12-03,18,B04,CH4,C00000,CMP000,0,10,87.4
O014623,2025-12-03,19,B04,CH2,C00000,CMP000,0,2,32.7
O014624,2025-12-03,21,B04,CH1,C04633,CMP000,3,10,82.4
O014625,2025-12-03,20,B04,CH1,C01813,CMP000,1,2,19.25
O014626,2025-12-03,21,B04,CH2,C00000,CMP000,0,3,31.7
O014627,2025-12-04,21,B04,CH2,C00000,CMP000,0,3,23.1
O014628,2025-12-04,20,B04,CH1,C00000,CMP000,2,4,51.6
O014629,2025-12-04,15,B04,CH1,C00000,CMP006,1,4,35.49
O014630,2025-12-04,16,B04,CH1,C00000,CMP000,2,8,69.35
O014631,2025-12-04,16,B04,CH3,C04539,CMP000,0,4,35.4
O014632,2025-12-04,20,B04,CH2,C00000,CMP000,0,4,44.45
O014633,2025-12-04,18,B04,CH1,C00000,CMP006,7,24,217.6
O014634,2025-12-04,20,B04,CH1,C00000,CMP000,3,10,84.0
O014635,2025-12-04,13,B04,CH3,C00000,CMP000,0,2,18.3
O014636,2025-12-04,18,B04,CH1,C00000,CMP000,4,16,120.3
O014637,2025-12-04,22,B04,CH1,C03680,CMP006,3,14,108.29
O014638,2025-12-04,19,B04,CH1,C00000,CMP000,2,6,98.6
O014639,2025-12-04,21,B04,CH1,C00000,CMP006,2,6,48.79
O014640,2025-12-05,19,B04,CH1,C00000,CMP000,4,12,122.9
O014641,2025-12-05,19,B04,CH1,C00000,CMP000,4,12,129.55
O014642,2025-12-05,14,B04,CH2,C00000,CMP000,0,6,57.15
O014643,2025-12-05,20,B04,CH2,C00000,CMP000,0,6,48.55
O014644,2025-12-05,21,B04,CH4,C00000,CMP000,0,9,92.75
O014645,2025-12-05,13,B04,CH4,C00000,CMP000,0,9,94.8
O014646,2025-12-05,18,B04,CH1,C04707,CMP006,6,24,175.41
O014647,2025-12-06,18,B04,CH2,C00000,CMP000,0,1,20.2
O014648,2025-12-06,20,B04,CH2,C00000,CMP000,0,3,40.4
O014649,2025-12-06,19,B04,CH3,C00000,CMP000,0,7,69.3
O014650,2025-12-06,16,B04,CH1,C00000,CMP000,6,24,217.25
O014651,2025-12-06,13,B04,CH3,C00000,CMP000,0,4,39.75
O014652,2025-12-06,20,B04,CH1,C00000,CMP000,2,5,47.8
O014653,2025-12-06,22,B04,CH3,C03066,CMP000,0,4,37.0
O014654,2025-12-06,18,B04,CH3,C00000,CMP000,0,4,54.35
O014655,2025-12-06,12,B04,CH1,C03739,CMP000,3,10,84.4
O014656,2025-12-07,17,B04,CH1,C03423,CMP006,4,12,129.06
O014657,2025-12-07,19,B04,CH4,C01012,CMP000,0,3,35.3
O014658,2025-12-07,13,B04,CH1,C00000,CMP000,2,7,52.9
O014659,2025-12-07,19,B04,CH3,C00000,CMP000,0,5,38.25
O014660,2025-12-07,18,B04,CH1,C00000,CMP000,2,7,64.8
O014661,2025-12-07,18,B04,CH1,C00671,CMP000,4,14,154.55
O014662,2025-12-07,20,B04,CH1,C00000,CMP000,2,6,45.4
O014663,2025-12-07,13,B04,CH1,C00000,CMP006,5,15,122.58
O014664,2025-12-07,19,B04,CH1,C04516,CMP006,3,12,82.02
O014665,2025-12-08,19,B04,CH1,C00000,CMP006,2,4,37.8
O014666,2025-12-08,22,B04,CH1,C00000,CMP006,4,12,97.96
O014667,2025-12-08,16,B04,CH2,C00000,CMP000,0,7,50.5
O014668,2025-12-08,17,B04,CH4,C03494,CMP000,0,2,18.75
O014669,2025-12-10,17,B04,CH1,C00000,CMP006,3,10,89.86
O014670,2025-12-10,19,B04,CH3,C00000,CMP000,0,3,28.6
O014671,2025-12-10,22,B04,CH4,C00000,CMP000,0,3,26.2
O014672,2025-12-10,20,B04,CH3,C03014,CMP000,0,4,27.65
O014673,2025-12-10,18,B04,CH1,C00000,CMP000,1,3,21.85
O014674,2025-12-10,12,B04,CH1,C01472,CMP000,3,10,80.75
O014675,2025-12-10,19,B04,CH1,C00000,CMP000,5,15,151.7
O014676,2025-12-11,19,B04,CH1,C00000,CMP000,3,11,117.05
O014677,2025-12-11,18,B04,CH1,C00000,CMP000,2,6,65.8
O014678,2025-12-11,13,B04,CH1,C00000,CMP000,3,4,48.3
O014679,2025-12-11,13,B04,CH1,C00000,CMP006,8,20,216.08
O014680,2025-12-11,21,B04,CH3,C00000,CMP000,0,5,47.4
O014681,2025-12-12,14,B04,CH1,C00000,CMP000,2,5,44.85
O014682,2025-12-12,17,B04,CH1,C03806,CMP006,4,13,118.76
O014683,2025-12-12,16,B04,CH4,C00000,CMP000,0,2,20.2
O014684,2025-12-12,12,B04,CH1,C04129,CMP006,1,3,38.69
O014685,2025-12-12,19,B04,CH1,C00601,CMP000,2,7,74.05
O014686,2025-12-12,13,B04,CH1,C00000,CMP006,1,2,54.81
O014687,2025-12-12,12,B04,CH1,C00000,CMP006,4,10,116.52
O014688,2025-12-12,17,B04,CH1,C00000,CMP000,1,3,26.6
O014689,2025-12-12,19,B04,CH1,C00000,CMP006,4,16,130.01
O014690,2025-12-12,21,B04,CH1,C00000,CMP000,2,7,68.8
O014691,2025-12-12,15,B04,CH1,C01673,CMP000,2,7,66.2
O014692,2025-12-12,12,B04,CH1,C00000,CMP000,4,8,93.05
O014693,2025-12-12,18,B04,CH1,C00000,CMP000,6,17,207.45
O014694,2025-12-12,17,B04,CH1,C00000,CMP006,1,3,27.95
O014695,2025-12-12,22,B04,CH1,C00000,CMP000,8,27,241.1
O014696,2025-12-12,19,B04,CH1,C00000,CMP000,2,7,55.5
O014697,2025-12-12,21,B04,CH1,C00000,CMP000,1,3,28.65
O014698,2025-12-12,17,B04,CH1,C00000,CMP006,2,7,66.48
O014699,2025-12-12,13,B04,CH1,C02785,CMP000,4,11,108.25
O014700,2025-12-12,18,B04,CH1,C00000,CMP000,3,9,83.2
O014701,2025-12-13,18,B04,CH1,C00000,CMP006,4,13,151.37
O014702,2025-12-13,13,B04,CH2,C00000,CMP000,0,1,13.0
O014703,2025-12-13,18,B04,CH1,C03686,CMP006,2,6,68.14
O014704,2025-12-13,12,B04,CH1,C03379,CMP000,3,9,97.75
O014705,2025-12-13,20,B04,CH1,C03930,CMP000,3,9,75.9
O014706,2025-12-13,20,B04,CH1,C00000,CMP006,8,28,258.08
O014707,2025-12-13,19,B04,CH2,C04584,CMP000,0,3,50.3
O014708,2025-12-13,12,B04,CH1,C00000,CMP006,2,5,45.17
O014709,2025-12-13,22,B04,CH1,C00000,CMP000,2,7,79.2
O014710,2025-12-14,22,B04,CH1,C00000,CMP000,2,5,51.95
O014711,2025-12-14,20,B04,CH3,C00000,CMP000,0,3,22.8
O014712,2025-12-14,12,B04,CH2,C01813,CMP000,0,2,18.75
O014713,2025-12-14,13,B04,CH1,C01012,CMP006,5,12,98.61
O014714,2025-12-14,17,B04,CH1,C00000,CMP006,1,2,26.59
O014715,2025-12-14,12,B04,CH1,C00000,CMP000,2,7,57.0
O014716,2025-12-14,12,B04,CH1,C00000,CMP006,2,5,60.74
O014717,2025-12-14,19,B04,CH1,C00000,CMP000,2,5,72.9
O014718,2025-12-14,20,B04,CH1,C00000,CMP006,2,5,44.97
O014719,2025-12-14,20,B04,CH1,C00000,CMP000,2,8,89.9
O014720,2025-12-14,18,B04,CH2,C00000,CMP000,0,3,23.3
O014721,2025-12-14,13,B04,CH1,C00000,CMP000,2,5,57.7
O014722,2025-12-14,14,B04,CH1,C04266,CMP000,4,8,103.45
O014723,2025-12-14,17,B04,CH1,C00000,CMP000,2,5,46.05
O014724,2025-12-14,12,B04,CH1,C00000,CMP000,2,5,46.0
O014725,2025-12-14,19,B04,CH1,C00000,CMP000,6,20,169.8
O014726,2025-12-15,16,B04,CH4,C00000,CMP000,0,4,39.9
O014727,2025-12-15,19,B04,CH1,C00557,CMP000,6,17,171.15
O014728,2025-12-15,18,B04,CH1,C00000,CMP006,1,3,36.33
O014729,2025-12-15,19,B04,CH3,C00250,CMP000,0,7,51.0
O014730,2025-12-15,18,B04,CH1,C00000,CMP006,2,6,43.55
O014731,2025-12-17,19,B04,CH3,C00459,CMP000,0,5,45.0
O014732,2025-12-17,18,B04,CH1,C02785,CMP000,1,3,24.05
O014733,2025-12-17,19,B04,CH1,C02906,CMP000,5,17,152.45
O014734,2025-12-17,22,B04,CH1,C00000,CMP000,2,6,58.65
O014735,2025-12-18,20,B04,CH1,C00000,CMP006,4,13,126.64
O014736,2025-12-18,20,B04,CH4,C00000,CMP000,0,8,69.95
O014737,2025-12-18,18,B04,CH1,C00000,CMP006,4,12,113.34
O014738,2025-12-19,21,B04,CH1,C00000,CMP000,4,10,93.8
O014739,2025-12-19,12,B04,CH1,C00000,CMP000,2,5,44.55
O014740,2025-12-19,12,B04,CH1,C02785,CMP006,1,3,30.92
O014741,2025-12-19,15,B04,CH1,C00000,CMP006,1,4,24.78
O014742,2025-12-19,21,B04,CH1,C00000,CMP006,3,11,97.03
O014743,2025-12-19,20,B04,CH1,C00000,CMP000,7,27,245.2
O014744,2025-12-19,18,B04,CH4,C00000,CMP000,0,7,58.45
O014745,2025-12-19,20,B04,CH1,C00000,CMP000,4,13,118.6
O014746,2025-12-19,12,B04,CH1,C00000,CMP006,2,7,61.71
O014747,2025-12-19,13,B04,CH1,C00000,CMP000,2,6,63.2
O014748,2025-12-19,19,B04,CH1,C00000,CMP006,3,8,77.2
O014749,2025-12-20,17,B04,CH4,C00000,CMP000,0,1,21.15
O014750,2025-12-20,19,B04,CH1,C03930,CMP006,2,5,38.02
O014751,2025-12-20,19,B04,CH1,C00000,CMP006,4,10,90.01
O014752,2025-12-20,20,B04,CH1,C01138,CMP000,4,13,123.5
O014753,2025-12-20,21,B04,CH2,C00000,CMP000,0,4,40.2
O014754,2025-12-20,22,B04,CH1,C00000,CMP000,6,18,201.2
O014755,2025-12-20,19,B04,CH1,C03379,CMP006,2,6,70.33
O014756,2025-12-21,13,B04,CH2,C00000,CMP000,0,4,41.15
O014757,2025-12-21,12,B04,CH3,C00000,CMP000,0,3,19.95
O014758,2025-12-21,20,B04,CH1,C00000,CMP000,1,3,51.9
O014759,2025-12-21,19,B04,CH3,C00000,CMP000,0,4,51.75
O014760,2025-12-21,19,B04,CH1,C01087,CMP000,6,21,232.45
O014761,2025-12-21,19,B04,CH1,C00000,CMP000,2,5,47.25
O014762,2025-12-21,17,B04,CH2,C02785,CMP000,0,2,16.55
O014763,2025-12-22,20,B04,CH1,C04516,CMP000,3,12,103.7
O014764,2025-12-22,19,B04,CH2,C00000,CMP000,0,6,69.4
O014765,2025-12-22,20,B04,CH3,C00000,CMP000,0,2,23.1
O014766,2025-12-22,18,B04,CH1,C00000,CMP000,3,13,99.95
O014767,2025-12-24,19,B04,CH3,C00000,CMP000,0,8,73.3
O014768,2025-12-24,17,B04,CH4,C00000,CMP000,0,2,17.8
O014769,2025-12-24,19,B04,CH4,C00000,CMP000,0,2,28.1
O014770,2025-12-24,22,B04,CH1,C00000,CMP000,3,9,104.55
O014771,2025-12-24,13,B04,CH1,C00000,CMP000,4,14,116.15
O014772,2025-12-24,18,B04,CH1,C01742,CMP000,2,6,59.95
O014773,2025-12-24,21,B04,CH1,C01742,CMP000,4,12,178.9
O014774,2025-12-24,22,B04,CH1,C00000,CMP000,2,7,81.5
O014775,2025-12-24,12,B04,CH2,C00000,CMP000,0,3,23.3
O014776,2025-12-26,21,B04,CH1,C00000,CMP000,3,9,79.3
O014777,2025-12-26,20,B04,CH1,C00000,CMP000,3,10,120.45
O014778,2025-12-27,20,B04,CH1,C00000,CMP000,2,9,72.9
O014779,2025-12-27,18,B04,CH1,C03494,CMP000,2,6,77.45
O014780,2025-12-27,21,B04,CH1,C00000,CMP000,2,7,72.95
O014781,2025-12-27,18,B04,CH1,C00000,CMP000,8,23,203.1
O014782,2025-12-27,13,B04,CH1,C00000,CMP000,3,9,82.25
O014783,2025-12-28,19,B04,CH1,C00000,CMP000,8,22,221.05
O014784,2025-12-28,13,B04,CH2,C00000,CMP000,0,4,28.1
O014785,2025-12-28,18,B04,CH3,C01742,CMP000,0,2,17.5
O014786,2025-12-28,18,B04,CH1,C02785,CMP000,4,13,149.8
O014787,2025-12-29,20,B04,CH1,C00000,CMP000,2,6,59.15
O014788,2025-12-29,12,B04,CH1,C04516,CMP000,4,12,110.2
O014789,2025-12-29,20,B04,CH1,C04707,CMP000,6,18,169.6
O014790,2025-12-29,20,B04,CH1,C01742,CMP000,2,7,133.25
O014791,2025-12-29,19,B04,CH1,C00000,CMP000,1,3,28.35
O014792,2025-12-31,16,B04,CH1,C00000,CMP000,2,7,65.7
O014793,2025-12-31,20,B04,CH1,C04516,CMP000,2,6,90.2
O014794,2025-12-31,13,B04,CH1,C00000,CMP000,1,3,28.1
O014795,2025-12-31,19,B04,CH1,C01742,CMP000,2,4,38.2
O014796,2026-01-01,14,B04,CH1,C03930,CMP000,3,10,77.1
O014797,2026-01-01,22,B04,CH1,C00000,CMP000,3,11,96.9
O014798,2026-01-01,16,B04,CH1,C00000,CMP000,7,23,232.1
O014799,2026-01-01,19,B04,CH2,C00000,CMP000,0,3,22.6
O014800,2026-01-02,12,B04,CH1,C00000,CMP000,4,8,74.55
O014801,2026-01-02,14,B04,CH1,C00000,CMP000,2,7,55.25
O014802,2026-01-02,18,B04,CH1,C04390,CMP000,1,3,40.9
O014803,2026-01-02,20,B04,CH1,C00000,CMP000,6,23,214.4
O014804,2026-01-02,20,B04,CH3,C00000,CMP000,0,4,38.45
O014805,2026-01-02,20,B04,CH3,C02748,CMP000,0,5,43.0
O014806,2026-01-02,19,B04,CH1,C00000,CMP000,1,2,19.4
O014807,2026-01-02,12,B04,CH1,C02531,CMP000,1,4,27.6
O014808,2026-01-02,22,B04,CH1,C02869,CMP000,2,5,46.9
O014809,2026-01-02,22,B04,CH1,C00000,CMP000,4,10,97.75
O014810,2026-01-03,12,B04,CH1,C00000,CMP000,2,7,62.45
O014811,2026-01-04,19,B04,CH1,C00000,CMP000,4,10,127.75
O014812,2026-01-04,18,B04,CH1,C00000,CMP000,3,9,99.6
O014813,2026-01-04,12,B04,CH1,C00000,CMP000,2,5,69.65
O014814,2026-01-05,21,B04,CH1,C02869,CMP000,2,7,69.95
O014815,2026-01-05,12,B04,CH1,C00252,CMP000,1,2,43.3
O014816,2026-01-05,18,B04,CH4,C00000,CMP000,0,7,64.65
O014817,2026-01-07,20,B04,CH1,C00000,CMP000,3,9,87.9
O014818,2026-01-07,19,B04,CH2,C00000,CMP000,0,4,40.65
O014819,2026-01-08,18,B04,CH3,C00000,CMP000,0,5,30.5
O014820,2026-01-08,16,B04,CH1,C03221,CMP000,4,12,123.6
O014821,2026-01-09,19,B04,CH2,C00000,CMP000,0,8,66.0
O014822,2026-01-09,20,B04,CH1,C04584,CMP000,8,27,256.85
O014823,2026-01-09,14,B04,CH1,C00000,CMP000,5,12,118.3
O014824,2026-01-09,12,B04,CH1,C00000,CMP000,2,6,52.45
O014825,2026-01-09,20,B04,CH1,C00000,CMP000,6,15,143.3
O014826,2026-01-09,19,B04,CH1,C00000,CMP000,2,6,72.6
O014827,2026-01-09,20,B04,CH3,C00000,CMP000,0,2,19.25
O014828,2026-01-09,22,B04,CH3,C00000,CMP000,0,6,50.5
O014829,2026-01-10,18,B04,CH3,C00000,CMP000,0,2,19.7
O014830,2026-01-10,18,B04,CH4,C00000,CMP000,0,3,29.15
O014831,2026-01-10,19,B04,CH1,C03379,CMP007,3,11,113.47
O014832,2026-01-10,19,B04,CH1,C00000,CMP007,2,6,47.36
O014833,2026-01-10,18,B04,CH1,C00000,CMP007,2,5,42.17
O014834,2026-01-10,19,B04,CH1,C00000,CMP000,2,9,69.95
O014835,2026-01-10,21,B04,CH1,C00000,CMP000,4,13,134.15
O014836,2026-01-10,20,B04,CH1,C00000,CMP000,2,8,68.15
O014837,2026-01-10,18,B04,CH1,C02981,CMP007,5,17,131.77
O014838,2026-01-10,17,B04,CH4,C00000,CMP000,0,1,18.75
O014839,2026-01-10,20,B04,CH1,C00000,CMP007,2,9,57.92
O014840,2026-01-10,12,B04,CH3,C00000,CMP000,0,1,28.85
O014841,2026-01-11,21,B04,CH4,C00000,CMP000,0,3,26.45
O014842,2026-01-11,20,B04,CH1,C00000,CMP007,1,3,21.48
O014843,2026-01-11,21,B04,CH1,C02501,CMP000,3,10,160.05
O014844,2026-01-12,15,B04,CH1,C01742,CMP007,3,9,63.5
O014845,2026-01-12,14,B04,CH1,C00000,CMP007,4,12,114.51
O014846,2026-01-14,19,B04,CH4,C02940,CMP000,0,3,27.4
O014847,2026-01-14,22,B04,CH1,C00000,CMP000,6,15,162.35
O014848,2026-01-14,20,B04,CH1,C00000,CMP007,3,10,80.63
O014849,2026-01-14,12,B04,CH1,C00000,CMP007,1,2,21.4
O014850,2026-01-14,20,B04,CH4,C00000,CMP000,0,5,49.55
O014851,2026-01-15,17,B04,CH1,C00000,CMP000,4,15,170.85
O014852,2026-01-15,13,B04,CH1,C02790,CMP007,3,6,79.72
O014853,2026-01-15,14,B04,CH1,C00143,CMP000,4,11,101.75
O014854,2026-01-15,22,B04,CH1,C00000,CMP000,2,7,70.5
O014855,2026-01-15,20,B04,CH3,C02790,CMP000,0,8,117.45
O014856,2026-01-15,12,B04,CH3,C00000,CMP000,0,1,14.9
O014857,2026-01-16,18,B04,CH3,C00000,CMP000,0,9,86.65
O014858,2026-01-16,17,B04,CH1,C00000,CMP007,2,6,43.13
O014859,2026-01-16,18,B04,CH1,C04240,CMP000,3,6,73.15
O014860,2026-01-16,20,B04,CH3,C00000,CMP000,0,6,58.15
O014861,2026-01-16,16,B04,CH1,C00000,CMP000,2,7,74.2
O014862,2026-01-17,20,B04,CH1,C00000,CMP000,2,7,73.35
O014863,2026-01-17,21,B04,CH3,C00000,CMP000,0,6,61.3
O014864,2026-01-17,13,B04,CH1,C02862,CMP000,2,4,37.9
O014865,2026-01-17,16,B04,CH1,C00000,CMP000,1,3,44.25
O014866,2026-01-17,20,B04,CH1,C01138,CMP000,4,12,114.35
O014867,2026-01-17,21,B04,CH1,C00000,CMP007,1,2,16.77
O014868,2026-01-17,14,B04,CH1,C00000,CMP000,8,22,231.05
O014869,2026-01-17,18,B04,CH1,C00000,CMP000,4,14,140.9
O014870,2026-01-17,18,B04,CH1,C00000,CMP007,4,12,111.13
O014871,2026-01-17,17,B04,CH1,C01742,CMP000,1,3,25.5
O014872,2026-01-18,20,B04,CH1,C00000,CMP000,2,6,53.45
O014873,2026-01-18,13,B04,CH1,C01742,CMP000,1,3,28.4
O014874,2026-01-18,19,B04,CH3,C00692,CMP000,0,6,60.6
O014875,2026-01-18,13,B04,CH3,C00000,CMP000,0,8,65.7
O014876,2026-01-18,19,B04,CH2,C00000,CMP000,0,2,23.3
O014877,2026-01-18,20,B04,CH2,C00000,CMP000,0,1,13.0
O014878,2026-01-18,12,B04,CH1,C00042,CMP007,4,10,67.94
O014879,2026-01-18,19,B04,CH1,C02785,CMP000,4,14,195.2
O014880,2026-01-18,21,B04,CH2,C00000,CMP000,0,5,55.6
O014881,2026-01-18,18,B04,CH1,C00000,CMP000,4,15,130.5
O014882,2026-01-18,21,B04,CH2,C00000,CMP000,0,4,40.6
O014883,2026-01-18,19,B04,CH3,C03397,CMP000,0,3,30.75
O014884,2026-01-18,15,B04,CH1,C01239,CMP000,2,5,46.15
O014885,2026-01-19,21,B04,CH1,C00000,CMP000,2,7,58.95
O014886,2026-01-19,18,B04,CH1,C00000,CMP000,5,18,195.85
O014887,2026-01-19,19,B04,CH1,C00305,CMP007,8,23,189.08
O014888,2026-01-19,19,B04,CH1,C00158,CMP000,5,17,170.6
O014889,2026-01-21,14,B04,CH1,C04078,CMP000,2,6,58.2
O014890,2026-01-21,20,B04,CH2,C02785,CMP000,0,4,40.8
O014891,2026-01-21,18,B04,CH4,C00000,CMP000,0,2,28.85
O014892,2026-01-21,12,B04,CH1,C00143,CMP007,3,9,63.69
O014893,2026-01-21,16,B04,CH4,C00000,CMP000,0,3,51.95
O014894,2026-01-22,20,B04,CH1,C00000,CMP007,2,6,41.79
O014895,2026-01-22,20,B04,CH1,C04891,CMP007,2,6,49.75
O014896,2026-01-22,17,B04,CH3,C00000,CMP000,0,1,20.2
O014897,2026-01-23,18,B04,CH1,C00000,CMP000,6,19,183.4
O014898,2026-01-23,19,B04,CH2,C01140,CMP000,0,5,44.5
O014899,2026-01-23,12,B04,CH1,C00000,CMP000,1,3,24.25
O014900,2026-01-23,19,B04,CH1,C00000,CMP000,4,13,148.95
O014901,2026-01-23,18,B04,CH2,C00000,CMP000,0,8,65.45
O014902,2026-01-23,19,B04,CH2,C00000,CMP000,0,5,42.8
O014903,2026-01-24,19,B04,CH4,C00000,CMP000,0,13,101.0
O014904,2026-01-24,18,B04,CH4,C01126,CMP000,0,3,45.4
O014905,2026-01-24,21,B04,CH1,C00000,CMP000,3,11,97.65
O014906,2026-01-24,13,B04,CH4,C04516,CMP000,0,5,47.6
O014907,2026-01-24,21,B04,CH4,C00000,CMP000,0,5,48.05
O014908,2026-01-24,12,B04,CH1,C03979,CMP007,4,10,75.64
O014909,2026-01-24,18,B04,CH1,C00000,CMP007,6,21,157.34
O014910,2026-01-24,14,B04,CH1,C02604,CMP007,2,8,59.36
O014911,2026-01-25,15,B04,CH1,C01742,CMP007,3,12,89.69
O014912,2026-01-25,15,B04,CH1,C02254,CMP007,2,8,98.73
O014913,2026-01-25,13,B04,CH1,C04965,CMP000,3,10,83.15
O014914,2026-01-25,19,B04,CH1,C00000,CMP007,1,4,29.7
O014915,2026-01-25,19,B04,CH3,C00000,CMP000,0,4,44.9
O014916,2026-01-25,20,B04,CH2,C00250,CMP000,0,2,16.85
O014917,2026-01-25,19,B04,CH1,C00000,CMP007,2,4,70.08
O014918,2026-01-25,21,B04,CH1,C03379,CMP007,4,13,97.56
O014919,2026-01-25,13,B04,CH1,C00000,CMP000,2,5,50.2
O014920,2026-01-26,19,B04,CH3,C00000,CMP000,0,4,46.2
O014921,2026-01-26,19,B04,CH1,C00000,CMP007,6,22,157.73
O014922,2026-01-26,19,B04,CH1,C00000,CMP007,5,16,114.3
O014923,2026-01-26,19,B04,CH1,C00000,CMP000,2,5,42.45
O014924,2026-01-26,18,B04,CH4,C00000,CMP000,0,11,104.25
O014925,2026-01-26,21,B04,CH1,C02940,CMP000,3,9,137.25
O014926,2026-01-28,22,B04,CH1,C01764,CMP007,4,12,88.1
O014927,2026-01-28,18,B04,CH4,C00000,CMP000,0,5,44.95
O014928,2026-01-28,17,B04,CH1,C00000,CMP000,6,17,198.8
O014929,2026-01-29,17,B04,CH1,C01665,CMP000,2,6,51.95
O014930,2026-01-29,20,B04,CH1,C00000,CMP000,5,14,163.5
O014931,2026-01-29,17,B04,CH1,C00000,CMP007,2,4,37.33
O014932,2026-01-29,18,B04,CH1,C00000,CMP007,4,11,80.74
O014933,2026-01-30,20,B04,CH1,C04405,CMP007,2,5,37.28
O014934,2026-01-30,21,B04,CH1,C00000,CMP000,6,22,196.15
O014935,2026-01-30,14,B04,CH1,C00000,CMP000,3,8,66.8
O014936,2026-01-30,14,B04,CH1,C00000,CMP007,4,12,97.65
O014937,2026-01-30,14,B04,CH1,C03379,CMP000,4,9,87.1
O014938,2026-01-30,21,B04,CH1,C02790,CMP000,4,13,127.45
O014939,2026-01-30,21,B04,CH1,C00000,CMP007,2,6,47.66
O014940,2026-01-30,16,B04,CH3,C00000,CMP000,0,3,31.05
O014941,2026-01-30,18,B04,CH1,C00000,CMP000,4,12,126.6
O014942,2026-01-30,15,B04,CH1,C00000,CMP007,2,9,55.7
O014943,2026-01-30,19,B04,CH2,C00000,CMP000,0,2,23.6
O014944,2026-01-30,19,B04,CH1,C03379,CMP000,3,11,117.0
O014945,2026-01-30,13,B04,CH1,C02785,CMP000,2,5,51.1
O014946,2026-01-30,19,B04,CH1,C00000,CMP007,2,7,48.91
O014947,2026-01-30,20,B04,CH1,C00000,CMP007,3,11,77.15
O014948,2026-01-30,20,B04,CH1,C00000,CMP007,2,6,43.23
O014949,2026-01-30,21,B04,CH1,C02785,CMP000,2,6,54.15
O014950,2026-01-30,18,B04,CH1,C00000,CMP007,4,14,99.34
O014951,2026-01-31,19,B04,CH1,C00000,CMP000,4,15,164.2
O014952,2026-01-31,22,B04,CH4,C00000,CMP000,0,3,24.3
O014953,2026-01-31,12,B04,CH1,C00000,CMP007,3,9,52.5
O014954,2026-01-31,14,B04,CH1,C00000,CMP000,3,7,60.85
O014955,2026-01-31,19,B04,CH3,C00000,CMP000,0,2,19.55
O014956,2026-01-31,22,B04,CH1,C00000,CMP007,4,15,113.81
O014957,2026-02-01,14,B04,CH1,C03449,CMP000,3,8,69.9
O014958,2026-02-01,22,B04,CH1,C00000,CMP000,2,7,66.3
O014959,2026-02-01,16,B04,CH2,C00000,CMP000,0,6,61.7
O014960,2026-02-02,20,B04,CH1,C00000,CMP000,2,8,77.3
O014961,2026-02-02,20,B04,CH1,C00000,CMP000,4,13,184.1
O014962,2026-02-02,17,B04,CH1,C03379,CMP000,2,8,66.4
O014963,2026-02-02,19,B04,CH1,C00000,CMP000,2,9,100.8
O014964,2026-02-02,13,B04,CH1,C01510,CMP000,3,7,67.2
O014965,2026-02-02,22,B04,CH1,C04769,CMP000,4,12,129.5
O014966,2026-02-04,13,B04,CH3,C00000,CMP000,0,3,31.5
O014967,2026-02-04,17,B04,CH2,C00676,CMP000,0,3,22.7
O014968,2026-02-05,14,B04,CH1,C04250,CMP000,4,10,105.9
O014969,2026-02-05,22,B04,CH1,C00000,CMP000,2,7,71.0
O014970,2026-02-05,15,B04,CH1,C00000,CMP000,5,18,190.2
O014971,2026-02-05,20,B04,CH1,C00000,CMP000,5,15,165.4
O014972,2026-02-05,20,B04,CH1,C00000,CMP000,2,9,84.0
O014973,2026-02-05,22,B04,CH3,C03739,CMP000,0,1,16.0
O014974,2026-02-05,20,B04,CH1,C00000,CMP000,3,11,104.0
O014975,2026-02-06,17,B04,CH3,C00000,CMP000,0,3,28.5
O014976,2026-02-06,19,B04,CH1,C01742,CMP000,1,3,28.0
O014977,2026-02-06,13,B04,CH2,C00000,CMP000,0,5,42.7
O014978,2026-02-06,20,B04,CH1,C01714,CMP000,4,15,127.8
O014979,2026-02-06,21,B04,CH1,C00000,CMP000,4,11,118.7
O014980,2026-02-06,18,B04,CH1,C00000,CMP000,2,5,49.0
O014981,2026-02-06,12,B04,CH2,C00000,CMP000,0,2,17.8
O014982,2026-02-06,20,B04,CH1,C00000,CMP000,2,5,57.8
O014983,2026-02-07,13,B04,CH1,C01742,CMP000,4,12,100.1
O014984,2026-02-07,20,B04,CH1,C04584,CMP000,2,7,72.3
O014985,2026-02-07,21,B04,CH1,C00000,CMP000,4,11,118.9
O014986,2026-02-07,18,B04,CH1,C00000,CMP000,6,19,230.6
O014987,2026-02-07,15,B04,CH1,C00000,CMP000,2,7,92.8
O014988,2026-02-08,19,B04,CH1,C02862,CMP000,7,20,214.8
O014989,2026-02-08,18,B04,CH1,C00000,CMP000,2,6,64.0
O014990,2026-02-11,20,B04,CH3,C00000,CMP000,0,5,54.7
O014991,2026-02-11,19,B04,CH1,C00000,CMP000,6,14,145.9
O014992,2026-02-11,13,B04,CH1,C00000,CMP000,2,6,67.0
O014993,2026-02-12,22,B04,CH1,C00000,CMP000,1,4,30.6
O014994,2026-02-12,19,B04,CH1,C00000,CMP000,3,11,167.1
O014995,2026-02-12,18,B04,CH4,C02785,CMP000,0,4,51.0
O014996,2026-02-12,17,B04,CH3,C04826,CMP000,0,5,44.7
O014997,2026-02-12,21,B04,CH1,C00000,CMP000,5,14,157.6
O014998,2026-02-13,22,B04,CH4,C00000,CMP000,0,2,17.2
O014999,2026-02-13,21,B04,CH1,C00000,CMP000,4,11,116.8
O015000,2026-02-13,22,B04,CH1,C02785,CMP000,2,6,67.0
O015001,2026-02-13,14,B04,CH1,C00000,CMP000,3,7,73.2
O015002,2026-02-13,21,B04,CH1,C00000,CMP000,2,5,58.0
O015003,2026-02-13,20,B04,CH4,C01742,CMP000,0,7,91.0
O015004,2026-02-13,17,B04,CH4,C00000,CMP000,0,2,24.0
O015005,2026-02-13,18,B04,CH1,C01742,CMP000,2,6,77.8
O015006,2026-02-13,20,B04,CH1,C01181,CMP000,3,10,100.6
O015007,2026-02-13,18,B04,CH3,C00000,CMP000,0,3,25.5
O015008,2026-02-14,17,B04,CH4,C00000,CMP000,0,3,35.0
O015009,2026-02-14,12,B04,CH3,C00000,CMP000,0,7,57.9
O015010,2026-02-14,19,B04,CH1,C00000,CMP000,3,9,85.1
O015011,2026-02-14,12,B04,CH4,C00000,CMP000,0,1,26.0
O015012,2026-02-14,18,B04,CH4,C00000,CMP000,0,6,56.2
O015013,2026-02-14,13,B04,CH1,C03379,CMP000,4,10,96.2
O015014,2026-02-14,21,B04,CH3,C00000,CMP000,0,3,26.2
O015015,2026-02-14,12,B04,CH1,C02366,CMP000,4,12,102.7
O015016,2026-02-15,19,B04,CH1,C04539,CMP000,2,3,36.7
O015017,2026-02-15,13,B04,CH2,C00000,CMP000,0,4,32.2
O015018,2026-02-15,20,B04,CH4,C00000,CMP000,0,7,70.5
O015019,2026-02-15,18,B04,CH3,C02862,CMP000,0,5,48.0
O015020,2026-02-16,18,B04,CH3,C03739,CMP000,0,2,23.0
O015021,2026-02-16,21,B04,CH2,C00000,CMP000,0,4,51.5
O015022,2026-02-16,20,B04,CH4,C04911,CMP000,0,5,49.2
O015023,2026-02-18,20,B04,CH1,C00000,CMP000,2,6,58.2
O015024,2026-02-18,19,B04,CH1,C00000,CMP008,4,13,83.72
O015025,2026-02-18,13,B04,CH1,C04965,CMP000,3,8,94.5
O015026,2026-02-19,18,B04,CH3,C00000,CMP000,0,6,72.8
O015027,2026-02-19,21,B04,CH1,C00000,CMP000,1,2,28.2
O015028,2026-02-19,19,B04,CH4,C03652,CMP000,0,6,49.1
O015029,2026-02-19,12,B04,CH1,C00000,CMP000,2,5,54.4
O015030,2026-02-19,13,B04,CH1,C00000,CMP000,3,11,85.5
O015031,2026-02-19,21,B04,CH2,C00000,CMP000,0,4,91.2
O015032,2026-02-19,19,B04,CH4,C00158,CMP000,0,8,75.3
O015033,2026-02-20,18,B04,CH1,C04193,CMP000,2,6,56.0
O015034,2026-02-20,19,B04,CH1,C00000,CMP000,7,20,247.4
O015035,2026-02-20,14,B04,CH1,C04385,CMP000,7,17,203.0
O015036,2026-02-20,19,B04,CH1,C01217,CMP000,4,13,116.3
O015037,2026-02-20,21,B04,CH1,C02432,CMP000,3,9,93.5
O015038,2026-02-20,13,B04,CH3,C00000,CMP000,0,5,45.5
O015039,2026-02-20,14,B04,CH3,C00000,CMP000,0,3,33.5
O015040,2026-02-20,17,B04,CH4,C00000,CMP000,0,3,26.5
O015041,2026-02-20,14,B04,CH3,C02869,CMP000,0,1,21.0
O015042,2026-02-20,19,B04,CH1,C00000,CMP000,4,14,142.9
O015043,2026-02-21,14,B04,CH1,C00000,CMP000,1,4,28.2
O015044,2026-02-21,19,B04,CH1,C00000,CMP000,1,2,23.0
O015045,2026-02-21,22,B04,CH1,C02785,CMP000,4,12,108.5
O015046,2026-02-21,14,B04,CH1,C00000,CMP000,2,4,52.0
O015047,2026-02-21,21,B04,CH4,C00000,CMP000,0,6,54.7
O015048,2026-02-21,19,B04,CH1,C02862,CMP000,1,4,39.5
O015049,2026-02-21,22,B04,CH4,C00000,CMP000,0,5,49.2
O015050,2026-02-22,14,B04,CH1,C04516,CMP000,2,5,64.3
O015051,2026-02-22,13,B04,CH1,C00525,CMP000,7,20,178.3
O015052,2026-02-22,14,B04,CH2,C00000,CMP000,0,3,43.0
O015053,2026-02-22,21,B04,CH2,C00000,CMP000,0,2,19.5
O015054,2026-02-23,22,B04,CH1,C01764,CMP000,2,7,104.0
O015055,2026-02-23,17,B04,CH1,C03051,CMP000,4,12,112.3
O015056,2026-02-23,22,B04,CH1,C00000,CMP000,4,14,130.5
O015057,2026-02-23,21,B04,CH1,C04826,CMP000,3,10,101.0
O015058,2026-02-25,20,B04,CH1,C01742,CMP000,1,3,32.0
O015059,2026-02-25,17,B04,CH1,C00000,CMP008,6,18,125.79
O015060,2026-02-25,18,B04,CH4,C03652,CMP000,0,6,93.7
O015061,2026-02-25,14,B04,CH4,C00000,CMP000,0,9,86.5
O015062,2026-02-26,14,B04,CH1,C00000,CMP000,8,20,210.3
O015063,2026-02-27,18,B04,CH1,C01472,CMP000,3,12,98.2
O015064,2026-02-27,20,B04,CH1,C00000,CMP000,2,6,64.6
O015065,2026-02-28,20,B04,CH1,C00000,CMP000,2,6,45.9
O015066,2026-02-28,20,B04,CH3,C03652,CMP000,0,2,21.5
O015067,2026-02-28,20,B04,CH1,C03496,CMP000,4,13,114.1
O015068,2026-02-28,18,B04,CH2,C00000,CMP000,0,3,28.0
O015069,2026-02-28,16,B04,CH1,C04516,CMP000,2,7,85.0
O015070,2026-02-28,22,B04,CH1,C00000,CMP000,6,17,166.0
O015071,2026-02-28,15,B04,CH1,C00000,CMP000,2,7,79.1
O015072,2026-02-28,14,B04,CH4,C00000,CMP000,0,3,33.8
O015073,2026-02-28,20,B04,CH1,C00000,CMP000,1,2,23.5
O015074,2026-02-28,20,B04,CH1,C00000,CMP000,1,3,46.3
O015075,2026-02-28,14,B04,CH1,C03739,CMP000,2,5,56.3
O015076,2026-02-28,15,B04,CH1,C00000,CMP000,4,14,152.8
O015077,2026-03-01,19,B04,CH1,C00000,CMP000,8,30,273.6
O015078,2026-03-01,13,B04,CH1,C01235,CMP000,4,11,106.1
O015079,2026-03-01,13,B04,CH1,C01138,CMP000,4,11,110.5
O015080,2026-03-01,17,B04,CH4,C00000,CMP000,0,5,41.3
O015081,2026-03-01,14,B04,CH1,C00000,CMP000,4,12,122.2
O015082,2026-03-01,14,B04,CH1,C00000,CMP000,4,12,111.4
O015083,2026-03-02,18,B04,CH4,C00000,CMP000,0,2,17.2
O015084,2026-03-02,18,B04,CH1,C02822,CMP000,4,14,134.7
O015085,2026-03-02,19,B04,CH3,C03075,CMP000,0,10,100.3
O015086,2026-03-05,19,B04,CH2,C02785,CMP000,0,5,46.7
O015087,2026-03-05,16,B04,CH2,C00000,CMP000,0,6,71.4
O015088,2026-03-05,22,B04,CH1,C04664,CMP000,4,11,118.3
O015089,2026-03-05,13,B04,CH1,C00000,CMP000,1,3,43.0
O015090,2026-03-05,21,B04,CH4,C04078,CMP000,0,9,90.2
O015091,2026-03-06,18,B04,CH3,C00000,CMP000,0,3,25.8
O015092,2026-03-06,19,B04,CH1,C01099,CMP000,2,5,65.5
O015093,2026-03-06,21,B04,CH4,C00000,CMP000,0,7,93.4
O015094,2026-03-06,22,B04,CH1,C00000,CMP000,2,9,73.1
O015095,2026-03-06,13,B04,CH1,C00000,CMP000,4,14,148.2
O015096,2026-03-06,12,B04,CH4,C00000,CMP000,0,6,55.3
O015097,2026-03-06,18,B04,CH1,C02790,CMP000,1,4,28.4
O015098,2026-03-06,22,B04,CH1,C00000,CMP000,3,9,96.8
O015099,2026-03-06,19,B04,CH1,C00000,CMP000,4,15,178.2
O015100,2026-03-06,20,B04,CH1,C02785,CMP000,2,9,82.7
O015101,2026-03-07,13,B04,CH1,C00000,CMP000,2,5,44.7
O015102,2026-03-07,18,B04,CH2,C01424,CMP000,0,6,54.7
O015103,2026-03-07,22,B04,CH1,C00000,CMP000,2,4,51.7
O015104,2026-03-07,17,B04,CH3,C00000,CMP000,0,3,22.7
O015105,2026-03-07,18,B04,CH1,C00000,CMP000,4,11,109.1
O015106,2026-03-07,22,B04,CH1,C00250,CMP000,4,12,117.5
O015107,2026-03-07,19,B04,CH1,C00000,CMP000,1,2,20.5
O015108,2026-03-07,20,B04,CH1,C00000,CMP000,3,11,108.2
O015109,2026-03-07,19,B04,CH1,C04089,CMP000,6,21,196.0
O015110,2026-03-07,12,B04,CH1,C04826,CMP000,2,6,60.8
O015111,2026-03-08,21,B04,CH4,C01742,CMP000,0,1,15.5
O015112,2026-03-08,20,B04,CH2,C01640,CMP000,0,5,45.2
O015113,2026-03-08,13,B04,CH4,C00000,CMP000,0,4,51.7
O015114,2026-03-08,22,B04,CH1,C00000,CMP000,6,17,189.7
O015115,2026-03-08,12,B04,CH1,C00000,CMP000,5,11,113.7
O015116,2026-03-08,21,B04,CH3,C00000,CMP000,0,3,26.5
O015117,2026-03-09,13,B04,CH1,C02785,CMP000,2,6,66.3
O015118,2026-03-09,13,B04,CH1,C02357,CMP000,4,8,82.3
O015119,2026-03-09,16,B04,CH1,C00000,CMP000,3,9,118.3
O015120,2026-03-11,13,B04,CH1,C00000,CMP000,2,5,45.3
O015121,2026-03-11,14,B04,CH1,C00000,CMP000,4,12,114.2
O015122,2026-03-11,19,B04,CH1,C00000,CMP000,8,26,236.5
O015123,2026-03-11,12,B04,CH1,C00000,CMP000,1,3,27.2
O015124,2026-03-11,16,B04,CH1,C00000,CMP000,4,12,142.1
O015125,2026-03-12,21,B04,CH1,C00000,CMP000,1,4,32.3
O015126,2026-03-12,13,B04,CH3,C00000,CMP000,0,1,30.0
O015127,2026-03-12,21,B04,CH1,C00000,CMP000,4,17,164.6
O015128,2026-03-12,12,B04,CH1,C04089,CMP000,5,13,164.2
O015129,2026-03-12,14,B04,CH1,C00000,CMP000,6,18,156.5
O015130,2026-03-12,16,B04,CH4,C00000,CMP000,0,3,31.5
O015131,2026-03-12,12,B04,CH1,C00965,CMP000,6,18,163.4
O015132,2026-03-13,14,B04,CH1,C00000,CMP000,1,3,24.5
O015133,2026-03-13,17,B04,CH1,C00000,CMP000,2,8,73.2
O015134,2026-03-13,16,B04,CH1,C00000,CMP000,7,20,185.3
O015135,2026-03-13,14,B04,CH3,C04766,CMP000,0,7,63.2
O015136,2026-03-13,21,B04,CH1,C00000,CMP000,4,11,121.7
O015137,2026-03-14,15,B04,CH2,C00000,CMP000,0,3,24.2
O015138,2026-03-14,18,B04,CH1,C02785,CMP000,4,10,122.3
O015139,2026-03-14,14,B04,CH2,C00000,CMP000,0,2,17.2
O015140,2026-03-14,13,B04,CH1,C04826,CMP000,2,5,61.1
O015141,2026-03-14,17,B04,CH4,C00000,CMP000,0,2,27.5
O015142,2026-03-14,20,B04,CH1,C00000,CMP000,2,7,68.0
O015143,2026-03-14,22,B04,CH1,C00000,CMP000,2,7,67.3
O015144,2026-03-15,15,B04,CH3,C00000,CMP000,0,3,21.7
O015145,2026-03-15,21,B04,CH4,C00000,CMP000,0,8,73.4
O015146,2026-03-15,17,B04,CH3,C00000,CMP000,0,4,41.7
O015147,2026-03-15,18,B04,CH1,C00000,CMP000,3,9,116.1
O015148,2026-03-15,21,B04,CH1,C00000,CMP000,4,10,99.9
O015149,2026-03-16,22,B04,CH3,C00000,CMP000,0,2,23.3
O015150,2026-03-16,12,B04,CH1,C00000,CMP000,6,15,151.3
O015151,2026-03-16,21,B04,CH1,C02432,CMP000,8,21,272.0
O015152,2026-03-16,22,B04,CH1,C00000,CMP000,3,10,93.7
O015153,2026-03-19,19,B04,CH4,C03739,CMP000,0,4,37.7
O015154,2026-03-19,18,B04,CH4,C00000,CMP000,0,1,23.5
O015155,2026-03-19,21,B04,CH1,C02357,CMP000,1,1,21.0
O015156,2026-03-19,20,B04,CH1,C04421,CMP000,2,6,90.3
O015157,2026-03-19,16,B04,CH1,C00000,CMP000,1,2,26.0
O015158,2026-03-19,12,B04,CH1,C02543,CMP000,5,17,146.0
O015159,2026-03-20,13,B04,CH3,C00000,CMP000,0,3,32.0
O015160,2026-03-20,17,B04,CH1,C00000,CMP000,1,4,34.3
O015161,2026-03-20,13,B04,CH4,C00000,CMP000,0,7,74.8
O015162,2026-03-20,22,B04,CH1,C00000,CMP000,2,7,73.5
O015163,2026-03-20,12,B04,CH1,C00795,CMP000,1,4,44.5
O015164,2026-03-21,17,B04,CH3,C00000,CMP000,0,6,46.0
O015165,2026-03-21,20,B04,CH1,C00088,CMP000,2,8,71.8
O015166,2026-03-21,22,B04,CH4,C00000,CMP000,0,8,76.7
O015167,2026-03-21,22,B04,CH1,C02432,CMP000,2,6,62.8
O015168,2026-03-21,18,B04,CH1,C00000,CMP000,4,16,174.2
O015169,2026-03-21,18,B04,CH3,C04188,CMP000,0,7,74.9
O015170,2026-03-21,22,B04,CH3,C00000,CMP000,0,5,44.7
O015171,2026-03-22,19,B04,CH1,C00000,CMP000,2,6,58.7
O015172,2026-03-22,19,B04,CH1,C00000,CMP000,1,2,26.8
O015173,2026-03-23,19,B04,CH1,C00000,CMP000,3,11,89.5
O015174,2026-03-23,18,B04,CH1,C00000,CMP000,6,25,247.5
O015175,2026-03-23,20,B04,CH4,C00000,CMP000,0,4,40.0
O015176,2026-03-25,22,B04,CH1,C00000,CMP000,4,13,126.3
O015177,2026-03-25,18,B04,CH1,C02142,CMP000,4,12,117.2
O015178,2026-03-25,22,B04,CH1,C00000,CMP000,1,3,28.8
O015179,2026-03-25,22,B04,CH3,C00000,CMP000,0,4,42.2
O015180,2026-03-25,19,B04,CH1,C03014,CMP000,2,7,133.7
O015181,2026-03-25,21,B04,CH1,C00000,CMP000,2,7,68.0
O015182,2026-03-26,19,B04,CH3,C03162,CMP000,0,2,36.5
O015183,2026-03-26,22,B04,CH1,C00000,CMP000,6,15,145.5
O015184,2026-03-27,17,B04,CH1,C01103,CMP000,2,6,58.5
O015185,2026-03-28,15,B04,CH2,C00000,CMP000,0,5,49.7
O015186,2026-03-28,21,B04,CH1,C00000,CMP000,1,4,44.5
O015187,2026-03-28,13,B04,CH4,C00000,CMP000,0,6,55.0
O015188,2026-03-29,14,B04,CH1,C01071,CMP000,2,5,40.9
O015189,2026-03-29,21,B04,CH1,C00000,CMP000,3,8,80.4
O015190,2026-03-30,22,B04,CH1,C00000,CMP000,2,5,72.0
O015191,2026-03-30,21,B04,CH1,C02785,CMP000,1,3,28.0
O015192,2026-04-01,19,B04,CH1,C02357,CMP008,4,13,122.5
O015193,2026-04-01,22,B04,CH1,C00000,CMP008,2,9,57.96
O015194,2026-04-01,22,B04,CH3,C00000,CMP000,0,13,131.6
O015195,2026-04-01,21,B04,CH1,C03275,CMP000,4,13,112.8
O015196,2026-04-01,20,B04,CH1,C00000,CMP000,3,7,90.2
O015197,2026-04-01,18,B04,CH2,C00000,CMP000,0,3,22.2
O015198,2026-04-01,17,B04,CH1,C00000,CMP008,4,16,116.2
O015199,2026-04-01,20,B04,CH1,C00000,CMP000,4,12,126.3
O015200,2026-04-02,22,B04,CH1,C00000,CMP000,5,18,165.8
O015201,2026-04-02,19,B04,CH1,C00000,CMP000,4,12,151.6
O015202,2026-04-02,19,B04,CH1,C04584,CMP000,2,7,63.3
O015203,2026-04-02,18,B04,CH1,C00000,CMP000,1,4,33.2
O015204,2026-04-03,14,B04,CH1,C03744,CMP000,2,5,49.5
O015205,2026-04-03,21,B04,CH1,C02564,CMP000,3,9,84.0
O015206,2026-04-03,19,B04,CH1,C00000,CMP000,7,22,237.3
O015207,2026-04-03,13,B04,CH2,C00000,CMP000,0,1,14.5
O015208,2026-04-03,20,B04,CH1,C01071,CMP000,1,5,39.8
O015209,2026-04-03,18,B04,CH3,C00000,CMP000,0,4,34.0
O015210,2026-04-04,21,B04,CH1,C00000,CMP000,1,2,19.7
O015211,2026-04-04,12,B04,CH1,C00000,CMP000,3,9,73.2
O015212,2026-04-04,18,B04,CH1,C00000,CMP000,2,7,74.0
O015213,2026-04-04,21,B04,CH1,C03652,CMP000,2,7,72.0
O015214,2026-04-04,13,B04,CH1,C00000,CMP000,4,14,130.2
O015215,2026-04-05,12,B04,CH1,C01071,CMP000,4,14,125.7
O015216,2026-04-05,18,B04,CH1,C01071,CMP000,5,13,156.7
O015217,2026-04-05,18,B04,CH1,C00000,CMP000,2,5,52.8
O015218,2026-04-05,14,B04,CH1,C00000,CMP000,1,2,20.5
O015219,2026-04-05,15,B04,CH1,C03267,CMP000,2,5,50.6
O015220,2026-04-05,21,B04,CH2,C01742,CMP000,0,2,31.0
O015221,2026-04-05,20,B04,CH1,C00000,CMP000,2,6,68.2
O015222,2026-04-05,19,B04,CH2,C00000,CMP000,0,8,121.4
O015223,2026-04-05,18,B04,CH1,C00000,CMP000,2,5,46.7
O015224,2026-04-06,18,B04,CH1,C00000,CMP000,2,6,52.2
O015225,2026-04-06,16,B04,CH1,C00139,CMP000,6,21,240.8
O015226,2026-04-06,14,B04,CH1,C00000,CMP000,6,15,169.9
O015227,2026-04-06,16,B04,CH3,C04826,CMP000,0,5,49.8
O015228,2026-04-06,18,B04,CH3,C00000,CMP000,0,1,34.0
O015229,2026-04-06,21,B04,CH2,C04826,CMP000,0,4,39.0
O015230,2026-04-06,20,B04,CH1,C00000,CMP000,3,10,87.8
O015231,2026-04-06,17,B04,CH1,C00000,CMP000,1,3,50.7
O015232,2026-04-08,14,B04,CH4,C00000,CMP000,0,9,92.2
O015233,2026-04-08,21,B04,CH3,C03075,CMP000,0,7,62.4
O015234,2026-04-08,18,B04,CH3,C00000,CMP000,0,2,19.5
O015235,2026-04-09,17,B04,CH4,C00000,CMP000,0,10,105.4
O015236,2026-04-09,19,B04,CH1,C00000,CMP000,5,15,161.0
O015237,2026-04-09,19,B04,CH1,C00753,CMP000,3,6,69.3
O015238,2026-04-10,16,B04,CH1,C00000,CMP000,2,5,64.8
O015239,2026-04-10,21,B04,CH1,C00000,CMP000,1,4,39.6
O015240,2026-04-10,22,B04,CH4,C00000,CMP000,0,2,22.5
O015241,2026-04-10,19,B04,CH2,C03739,CMP000,0,3,20.3
O015242,2026-04-10,14,B04,CH1,C00000,CMP000,6,16,164.6
O015243,2026-04-11,20,B04,CH1,C04707,CMP000,6,18,200.2
O015244,2026-04-11,21,B04,CH2,C00000,CMP000,0,2,20.5
O015245,2026-04-11,21,B04,CH1,C02277,CMP000,2,5,59.8
O015246,2026-04-11,12,B04,CH1,C02761,CMP000,1,2,17.3
O015247,2026-04-11,22,B04,CH3,C00000,CMP000,0,3,22.7
O015248,2026-04-11,18,B04,CH1,C00000,CMP000,2,7,62.0
O015249,2026-04-12,15,B04,CH1,C00000,CMP000,4,11,127.3
O015250,2026-04-12,19,B04,CH1,C04826,CMP000,5,15,152.3
O015251,2026-04-12,17,B04,CH3,C00000,CMP000,0,9,84.5
O015252,2026-04-12,13,B04,CH1,C00000,CMP000,2,4,125.0
O015253,2026-04-12,13,B04,CH1,C00000,CMP000,6,14,170.5
O015254,2026-04-12,21,B04,CH1,C00000,CMP000,2,6,111.0
O015255,2026-04-12,18,B04,CH3,C00000,CMP000,0,3,26.2
O015256,2026-04-13,17,B04,CH4,C00000,CMP000,0,3,32.5
O015257,2026-04-13,17,B04,CH3,C00000,CMP000,0,5,103.8
O015258,2026-04-13,22,B04,CH1,C00000,CMP000,2,6,61.0
O015259,2026-04-13,19,B04,CH1,C00000,CMP000,2,5,49.7
O015260,2026-04-13,18,B04,CH1,C00000,CMP000,2,7,67.7
O015261,2026-04-15,14,B04,CH2,C00283,CMP000,0,7,64.4
O015262,2026-04-15,19,B04,CH1,C01071,CMP008,2,7,41.3
O015263,2026-04-15,21,B04,CH1,C00250,CMP000,4,12,103.7
O015264,2026-04-15,18,B04,CH1,C02790,CMP000,2,7,70.8
O015265,2026-04-15,20,B04,CH2,C01071,CMP000,0,2,38.0
O015266,2026-04-16,18,B04,CH1,C00000,CMP000,3,12,106.6
O015267,2026-04-16,19,B04,CH1,C00000,CMP000,7,28,257.4
O015268,2026-04-16,20,B04,CH1,C02684,CMP000,6,19,179.5
O015269,2026-04-16,12,B04,CH2,C00000,CMP000,0,1,16.5
O015270,2026-04-16,21,B04,CH1,C00000,CMP000,4,9,126.3
O015271,2026-04-16,14,B04,CH1,C00000,CMP000,3,5,83.2
O015272,2026-04-17,18,B04,CH1,C03739,CMP000,4,13,123.2
O015273,2026-04-17,21,B04,CH1,C00000,CMP000,4,12,147.3
O015274,2026-04-17,20,B04,CH4,C00000,CMP000,0,5,41.2
O015275,2026-04-17,20,B04,CH1,C00000,CMP000,2,6,64.7
O015276,2026-04-17,14,B04,CH1,C02357,CMP000,2,5,46.7
O015277,2026-04-17,13,B04,CH1,C00000,CMP000,3,11,97.9
O015278,2026-04-18,20,B04,CH1,C00000,CMP000,3,8,84.3
O015279,2026-04-18,13,B04,CH1,C00000,CMP000,2,5,54.8
O015280,2026-04-18,21,B04,CH3,C00000,CMP000,0,6,48.8
O015281,2026-04-18,12,B04,CH3,C01714,CMP000,0,2,21.0
O015282,2026-04-18,20,B04,CH2,C00000,CMP000,0,5,35.7
O015283,2026-04-18,13,B04,CH2,C00000,CMP000,0,5,47.2
O015284,2026-04-18,14,B04,CH1,C00000,CMP000,2,4,61.8
O015285,2026-04-18,22,B04,CH1,C03652,CMP000,4,9,97.0
O015286,2026-04-18,20,B04,CH1,C00000,CMP000,5,19,196.6
O015287,2026-04-18,16,B04,CH4,C00000,CMP000,0,3,24.5
O015288,2026-04-18,19,B04,CH1,C02224,CMP000,5,17,180.0
O015289,2026-04-18,19,B04,CH1,C04826,CMP000,1,4,32.3
O015290,2026-04-19,18,B04,CH1,C00000,CMP000,2,5,54.8
O015291,2026-04-19,14,B04,CH1,C00000,CMP000,2,3,51.7
O015292,2026-04-19,18,B04,CH1,C00000,CMP000,2,6,82.0
O015293,2026-04-19,18,B04,CH1,C00000,CMP000,2,5,62.8
O015294,2026-04-19,22,B04,CH1,C00000,CMP000,2,7,52.0
O015295,2026-04-19,22,B04,CH3,C02889,CMP000,0,1,14.5
O015296,2026-04-20,18,B04,CH3,C00000,CMP000,0,2,19.5
O015297,2026-04-20,17,B04,CH1,C00000,CMP000,2,6,51.1
O015298,2026-04-20,17,B04,CH2,C00000,CMP000,0,3,25.0
O015299,2026-04-20,12,B04,CH1,C02488,CMP000,4,11,105.2
O015300,2026-04-20,13,B04,CH1,C00000,CMP000,1,2,26.0
O015301,2026-04-20,18,B04,CH1,C00676,CMP000,3,12,115.0
O015302,2026-04-22,21,B04,CH1,C00000,CMP000,4,11,116.1
O015303,2026-04-22,22,B04,CH1,C00000,CMP000,4,15,159.3
O015304,2026-04-23,22,B04,CH1,C00000,CMP000,4,14,126.8
O015305,2026-04-23,14,B04,CH1,C00000,CMP000,2,4,44.8
O015306,2026-04-23,14,B04,CH3,C04893,CMP000,0,5,45.7
O015307,2026-04-23,19,B04,CH4,C00000,CMP000,0,5,46.7
O015308,2026-04-23,20,B04,CH3,C00000,CMP000,0,5,54.0
O015309,2026-04-23,20,B04,CH1,C03763,CMP000,1,3,26.7
O015310,2026-04-24,13,B04,CH1,C02785,CMP000,2,6,74.7
O015311,2026-04-24,22,B04,CH4,C02862,CMP000,0,3,22.8
O015312,2026-04-24,13,B04,CH1,C00000,CMP000,4,9,102.9
O015313,2026-04-24,13,B04,CH1,C00000,CMP000,1,3,24.8
O015314,2026-04-24,22,B04,CH1,C01742,CMP000,3,10,99.9
O015315,2026-04-24,19,B04,CH1,C00000,CMP000,2,7,54.8
O015316,2026-04-24,13,B04,CH3,C00000,CMP000,0,2,29.2
O015317,2026-04-24,17,B04,CH4,C00000,CMP000,0,12,107.2
O015318,2026-04-24,22,B04,CH1,C03379,CMP000,4,13,118.0
O015319,2026-04-25,20,B04,CH4,C00000,CMP000,0,6,50.4
O015320,2026-04-25,19,B04,CH3,C00000,CMP000,0,5,51.0
O015321,2026-04-25,14,B04,CH3,C00000,CMP000,0,2,17.5
O015322,2026-04-25,20,B04,CH1,C04240,CMP000,3,13,109.0
O015323,2026-04-25,20,B04,CH1,C00000,CMP000,6,19,177.0
O015324,2026-04-25,20,B04,CH1,C03343,CMP000,4,12,120.7
O015325,2026-04-25,21,B04,CH1,C00000,CMP000,3,8,79.2
O015326,2026-04-26,22,B04,CH1,C00000,CMP000,2,4,41.7
O015327,2026-04-26,18,B04,CH1,C02785,CMP000,3,8,89.6
O015328,2026-04-27,18,B04,CH1,C00000,CMP000,4,13,177.5
O015329,2026-04-27,13,B04,CH1,C02608,CMP000,4,11,105.3
O015330,2026-04-27,20,B04,CH1,C00000,CMP000,2,6,61.5
O015331,2026-04-29,16,B04,CH1,C00000,CMP000,2,7,89.3
O015332,2026-04-29,20,B04,CH1,C03379,CMP000,2,8,74.0
O015333,2026-04-29,18,B04,CH1,C00000,CMP000,2,5,61.5
O015334,2026-04-29,19,B04,CH1,C00000,CMP000,2,7,62.3
O015335,2026-04-29,19,B04,CH4,C03788,CMP000,0,3,27.5
O015336,2026-04-30,20,B04,CH4,C00000,CMP000,0,3,32.0
O015337,2026-04-30,18,B04,CH2,C00000,CMP000,0,11,123.4
O015338,2026-04-30,17,B04,CH3,C00000,CMP000,0,2,17.8
O015339,2026-04-30,17,B04,CH1,C01742,CMP000,4,15,156.5
O015340,2026-04-30,16,B04,CH3,C00000,CMP000,0,5,46.3
O015341,2026-04-30,19,B04,CH3,C00000,CMP000,0,1,14.0
O015342,2026-04-30,19,B04,CH1,C03689,CMP000,1,5,54.8
O015343,2026-04-30,21,B04,CH4,C00000,CMP000,0,6,53.3
O015344,2026-04-30,20,B04,CH1,C02785,CMP000,2,7,61.9
O015345,2026-04-30,16,B04,CH3,C00000,CMP000,0,5,46.2
O015346,2026-05-01,19,B04,CH1,C00000,CMP000,6,18,193.5
O015347,2026-05-01,20,B04,CH2,C00000,CMP000,0,4,33.5
O015348,2026-05-01,22,B04,CH1,C00973,CMP000,4,12,128.5
O015349,2026-05-01,18,B04,CH2,C00000,CMP000,0,5,62.2
O015350,2026-05-01,19,B04,CH4,C00000,CMP000,0,7,64.5
O015351,2026-05-01,17,B04,CH3,C00000,CMP000,0,6,70.0
O015352,2026-05-01,19,B04,CH4,C00000,CMP000,0,6,85.0
O015353,2026-05-01,21,B04,CH1,C00000,CMP000,2,9,68.8
O015354,2026-05-02,12,B04,CH1,C04066,CMP000,2,8,70.1
O015355,2026-05-02,21,B04,CH3,C00000,CMP000,0,2,23.5
O015356,2026-05-02,17,B04,CH4,C00000,CMP000,0,4,52.7
O015357,2026-05-02,14,B04,CH1,C00000,CMP000,2,6,64.2
O015358,2026-05-02,18,B04,CH1,C02684,CMP000,4,12,106.8
O015359,2026-05-02,18,B04,CH1,C00000,CMP000,4,14,125.5
O015360,2026-05-02,16,B04,CH1,C00000,CMP000,7,20,218.6
O015361,2026-05-02,21,B04,CH1,C00000,CMP000,4,12,122.7
O015362,2026-05-02,17,B04,CH3,C03689,CMP000,0,1,15.5
O015363,2026-05-03,12,B04,CH3,C01071,CMP000,0,2,20.7
O015364,2026-05-03,19,B04,CH1,C00000,CMP000,4,15,142.5
O015365,2026-05-03,20,B04,CH3,C00000,CMP000,0,2,22.5
O015366,2026-05-04,21,B04,CH1,C00000,CMP000,4,10,164.7
O015367,2026-05-04,20,B04,CH1,C02790,CMP000,2,7,71.8
O015368,2026-05-04,20,B04,CH1,C00000,CMP000,3,9,91.0
O015369,2026-05-06,12,B04,CH1,C00000,CMP000,4,11,120.0
O015370,2026-05-06,13,B04,CH1,C01472,CMP000,2,5,38.5
O015371,2026-05-06,19,B04,CH1,C00000,CMP000,1,5,58.7
O015372,2026-05-06,12,B04,CH1,C00613,CMP000,4,10,95.0
O015373,2026-05-07,17,B04,CH2,C00000,CMP000,0,2,26.5
O015374,2026-05-07,13,B04,CH1,C03069,CMP000,3,8,71.4
O015375,2026-05-07,20,B04,CH1,C00000,CMP000,6,19,216.1
O015376,2026-05-07,13,B04,CH1,C03744,CMP000,2,8,70.2
O015377,2026-05-07,19,B04,CH3,C00000,CMP000,0,5,52.2
O015378,2026-05-08,19,B04,CH4,C00000,CMP000,0,1,26.0
O015379,2026-05-08,18,B04,CH1,C00000,CMP000,8,23,239.4
O015380,2026-05-08,19,B04,CH2,C04266,CMP000,0,3,28.2
O015381,2026-05-08,18,B04,CH1,C02785,CMP000,4,10,124.1
O015382,2026-05-08,19,B04,CH1,C00000,CMP000,2,7,66.3
O015383,2026-05-08,15,B04,CH1,C00000,CMP000,2,5,82.0
O015384,2026-05-08,19,B04,CH3,C00000,CMP000,0,2,18.8
O015385,2026-05-08,13,B04,CH1,C00000,CMP000,4,10,99.0
O015386,2026-05-08,19,B04,CH1,C00000,CMP000,4,9,124.0
O015387,2026-05-09,19,B04,CH3,C01071,CMP000,0,3,32.8
O015388,2026-05-09,12,B04,CH1,C00000,CMP000,4,10,96.8
O015389,2026-05-09,17,B04,CH3,C03652,CMP000,0,7,84.2
O015390,2026-05-09,22,B04,CH1,C00000,CMP000,3,6,89.0
O015391,2026-05-09,18,B04,CH1,C02684,CMP000,1,4,32.8
O015392,2026-05-09,21,B04,CH3,C01087,CMP000,0,3,24.2
O015393,2026-05-10,19,B04,CH3,C00000,CMP000,0,5,48.0
O015394,2026-05-10,19,B04,CH1,C00000,CMP000,1,4,32.0
O015395,2026-05-10,20,B04,CH1,C00000,CMP000,2,8,84.0
O015396,2026-05-10,20,B04,CH1,C01071,CMP000,2,8,71.8
O015397,2026-05-10,19,B04,CH2,C00000,CMP000,0,4,30.8
O015398,2026-05-10,21,B04,CH1,C00000,CMP000,4,10,122.7
O015399,2026-05-11,16,B04,CH1,C00000,CMP000,2,7,93.7
O015400,2026-05-11,13,B04,CH1,C00000,CMP000,3,6,65.1
O015401,2026-05-11,19,B04,CH1,C00000,CMP000,4,13,160.8
O015402,2026-05-11,13,B04,CH1,C00000,CMP000,2,5,65.0
O015403,2026-05-11,19,B04,CH1,C00000,CMP000,4,12,127.7
O015404,2026-05-13,22,B04,CH1,C04826,CMP000,2,6,55.9
O015405,2026-05-13,17,B04,CH1,C00000,CMP000,4,13,128.4
O015406,2026-05-14,19,B04,CH1,C03739,CMP000,6,20,217.2
O015407,2026-05-14,18,B04,CH1,C00000,CMP000,2,4,55.7
O015408,2026-05-14,14,B04,CH2,C00000,CMP000,0,9,86.2
O015409,2026-05-14,21,B04,CH1,C02113,CMP000,2,5,58.1
O015410,2026-05-14,16,B04,CH3,C00000,CMP000,0,4,30.2
O015411,2026-05-14,19,B04,CH2,C01743,CMP000,0,9,102.2
O015412,2026-05-14,15,B04,CH3,C00000,CMP000,0,5,44.4
O015413,2026-05-15,17,B04,CH4,C00000,CMP000,0,2,22.0
O015414,2026-05-15,18,B04,CH1,C00000,CMP000,1,5,43.0
O015415,2026-05-15,15,B04,CH3,C00000,CMP000,0,3,22.2
O015416,2026-05-15,13,B04,CH1,C00000,CMP000,3,9,109.0
O015417,2026-05-15,13,B04,CH3,C00000,CMP000,0,6,49.2
O015418,2026-05-15,13,B04,CH1,C04081,CMP000,6,16,149.8
O015419,2026-05-15,17,B04,CH1,C00000,CMP000,2,5,52.5
O015420,2026-05-15,21,B04,CH4,C00000,CMP000,0,2,18.5
O015421,2026-05-15,21,B04,CH3,C00000,CMP000,0,9,76.9
O015422,2026-05-15,21,B04,CH4,C00000,CMP000,0,4,51.7
O015423,2026-05-16,19,B04,CH1,C01737,CMP000,8,29,328.1
O015424,2026-05-16,16,B04,CH1,C02790,CMP000,2,7,66.1
O015425,2026-05-16,19,B04,CH2,C00000,CMP000,0,5,45.9
O015426,2026-05-16,19,B04,CH1,C00000,CMP000,3,8,80.0
O015427,2026-05-16,18,B04,CH1,C00000,CMP000,4,14,138.4
O015428,2026-05-16,20,B04,CH2,C02013,CMP000,0,2,22.0
O015429,2026-05-16,18,B04,CH1,C03221,CMP000,2,3,49.5
O015430,2026-05-16,17,B04,CH1,C01071,CMP000,4,13,132.2
O015431,2026-05-16,18,B04,CH4,C04078,CMP000,0,2,23.0
O015432,2026-05-17,12,B04,CH1,C04158,CMP000,1,2,28.5
O015433,2026-05-17,20,B04,CH4,C02684,CMP000,0,9,117.5
O015434,2026-05-17,14,B04,CH3,C01742,CMP000,0,3,51.0
O015435,2026-05-17,19,B04,CH3,C00000,CMP000,0,7,65.2
O015436,2026-05-17,20,B04,CH1,C00000,CMP000,4,14,123.4
O015437,2026-05-17,22,B04,CH1,C03725,CMP000,4,17,172.3
O015438,2026-05-17,19,B04,CH1,C01742,CMP000,2,6,83.7
O015439,2026-05-17,17,B04,CH1,C00000,CMP000,2,6,62.0
O015440,2026-05-17,19,B04,CH1,C00000,CMP000,6,18,194.3
O015441,2026-05-17,20,B04,CH1,C00000,CMP000,4,11,121.3
O015442,2026-05-17,18,B04,CH4,C00000,CMP000,0,6,74.3
O015443,2026-05-17,16,B04,CH3,C00000,CMP000,0,5,53.2
O015444,2026-05-18,22,B04,CH1,C00000,CMP000,8,30,299.6
O015445,2026-05-18,17,B04,CH3,C00000,CMP000,0,5,47.2
O015446,2026-05-18,19,B04,CH1,C00000,CMP000,2,4,45.0
O015447,2026-05-20,19,B04,CH1,C03397,CMP000,2,7,131.5
O015448,2026-05-20,20,B04,CH1,C00000,CMP000,5,16,156.5
O015449,2026-05-20,18,B04,CH2,C00000,CMP000,0,2,17.2
O015450,2026-05-20,19,B04,CH3,C00000,CMP000,0,9,78.9
O015451,2026-05-20,17,B04,CH3,C00000,CMP000,0,5,46.0
O015452,2026-05-20,14,B04,CH4,C00000,CMP000,0,2,19.5
O015453,2026-05-20,13,B04,CH1,C00000,CMP000,3,11,117.2
O015454,2026-05-20,13,B04,CH1,C00000,CMP000,5,9,115.7
O015455,2026-05-21,12,B04,CH1,C00000,CMP000,4,12,140.7
O015456,2026-05-21,13,B04,CH1,C01742,CMP000,5,15,124.7
O015457,2026-05-21,14,B04,CH1,C02785,CMP000,1,3,26.2
O015458,2026-05-21,21,B04,CH1,C00000,CMP000,4,13,223.3
O015459,2026-05-21,17,B04,CH3,C00000,CMP000,0,3,23.7
O015460,2026-05-21,14,B04,CH1,C02790,CMP000,4,12,122.2
O015461,2026-05-22,22,B04,CH1,C03379,CMP000,5,15,147.1
O015462,2026-05-22,12,B04,CH1,C03162,CMP000,2,4,52.2
O015463,2026-05-22,20,B04,CH2,C00000,CMP000,0,2,22.0
O015464,2026-05-22,21,B04,CH1,C00000,CMP000,5,17,172.0
O015465,2026-05-22,19,B04,CH1,C00000,CMP000,4,12,128.3
O015466,2026-05-22,21,B04,CH1,C01071,CMP000,2,7,58.0
O015467,2026-05-22,15,B04,CH3,C00000,CMP000,0,5,52.5
O015468,2026-05-22,21,B04,CH1,C00000,CMP000,1,3,27.2
O015469,2026-05-23,15,B04,CH3,C00000,CMP000,0,3,31.5
O015470,2026-05-23,18,B04,CH1,C00000,CMP000,1,2,22.0
O015471,2026-05-23,13,B04,CH1,C03689,CMP000,1,2,22.5
O015472,2026-05-23,21,B04,CH1,C03964,CMP000,2,7,62.0
O015473,2026-05-23,21,B04,CH3,C04871,CMP000,0,4,31.0
O015474,2026-05-23,21,B04,CH1,C00000,CMP000,2,6,63.7
O015475,2026-05-23,21,B04,CH1,C02785,CMP000,2,5,55.1
O015476,2026-05-24,12,B04,CH1,C00000,CMP000,7,22,187.8
O015477,2026-05-24,20,B04,CH4,C00000,CMP000,0,6,69.7
O015478,2026-05-24,15,B04,CH2,C02224,CMP000,0,4,43.0
O015479,2026-05-24,19,B04,CH3,C00000,CMP000,0,1,15.5
O015480,2026-05-24,22,B04,CH1,C00000,CMP000,2,7,72.1
O015481,2026-05-24,13,B04,CH4,C00000,CMP000,0,2,23.0
O015482,2026-05-24,19,B04,CH2,C01513,CMP000,0,6,63.9
O015483,2026-05-25,22,B04,CH1,C00000,CMP000,2,7,68.2
O015484,2026-05-25,21,B04,CH1,C01742,CMP000,4,11,110.3
O015485,2026-05-25,13,B04,CH3,C00000,CMP000,0,3,27.0
O015486,2026-05-27,17,B04,CH1,C03689,CMP000,3,9,110.2
O015487,2026-05-27,19,B04,CH1,C00000,CMP000,2,5,62.6
O015488,2026-05-27,13,B04,CH1,C00000,CMP000,3,9,89.0
O015489,2026-05-27,12,B04,CH1,C00000,CMP000,5,12,219.0
O015490,2026-05-27,18,B04,CH1,C00000,CMP000,3,8,79.6
O015491,2026-05-27,21,B04,CH1,C00000,CMP000,4,13,163.5
O015492,2026-05-27,17,B04,CH3,C03658,CMP000,0,1,26.0
O015493,2026-05-27,19,B04,CH3,C00000,CMP000,0,7,69.3
O015494,2026-05-27,18,B04,CH1,C00000,CMP000,4,12,138.1
O015495,2026-05-27,21,B04,CH2,C01283,CMP000,0,4,31.5
O015496,2026-05-28,19,B04,CH1,C00000,CMP000,2,10,97.7
O015497,2026-05-28,21,B04,CH1,C00000,CMP000,3,11,132.1
O015498,2026-05-28,18,B04,CH2,C01742,CMP000,0,2,24.2
O015499,2026-05-28,16,B04,CH1,C03267,CMP000,4,12,109.3
O015500,2026-05-28,20,B04,CH1,C00000,CMP000,3,9,88.3
O015501,2026-05-28,21,B04,CH3,C00842,CMP000,0,7,53.9
O015502,2026-05-29,20,B04,CH1,C02357,CMP000,3,9,110.0
O015503,2026-05-29,17,B04,CH3,C00000,CMP000,0,8,61.4
O015504,2026-05-29,20,B04,CH1,C00000,CMP000,4,12,118.8
O015505,2026-05-29,19,B04,CH1,C00000,CMP000,4,12,137.1
O015506,2026-05-30,18,B04,CH1,C00000,CMP000,2,6,91.0
O015507,2026-05-30,19,B04,CH1,C03930,CMP000,2,8,74.0
O015508,2026-05-30,12,B04,CH4,C00000,CMP000,0,6,67.1
O015509,2026-05-30,13,B04,CH1,C00000,CMP000,2,7,64.5
O015510,2026-05-30,20,B04,CH3,C00000,CMP000,0,1,23.5
O015511,2026-05-30,21,B04,CH1,C00000,CMP000,2,7,87.8
O015512,2026-05-31,17,B04,CH4,C01742,CMP000,0,4,41.7
O015513,2026-05-31,21,B04,CH3,C00000,CMP000,0,7,59.2
O015514,2026-05-31,19,B04,CH1,C00158,CMP000,1,4,35.7
O015515,2026-05-31,21,B04,CH3,C00000,CMP000,0,4,58.2
O015516,2026-05-31,20,B04,CH2,C00000,CMP000,0,1,15.0
O015517,2026-05-31,22,B04,CH1,C03379,CMP000,2,6,98.5
O015518,2026-05-31,21,B04,CH4,C01103,CMP000,0,4,33.3
O015519,2026-06-01,19,B04,CH1,C00000,CMP009,2,6,50.0
O015520,2026-06-01,22,B04,CH1,C00250,CMP000,2,5,45.5
O015521,2026-06-01,18,B04,CH2,C01071,CMP000,0,2,18.5
O015522,2026-06-01,21,B04,CH3,C00000,CMP000,0,2,30.5
O015523,2026-06-03,12,B04,CH1,C00000,CMP000,4,11,114.3
O015524,2026-06-03,20,B04,CH1,C00000,CMP009,5,18,177.5
O015525,2026-06-03,13,B04,CH1,C01082,CMP000,2,6,54.7
O015526,2026-06-03,20,B04,CH2,C00000,CMP000,0,1,21.0
O015527,2026-06-03,19,B04,CH3,C00000,CMP000,0,2,25.0
O015528,2026-06-03,16,B04,CH1,C00000,CMP009,2,7,85.5
O015529,2026-06-04,22,B04,CH1,C00000,CMP000,1,4,46.0
O015530,2026-06-04,19,B04,CH1,C01239,CMP000,2,5,58.0
O015531,2026-06-04,21,B04,CH1,C00000,CMP000,1,3,30.3
O015532,2026-06-04,18,B04,CH1,C00000,CMP009,1,3,29.8
O015533,2026-06-04,18,B04,CH1,C02413,CMP009,3,8,87.3
O015534,2026-06-04,20,B04,CH1,C00000,CMP009,1,4,35.5
O015535,2026-06-05,13,B04,CH1,C02224,CMP000,2,3,37.8
O015536,2026-06-05,19,B04,CH3,C00000,CMP000,0,7,84.0
O015537,2026-06-05,19,B04,CH1,C00000,CMP000,3,8,111.0
O015538,2026-06-05,14,B04,CH1,C00000,CMP009,2,6,51.7
O015539,2026-06-05,22,B04,CH1,C00000,CMP009,4,11,118.4
O015540,2026-06-05,20,B04,CH1,C01764,CMP000,2,7,81.2
O015541,2026-06-05,19,B04,CH1,C00000,CMP000,3,13,115.6
O015542,2026-06-05,18,B04,CH1,C03739,CMP000,4,14,132.6
O015543,2026-06-05,18,B04,CH1,C01742,CMP000,2,6,56.2
O015544,2026-06-05,20,B04,CH1,C02357,CMP009,2,6,71.3
O015545,2026-06-05,14,B04,CH1,C01742,CMP000,5,13,116.6
O015546,2026-06-05,20,B04,CH3,C02785,CMP000,0,3,52.0
O015547,2026-06-05,20,B04,CH1,C01071,CMP000,6,17,189.0
O015548,2026-06-05,14,B04,CH2,C00000,CMP000,0,2,20.0
O015549,2026-06-06,20,B04,CH1,C00000,CMP000,4,11,122.3
O015550,2026-06-06,21,B04,CH1,C00000,CMP000,4,9,112.2
O015551,2026-06-06,18,B04,CH1,C02960,CMP000,4,10,105.8
O015552,2026-06-06,21,B04,CH2,C00000,CMP000,0,7,77.5
O015553,2026-06-06,20,B04,CH4,C00000,CMP000,0,3,23.2
O015554,2026-06-06,13,B04,CH1,C00000,CMP009,4,15,124.6
O015555,2026-06-06,22,B04,CH1,C00000,CMP000,4,10,101.9
O015556,2026-06-06,13,B04,CH1,C00000,CMP000,2,6,47.9
O015557,2026-06-06,14,B04,CH1,C00000,CMP000,8,20,238.8
O015558,2026-06-07,18,B04,CH1,C00000,CMP000,3,8,131.4
O015559,2026-06-07,20,B04,CH3,C00000,CMP000,0,1,14.5
O015560,2026-06-07,13,B04,CH1,C03689,CMP000,2,4,40.7
O015561,2026-06-07,20,B04,CH1,C00000,CMP009,3,6,79.8
O015562,2026-06-07,16,B04,CH1,C00000,CMP000,2,5,45.7
O015563,2026-06-07,18,B04,CH1,C00000,CMP009,4,15,133.7
O015564,2026-06-07,22,B04,CH3,C00000,CMP000,0,6,49.2
O015565,2026-06-07,21,B04,CH1,C00000,CMP000,2,6,51.2
O015566,2026-06-07,16,B04,CH1,C00250,CMP000,3,8,85.8
O015567,2026-06-07,12,B04,CH1,C00000,CMP000,2,7,60.2
O015568,2026-06-07,21,B04,CH1,C00000,CMP000,4,11,135.3
O015569,2026-06-08,18,B04,CH2,C00000,CMP000,0,4,46.5
O015570,2026-06-10,22,B04,CH1,C00000,CMP000,2,8,64.5
O015571,2026-06-10,20,B04,CH3,C00000,CMP000,0,8,73.6
O015572,2026-06-11,17,B04,CH1,C00000,CMP000,2,7,85.3
O015573,2026-06-11,15,B04,CH3,C00000,CMP000,0,9,83.9
O015574,2026-06-11,18,B04,CH1,C00000,CMP000,2,5,49.2
O015575,2026-06-12,14,B04,CH1,C00000,CMP009,1,2,16.7
O015576,2026-06-12,21,B04,CH1,C02785,CMP009,2,8,74.2
O015577,2026-06-12,20,B04,CH1,C03140,CMP000,2,5,78.0
O015578,2026-06-12,19,B04,CH1,C02604,CMP000,6,19,223.3
O015579,2026-06-12,17,B04,CH2,C00000,CMP000,0,3,23.5
O015580,2026-06-12,16,B04,CH2,C00000,CMP000,0,4,42.0
O015581,2026-06-12,20,B04,CH1,C00000,CMP009,2,7,84.5
O015582,2026-06-12,22,B04,CH1,C00000,CMP009,4,16,172.5
O015583,2026-06-13,20,B04,CH1,C00000,CMP000,2,5,53.3
O015584,2026-06-13,22,B04,CH1,C02357,CMP000,1,5,41.7
O015585,2026-06-13,22,B04,CH3,C00000,CMP000,0,3,22.3
O015586,2026-06-13,22,B04,CH3,C00000,CMP000,0,4,47.7
O015587,2026-06-13,12,B04,CH1,C00000,CMP000,2,5,45.8
O015588,2026-06-13,19,B04,CH1,C00000,CMP000,7,18,222.9
O015589,2026-06-13,18,B04,CH3,C00000,CMP000,0,1,15.0
O015590,2026-06-13,14,B04,CH1,C00432,CMP000,4,11,112.7
O015591,2026-06-13,18,B04,CH1,C00000,CMP000,2,8,73.0
O015592,2026-06-13,18,B04,CH1,C00000,CMP000,2,6,49.2
O015593,2026-06-13,21,B04,CH3,C00000,CMP000,0,7,56.3
O015594,2026-06-13,21,B04,CH2,C01570,CMP000,0,5,39.4
O015595,2026-06-14,19,B04,CH4,C00000,CMP000,0,6,49.7
O015596,2026-06-14,20,B04,CH1,C00289,CMP000,6,22,228.9
O015597,2026-06-14,16,B04,CH3,C00000,CMP000,0,5,52.7
O015598,2026-06-14,22,B04,CH3,C00000,CMP000,0,1,16.0
O015599,2026-06-14,18,B04,CH1,C01071,CMP000,2,6,88.3
O015600,2026-06-14,18,B04,CH1,C00000,CMP000,2,10,73.5
O015601,2026-06-14,19,B04,CH3,C00000,CMP000,0,3,22.2
O015602,2026-06-14,17,B04,CH1,C00000,CMP000,5,19,192.5
O015603,2026-06-14,13,B04,CH1,C00000,CMP000,4,14,114.7
O015604,2026-06-14,18,B04,CH1,C00000,CMP009,1,3,31.0
O015605,2026-06-15,21,B04,CH1,C03267,CMP000,4,14,136.7
O015606,2026-06-15,21,B04,CH4,C00601,CMP000,0,1,16.0
O015607,2026-06-15,17,B04,CH3,C00000,CMP000,0,5,44.5
O015608,2026-06-15,21,B04,CH1,C00000,CMP000,1,4,59.5
O015609,2026-06-15,19,B04,CH4,C00000,CMP000,0,6,59.0
O015610,2026-06-15,18,B04,CH1,C00392,CMP000,2,5,49.2
O015611,2026-06-17,18,B04,CH4,C00000,CMP000,0,8,66.1
O015612,2026-06-17,21,B04,CH3,C00000,CMP000,0,3,74.0
O015613,2026-06-18,19,B04,CH1,C03379,CMP009,7,30,258.4
O015614,2026-06-18,12,B04,CH2,C00000,CMP000,0,6,75.8
O015615,2026-06-18,19,B04,CH2,C00000,CMP000,0,7,80.0
O015616,2026-06-18,20,B04,CH3,C00000,CMP000,0,4,37.2
O015617,2026-06-18,19,B04,CH3,C00000,CMP000,0,7,60.4
O015618,2026-06-18,14,B04,CH4,C00000,CMP000,0,1,14.0
O015619,2026-06-18,19,B04,CH3,C00000,CMP000,0,5,57.2
O015620,2026-06-18,13,B04,CH1,C00000,CMP000,6,18,191.8
O015621,2026-06-18,20,B04,CH3,C00000,CMP000,0,9,79.9
O015622,2026-06-19,12,B04,CH1,C00000,CMP000,4,10,111.5
O015623,2026-06-19,13,B04,CH1,C00000,CMP009,4,11,95.8
O015624,2026-06-19,18,B04,CH1,C00000,CMP000,7,23,274.8
O015625,2026-06-19,16,B04,CH4,C00000,CMP000,0,4,39.2
O015626,2026-06-19,14,B04,CH1,C00000,CMP000,2,6,51.1
O015627,2026-06-19,17,B04,CH3,C00000,CMP000,0,7,86.5
O015628,2026-06-19,19,B04,CH2,C01742,CMP000,0,2,23.5
O015629,2026-06-19,17,B04,CH1,C00000,CMP000,1,4,29.2
O015630,2026-06-19,17,B04,CH1,C01071,CMP009,1,2,21.3
O015631,2026-06-19,20,B04,CH1,C00000,CMP000,1,4,30.8
O015632,2026-06-19,21,B04,CH1,C00000,CMP009,3,10,93.1
O015633,2026-06-19,19,B04,CH2,C00000,CMP000,0,8,88.0
O015634,2026-06-19,20,B04,CH2,C00000,CMP000,0,3,33.2
O015635,2026-06-20,15,B04,CH1,C02662,CMP009,5,16,200.6
O015636,2026-06-20,13,B04,CH1,C03689,CMP000,5,18,159.2
O015637,2026-06-20,19,B04,CH4,C02357,CMP000,0,3,23.2
O015638,2026-06-20,14,B04,CH4,C00000,CMP000,0,2,19.0
O015639,2026-06-20,19,B04,CH1,C03652,CMP009,2,8,101.2
O015640,2026-06-20,21,B04,CH1,C00142,CMP000,4,11,127.7
O015641,2026-06-20,19,B04,CH1,C01817,CMP000,1,2,31.5
O015642,2026-06-20,19,B04,CH3,C00000,CMP000,0,2,24.8
O015643,2026-06-20,19,B04,CH3,C00000,CMP000,0,6,47.0
O015644,2026-06-20,22,B04,CH2,C00000,CMP000,0,4,52.3
O015645,2026-06-21,17,B04,CH3,C00000,CMP000,0,2,21.5
O015646,2026-06-21,22,B04,CH3,C00000,CMP000,0,4,53.3
O015647,2026-06-21,18,B04,CH2,C00000,CMP000,0,2,29.0
O015648,2026-06-21,21,B04,CH1,C01612,CMP009,2,7,68.9
O015649,2026-06-21,12,B04,CH1,C00000,CMP000,2,6,47.5
O015650,2026-06-21,22,B04,CH1,C04539,CMP000,4,14,123.1
O015651,2026-06-21,14,B04,CH1,C02037,CMP000,2,6,62.2
O015652,2026-06-21,19,B04,CH1,C00000,CMP000,2,6,60.0
O015653,2026-06-21,21,B04,CH1,C00000,CMP000,4,10,102.7
O015654,2026-06-22,21,B04,CH1,C04707,CMP009,4,13,152.1
O015655,2026-06-22,21,B04,CH1,C00000,CMP000,2,7,67.7
O015656,2026-06-22,13,B04,CH1,C00000,CMP000,4,8,96.1
O015657,2026-06-22,14,B04,CH1,C00000,CMP009,1,3,33.0
O015658,2026-06-22,18,B04,CH1,C00000,CMP000,4,9,102.0
O015659,2026-06-22,19,B04,CH1,C00000,CMP009,1,4,32.3
O015660,2026-06-22,13,B04,CH1,C00000,CMP000,2,4,64.0
O015661,2026-06-22,18,B04,CH1,C00000,CMP009,4,18,196.6
O015662,2026-06-22,13,B04,CH1,C00000,CMP000,2,7,54.9
O015663,2026-06-22,19,B04,CH1,C00000,CMP000,4,13,140.9
O015664,2026-06-24,19,B04,CH3,C02684,CMP000,0,4,39.2
O015665,2026-06-24,19,B04,CH1,C03379,CMP000,3,9,141.7
O015666,2026-06-24,20,B04,CH2,C00000,CMP000,0,4,45.7
O015667,2026-06-24,18,B04,CH3,C00425,CMP000,0,4,56.5
O015668,2026-06-24,12,B04,CH1,C01103,CMP009,2,6,49.4
O015669,2026-06-24,21,B04,CH1,C00000,CMP009,3,8,78.1
O015670,2026-06-24,14,B04,CH3,C00000,CMP000,0,3,33.0
O015671,2026-06-24,19,B04,CH3,C00000,CMP000,0,5,53.4
O015672,2026-06-24,20,B04,CH1,C00000,CMP000,4,10,135.7
O015673,2026-06-24,19,B04,CH1,C00000,CMP000,2,6,65.7
O015674,2026-06-25,20,B04,CH1,C00000,CMP000,3,8,74.0
O015675,2026-06-25,13,B04,CH1,C00000,CMP000,4,12,106.9
O015676,2026-06-25,20,B04,CH1,C01071,CMP000,5,15,175.3
O015677,2026-06-25,15,B04,CH1,C03739,CMP000,6,18,191.7
O015678,2026-06-25,20,B04,CH1,C00000,CMP000,4,14,127.5
O015679,2026-06-25,21,B04,CH1,C00000,CMP000,6,20,241.1
O015680,2026-06-26,17,B04,CH4,C00000,CMP000,0,1,13.5
O015681,2026-06-26,19,B04,CH2,C00000,CMP000,0,5,49.8
O015682,2026-06-26,19,B04,CH1,C00000,CMP000,4,14,119.9
O015683,2026-06-26,13,B04,CH4,C00000,CMP000,0,4,48.2
O015684,2026-06-26,18,B04,CH1,C00143,CMP000,2,5,51.3
O015685,2026-06-26,13,B04,CH1,C00000,CMP000,3,10,88.0
O015686,2026-06-26,22,B04,CH1,C01851,CMP000,3,8,74.8
O015687,2026-06-26,13,B04,CH1,C03379,CMP009,4,8,127.3
O015688,2026-06-26,20,B04,CH1,C01714,CMP009,4,11,139.2
O015689,2026-06-26,14,B04,CH1,C00000,CMP000,3,8,94.2
O015690,2026-06-27,20,B04,CH4,C00000,CMP000,0,3,42.0
O015691,2026-06-27,13,B04,CH2,C00000,CMP000,0,2,19.5
O015692,2026-06-27,14,B04,CH2,C00000,CMP000,0,10,88.4
O015693,2026-06-27,20,B04,CH1,C00000,CMP000,2,5,64.0
O015694,2026-06-27,13,B04,CH3,C00000,CMP000,0,5,45.0
O015695,2026-06-27,13,B04,CH1,C03689,CMP000,4,11,100.5
O015696,2026-06-27,17,B04,CH1,C00000,CMP000,1,3,27.3
O015697,2026-06-27,13,B04,CH1,C04826,CMP000,2,7,64.9
O015698,2026-06-27,20,B04,CH1,C00000,CMP000,2,6,61.7
O015699,2026-06-27,20,B04,CH2,C00000,CMP000,0,3,21.7
O015700,2026-06-27,14,B04,CH3,C00000,CMP000,0,4,29.7
O015701,2026-06-28,20,B04,CH1,C00000,CMP000,6,17,166.6
O015702,2026-06-28,15,B04,CH1,C00000,CMP000,4,11,126.9
O015703,2026-06-28,13,B04,CH1,C00000,CMP000,4,10,108.0
O015704,2026-06-28,14,B04,CH4,C00000,CMP000,0,2,19.5
O015705,2026-06-28,19,B04,CH3,C00000,CMP000,0,7,61.3
O015706,2026-06-28,17,B04,CH1,C00000,CMP009,4,14,142.9
O015707,2026-06-28,19,B04,CH1,C00000,CMP000,2,5,43.8
O015708,2026-06-28,15,B04,CH3,C00000,CMP000,0,6,56.0
O015709,2026-06-28,19,B04,CH4,C00000,CMP000,0,3,52.3
O015710,2026-06-29,22,B04,CH1,C04633,CMP000,2,10,80.8
O015711,2026-06-29,19,B04,CH1,C01396,CMP009,5,19,166.5
O015712,2026-06-29,14,B04,CH1,C00000,CMP000,1,2,48.0
O015713,2026-06-29,13,B04,CH1,C00000,CMP000,2,6,63.0
O015714,2026-07-01,12,B04,CH1,C00000,CMP000,5,16,147.1
O015715,2026-07-01,22,B04,CH3,C00000,CMP000,0,6,60.7
O015716,2026-07-02,15,B04,CH1,C00000,CMP009,4,11,113.5
O015717,2026-07-02,22,B04,CH1,C00000,CMP000,1,3,28.2
O015718,2026-07-02,12,B04,CH1,C01071,CMP000,2,4,45.1
O015719,2026-07-02,12,B04,CH3,C00000,CMP000,0,2,18.5
O015720,2026-07-02,18,B04,CH3,C00000,CMP000,0,4,46.5
O015721,2026-07-02,18,B04,CH1,C00000,CMP000,1,2,24.0
O015722,2026-07-03,18,B04,CH1,C03137,CMP000,1,2,19.3
O015723,2026-07-03,17,B04,CH3,C00000,CMP000,0,5,50.5
O015724,2026-07-03,22,B04,CH3,C00000,CMP000,0,1,15.5
O015725,2026-07-03,18,B04,CH3,C00000,CMP000,0,8,75.7
O015726,2026-07-03,19,B04,CH1,C00000,CMP000,3,11,105.2
O015727,2026-07-03,17,B04,CH4,C00000,CMP000,0,7,78.0
O015728,2026-07-03,17,B04,CH1,C00000,CMP009,1,4,34.7
O015729,2026-07-03,14,B04,CH4,C00000,CMP000,0,2,17.2
O015730,2026-07-04,13,B04,CH1,C00000,CMP000,2,7,68.6
O015731,2026-07-04,14,B04,CH4,C00000,CMP000,0,3,41.0
O015732,2026-07-04,16,B04,CH3,C00000,CMP000,0,3,28.0
O015733,2026-07-04,21,B04,CH1,C00000,CMP000,2,6,61.3
O015734,2026-07-04,19,B04,CH2,C00000,CMP000,0,6,52.3
O015735,2026-07-04,12,B04,CH1,C02559,CMP009,2,5,62.3
O015736,2026-07-04,17,B04,CH2,C00000,CMP000,0,3,43.7
O015737,2026-07-04,13,B04,CH1,C00000,CMP000,6,17,193.7
O015738,2026-07-04,12,B04,CH1,C02862,CMP000,4,15,137.9
O015739,2026-07-04,12,B04,CH1,C01714,CMP009,2,4,59.5
O015740,2026-07-04,18,B04,CH1,C00000,CMP000,8,24,289.7
O015741,2026-07-04,16,B04,CH1,C00000,CMP000,2,7,65.0
O015742,2026-07-05,20,B04,CH1,C01071,CMP000,2,6,56.7
O015743,2026-07-05,20,B04,CH3,C00000,CMP000,0,2,16.8
O015744,2026-07-05,12,B04,CH1,C03090,CMP000,5,17,180.5
O015745,2026-07-05,19,B04,CH1,C01744,CMP000,1,4,34.0
O015746,2026-07-05,18,B04,CH4,C00000,CMP000,0,8,80.7
O015747,2026-07-05,12,B04,CH1,C00000,CMP000,2,6,55.3
O015748,2026-07-05,21,B04,CH1,C02113,CMP000,4,9,131.3
O015749,2026-07-05,20,B04,CH4,C00000,CMP000,0,1,15.0
O015750,2026-07-05,16,B04,CH1,C00000,CMP000,2,6,44.9
O015751,2026-07-06,13,B04,CH1,C01071,CMP000,2,4,88.2
O015752,2026-07-06,21,B04,CH1,C00000,CMP000,2,6,60.5
O015753,2026-07-06,19,B04,CH4,C00000,CMP000,0,3,48.0
O015754,2026-07-06,15,B04,CH1,C00000,CMP009,2,4,41.2
O015755,2026-07-06,12,B04,CH3,C00000,CMP000,0,3,41.5
O015756,2026-07-06,22,B04,CH2,C00000,CMP000,0,10,109.9
O015757,2026-07-06,20,B04,CH1,C00000,CMP000,3,13,115.7
O015758,2026-07-08,22,B04,CH1,C00000,CMP009,2,6,66.0
O015759,2026-07-08,20,B04,CH1,C00000,CMP000,2,4,63.8
O015760,2026-07-09,19,B04,CH1,C00000,CMP000,1,5,44.0
O015761,2026-07-09,20,B04,CH1,C00000,CMP000,2,7,63.0
O015762,2026-07-09,20,B04,CH1,C00000,CMP000,2,7,66.8
O015763,2026-07-09,21,B04,CH1,C00000,CMP009,2,6,77.3
O015764,2026-07-09,14,B04,CH4,C00000,CMP000,0,2,16.7
O015765,2026-07-09,12,B04,CH3,C00250,CMP000,0,3,29.7
O015766,2026-07-09,17,B04,CH1,C00000,CMP000,1,4,40.2
O015767,2026-07-10,19,B04,CH4,C00000,CMP000,0,4,30.2
O015768,2026-07-10,20,B04,CH1,C00425,CMP000,4,13,141.9
O015769,2026-07-10,22,B04,CH1,C02785,CMP009,2,5,50.8
O015770,2026-07-10,18,B04,CH1,C00000,CMP000,2,7,97.8
O015771,2026-07-10,13,B04,CH3,C00000,CMP000,0,4,43.0
O015772,2026-07-10,18,B04,CH3,C00000,CMP000,0,6,68.3
O015773,2026-07-10,22,B04,CH1,C00637,CMP000,4,10,99.9
O015774,2026-07-10,13,B04,CH1,C00000,CMP000,5,13,139.4
O015775,2026-07-10,18,B04,CH1,C01071,CMP000,3,7,78.3
O015776,2026-07-10,21,B04,CH1,C00402,CMP000,2,7,79.2
O015777,2026-07-11,19,B04,CH1,C00000,CMP000,2,7,66.5
O015778,2026-07-11,15,B04,CH3,C00000,CMP000,0,4,30.8
O015779,2026-07-11,21,B04,CH3,C00000,CMP000,0,2,21.5
O015780,2026-07-11,20,B04,CH3,C00000,CMP000,0,5,94.6
O015781,2026-07-11,19,B04,CH1,C00000,CMP000,1,4,35.0
O015782,2026-07-11,21,B04,CH1,C00000,CMP009,4,14,134.1
O015783,2026-07-11,18,B04,CH1,C00000,CMP000,4,10,112.9
O015784,2026-07-11,14,B04,CH1,C00000,CMP000,2,5,48.6
O015785,2026-07-11,22,B04,CH1,C00000,CMP000,6,20,291.4
O015786,2026-07-11,21,B04,CH1,C00000,CMP000,2,10,71.0
O015787,2026-07-12,18,B04,CH1,C04240,CMP000,2,5,79.5
O015788,2026-07-12,12,B04,CH3,C02599,CMP000,0,2,18.7
O015789,2026-07-12,17,B04,CH1,C00000,CMP009,6,15,220.5
O015790,2026-07-12,20,B04,CH1,C00000,CMP000,3,9,94.3
O015791,2026-07-12,13,B04,CH4,C00000,CMP000,0,8,78.2
O015792,2026-07-12,12,B04,CH3,C00000,CMP000,0,3,26.5
O015793,2026-07-13,17,B04,CH4,C00000,CMP000,0,8,82.9
O015794,2026-07-13,13,B04,CH1,C02488,CMP000,2,7,75.3
O015795,2026-07-13,13,B04,CH4,C00000,CMP000,0,4,31.2
O015796,2026-07-13,20,B04,CH1,C00000,CMP009,1,3,30.5
O015797,2026-07-15,20,B04,CH1,C00000,CMP000,1,3,30.5
O015798,2026-07-15,15,B04,CH1,C00000,CMP000,2,5,50.7
O015799,2026-07-15,14,B04,CH1,C00000,CMP009,2,4,41.4
O015800,2026-07-15,21,B04,CH3,C00000,CMP000,0,9,106.7
O015801,2026-07-15,12,B04,CH2,C00000,CMP000,0,2,38.0
O015802,2026-07-16,19,B04,CH1,C00000,CMP000,4,14,131.5
O015803,2026-07-16,20,B04,CH4,C00425,CMP000,0,6,52.2
O015804,2026-07-16,19,B04,CH1,C01138,CMP000,2,5,60.5
O015805,2026-07-17,13,B04,CH1,C00000,CMP000,1,5,53.7
O015806,2026-07-17,12,B04,CH1,C00000,CMP000,2,5,46.2
O015807,2026-07-17,20,B04,CH1,C00158,CMP009,2,7,69.8
O015808,2026-07-17,17,B04,CH2,C00000,CMP000,0,8,80.4
O015809,2026-07-17,18,B04,CH4,C00000,CMP000,0,5,54.2
O015810,2026-07-17,22,B04,CH1,C00000,CMP009,4,11,106.5
O015811,2026-07-17,13,B04,CH1,C02149,CMP000,2,5,56.4
O015812,2026-07-17,14,B04,CH3,C00000,CMP000,0,5,44.0
O015813,2026-07-17,19,B04,CH1,C01071,CMP000,3,9,83.4
O015814,2026-07-18,20,B04,CH1,C00000,CMP000,3,11,93.9
O015815,2026-07-18,18,B04,CH1,C00000,CMP000,2,4,57.8
O015816,2026-07-18,19,B04,CH1,C00000,CMP009,4,14,127.5
O015817,2026-07-18,22,B04,CH4,C00000,CMP000,0,5,61.4
O015818,2026-07-18,22,B04,CH1,C00000,CMP000,8,25,240.8
O015819,2026-07-18,13,B04,CH1,C00000,CMP000,5,13,119.5
O015820,2026-07-18,20,B04,CH1,C00000,CMP000,4,13,138.8
O015821,2026-07-18,17,B04,CH3,C00000,CMP000,0,3,24.5
O015822,2026-07-18,13,B04,CH1,C01975,CMP009,3,6,67.3
O015823,2026-07-18,17,B04,CH2,C00000,CMP000,0,5,60.0
O015824,2026-07-18,17,B04,CH1,C00000,CMP000,4,15,172.1
O015825,2026-07-18,21,B04,CH1,C03689,CMP000,2,6,62.0
O015826,2026-07-19,19,B04,CH1,C00000,CMP000,4,17,177.0
O015827,2026-07-19,20,B04,CH3,C00000,CMP000,0,6,55.4
O015828,2026-07-19,18,B04,CH1,C00000,CMP000,2,7,64.6
O015829,2026-07-19,20,B04,CH1,C00000,CMP000,5,13,136.6
O015830,2026-07-19,18,B04,CH2,C02357,CMP000,0,8,109.0
O015831,2026-07-19,17,B04,CH1,C04155,CMP009,6,21,234.1
O015832,2026-07-19,12,B04,CH1,C03689,CMP000,2,4,54.0
O015833,2026-07-19,19,B04,CH1,C00000,CMP000,4,15,148.6
O015834,2026-07-19,22,B04,CH1,C01071,CMP000,4,13,143.3
O015835,2026-07-19,20,B04,CH1,C03652,CMP000,2,6,55.8
O015836,2026-07-20,13,B04,CH1,C00000,CMP000,3,7,61.1
O015837,2026-07-20,14,B04,CH1,C00250,CMP009,2,5,61.5
O015838,2026-07-20,13,B04,CH1,C00000,CMP009,4,11,106.4
O015839,2026-07-20,17,B04,CH1,C00000,CMP000,4,15,143.3
O015840,2026-07-20,12,B04,CH1,C00000,CMP009,5,16,147.3
O015841,2026-07-22,18,B04,CH1,C02646,CMP000,2,6,49.5
O015842,2026-07-22,22,B04,CH1,C00000,CMP009,6,17,161.7
O015843,2026-07-22,21,B04,CH1,C03744,CMP000,1,4,35.5
O015844,2026-07-22,20,B04,CH1,C04516,CMP000,5,15,134.4
O015845,2026-07-22,17,B04,CH3,C00000,CMP000,0,5,51.5
O015846,2026-07-22,18,B04,CH1,C04826,CMP000,6,21,216.7
O015847,2026-07-22,20,B04,CH1,C00000,CMP009,4,10,116.8
O015848,2026-07-23,16,B04,CH2,C00000,CMP000,0,2,19.3
O015849,2026-07-23,19,B04,CH4,C00000,CMP000,0,8,80.2
O015850,2026-07-23,20,B04,CH1,C00000,CMP000,3,10,99.8
O015851,2026-07-23,20,B04,CH1,C00000,CMP000,3,9,113.3
O015852,2026-07-23,21,B04,CH4,C00000,CMP000,0,5,58.5
O015853,2026-07-23,13,B04,CH1,C00000,CMP000,2,8,60.5
O015854,2026-07-23,15,B04,CH1,C02684,CMP000,6,18,209.4
O015855,2026-07-23,19,B04,CH3,C00000,CMP000,0,6,46.4
O015856,2026-07-24,13,B04,CH1,C03652,CMP000,2,8,72.1
O015857,2026-07-24,18,B04,CH1,C00000,CMP000,1,5,44.7
O015858,2026-07-24,13,B04,CH1,C01742,CMP009,8,21,188.6
O015859,2026-07-24,17,B04,CH2,C00000,CMP000,0,1,14.5
O015860,2026-07-24,21,B04,CH1,C03449,CMP000,4,13,142.2
O015861,2026-07-24,19,B04,CH1,C00000,CMP000,2,6,57.5
O015862,2026-07-24,13,B04,CH1,C00000,CMP000,2,5,40.0
O015863,2026-07-24,19,B04,CH1,C01109,CMP000,2,8,64.7
O015864,2026-07-24,18,B04,CH2,C00000,CMP000,0,6,57.4
O015865,2026-07-24,16,B04,CH1,C00000,CMP000,1,4,36.0
O015866,2026-07-25,20,B04,CH1,C03689,CMP000,6,19,201.1
O015867,2026-07-25,22,B04,CH1,C00000,CMP009,4,11,120.2
O015868,2026-07-25,17,B04,CH1,C00000,CMP000,8,24,243.6
O015869,2026-07-25,19,B04,CH1,C03739,CMP000,1,3,32.0
O015870,2026-07-25,19,B04,CH1,C00553,CMP000,2,8,69.4
O015871,2026-07-25,13,B04,CH1,C00000,CMP000,3,12,112.5
O015872,2026-07-25,20,B04,CH1,C04188,CMP000,2,6,59.4
O015873,2026-07-25,20,B04,CH3,C04214,CMP000,0,4,46.3
O015874,2026-07-25,17,B04,CH1,C00000,CMP000,3,6,66.0
O015875,2026-07-25,19,B04,CH1,C00000,CMP000,5,18,192.5
O015876,2026-07-25,18,B04,CH1,C00000,CMP000,4,16,158.2
O015877,2026-07-25,19,B04,CH1,C00000,CMP009,1,4,30.0
O015878,2026-07-26,17,B04,CH1,C02357,CMP009,8,22,214.0
O015879,2026-07-26,18,B04,CH1,C00000,CMP000,4,9,110.4
O015880,2026-07-26,19,B04,CH1,C00000,CMP000,7,18,165.7
O015881,2026-07-26,17,B04,CH3,C00000,CMP000,0,7,68.7
O015882,2026-07-26,16,B04,CH1,C00000,CMP000,4,13,142.2
O015883,2026-07-26,13,B04,CH1,C00000,CMP000,4,12,114.7
O015884,2026-07-26,19,B04,CH1,C02331,CMP000,5,14,133.0
O015885,2026-07-26,20,B04,CH1,C04826,CMP000,3,10,96.5
O015886,2026-07-26,15,B04,CH4,C00000,CMP000,0,2,19.5
O015887,2026-07-26,17,B04,CH1,C04826,CMP009,2,7,70.8
O015888,2026-07-26,20,B04,CH1,C01842,CMP000,2,7,78.3
O015889,2026-07-26,14,B04,CH2,C00000,CMP000,0,1,16.5
O015890,2026-07-26,14,B04,CH1,C03652,CMP000,4,11,161.0
O015891,2026-07-27,20,B04,CH1,C00000,CMP000,2,6,77.7
O015892,2026-07-27,13,B04,CH2,C01842,CMP000,0,6,50.0
O015893,2026-07-27,19,B04,CH1,C02785,CMP009,3,11,113.2
O015894,2026-07-27,20,B04,CH1,C00000,CMP000,4,14,147.0
O015895,2026-07-29,12,B04,CH1,C00000,CMP000,2,5,49.3
O015896,2026-07-29,19,B04,CH1,C01071,CMP000,2,7,62.0
O015897,2026-07-29,17,B04,CH1,C00000,CMP000,2,6,63.0
O015898,2026-07-29,20,B04,CH1,C00000,CMP009,7,20,192.9
O015899,2026-07-30,12,B04,CH4,C00000,CMP000,0,4,27.7
O015900,2026-07-30,21,B04,CH3,C00425,CMP000,0,4,36.0
O015901,2026-07-30,19,B04,CH1,C01071,CMP000,3,8,87.8
O015902,2026-07-30,15,B04,CH1,C02271,CMP000,4,12,135.1
O015903,2026-07-30,18,B04,CH1,C01658,CMP000,3,11,108.5
O015904,2026-07-30,20,B04,CH1,C00000,CMP000,2,6,69.7
O015905,2026-07-31,21,B04,CH1,C02869,CMP000,1,3,30.0
O015906,2026-07-31,20,B04,CH3,C00000,CMP000,0,4,40.0
O015907,2026-07-31,18,B04,CH1,C01022,CMP000,2,7,77.0
O015908,2026-07-31,22,B04,CH1,C00000,CMP000,3,8,90.0
O015909,2026-07-31,21,B04,CH1,C00000,CMP009,7,20,247.7
O015910,2026-07-31,12,B04,CH1,C00000,CMP000,4,9,93.9
O015911,2026-07-31,19,B04,CH3,C00000,CMP000,0,7,71.7
O015912,2026-07-31,18,B04,CH1,C03199,CMP000,3,10,117.3
O015913,2026-07-31,18,B04,CH1,C00000,CMP009,4,11,117.2
O015914,2026-08-01,18,B04,CH1,C00000,CMP000,4,14,140.9
O015915,2026-08-01,19,B04,CH1,C00000,CMP000,2,7,67.0
O015916,2026-08-01,12,B04,CH2,C02106,CMP000,0,5,45.2
O015917,2026-08-01,18,B04,CH1,C00000,CMP000,5,15,140.6
O015918,2026-08-01,20,B04,CH1,C00000,CMP000,2,7,64.2
O015919,2026-08-01,14,B04,CH1,C04500,CMP000,2,6,64.0
O015920,2026-08-01,14,B04,CH1,C00000,CMP000,2,7,60.0
O015921,2026-08-02,22,B04,CH1,C00000,CMP000,2,5,52.5
O015922,2026-08-02,13,B04,CH3,C00000,CMP000,0,9,85.2
O015923,2026-08-02,19,B04,CH1,C00000,CMP000,3,7,81.5
O015924,2026-08-02,14,B04,CH1,C00000,CMP000,2,6,56.5
O015925,2026-08-02,13,B04,CH1,C00000,CMP000,4,12,106.0
O015926,2026-08-02,12,B04,CH1,C00000,CMP000,2,4,57.5
O015927,2026-08-02,18,B04,CH4,C00000,CMP000,0,3,39.0
O015928,2026-08-02,13,B04,CH1,C00139,CMP000,5,15,171.3
O015929,2026-08-02,20,B04,CH1,C02790,CMP000,7,21,253.6
O015930,2026-08-03,18,B04,CH1,C01742,CMP000,2,9,75.0
O015931,2026-08-03,21,B04,CH3,C00000,CMP000,0,5,43.0
O015932,2026-08-03,20,B04,CH3,C00000,CMP000,0,2,24.8
O015933,2026-08-03,15,B04,CH1,C02013,CMP000,1,5,36.7
O015934,2026-08-05,22,B04,CH1,C04516,CMP000,7,23,234.5
O015935,2026-08-05,12,B04,CH1,C00000,CMP000,4,13,162.4
O015936,2026-08-06,19,B04,CH1,C00000,CMP000,4,10,94.0
O015937,2026-08-06,21,B04,CH1,C00000,CMP000,7,26,246.8
O015938,2026-08-06,20,B04,CH4,C00000,CMP000,0,3,47.0
O015939,2026-08-06,14,B04,CH1,C00000,CMP000,1,2,18.7
O015940,2026-08-07,20,B04,CH1,C00000,CMP000,2,6,77.4
O015941,2026-08-07,20,B04,CH1,C01071,CMP000,3,10,109.5
O015942,2026-08-07,17,B04,CH1,C00000,CMP000,2,8,67.8
O015943,2026-08-07,15,B04,CH1,C02224,CMP000,2,8,73.8
O015944,2026-08-07,21,B04,CH4,C00000,CMP000,0,4,28.8
O015945,2026-08-07,22,B04,CH1,C01424,CMP000,4,15,167.7
O015946,2026-08-07,19,B04,CH4,C01915,CMP000,0,4,41.3
O015947,2026-08-07,13,B04,CH1,C00000,CMP000,7,16,159.2
O015948,2026-08-07,19,B04,CH4,C03379,CMP000,0,3,53.0
O015949,2026-08-07,19,B04,CH1,C03083,CMP000,2,6,62.3
O015950,2026-08-07,18,B04,CH1,C00000,CMP000,3,8,79.9
O015951,2026-08-07,21,B04,CH4,C00000,CMP000,0,5,48.8
O015952,2026-08-07,13,B04,CH1,C00000,CMP000,4,10,133.0
O015953,2026-08-07,17,B04,CH3,C00000,CMP000,0,5,47.2
O015954,2026-08-08,22,B04,CH1,C00000,CMP000,3,11,102.3
O015955,2026-08-08,18,B04,CH1,C00000,CMP000,6,21,198.7
O015956,2026-08-08,17,B04,CH1,C00000,CMP000,4,13,131.2
O015957,2026-08-08,17,B04,CH1,C02790,CMP000,4,15,125.5
O015958,2026-08-08,12,B04,CH3,C04707,CMP000,0,5,47.0
O015959,2026-08-08,20,B04,CH4,C00000,CMP000,0,2,20.5
O015960,2026-08-08,14,B04,CH1,C01888,CMP000,2,5,63.0
O015961,2026-08-08,21,B04,CH4,C00000,CMP000,0,5,49.0
O015962,2026-08-08,14,B04,CH4,C00000,CMP000,0,6,53.0
O015963,2026-08-08,16,B04,CH3,C00000,CMP000,0,2,18.5
O015964,2026-08-08,17,B04,CH1,C03475,CMP000,3,9,112.8
O015965,2026-08-09,13,B04,CH1,C00000,CMP000,5,17,145.8
O015966,2026-08-09,18,B04,CH1,C00000,CMP000,2,7,54.7
O015967,2026-08-09,18,B04,CH3,C03206,CMP000,0,5,50.9
O015968,2026-08-09,12,B04,CH1,C00000,CMP000,2,4,43.3
O015969,2026-08-09,17,B04,CH1,C00000,CMP000,2,7,60.1
O015970,2026-08-09,18,B04,CH4,C00000,CMP000,0,3,33.0
O015971,2026-08-09,19,B04,CH1,C01915,CMP000,2,7,66.0
O015972,2026-08-09,19,B04,CH1,C00333,CMP000,1,3,30.7
O015973,2026-08-09,22,B04,CH1,C00000,CMP000,7,23,211.0
O015974,2026-08-09,19,B04,CH1,C00000,CMP000,2,6,58.3
O015975,2026-08-09,21,B04,CH1,C00000,CMP000,6,16,176.5
O015976,2026-08-09,19,B04,CH1,C00000,CMP000,3,10,88.5
O015977,2026-08-09,21,B04,CH1,C03689,CMP000,3,12,97.1
O015978,2026-08-10,17,B04,CH1,C00000,CMP000,3,10,120.7
O015979,2026-08-10,19,B04,CH2,C00000,CMP000,0,4,49.0
O015980,2026-08-10,13,B04,CH4,C00000,CMP000,0,4,49.0
O015981,2026-08-10,19,B04,CH1,C00000,CMP000,1,2,18.2
O015982,2026-08-10,19,B04,CH1,C00000,CMP000,4,14,135.6
O015983,2026-08-12,22,B04,CH1,C00000,CMP000,2,9,86.5
O015984,2026-08-12,21,B04,CH1,C00000,CMP000,7,19,201.5
O015985,2026-08-12,22,B04,CH4,C00000,CMP000,0,2,21.0
O015986,2026-08-13,18,B04,CH4,C00000,CMP000,0,3,22.2
O015987,2026-08-13,19,B04,CH3,C00000,CMP000,0,5,45.7
O015988,2026-08-13,14,B04,CH1,C04240,CMP000,3,10,108.0
O015989,2026-08-13,22,B04,CH1,C00000,CMP000,4,14,133.5
O015990,2026-08-13,21,B04,CH1,C00000,CMP000,6,17,192.5
O015991,2026-08-13,19,B04,CH1,C00000,CMP000,6,21,201.2
O015992,2026-08-13,16,B04,CH3,C03655,CMP000,0,4,45.0
O015993,2026-08-13,13,B04,CH1,C00000,CMP000,4,10,99.7
O015994,2026-08-14,12,B04,CH4,C00000,CMP000,0,3,42.5
O015995,2026-08-14,21,B04,CH1,C00000,CMP000,3,10,122.7
O015996,2026-08-14,13,B04,CH1,C00000,CMP000,4,11,100.2
O015997,2026-08-14,17,B04,CH1,C00000,CMP000,2,9,113.7
O015998,2026-08-14,12,B04,CH4,C00259,CMP000,0,1,26.0
O015999,2026-08-14,18,B04,CH3,C00000,CMP000,0,5,98.0
O016000,2026-08-14,22,B04,CH1,C00000,CMP000,2,5,57.0
O016001,2026-08-14,13,B04,CH1,C04266,CMP000,2,5,37.4
O016002,2026-08-14,18,B04,CH4,C00000,CMP000,0,3,42.2
O016003,2026-08-14,20,B04,CH1,C00000,CMP000,5,16,147.4
O016004,2026-08-14,19,B04,CH1,C01162,CMP000,2,6,66.2
O016005,2026-08-14,15,B04,CH1,C00000,CMP000,3,9,93.5
O016006,2026-08-14,18,B04,CH1,C00000,CMP000,4,12,125.1
O016007,2026-08-15,19,B04,CH3,C00000,CMP000,0,5,40.9
O016008,2026-08-15,13,B04,CH1,C00000,CMP000,1,3,42.8
O016009,2026-08-15,13,B04,CH1,C00142,CMP000,5,13,122.9
O016010,2026-08-15,20,B04,CH1,C02785,CMP000,6,18,179.1
O016011,2026-08-15,15,B04,CH1,C00000,CMP000,2,7,64.0
O016012,2026-08-15,22,B04,CH1,C00000,CMP000,2,6,84.3
O016013,2026-08-16,17,B04,CH3,C03652,CMP000,0,4,42.0
O016014,2026-08-16,17,B04,CH1,C03689,CMP000,6,23,233.6
O016015,2026-08-16,17,B04,CH3,C00000,CMP000,0,3,40.7
O016016,2026-08-16,17,B04,CH1,C00000,CMP000,2,5,96.0
O016017,2026-08-16,16,B04,CH1,C00000,CMP000,1,2,26.0
O016018,2026-08-16,17,B04,CH1,C01071,CMP000,5,19,173.3
O016019,2026-08-16,16,B04,CH1,C02331,CMP000,5,18,168.4
O016020,2026-08-17,22,B04,CH1,C03689,CMP000,5,17,158.2
O016021,2026-08-17,21,B04,CH1,C00000,CMP000,4,14,169.5
O016022,2026-08-17,14,B04,CH1,C00000,CMP000,2,4,43.5
O016023,2026-08-19,13,B04,CH1,C00000,CMP000,2,5,44.5
O016024,2026-08-19,22,B04,CH1,C00000,CMP000,2,5,86.8
O016025,2026-08-20,14,B04,CH1,C00142,CMP000,4,9,97.7
O016026,2026-08-20,20,B04,CH3,C00000,CMP000,0,7,85.7
O016027,2026-08-20,13,B04,CH1,C00000,CMP000,2,6,59.0
O016028,2026-08-20,20,B04,CH3,C00000,CMP000,0,2,21.5
O016029,2026-08-21,20,B04,CH1,C00000,CMP000,2,7,55.9
O016030,2026-08-21,20,B04,CH2,C00000,CMP000,0,8,66.5
O016031,2026-08-21,17,B04,CH4,C02869,CMP000,0,2,17.5
O016032,2026-08-21,13,B04,CH1,C00000,CMP000,4,10,105.4
O016033,2026-08-21,13,B04,CH1,C00000,CMP000,1,3,25.3
O016034,2026-08-21,20,B04,CH1,C00000,CMP000,4,15,121.8
O016035,2026-08-22,14,B04,CH1,C03930,CMP000,2,3,31.2
O016036,2026-08-22,19,B04,CH1,C04405,CMP000,1,4,43.3
O016037,2026-08-22,14,B04,CH4,C04516,CMP000,0,2,20.5
O016038,2026-08-22,15,B04,CH3,C00000,CMP000,0,2,21.5
O016039,2026-08-22,18,B04,CH1,C00000,CMP000,6,21,209.5
O016040,2026-08-22,22,B04,CH1,C00000,CMP000,4,11,111.2
O016041,2026-08-22,17,B04,CH2,C00000,CMP000,0,5,44.2
O016042,2026-08-22,13,B04,CH1,C00000,CMP000,8,18,195.7
O016043,2026-08-22,19,B04,CH1,C02906,CMP000,1,2,23.5
O016044,2026-08-22,20,B04,CH1,C00000,CMP000,2,10,85.0
O016045,2026-08-23,20,B04,CH1,C02357,CMP000,4,13,121.5
O016046,2026-08-23,19,B04,CH1,C01781,CMP000,6,17,202.9
O016047,2026-08-23,20,B04,CH3,C00000,CMP000,0,3,32.0
O016048,2026-08-23,17,B04,CH1,C00000,CMP000,2,6,72.5
O016049,2026-08-23,19,B04,CH1,C00000,CMP000,6,21,210.4
O016050,2026-08-23,20,B04,CH3,C00000,CMP000,0,5,54.9
O016051,2026-08-24,21,B04,CH1,C00000,CMP000,2,5,46.3
O016052,2026-08-24,20,B04,CH4,C00000,CMP000,0,2,19.0
O016053,2026-08-24,15,B04,CH1,C00000,CMP000,6,18,214.8
O016054,2026-08-24,19,B04,CH3,C03689,CMP000,0,4,43.9
O016055,2026-08-24,19,B04,CH3,C00000,CMP000,0,4,48.0
O016056,2026-08-24,19,B04,CH3,C00000,CMP000,0,8,70.2
O016057,2026-08-26,22,B04,CH1,C00000,CMP000,5,12,119.7
O016058,2026-08-26,19,B04,CH4,C00000,CMP000,0,2,21.0
O016059,2026-08-27,14,B04,CH1,C00000,CMP000,3,7,61.6
O016060,2026-08-27,22,B04,CH1,C00694,CMP000,2,5,47.4
O016061,2026-08-27,17,B04,CH1,C02036,CMP000,1,2,22.0
O016062,2026-08-27,21,B04,CH1,C00000,CMP000,6,14,214.0
O016063,2026-08-27,14,B04,CH1,C00000,CMP000,2,4,46.2
O016064,2026-08-27,14,B04,CH1,C00000,CMP000,2,6,64.3
O016065,2026-08-28,13,B04,CH3,C00000,CMP000,0,7,61.9
O016066,2026-08-28,12,B04,CH1,C00000,CMP000,7,16,189.8
O016067,2026-08-28,13,B04,CH1,C00425,CMP000,2,6,70.5
O016068,2026-08-28,13,B04,CH1,C00000,CMP000,5,15,151.3
O016069,2026-08-28,21,B04,CH1,C03954,CMP000,6,19,195.8
O016070,2026-08-28,22,B04,CH1,C00142,CMP000,2,7,67.7
O016071,2026-08-29,22,B04,CH1,C00926,CMP000,2,7,58.0
O016072,2026-08-29,20,B04,CH1,C00000,CMP000,2,8,70.5
O016073,2026-08-29,13,B04,CH1,C00000,CMP000,3,10,81.9
O016074,2026-08-29,20,B04,CH1,C00000,CMP000,2,6,55.0
O016075,2026-08-29,13,B04,CH3,C00000,CMP000,0,2,21.5
O016076,2026-08-29,12,B04,CH1,C00000,CMP000,4,9,101.2
O016077,2026-08-29,19,B04,CH1,C00000,CMP000,2,4,92.7
O016078,2026-08-29,20,B04,CH1,C01181,CMP000,2,5,48.0
O016079,2026-08-29,18,B04,CH1,C00000,CMP000,6,21,201.9
O016080,2026-08-30,18,B04,CH1,C00000,CMP000,1,3,25.2
O016081,2026-08-30,19,B04,CH2,C00000,CMP000,0,5,52.7
O016082,2026-08-30,22,B04,CH3,C00000,CMP000,0,1,21.0
O016083,2026-08-30,13,B04,CH1,C03075,CMP000,2,7,69.3
O016084,2026-08-30,19,B04,CH1,C04539,CMP000,3,9,85.5
O016085,2026-08-30,16,B04,CH1,C00000,CMP000,1,2,18.5
O016086,2026-08-31,12,B04,CH1,C04516,CMP000,2,6,58.0
O016087,2026-09-02,19,B04,CH1,C03257,CMP000,6,22,215.6
O016088,2026-09-02,21,B04,CH1,C00000,CMP000,3,9,99.0
O016089,2026-09-02,20,B04,CH1,C00000,CMP000,2,6,61.2
O016090,2026-09-03,18,B04,CH3,C03054,CMP000,0,2,19.0
O016091,2026-09-03,16,B04,CH1,C00000,CMP000,2,7,70.8
O016092,2026-09-03,19,B04,CH2,C00000,CMP000,0,9,92.4
O016093,2026-09-03,18,B04,CH2,C00000,CMP000,0,3,22.2
O016094,2026-09-03,22,B04,CH1,C00000,CMP000,2,7,52.9
O016095,2026-09-03,19,B04,CH1,C03513,CMP000,5,17,173.8
O016096,2026-09-04,13,B04,CH4,C00000,CMP000,0,4,93.5
O016097,2026-09-04,18,B04,CH4,C00425,CMP000,0,8,68.2
O016098,2026-09-04,18,B04,CH1,C00042,CMP000,2,10,86.5
O016099,2026-09-04,19,B04,CH1,C00000,CMP000,2,7,119.3
O016100,2026-09-04,18,B04,CH3,C00000,CMP000,0,8,80.2
O016101,2026-09-04,22,B04,CH1,C00000,CMP000,4,14,131.1
O016102,2026-09-04,22,B04,CH1,C02344,CMP000,3,12,100.8
O016103,2026-09-05,13,B04,CH1,C00000,CMP000,5,16,179.8
O016104,2026-09-05,14,B04,CH1,C00250,CMP000,2,6,60.0
O016105,2026-09-05,19,B04,CH1,C04405,CMP000,4,10,97.7
O016106,2026-09-05,22,B04,CH1,C00000,CMP000,5,13,123.7
O016107,2026-09-05,22,B04,CH1,C00000,CMP000,6,19,209.2
O016108,2026-09-05,17,B04,CH3,C00000,CMP000,0,3,25.5
O016109,2026-09-05,21,B04,CH1,C03496,CMP000,7,21,215.7
O016110,2026-09-05,21,B04,CH1,C03299,CMP000,6,16,192.8
O016111,2026-09-06,21,B04,CH1,C00000,CMP000,3,7,70.1
O016112,2026-09-06,18,B04,CH1,C00000,CMP000,2,6,60.2
O016113,2026-09-06,12,B04,CH1,C00000,CMP000,3,9,79.2
O016114,2026-09-06,19,B04,CH1,C00000,CMP000,2,6,62.7
O016115,2026-09-06,18,B04,CH1,C00000,CMP000,4,16,161.1
O016116,2026-09-07,21,B04,CH1,C00000,CMP000,3,7,87.2
O016117,2026-09-07,19,B04,CH1,C00000,CMP000,4,13,116.1
O016118,2026-09-07,19,B04,CH4,C00289,CMP000,0,4,35.9
O016119,2026-09-09,19,B04,CH1,C00000,CMP000,2,6,50.5
O016120,2026-09-09,19,B04,CH1,C01742,CMP000,4,13,112.7
O016121,2026-09-09,21,B04,CH2,C00000,CMP000,0,3,55.2
O016122,2026-09-09,18,B04,CH3,C00000,CMP000,0,1,13.0
O016123,2026-09-09,20,B04,CH1,C02311,CMP000,2,6,49.5
O016124,2026-09-09,21,B04,CH1,C00000,CMP000,1,2,21.0
O016125,2026-09-09,19,B04,CH1,C00000,CMP000,2,7,76.4
O016126,2026-09-10,22,B04,CH1,C00000,CMP000,7,20,208.4
O016127,2026-09-10,21,B04,CH1,C00633,CMP000,2,6,58.5
O016128,2026-09-10,20,B04,CH1,C00000,CMP000,1,3,25.7
O016129,2026-09-10,19,B04,CH1,C00000,CMP000,4,11,120.6
O016130,2026-09-10,18,B04,CH3,C00000,CMP000,0,4,39.5
O016131,2026-09-10,21,B04,CH1,C03379,CMP000,3,10,85.0
O016132,2026-09-10,17,B04,CH1,C00000,CMP000,2,6,67.5
O016133,2026-09-11,20,B04,CH1,C01071,CMP000,2,7,83.8
O016134,2026-09-11,21,B04,CH1,C00000,CMP000,1,3,32.3
O016135,2026-09-11,19,B04,CH1,C00000,CMP000,2,5,88.5
O016136,2026-09-11,13,B04,CH4,C00000,CMP000,0,8,130.5
O016137,2026-09-11,20,B04,CH1,C00000,CMP000,3,12,112.3
O016138,2026-09-11,19,B04,CH2,C00000,CMP000,0,8,66.1
O016139,2026-09-11,21,B04,CH2,C00000,CMP000,0,3,22.2
O016140,2026-09-12,17,B04,CH1,C02785,CMP000,2,5,56.7
O016141,2026-09-12,21,B04,CH1,C00000,CMP000,7,24,243.8
O016142,2026-09-12,21,B04,CH1,C00000,CMP000,6,18,240.2
O016143,2026-09-12,21,B04,CH1,C00000,CMP000,2,7,56.5
O016144,2026-09-12,22,B04,CH1,C04370,CMP000,1,2,26.0
O016145,2026-09-12,20,B04,CH1,C04188,CMP000,3,11,125.7
O016146,2026-09-12,19,B04,CH3,C01984,CMP000,0,2,17.7
O016147,2026-09-12,19,B04,CH1,C01424,CMP000,2,8,60.9
O016148,2026-09-12,20,B04,CH1,C02684,CMP000,5,14,141.9
O016149,2026-09-12,19,B04,CH1,C00000,CMP000,2,8,69.8
O016150,2026-09-12,18,B04,CH2,C00000,CMP000,0,2,35.0
O016151,2026-09-13,18,B04,CH2,C00000,CMP000,0,1,13.5
O016152,2026-09-13,20,B04,CH2,C00000,CMP000,0,8,78.0
O016153,2026-09-13,12,B04,CH1,C00000,CMP000,4,11,102.4
O016154,2026-09-13,20,B04,CH1,C00000,CMP000,1,3,58.0
O016155,2026-09-14,21,B04,CH1,C00000,CMP000,1,3,31.0
O016156,2026-09-14,13,B04,CH1,C00000,CMP000,4,12,131.9
O016157,2026-09-14,13,B04,CH3,C00000,CMP000,0,5,52.5
O016158,2026-09-14,22,B04,CH1,C00000,CMP000,2,6,65.7
O016159,2026-09-16,22,B04,CH1,C00000,CMP000,5,15,147.2
O016160,2026-09-16,18,B04,CH1,C04659,CMP000,3,8,86.8
O016161,2026-09-16,16,B04,CH3,C00000,CMP000,0,5,37.5
O016162,2026-09-16,22,B04,CH1,C00000,CMP000,4,15,178.6
O016163,2026-09-16,20,B04,CH3,C04173,CMP000,0,12,96.0
O016164,2026-09-16,16,B04,CH3,C04893,CMP000,0,4,53.5
O016165,2026-09-16,19,B04,CH1,C01147,CMP000,7,19,223.8
O016166,2026-09-17,18,B04,CH1,C01673,CMP000,4,12,97.3
O016167,2026-09-17,20,B04,CH1,C00000,CMP000,3,9,100.1
O016168,2026-09-17,19,B04,CH1,C00000,CMP000,2,6,48.2
O016169,2026-09-17,19,B04,CH1,C04293,CMP000,3,11,99.0
O016170,2026-09-17,14,B04,CH1,C00000,CMP000,4,13,113.2
O016171,2026-09-17,13,B04,CH4,C00000,CMP000,0,5,43.5
O016172,2026-09-17,13,B04,CH1,C00000,CMP000,4,11,135.3
O016173,2026-09-17,19,B04,CH2,C03060,CMP000,0,6,55.5
O016174,2026-09-17,14,B04,CH1,C00000,CMP000,5,14,137.1
O016175,2026-09-18,18,B04,CH3,C00000,CMP000,0,2,16.8
O016176,2026-09-18,17,B04,CH4,C00000,CMP000,0,2,21.5
O016177,2026-09-18,14,B04,CH1,C00000,CMP000,3,10,115.3
O016178,2026-09-18,18,B04,CH1,C04155,CMP000,4,8,107.3
O016179,2026-09-18,19,B04,CH1,C00000,CMP000,1,3,30.0
O016180,2026-09-18,22,B04,CH3,C00000,CMP000,0,1,14.0
O016181,2026-09-18,20,B04,CH1,C00000,CMP000,2,5,54.5
O016182,2026-09-18,13,B04,CH1,C00000,CMP000,2,5,67.5
O016183,2026-09-18,19,B04,CH4,C01126,CMP000,0,5,51.2
O016184,2026-09-19,18,B04,CH2,C00000,CMP000,0,3,24.5
O016185,2026-09-19,17,B04,CH3,C00000,CMP000,0,5,44.7
O016186,2026-09-19,19,B04,CH3,C00000,CMP000,0,3,23.2
O016187,2026-09-19,12,B04,CH1,C04421,CMP000,2,7,64.7
O016188,2026-09-19,18,B04,CH1,C00341,CMP000,2,9,99.8
O016189,2026-09-20,18,B04,CH2,C00000,CMP000,0,6,54.4
O016190,2026-09-20,12,B04,CH1,C01235,CMP000,6,14,159.7
O016191,2026-09-20,14,B04,CH1,C00000,CMP000,2,7,62.9
O016192,2026-09-20,21,B04,CH2,C00000,CMP000,0,5,51.0
O016193,2026-09-20,12,B04,CH4,C00000,CMP000,0,7,81.0
O016194,2026-09-21,20,B04,CH2,C00000,CMP000,0,5,45.2
O016195,2026-09-21,17,B04,CH4,C00000,CMP000,0,2,21.0
O016196,2026-09-21,19,B04,CH4,C01781,CMP000,0,10,98.7
O016197,2026-09-21,18,B04,CH2,C02224,CMP000,0,7,71.7
O016198,2026-09-23,19,B04,CH1,C00000,CMP000,2,5,45.5
O016199,2026-09-23,21,B04,CH1,C00000,CMP000,6,17,178.8
O016200,2026-09-23,17,B04,CH1,C00000,CMP000,1,3,23.7
O016201,2026-09-24,20,B04,CH1,C03689,CMP000,1,3,26.5
O016202,2026-09-24,22,B04,CH2,C00000,CMP000,0,6,47.0
O016203,2026-09-24,17,B04,CH4,C00000,CMP000,0,4,38.2
O016204,2026-09-24,18,B04,CH1,C00000,CMP000,2,5,63.3
O016205,2026-09-24,18,B04,CH1,C04516,CMP000,4,11,106.5
O016206,2026-09-24,20,B04,CH2,C03379,CMP000,0,6,59.0
O016207,2026-09-24,22,B04,CH4,C00000,CMP000,0,6,47.2
O016208,2026-09-24,17,B04,CH4,C00000,CMP000,0,8,65.1
O016209,2026-09-25,19,B04,CH1,C01138,CMP000,4,11,115.3
O016210,2026-09-26,21,B04,CH4,C00250,CMP000,0,4,54.2
O016211,2026-09-26,21,B04,CH3,C03075,CMP000,0,6,58.2
O016212,2026-09-26,14,B04,CH1,C04566,CMP000,2,5,56.5
O016213,2026-09-26,21,B04,CH1,C00000,CMP000,3,11,134.3
O016214,2026-09-26,18,B04,CH1,C03689,CMP000,1,1,15.5
O016215,2026-09-26,14,B04,CH1,C00000,CMP000,1,4,28.8
O016216,2026-09-26,14,B04,CH1,C00000,CMP000,5,12,115.9
O016217,2026-09-26,19,B04,CH1,C00000,CMP000,3,10,95.0
O016218,2026-09-26,13,B04,CH1,C00000,CMP000,6,17,169.5
O016219,2026-09-26,22,B04,CH1,C00000,CMP000,1,3,37.7
O016220,2026-09-27,13,B04,CH1,C01742,CMP000,4,14,137.9
O016221,2026-09-27,13,B04,CH1,C00000,CMP000,1,3,30.0
O016222,2026-09-27,17,B04,CH1,C00000,CMP000,3,11,100.8
O016223,2026-09-28,13,B04,CH1,C04659,CMP000,3,8,73.5
O016224,2026-09-28,17,B04,CH4,C00000,CMP000,0,5,43.1
O016225,2026-09-28,20,B04,CH3,C00000,CMP000,0,1,14.0
O016226,2026-09-28,19,B04,CH3,C00000,CMP000,0,5,43.7
O016227,2026-09-28,19,B04,CH1,C00896,CMP000,1,3,31.5
O016228,2026-09-28,20,B04,CH1,C00000,CMP000,8,19,200.7
O016229,2026-09-28,18,B04,CH1,C00000,CMP000,3,10,119.5
O016230,2026-09-28,20,B04,CH1,C00000,CMP000,1,3,35.5
O016231,2026-09-28,22,B04,CH1,C00000,CMP000,4,10,114.0
O016232,2026-09-28,22,B04,CH1,C00000,CMP000,2,5,78.0
O016233,2026-09-28,21,B04,CH1,C00143,CMP000,3,10,92.7
O016234,2026-09-28,18,B04,CH1,C00000,CMP000,3,9,80.5
O016235,2026-09-30,21,B04,CH1,C03652,CMP000,3,9,73.0
O016236,2026-09-30,22,B04,CH2,C00000,CMP000,0,2,22.3
O016237,2026-09-30,18,B04,CH1,C00000,CMP000,2,6,51.2
